key,model,system,arm,cve,case_id,variant,status,gold,correct,error,replay_mismatch,vs_outcome,fallback,has_expl,n_claims,n_chars,n_words,one,consistent,consistent_coarse,asserted_none,no_claim
D7-CVE-2016-4437-maven-jammy-V2-b2|DCv21|llama31_8b|blind|P3|60.0|0.0|0|||0|d7|v3,llama31_8b,DCv21,blind,CVE-2016-4437,D7-CVE-2016-4437-maven-jammy-V2-b2,V2,under_investigation,affected,False,False,False,first_pass,0.0,True,3,494,74,1.0,0.5,0.5,0.5,0.0
D7-CVE-2016-4437-maven-jammy-V2-b2|DCv21|llama31_8b|tracker|P3|60.0|0.0|0|||0|d7|v3,llama31_8b,DCv21,tracker,CVE-2016-4437,D7-CVE-2016-4437-maven-jammy-V2-b2,V2,affected,affected,True,False,False,first_pass,0.0,True,6,489,66,1.0,1.0,1.0,0.0,0.0
D7-CVE-2016-4437-maven-jammy-V2-b2|DCv21|llama31_8b|withheld|P3|60.0|0.0|0|||0|d7|v3,llama31_8b,DCv21,withheld,CVE-2016-4437,D7-CVE-2016-4437-maven-jammy-V2-b2,V2,under_investigation,affected,False,False,False,first_pass,0.0,True,4,494,74,1.0,0.5,0.5,0.5,0.0
D7-CVE-2016-4437-maven-jammy-V2-b2|DC|llama31_8b|blind|P3|60.0|0.0|0|||0|d7|v3,llama31_8b,DC,blind,CVE-2016-4437,D7-CVE-2016-4437-maven-jammy-V2-b2,V2,under_investigation,affected,False,False,False,n/a,0.0,True,3,447,65,1.0,1.0,1.0,0.0,0.0
D7-CVE-2016-4437-maven-jammy-V2-b2|DC|llama31_8b|tracker|P3|60.0|0.0|0|||0|d7|v3,llama31_8b,DC,tracker,CVE-2016-4437,D7-CVE-2016-4437-maven-jammy-V2-b2,V2,affected,affected,True,False,False,n/a,0.0,True,3,388,53,1.0,1.0,1.0,0.0,0.0
D7-CVE-2016-4437-maven-jammy-V2-b2|DC|llama31_8b|withheld|P3|60.0|0.0|0|||0|d7|v3,llama31_8b,DC,withheld,CVE-2016-4437,D7-CVE-2016-4437-maven-jammy-V2-b2,V2,under_investigation,affected,False,False,False,n/a,0.0,True,1,442,66,1.0,1.0,1.0,0.0,0.0
D7-CVE-2016-4437-maven-noble-V1|DCv21|llama31_8b|blind|P3|60.0|0.0|0|||0|d7|v3,llama31_8b,DCv21,blind,CVE-2016-4437,D7-CVE-2016-4437-maven-noble-V1,V1,not_affected,not_affected,True,False,False,first_pass,0.0,True,4,474,68,1.0,1.0,1.0,0.0,0.0
D7-CVE-2016-4437-maven-noble-V1|DCv21|llama31_8b|tracker|P3|60.0|0.0|0|||0|d7|v3,llama31_8b,DCv21,tracker,CVE-2016-4437,D7-CVE-2016-4437-maven-noble-V1,V1,not_affected,not_affected,True,False,False,first_pass,0.0,True,4,470,66,1.0,1.0,1.0,0.0,0.0
D7-CVE-2016-4437-maven-noble-V1|DCv21|llama31_8b|withheld|P3|60.0|0.0|0|||0|d7|v3,llama31_8b,DCv21,withheld,CVE-2016-4437,D7-CVE-2016-4437-maven-noble-V1,V1,not_affected,not_affected,True,False,False,first_pass,0.0,True,3,399,56,1.0,1.0,1.0,0.0,0.0
D7-CVE-2016-4437-maven-noble-V1|DC|llama31_8b|blind|P3|60.0|0.0|0|||0|d7|v3,llama31_8b,DC,blind,CVE-2016-4437,D7-CVE-2016-4437-maven-noble-V1,V1,not_affected,not_affected,True,False,False,n/a,0.0,True,3,360,56,1.0,1.0,1.0,0.0,0.0
D7-CVE-2016-4437-maven-noble-V1|DC|llama31_8b|tracker|P3|60.0|0.0|0|||0|d7|v3,llama31_8b,DC,tracker,CVE-2016-4437,D7-CVE-2016-4437-maven-noble-V1,V1,not_affected,not_affected,True,False,False,n/a,0.0,True,3,367,59,1.0,1.0,1.0,0.0,0.0
D7-CVE-2016-4437-maven-noble-V1|DC|llama31_8b|withheld|P3|60.0|0.0|0|||0|d7|v3,llama31_8b,DC,withheld,CVE-2016-4437,D7-CVE-2016-4437-maven-noble-V1,V1,not_affected,not_affected,True,False,False,n/a,0.0,True,3,367,59,1.0,1.0,1.0,0.0,0.0
D7-CVE-2016-4437-maven-noble-V3|DCv21|gemma4_31b|blind|P3|60.0|0.0|0|||0|d7|v3,gemma4_31b,DCv21,blind,CVE-2016-4437,D7-CVE-2016-4437-maven-noble-V3,V3,under_investigation,fixed,False,False,False,repaired,0.0,True,5,213,28,1.0,1.0,1.0,0.0,0.0
D7-CVE-2016-4437-maven-noble-V3|DCv21|gemma4_31b|tracker|P3|60.0|0.0|0|||0|d7|v3,gemma4_31b,DCv21,tracker,CVE-2016-4437,D7-CVE-2016-4437-maven-noble-V3,V3,fixed,fixed,True,False,False,first_pass,0.0,True,4,193,24,1.0,1.0,1.0,0.0,0.0
D7-CVE-2016-4437-maven-noble-V3|DCv21|gemma4_31b|withheld|P3|60.0|0.0|0|||0|d7|v3,gemma4_31b,DCv21,withheld,CVE-2016-4437,D7-CVE-2016-4437-maven-noble-V3,V3,under_investigation,fixed,False,False,False,repaired,0.0,True,5,213,28,1.0,1.0,1.0,0.0,0.0
D7-CVE-2016-4437-maven-noble-V3|DC|gemma4_31b|blind|P3|60.0|0.0|0|||0|d7|v3,gemma4_31b,DC,blind,CVE-2016-4437,D7-CVE-2016-4437-maven-noble-V3,V3,under_investigation,fixed,False,False,False,n/a,0.0,True,2,259,38,1.0,1.0,1.0,0.0,0.0
D7-CVE-2016-4437-maven-noble-V3|DC|gemma4_31b|tracker|P3|60.0|0.0|0|||0|d7|v3,gemma4_31b,DC,tracker,CVE-2016-4437,D7-CVE-2016-4437-maven-noble-V3,V3,fixed,fixed,True,False,False,n/a,0.0,True,4,204,31,1.0,1.0,1.0,0.0,0.0
D7-CVE-2016-4437-maven-noble-V3|DC|gemma4_31b|withheld|P3|60.0|0.0|0|||0|d7|v3,gemma4_31b,DC,withheld,CVE-2016-4437,D7-CVE-2016-4437-maven-noble-V3,V3,under_investigation,fixed,False,False,False,n/a,0.0,True,2,259,38,1.0,1.0,1.0,0.0,0.0
D7-CVE-2016-4437-maven-noble-V6|DCv21|qwen3_4b|blind|P3|60.0|0.0|0|||0|d7|v3,qwen3_4b,DCv21,blind,CVE-2016-4437,D7-CVE-2016-4437-maven-noble-V6,V6,not_affected,not_affected,True,False,False,first_pass,0.0,True,3,314,48,1.0,1.0,1.0,0.0,0.0
D7-CVE-2016-4437-maven-noble-V6|DCv21|qwen3_4b|tracker|P3|60.0|0.0|0|||0|d7|v3,qwen3_4b,DCv21,tracker,CVE-2016-4437,D7-CVE-2016-4437-maven-noble-V6,V6,not_affected,not_affected,True,False,False,first_pass,0.0,True,4,381,50,1.0,1.0,1.0,0.0,0.0
D7-CVE-2016-4437-maven-noble-V6|DCv21|qwen3_4b|withheld|P3|60.0|0.0|0|||0|d7|v3,qwen3_4b,DCv21,withheld,CVE-2016-4437,D7-CVE-2016-4437-maven-noble-V6,V6,not_affected,not_affected,True,False,False,first_pass,0.0,True,3,314,48,1.0,1.0,1.0,0.0,0.0
D7-CVE-2016-4437-maven-noble-V6|DC|qwen3_4b|blind|P3|60.0|0.0|0|||0|d7|v3,qwen3_4b,DC,blind,CVE-2016-4437,D7-CVE-2016-4437-maven-noble-V6,V6,not_affected,not_affected,True,False,False,n/a,0.0,True,2,273,41,1.0,1.0,1.0,0.0,0.0
D7-CVE-2016-4437-maven-noble-V6|DC|qwen3_4b|tracker|P3|60.0|0.0|0|||0|d7|v3,qwen3_4b,DC,tracker,CVE-2016-4437,D7-CVE-2016-4437-maven-noble-V6,V6,not_affected,not_affected,True,False,False,n/a,0.0,True,4,284,42,1.0,1.0,1.0,0.0,0.0
D7-CVE-2016-4437-maven-noble-V6|DC|qwen3_4b|withheld|P3|60.0|0.0|0|||0|d7|v3,qwen3_4b,DC,withheld,CVE-2016-4437,D7-CVE-2016-4437-maven-noble-V6,V6,not_affected,not_affected,True,False,False,n/a,0.0,True,2,273,41,1.0,1.0,1.0,0.0,0.0
D7-CVE-2018-1000861-vendor-jammy-V6|DCv21|granite41_8b|blind|P3|60.0|0.0|0|||0|d7|v3,granite41_8b,DCv21,blind,CVE-2018-1000861,D7-CVE-2018-1000861-vendor-jammy-V6,V6,under_investigation,not_affected,False,False,False,first_pass,0.0,True,6,551,75,1.0,0.0,0.0,0.0,0.0
D7-CVE-2018-1000861-vendor-jammy-V6|DCv21|granite41_8b|tracker|P3|60.0|0.0|0|||0|d7|v3,granite41_8b,DCv21,tracker,CVE-2018-1000861,D7-CVE-2018-1000861-vendor-jammy-V6,V6,under_investigation,not_affected,False,False,False,fallback,1.0,True,4,121,9,1.0,1.0,1.0,0.0,0.0
D7-CVE-2018-1000861-vendor-jammy-V6|DCv21|granite41_8b|withheld|P3|60.0|0.0|0|||0|d7|v3,granite41_8b,DCv21,withheld,CVE-2018-1000861,D7-CVE-2018-1000861-vendor-jammy-V6,V6,under_investigation,not_affected,False,False,False,repaired,0.0,True,3,534,76,1.0,1.0,1.0,0.0,0.0
D7-CVE-2018-1000861-vendor-jammy-V6|DC|granite41_8b|blind|P3|60.0|0.0|0|||0|d7|v3,granite41_8b,DC,blind,CVE-2018-1000861,D7-CVE-2018-1000861-vendor-jammy-V6,V6,under_investigation,not_affected,False,False,False,n/a,0.0,True,5,579,76,1.0,1.0,1.0,0.0,0.0
D7-CVE-2018-1000861-vendor-jammy-V6|DC|granite41_8b|tracker|P3|60.0|0.0|0|||0|d7|v3,granite41_8b,DC,tracker,CVE-2018-1000861,D7-CVE-2018-1000861-vendor-jammy-V6,V6,under_investigation,not_affected,False,False,False,n/a,0.0,True,4,571,75,1.0,1.0,1.0,0.0,0.0
D7-CVE-2018-1000861-vendor-jammy-V6|DC|granite41_8b|withheld|P3|60.0|0.0|0|||0|d7|v3,granite41_8b,DC,withheld,CVE-2018-1000861,D7-CVE-2018-1000861-vendor-jammy-V6,V6,under_investigation,not_affected,False,False,False,n/a,0.0,True,5,579,76,1.0,1.0,1.0,0.0,0.0
D7-CVE-2018-1000861-vendor-jammy-V8|DCv21|qwen3_14b|blind|P3|60.0|0.0|0|||0|d7|v3,qwen3_14b,DCv21,blind,CVE-2018-1000861,D7-CVE-2018-1000861-vendor-jammy-V8,V8,under_investigation,affected,False,False,False,repaired,0.0,True,5,447,67,1.0,1.0,1.0,0.0,0.0
D7-CVE-2018-1000861-vendor-jammy-V8|DCv21|qwen3_14b|tracker|P3|60.0|0.0|0|||0|d7|v3,qwen3_14b,DCv21,tracker,CVE-2018-1000861,D7-CVE-2018-1000861-vendor-jammy-V8,V8,under_investigation,affected,False,False,False,first_pass,0.0,True,6,465,71,1.0,0.0,0.0,0.3333333333333333,0.0
D7-CVE-2018-1000861-vendor-jammy-V8|DCv21|qwen3_14b|withheld|P3|60.0|0.0|0|||0|d7|v3,qwen3_14b,DCv21,withheld,CVE-2018-1000861,D7-CVE-2018-1000861-vendor-jammy-V8,V8,under_investigation,affected,False,False,False,repaired,0.0,True,5,447,67,1.0,1.0,1.0,0.0,0.0
D7-CVE-2018-1000861-vendor-jammy-V8|DC|qwen3_14b|blind|P3|60.0|0.0|0|||0|d7|v3,qwen3_14b,DC,blind,CVE-2018-1000861,D7-CVE-2018-1000861-vendor-jammy-V8,V8,under_investigation,affected,False,False,False,n/a,0.0,True,4,337,42,1.0,1.0,1.0,0.0,0.0
D7-CVE-2018-1000861-vendor-jammy-V8|DC|qwen3_14b|tracker|P3|60.0|0.0|0|||0|d7|v3,qwen3_14b,DC,tracker,CVE-2018-1000861,D7-CVE-2018-1000861-vendor-jammy-V8,V8,under_investigation,affected,False,False,False,n/a,0.0,True,4,339,43,1.0,1.0,1.0,0.0,0.0
D7-CVE-2018-1000861-vendor-jammy-V8|DC|qwen3_14b|withheld|P3|60.0|0.0|0|||0|d7|v3,qwen3_14b,DC,withheld,CVE-2018-1000861,D7-CVE-2018-1000861-vendor-jammy-V8,V8,under_investigation,affected,False,False,False,n/a,0.0,True,4,337,42,1.0,1.0,1.0,0.0,0.0
D7-CVE-2018-1000861-vendor-noble-V1|DCv21|mistral_small_24b|blind|P3|60.0|0.0|0|||0|d7|v3,mistral_small_24b,DCv21,blind,CVE-2018-1000861,D7-CVE-2018-1000861-vendor-noble-V1,V1,not_affected,not_affected,True,False,False,first_pass,0.0,True,3,323,44,1.0,1.0,1.0,0.0,0.0
D7-CVE-2018-1000861-vendor-noble-V1|DCv21|mistral_small_24b|tracker|P3|60.0|0.0|0|||0|d7|v3,mistral_small_24b,DCv21,tracker,CVE-2018-1000861,D7-CVE-2018-1000861-vendor-noble-V1,V1,not_affected,not_affected,True,False,False,first_pass,0.0,True,4,375,51,1.0,1.0,1.0,0.0,0.0
D7-CVE-2018-1000861-vendor-noble-V1|DCv21|mistral_small_24b|withheld|P3|60.0|0.0|0|||0|d7|v3,mistral_small_24b,DCv21,withheld,CVE-2018-1000861,D7-CVE-2018-1000861-vendor-noble-V1,V1,not_affected,not_affected,True,False,False,first_pass,0.0,True,3,323,44,1.0,1.0,1.0,0.0,0.0
D7-CVE-2018-1000861-vendor-noble-V1|DC|mistral_small_24b|blind|P3|60.0|0.0|0|||0|d7|v3,mistral_small_24b,DC,blind,CVE-2018-1000861,D7-CVE-2018-1000861-vendor-noble-V1,V1,not_affected,not_affected,True,False,False,n/a,0.0,True,2,311,42,1.0,1.0,1.0,0.0,0.0
D7-CVE-2018-1000861-vendor-noble-V1|DC|mistral_small_24b|tracker|P3|60.0|0.0|0|||0|d7|v3,mistral_small_24b,DC,tracker,CVE-2018-1000861,D7-CVE-2018-1000861-vendor-noble-V1,V1,not_affected,not_affected,True,False,False,n/a,0.0,True,2,279,36,1.0,1.0,1.0,0.0,0.0
D7-CVE-2018-1000861-vendor-noble-V1|DC|mistral_small_24b|withheld|P3|60.0|0.0|0|||0|d7|v3,mistral_small_24b,DC,withheld,CVE-2018-1000861,D7-CVE-2018-1000861-vendor-noble-V1,V1,not_affected,not_affected,True,False,False,n/a,0.0,True,2,311,42,1.0,1.0,1.0,0.0,0.0
D7-CVE-2020-1747-pypi-jammy-V2|DCv21|granite41_8b|blind|P3|60.0|0.0|0|||0|d7|v3,granite41_8b,DCv21,blind,CVE-2020-1747,D7-CVE-2020-1747-pypi-jammy-V2,V2,under_investigation,affected,False,False,False,first_pass,0.0,True,4,358,53,1.0,0.0,0.0,0.0,0.0
D7-CVE-2020-1747-pypi-jammy-V2|DCv21|granite41_8b|tracker|P3|60.0|0.0|0|||0|d7|v3,granite41_8b,DCv21,tracker,CVE-2020-1747,D7-CVE-2020-1747-pypi-jammy-V2,V2,affected,affected,True,False,False,first_pass,0.0,True,6,351,54,1.0,1.0,1.0,0.0,0.0
D7-CVE-2020-1747-pypi-jammy-V2|DCv21|granite41_8b|withheld|P3|60.0|0.0|0|||0|d7|v3,granite41_8b,DCv21,withheld,CVE-2020-1747,D7-CVE-2020-1747-pypi-jammy-V2,V2,under_investigation,affected,False,False,False,first_pass,0.0,True,4,358,53,1.0,0.0,0.0,0.0,0.0
D7-CVE-2020-1747-pypi-jammy-V2|DC|granite41_8b|blind|P3|60.0|0.0|0|||0|d7|v3,granite41_8b,DC,blind,CVE-2020-1747,D7-CVE-2020-1747-pypi-jammy-V2,V2,under_investigation,affected,False,False,False,n/a,0.0,True,4,466,63,1.0,1.0,1.0,0.0,0.0
D7-CVE-2020-1747-pypi-jammy-V2|DC|granite41_8b|tracker|P3|60.0|0.0|0|||0|d7|v3,granite41_8b,DC,tracker,CVE-2020-1747,D7-CVE-2020-1747-pypi-jammy-V2,V2,affected,affected,True,False,False,n/a,0.0,True,4,416,63,1.0,1.0,1.0,0.0,0.0
D7-CVE-2020-1747-pypi-jammy-V2|DC|granite41_8b|withheld|P3|60.0|0.0|0|||0|d7|v3,granite41_8b,DC,withheld,CVE-2020-1747,D7-CVE-2020-1747-pypi-jammy-V2,V2,under_investigation,affected,False,False,False,n/a,0.0,True,4,466,63,1.0,1.0,1.0,0.0,0.0
D7-CVE-2020-9484-vendor-jammy-V3|DCv21|llama31_8b|blind|P3|60.0|0.0|0|||0|d7|v3,llama31_8b,DCv21,blind,CVE-2020-9484,D7-CVE-2020-9484-vendor-jammy-V3,V3,under_investigation,fixed,False,False,False,first_pass,0.0,True,7,490,76,1.0,0.5,0.5,0.5,0.0
D7-CVE-2020-9484-vendor-jammy-V3|DCv21|llama31_8b|tracker|P3|60.0|0.0|0|||0|d7|v3,llama31_8b,DCv21,tracker,CVE-2020-9484,D7-CVE-2020-9484-vendor-jammy-V3,V3,fixed,fixed,True,False,False,first_pass,0.0,True,9,525,81,1.0,1.0,1.0,0.0,0.0
D7-CVE-2020-9484-vendor-jammy-V3|DCv21|llama31_8b|withheld|P3|60.0|0.0|0|||0|d7|v3,llama31_8b,DCv21,withheld,CVE-2020-9484,D7-CVE-2020-9484-vendor-jammy-V3,V3,under_investigation,fixed,False,False,False,first_pass,0.0,True,6,492,72,1.0,0.5,0.5,0.5,0.0
D7-CVE-2020-9484-vendor-jammy-V3|DC|llama31_8b|blind|P3|60.0|0.0|0|||0|d7|v3,llama31_8b,DC,blind,CVE-2020-9484,D7-CVE-2020-9484-vendor-jammy-V3,V3,under_investigation,fixed,False,False,False,n/a,0.0,True,5,628,96,1.0,1.0,1.0,0.0,0.0
D7-CVE-2020-9484-vendor-jammy-V3|DC|llama31_8b|tracker|P3|60.0|0.0|0|||0|d7|v3,llama31_8b,DC,tracker,CVE-2020-9484,D7-CVE-2020-9484-vendor-jammy-V3,V3,fixed,fixed,True,False,False,n/a,0.0,True,6,476,69,1.0,1.0,1.0,0.0,0.0
D7-CVE-2020-9484-vendor-jammy-V3|DC|llama31_8b|withheld|P3|60.0|0.0|0|||0|d7|v3,llama31_8b,DC,withheld,CVE-2020-9484,D7-CVE-2020-9484-vendor-jammy-V3,V3,under_investigation,fixed,False,False,False,n/a,0.0,True,2,516,77,1.0,1.0,1.0,0.0,0.0
D7-CVE-2020-9484-vendor-jammy-V5|DCv21|qwen3_4b|blind|P3|60.0|0.0|0|||0|d7|v3,qwen3_4b,DCv21,blind,CVE-2020-9484,D7-CVE-2020-9484-vendor-jammy-V5,V5,under_investigation,not_affected,False,False,False,repaired,0.0,True,5,316,48,1.0,1.0,1.0,0.0,0.0
D7-CVE-2020-9484-vendor-jammy-V5|DCv21|qwen3_4b|tracker|P3|60.0|0.0|0|||0|d7|v3,qwen3_4b,DCv21,tracker,CVE-2020-9484,D7-CVE-2020-9484-vendor-jammy-V5,V5,not_affected,not_affected,True,False,False,first_pass,0.0,True,7,492,70,1.0,1.0,1.0,0.0,0.0
D7-CVE-2020-9484-vendor-jammy-V5|DCv21|qwen3_4b|withheld|P3|60.0|0.0|0|||0|d7|v3,qwen3_4b,DCv21,withheld,CVE-2020-9484,D7-CVE-2020-9484-vendor-jammy-V5,V5,under_investigation,not_affected,False,False,False,repaired,0.0,True,3,343,51,1.0,0.0,0.0,0.6666666666666666,0.0
D7-CVE-2020-9484-vendor-jammy-V5|DC|qwen3_4b|blind|P3|60.0|0.0|0|||0|d7|v3,qwen3_4b,DC,blind,CVE-2020-9484,D7-CVE-2020-9484-vendor-jammy-V5,V5,under_investigation,not_affected,False,False,False,n/a,0.0,True,5,299,44,1.0,1.0,1.0,0.0,0.0
D7-CVE-2020-9484-vendor-jammy-V5|DC|qwen3_4b|tracker|P3|60.0|0.0|0|||0|d7|v3,qwen3_4b,DC,tracker,CVE-2020-9484,D7-CVE-2020-9484-vendor-jammy-V5,V5,not_affected,not_affected,True,False,False,n/a,0.0,True,6,430,64,1.0,0.6666666666666666,0.6666666666666666,0.3333333333333333,0.0
D7-CVE-2020-9484-vendor-jammy-V5|DC|qwen3_4b|withheld|P3|60.0|0.0|0|||0|d7|v3,qwen3_4b,DC,withheld,CVE-2020-9484,D7-CVE-2020-9484-vendor-jammy-V5,V5,under_investigation,not_affected,False,False,False,n/a,0.0,True,5,293,44,1.0,1.0,1.0,0.0,0.0
D7-CVE-2020-9484-vendor-jammy-V6|DCv21|mistral_small_24b|blind|P3|60.0|0.0|0|||0|d7|v3,mistral_small_24b,DCv21,blind,CVE-2020-9484,D7-CVE-2020-9484-vendor-jammy-V6,V6,not_affected,not_affected,True,False,False,first_pass,0.0,True,4,383,54,1.0,1.0,1.0,0.0,0.0
D7-CVE-2020-9484-vendor-jammy-V6|DCv21|mistral_small_24b|tracker|P3|60.0|0.0|0|||0|d7|v3,mistral_small_24b,DCv21,tracker,CVE-2020-9484,D7-CVE-2020-9484-vendor-jammy-V6,V6,not_affected,not_affected,True,False,False,repaired,0.0,True,11,505,65,1.0,1.0,1.0,0.0,0.0
D7-CVE-2020-9484-vendor-jammy-V6|DCv21|mistral_small_24b|withheld|P3|60.0|0.0|0|||0|d7|v3,mistral_small_24b,DCv21,withheld,CVE-2020-9484,D7-CVE-2020-9484-vendor-jammy-V6,V6,not_affected,not_affected,True,False,False,first_pass,0.0,True,4,401,56,1.0,1.0,1.0,0.0,0.0
D7-CVE-2020-9484-vendor-jammy-V6|DC|mistral_small_24b|blind|P3|60.0|0.0|0|||0|d7|v3,mistral_small_24b,DC,blind,CVE-2020-9484,D7-CVE-2020-9484-vendor-jammy-V6,V6,not_affected,not_affected,True,False,False,n/a,0.0,True,3,331,43,1.0,1.0,1.0,0.0,0.0
D7-CVE-2020-9484-vendor-jammy-V6|DC|mistral_small_24b|tracker|P3|60.0|0.0|0|||0|d7|v3,mistral_small_24b,DC,tracker,CVE-2020-9484,D7-CVE-2020-9484-vendor-jammy-V6,V6,under_investigation,not_affected,False,False,False,n/a,0.0,True,3,433,60,1.0,1.0,1.0,0.0,0.0
D7-CVE-2020-9484-vendor-jammy-V6|DC|mistral_small_24b|withheld|P3|60.0|0.0|0|||0|d7|v3,mistral_small_24b,DC,withheld,CVE-2020-9484,D7-CVE-2020-9484-vendor-jammy-V6,V6,not_affected,not_affected,True,False,False,n/a,0.0,True,3,331,43,1.0,1.0,1.0,0.0,0.0
D7-CVE-2020-9484-vendor-jammy-V8|DCv21|qwen3_4b|blind|P3|60.0|0.0|0|||0|d7|v3,qwen3_4b,DCv21,blind,CVE-2020-9484,D7-CVE-2020-9484-vendor-jammy-V8,V8,under_investigation,affected,False,False,False,first_pass,0.0,True,4,406,58,1.0,0.0,0.0,0.0,0.0
D7-CVE-2020-9484-vendor-jammy-V8|DCv21|qwen3_4b|tracker|P3|60.0|0.0|0|||0|d7|v3,qwen3_4b,DCv21,tracker,CVE-2020-9484,D7-CVE-2020-9484-vendor-jammy-V8,V8,affected,affected,True,False,False,repaired,0.0,True,7,418,59,1.0,1.0,1.0,0.0,0.0
D7-CVE-2020-9484-vendor-jammy-V8|DCv21|qwen3_4b|withheld|P3|60.0|0.0|0|||0|d7|v3,qwen3_4b,DCv21,withheld,CVE-2020-9484,D7-CVE-2020-9484-vendor-jammy-V8,V8,under_investigation,affected,False,False,False,first_pass,0.0,True,4,406,58,1.0,0.0,0.0,0.0,0.0
D7-CVE-2020-9484-vendor-jammy-V8|DC|qwen3_4b|blind|P3|60.0|0.0|0|||0|d7|v3,qwen3_4b,DC,blind,CVE-2020-9484,D7-CVE-2020-9484-vendor-jammy-V8,V8,under_investigation,affected,False,False,False,n/a,0.0,True,3,289,43,1.0,1.0,1.0,0.0,0.0
D7-CVE-2020-9484-vendor-jammy-V8|DC|qwen3_4b|tracker|P3|60.0|0.0|0|||0|d7|v3,qwen3_4b,DC,tracker,CVE-2020-9484,D7-CVE-2020-9484-vendor-jammy-V8,V8,affected,affected,True,False,False,n/a,0.0,True,7,325,52,1.0,1.0,1.0,0.0,0.0
D7-CVE-2020-9484-vendor-jammy-V8|DC|qwen3_4b|withheld|P3|60.0|0.0|0|||0|d7|v3,qwen3_4b,DC,withheld,CVE-2020-9484,D7-CVE-2020-9484-vendor-jammy-V8,V8,under_investigation,affected,False,False,False,n/a,0.0,True,5,309,48,1.0,0.6666666666666666,0.6666666666666666,0.3333333333333333,0.0
D7-CVE-2021-40438-vendor-noble-V1|DCv21|mistral_small_24b|blind|P3|60.0|0.0|0|||0|d7|v3,mistral_small_24b,DCv21,blind,CVE-2021-40438,D7-CVE-2021-40438-vendor-noble-V1,V1,not_affected,not_affected,True,False,False,first_pass,0.0,True,3,326,46,1.0,1.0,1.0,0.0,0.0
D7-CVE-2021-40438-vendor-noble-V1|DCv21|mistral_small_24b|tracker|P3|60.0|0.0|0|||0|d7|v3,mistral_small_24b,DCv21,tracker,CVE-2021-40438,D7-CVE-2021-40438-vendor-noble-V1,V1,not_affected,not_affected,True,False,False,first_pass,0.0,True,5,398,53,1.0,1.0,1.0,0.0,0.0
D7-CVE-2021-40438-vendor-noble-V1|DCv21|mistral_small_24b|withheld|P3|60.0|0.0|0|||0|d7|v3,mistral_small_24b,DCv21,withheld,CVE-2021-40438,D7-CVE-2021-40438-vendor-noble-V1,V1,not_affected,not_affected,True,False,False,first_pass,0.0,True,3,326,46,1.0,1.0,1.0,0.0,0.0
D7-CVE-2021-40438-vendor-noble-V1|DC|mistral_small_24b|blind|P3|60.0|0.0|0|||0|d7|v3,mistral_small_24b,DC,blind,CVE-2021-40438,D7-CVE-2021-40438-vendor-noble-V1,V1,not_affected,not_affected,True,False,False,n/a,0.0,True,3,331,43,1.0,1.0,1.0,0.0,0.0
D7-CVE-2021-40438-vendor-noble-V1|DC|mistral_small_24b|tracker|P3|60.0|0.0|0|||0|d7|v3,mistral_small_24b,DC,tracker,CVE-2021-40438,D7-CVE-2021-40438-vendor-noble-V1,V1,under_investigation,not_affected,False,False,False,n/a,0.0,True,2,356,53,1.0,0.6666666666666666,0.6666666666666666,0.3333333333333333,0.0
D7-CVE-2021-40438-vendor-noble-V1|DC|mistral_small_24b|withheld|P3|60.0|0.0|0|||0|d7|v3,mistral_small_24b,DC,withheld,CVE-2021-40438,D7-CVE-2021-40438-vendor-noble-V1,V1,not_affected,not_affected,True,False,False,n/a,0.0,True,2,331,43,1.0,1.0,1.0,0.0,0.0
D7-CVE-2021-4104-maven-jammy-V7|DCv21|qwen3_4b|blind|P3|60.0|0.0|0|||0|d7|v3,qwen3_4b,DCv21,blind,CVE-2021-4104,D7-CVE-2021-4104-maven-jammy-V7,V7,under_investigation,affected,False,False,False,repaired,0.0,True,5,291,38,1.0,1.0,1.0,0.0,0.0
D7-CVE-2021-4104-maven-jammy-V7|DCv21|qwen3_4b|tracker|P3|60.0|0.0|0|||0|d7|v3,qwen3_4b,DCv21,tracker,CVE-2021-4104,D7-CVE-2021-4104-maven-jammy-V7,V7,affected,affected,True,False,False,first_pass,0.0,True,6,395,56,1.0,0.0,0.0,0.3333333333333333,0.0
D7-CVE-2021-4104-maven-jammy-V7|DCv21|qwen3_4b|withheld|P3|60.0|0.0|0|||0|d7|v3,qwen3_4b,DCv21,withheld,CVE-2021-4104,D7-CVE-2021-4104-maven-jammy-V7,V7,under_investigation,affected,False,False,False,repaired,0.0,True,3,357,55,1.0,1.0,1.0,0.0,0.0
D7-CVE-2021-4104-maven-jammy-V7|DC|qwen3_4b|blind|P3|60.0|0.0|0|||0|d7|v3,qwen3_4b,DC,blind,CVE-2021-4104,D7-CVE-2021-4104-maven-jammy-V7,V7,under_investigation,affected,False,False,False,n/a,0.0,True,4,341,49,1.0,1.0,1.0,0.0,0.0
D7-CVE-2021-4104-maven-jammy-V7|DC|qwen3_4b|tracker|P3|60.0|0.0|0|||0|d7|v3,qwen3_4b,DC,tracker,CVE-2021-4104,D7-CVE-2021-4104-maven-jammy-V7,V7,affected,affected,True,False,False,n/a,0.0,True,4,268,43,1.0,1.0,1.0,0.0,0.0
D7-CVE-2021-4104-maven-jammy-V7|DC|qwen3_4b|withheld|P3|60.0|0.0|0|||0|d7|v3,qwen3_4b,DC,withheld,CVE-2021-4104,D7-CVE-2021-4104-maven-jammy-V7,V7,under_investigation,affected,False,False,False,n/a,0.0,True,4,341,49,1.0,1.0,1.0,0.0,0.0
D7-CVE-2021-44228-maven-jammy-V5|DCv21|qwen3_14b|blind|P3|60.0|0.0|0|||0|d7|v3,qwen3_14b,DCv21,blind,CVE-2021-44228,D7-CVE-2021-44228-maven-jammy-V5,V5,under_investigation,not_affected,False,False,False,repaired,0.0,True,4,252,35,1.0,0.0,0.0,0.3333333333333333,0.0
D7-CVE-2021-44228-maven-jammy-V5|DCv21|qwen3_14b|tracker|P3|60.0|0.0|0|||0|d7|v3,qwen3_14b,DCv21,tracker,CVE-2021-44228,D7-CVE-2021-44228-maven-jammy-V5,V5,not_affected,not_affected,True,False,False,first_pass,0.0,True,5,521,68,1.0,1.0,1.0,0.0,0.0
D7-CVE-2021-44228-maven-jammy-V5|DCv21|qwen3_14b|withheld|P3|60.0|0.0|0|||0|d7|v3,qwen3_14b,DCv21,withheld,CVE-2021-44228,D7-CVE-2021-44228-maven-jammy-V5,V5,under_investigation,not_affected,False,False,False,repaired,0.0,True,4,252,35,1.0,0.0,0.0,0.6666666666666666,0.0
D7-CVE-2021-44228-maven-jammy-V5|DC|qwen3_14b|blind|P3|60.0|0.0|0|||0|d7|v3,qwen3_14b,DC,blind,CVE-2021-44228,D7-CVE-2021-44228-maven-jammy-V5,V5,under_investigation,not_affected,False,False,False,n/a,0.0,True,4,465,74,1.0,1.0,1.0,0.0,0.0
D7-CVE-2021-44228-maven-jammy-V5|DC|qwen3_14b|tracker|P3|60.0|0.0|0|||0|d7|v3,qwen3_14b,DC,tracker,CVE-2021-44228,D7-CVE-2021-44228-maven-jammy-V5,V5,not_affected,not_affected,True,False,False,n/a,0.0,True,5,408,60,1.0,1.0,1.0,0.0,0.0
D7-CVE-2021-44228-maven-jammy-V5|DC|qwen3_14b|withheld|P3|60.0|0.0|0|||0|d7|v3,qwen3_14b,DC,withheld,CVE-2021-44228,D7-CVE-2021-44228-maven-jammy-V5,V5,under_investigation,not_affected,False,False,False,n/a,0.0,True,5,478,77,1.0,1.0,1.0,0.0,0.0
D7-CVE-2021-44228-maven-noble-V2-b2|DCv21|qwen3_14b|blind|P3|60.0|0.0|0|||0|d7|v3,qwen3_14b,DCv21,blind,CVE-2021-44228,D7-CVE-2021-44228-maven-noble-V2-b2,V2,under_investigation,affected,False,False,False,first_pass,0.0,True,5,279,36,1.0,0.0,0.0,0.0,0.0
D7-CVE-2021-44228-maven-noble-V2-b2|DCv21|qwen3_14b|tracker|P3|60.0|0.0|0|||0|d7|v3,qwen3_14b,DCv21,tracker,CVE-2021-44228,D7-CVE-2021-44228-maven-noble-V2-b2,V2,affected,affected,True,False,False,fallback,1.0,True,4,301,17,1.0,1.0,1.0,0.0,0.0
D7-CVE-2021-44228-maven-noble-V2-b2|DCv21|qwen3_14b|withheld|P3|60.0|0.0|0|||0|d7|v3,qwen3_14b,DCv21,withheld,CVE-2021-44228,D7-CVE-2021-44228-maven-noble-V2-b2,V2,under_investigation,affected,False,False,False,first_pass,0.0,True,5,279,36,1.0,0.0,0.0,0.0,0.0
D7-CVE-2021-44228-maven-noble-V2-b2|DC|qwen3_14b|blind|P3|60.0|0.0|0|||0|d7|v3,qwen3_14b,DC,blind,CVE-2021-44228,D7-CVE-2021-44228-maven-noble-V2-b2,V2,under_investigation,affected,False,False,False,n/a,0.0,True,3,452,69,1.0,1.0,1.0,0.0,0.0
D7-CVE-2021-44228-maven-noble-V2-b2|DC|qwen3_14b|tracker|P3|60.0|0.0|0|||0|d7|v3,qwen3_14b,DC,tracker,CVE-2021-44228,D7-CVE-2021-44228-maven-noble-V2-b2,V2,affected,affected,True,False,False,n/a,0.0,True,6,310,45,1.0,1.0,1.0,0.0,0.0
D7-CVE-2021-44228-maven-noble-V2-b2|DC|qwen3_14b|withheld|P3|60.0|0.0|0|||0|d7|v3,qwen3_14b,DC,withheld,CVE-2021-44228,D7-CVE-2021-44228-maven-noble-V2-b2,V2,under_investigation,affected,False,False,False,n/a,0.0,True,3,452,69,1.0,1.0,1.0,0.0,0.0
D7-CVE-2021-44228-maven-noble-V7|DCv21|granite41_30b|blind|P3|60.0|0.0|0|||0|d7|v3,granite41_30b,DCv21,blind,CVE-2021-44228,D7-CVE-2021-44228-maven-noble-V7,V7,under_investigation,affected,False,False,False,repaired,0.0,True,4,440,56,1.0,1.0,1.0,0.0,0.0
D7-CVE-2021-44228-maven-noble-V7|DCv21|granite41_30b|tracker|P3|60.0|0.0|0|||0|d7|v3,granite41_30b,DCv21,tracker,CVE-2021-44228,D7-CVE-2021-44228-maven-noble-V7,V7,affected,affected,True,False,False,first_pass,0.0,True,7,524,68,1.0,1.0,1.0,0.0,0.0
D7-CVE-2021-44228-maven-noble-V7|DCv21|granite41_30b|withheld|P3|60.0|0.0|0|||0|d7|v3,granite41_30b,DCv21,withheld,CVE-2021-44228,D7-CVE-2021-44228-maven-noble-V7,V7,under_investigation,affected,False,False,False,repaired,0.0,True,4,404,53,1.0,1.0,1.0,0.0,0.0
D7-CVE-2021-44228-maven-noble-V7|DC|granite41_30b|blind|P3|60.0|0.0|0|||0|d7|v3,granite41_30b,DC,blind,CVE-2021-44228,D7-CVE-2021-44228-maven-noble-V7,V7,under_investigation,affected,False,False,False,n/a,0.0,True,6,497,65,1.0,1.0,1.0,0.0,0.0
D7-CVE-2021-44228-maven-noble-V7|DC|granite41_30b|tracker|P3|60.0|0.0|0|||0|d7|v3,granite41_30b,DC,tracker,CVE-2021-44228,D7-CVE-2021-44228-maven-noble-V7,V7,affected,affected,True,False,False,n/a,0.0,True,4,247,37,1.0,1.0,1.0,0.0,0.0
D7-CVE-2021-44228-maven-noble-V7|DC|granite41_30b|withheld|P3|60.0|0.0|0|||0|d7|v3,granite41_30b,DC,withheld,CVE-2021-44228,D7-CVE-2021-44228-maven-noble-V7,V7,under_investigation,affected,False,False,False,n/a,0.0,True,4,425,57,1.0,1.0,1.0,0.0,0.0
D7-CVE-2021-45046-maven-jammy-V3|DCv21|granite41_30b|blind|P3|60.0|0.0|0|||0|d7|v3,granite41_30b,DCv21,blind,CVE-2021-45046,D7-CVE-2021-45046-maven-jammy-V3,V3,under_investigation,fixed,False,False,False,first_pass,0.0,True,6,542,72,1.0,0.0,0.0,0.5,0.0
D7-CVE-2021-45046-maven-jammy-V3|DCv21|granite41_30b|tracker|P3|60.0|0.0|0|||0|d7|v3,granite41_30b,DCv21,tracker,CVE-2021-45046,D7-CVE-2021-45046-maven-jammy-V3,V3,fixed,fixed,True,False,False,first_pass,0.0,True,5,438,58,1.0,1.0,1.0,0.0,0.0
D7-CVE-2021-45046-maven-jammy-V3|DCv21|granite41_30b|withheld|P3|60.0|0.0|0|||0|d7|v3,granite41_30b,DCv21,withheld,CVE-2021-45046,D7-CVE-2021-45046-maven-jammy-V3,V3,under_investigation,fixed,False,False,False,first_pass,0.0,True,6,552,74,1.0,0.0,0.0,0.5,0.0
D7-CVE-2021-45046-maven-jammy-V3|DC|granite41_30b|blind|P3|60.0|0.0|0|||0|d7|v3,granite41_30b,DC,blind,CVE-2021-45046,D7-CVE-2021-45046-maven-jammy-V3,V3,under_investigation,fixed,False,False,False,n/a,0.0,True,4,472,67,1.0,1.0,1.0,0.0,0.0
D7-CVE-2021-45046-maven-jammy-V3|DC|granite41_30b|tracker|P3|60.0|0.0|0|||0|d7|v3,granite41_30b,DC,tracker,CVE-2021-45046,D7-CVE-2021-45046-maven-jammy-V3,V3,fixed,fixed,True,False,False,n/a,0.0,True,4,372,57,1.0,1.0,1.0,0.0,0.0
D7-CVE-2021-45046-maven-jammy-V3|DC|granite41_30b|withheld|P3|60.0|0.0|0|||0|d7|v3,granite41_30b,DC,withheld,CVE-2021-45046,D7-CVE-2021-45046-maven-jammy-V3,V3,under_investigation,fixed,False,False,False,n/a,0.0,True,4,472,67,1.0,1.0,1.0,0.0,0.0
D7-CVE-2021-45046-maven-noble-V4|DCv21|qwen3_4b|blind|P3|60.0|0.0|0|||0|d7|v3,qwen3_4b,DCv21,blind,CVE-2021-45046,D7-CVE-2021-45046-maven-noble-V4,V4,under_investigation,fixed,False,False,False,first_pass,0.0,True,5,353,54,1.0,0.3333333333333333,0.3333333333333333,0.3333333333333333,0.0
D7-CVE-2021-45046-maven-noble-V4|DCv21|qwen3_4b|tracker|P3|60.0|0.0|0|||0|d7|v3,qwen3_4b,DCv21,tracker,CVE-2021-45046,D7-CVE-2021-45046-maven-noble-V4,V4,fixed,fixed,True,False,False,first_pass,0.0,True,6,372,53,1.0,1.0,1.0,0.0,0.0
D7-CVE-2021-45046-maven-noble-V4|DCv21|qwen3_4b|withheld|P3|60.0|0.0|0|||0|d7|v3,qwen3_4b,DCv21,withheld,CVE-2021-45046,D7-CVE-2021-45046-maven-noble-V4,V4,under_investigation,fixed,False,False,False,first_pass,0.0,True,5,353,54,1.0,0.0,0.0,0.3333333333333333,0.0
D7-CVE-2021-45046-maven-noble-V4|DC|qwen3_4b|blind|P3|60.0|0.0|0|||0|d7|v3,qwen3_4b,DC,blind,CVE-2021-45046,D7-CVE-2021-45046-maven-noble-V4,V4,under_investigation,fixed,False,False,False,n/a,0.0,True,4,306,47,1.0,1.0,1.0,0.0,0.0
D7-CVE-2021-45046-maven-noble-V4|DC|qwen3_4b|tracker|P3|60.0|0.0|0|||0|d7|v3,qwen3_4b,DC,tracker,CVE-2021-45046,D7-CVE-2021-45046-maven-noble-V4,V4,fixed,fixed,True,False,False,n/a,0.0,True,3,245,38,1.0,1.0,1.0,0.0,0.0
D7-CVE-2021-45046-maven-noble-V4|DC|qwen3_4b|withheld|P3|60.0|0.0|0|||0|d7|v3,qwen3_4b,DC,withheld,CVE-2021-45046,D7-CVE-2021-45046-maven-noble-V4,V4,under_investigation,fixed,False,False,False,n/a,0.0,True,4,294,44,1.0,1.0,1.0,0.0,0.0
D7-CVE-2021-45105-maven-jammy-V3|DCv21|granite41_30b|blind|P3|60.0|0.0|0|||0|d7|v3,granite41_30b,DCv21,blind,CVE-2021-45105,D7-CVE-2021-45105-maven-jammy-V3,V3,under_investigation,fixed,False,False,False,repaired,0.0,True,5,382,52,1.0,0.5,0.5,0.5,0.0
D7-CVE-2021-45105-maven-jammy-V3|DCv21|granite41_30b|tracker|P3|60.0|0.0|0|||0|d7|v3,granite41_30b,DCv21,tracker,CVE-2021-45105,D7-CVE-2021-45105-maven-jammy-V3,V3,fixed,fixed,True,False,False,first_pass,0.0,True,5,325,42,1.0,1.0,1.0,0.0,0.0
D7-CVE-2021-45105-maven-jammy-V3|DCv21|granite41_30b|withheld|P3|60.0|0.0|0|||0|d7|v3,granite41_30b,DCv21,withheld,CVE-2021-45105,D7-CVE-2021-45105-maven-jammy-V3,V3,under_investigation,fixed,False,False,False,first_pass,0.0,True,6,397,55,1.0,0.0,0.0,0.0,0.0
D7-CVE-2021-45105-maven-jammy-V3|DC|granite41_30b|blind|P3|60.0|0.0|0|||0|d7|v3,granite41_30b,DC,blind,CVE-2021-45105,D7-CVE-2021-45105-maven-jammy-V3,V3,under_investigation,fixed,False,False,False,n/a,0.0,True,4,412,61,1.0,1.0,1.0,0.0,0.0
D7-CVE-2021-45105-maven-jammy-V3|DC|granite41_30b|tracker|P3|60.0|0.0|0|||0|d7|v3,granite41_30b,DC,tracker,CVE-2021-45105,D7-CVE-2021-45105-maven-jammy-V3,V3,fixed,fixed,True,False,False,n/a,0.0,True,4,372,57,1.0,1.0,1.0,0.0,0.0
D7-CVE-2021-45105-maven-jammy-V3|DC|granite41_30b|withheld|P3|60.0|0.0|0|||0|d7|v3,granite41_30b,DC,withheld,CVE-2021-45105,D7-CVE-2021-45105-maven-jammy-V3,V3,under_investigation,fixed,False,False,False,n/a,0.0,True,4,412,61,1.0,1.0,1.0,0.0,0.0
D7-CVE-2021-45105-maven-jammy-V4|DCv21|granite41_30b|blind|P3|60.0|0.0|0|||0|d7|v3,granite41_30b,DCv21,blind,CVE-2021-45105,D7-CVE-2021-45105-maven-jammy-V4,V4,under_investigation,fixed,False,False,False,first_pass,0.0,True,5,463,62,1.0,0.5,0.5,0.5,0.0
D7-CVE-2021-45105-maven-jammy-V4|DCv21|granite41_30b|tracker|P3|60.0|0.0|0|||0|d7|v3,granite41_30b,DCv21,tracker,CVE-2021-45105,D7-CVE-2021-45105-maven-jammy-V4,V4,fixed,fixed,True,False,False,first_pass,0.0,True,4,381,49,1.0,1.0,1.0,0.0,0.0
D7-CVE-2021-45105-maven-jammy-V4|DCv21|granite41_30b|withheld|P3|60.0|0.0|0|||0|d7|v3,granite41_30b,DCv21,withheld,CVE-2021-45105,D7-CVE-2021-45105-maven-jammy-V4,V4,under_investigation,fixed,False,False,False,first_pass,0.0,True,5,463,62,1.0,0.5,0.5,0.5,0.0
D7-CVE-2021-45105-maven-jammy-V4|DC|granite41_30b|blind|P3|60.0|0.0|0|||0|d7|v3,granite41_30b,DC,blind,CVE-2021-45105,D7-CVE-2021-45105-maven-jammy-V4,V4,under_investigation,fixed,False,False,False,n/a,0.0,True,4,316,42,1.0,1.0,1.0,0.0,0.0
D7-CVE-2021-45105-maven-jammy-V4|DC|granite41_30b|tracker|P3|60.0|0.0|0|||0|d7|v3,granite41_30b,DC,tracker,CVE-2021-45105,D7-CVE-2021-45105-maven-jammy-V4,V4,fixed,fixed,True,False,False,n/a,0.0,True,4,363,56,1.0,1.0,1.0,0.0,0.0
D7-CVE-2021-45105-maven-jammy-V4|DC|granite41_30b|withheld|P3|60.0|0.0|0|||0|d7|v3,granite41_30b,DC,withheld,CVE-2021-45105,D7-CVE-2021-45105-maven-jammy-V4,V4,under_investigation,fixed,False,False,False,n/a,0.0,True,4,316,42,1.0,1.0,1.0,0.0,0.0
D7-CVE-2021-45105-maven-jammy-V7|DCv21|qwen3_14b|blind|P3|60.0|0.0|0|||0|d7|v3,qwen3_14b,DCv21,blind,CVE-2021-45105,D7-CVE-2021-45105-maven-jammy-V7,V7,under_investigation,affected,False,False,False,fallback,1.0,True,2,252,10,1.0,1.0,1.0,0.0,0.0
D7-CVE-2021-45105-maven-jammy-V7|DCv21|qwen3_14b|tracker|P3|60.0|0.0|0|||0|d7|v3,qwen3_14b,DCv21,tracker,CVE-2021-45105,D7-CVE-2021-45105-maven-jammy-V7,V7,affected,affected,True,False,False,first_pass,0.0,True,4,352,45,1.0,1.0,1.0,0.0,0.0
D7-CVE-2021-45105-maven-jammy-V7|DCv21|qwen3_14b|withheld|P3|60.0|0.0|0|||0|d7|v3,qwen3_14b,DCv21,withheld,CVE-2021-45105,D7-CVE-2021-45105-maven-jammy-V7,V7,under_investigation,affected,False,False,False,fallback,1.0,True,4,252,10,1.0,1.0,1.0,0.0,0.0
D7-CVE-2021-45105-maven-jammy-V7|DC|qwen3_14b|blind|P3|60.0|0.0|0|||0|d7|v3,qwen3_14b,DC,blind,CVE-2021-45105,D7-CVE-2021-45105-maven-jammy-V7,V7,under_investigation,affected,False,False,False,n/a,0.0,True,5,396,61,1.0,0.0,0.0,0.0,0.0
D7-CVE-2021-45105-maven-jammy-V7|DC|qwen3_14b|tracker|P3|60.0|0.0|0|||0|d7|v3,qwen3_14b,DC,tracker,CVE-2021-45105,D7-CVE-2021-45105-maven-jammy-V7,V7,affected,affected,True,False,False,n/a,0.0,True,6,310,45,1.0,1.0,1.0,0.0,0.0
D7-CVE-2021-45105-maven-jammy-V7|DC|qwen3_14b|withheld|P3|60.0|0.0|0|||0|d7|v3,qwen3_14b,DC,withheld,CVE-2021-45105,D7-CVE-2021-45105-maven-jammy-V7,V7,under_investigation,affected,False,False,False,n/a,0.0,True,3,407,61,1.0,1.0,1.0,0.0,0.0
D7-CVE-2021-45105-maven-noble-V1|DCv21|llama31_8b|blind|P3|60.0|0.0|0|||0|d7|v3,llama31_8b,DCv21,blind,CVE-2021-45105,D7-CVE-2021-45105-maven-noble-V1,V1,not_affected,not_affected,True,False,False,first_pass,0.0,True,3,313,44,1.0,1.0,1.0,0.0,0.0
D7-CVE-2021-45105-maven-noble-V1|DCv21|llama31_8b|tracker|P3|60.0|0.0|0|||0|d7|v3,llama31_8b,DCv21,tracker,CVE-2021-45105,D7-CVE-2021-45105-maven-noble-V1,V1,not_affected,not_affected,True,False,False,repaired,0.0,True,4,394,56,1.0,1.0,1.0,0.0,0.0
D7-CVE-2021-45105-maven-noble-V1|DCv21|llama31_8b|withheld|P3|60.0|0.0|0|||0|d7|v3,llama31_8b,DCv21,withheld,CVE-2021-45105,D7-CVE-2021-45105-maven-noble-V1,V1,not_affected,not_affected,True,False,False,first_pass,0.0,True,2,564,83,1.0,1.0,1.0,0.0,0.0
D7-CVE-2021-45105-maven-noble-V1|DC|llama31_8b|blind|P3|60.0|0.0|0|||0|d7|v3,llama31_8b,DC,blind,CVE-2021-45105,D7-CVE-2021-45105-maven-noble-V1,V1,not_affected,not_affected,True,False,False,n/a,0.0,True,3,373,58,1.0,1.0,1.0,0.0,0.0
D7-CVE-2021-45105-maven-noble-V1|DC|llama31_8b|tracker|P3|60.0|0.0|0|||0|d7|v3,llama31_8b,DC,tracker,CVE-2021-45105,D7-CVE-2021-45105-maven-noble-V1,V1,not_affected,not_affected,True,False,False,n/a,0.0,True,3,388,61,1.0,1.0,1.0,0.0,0.0
D7-CVE-2021-45105-maven-noble-V1|DC|llama31_8b|withheld|P3|60.0|0.0|0|||0|d7|v3,llama31_8b,DC,withheld,CVE-2021-45105,D7-CVE-2021-45105-maven-noble-V1,V1,not_affected,not_affected,True,False,False,n/a,0.0,True,3,372,59,1.0,1.0,1.0,0.0,0.0
D7-CVE-2021-45105-maven-noble-V2-b2|DCv21|granite41_8b|blind|P3|60.0|0.0|0|||0|d7|v3,granite41_8b,DCv21,blind,CVE-2021-45105,D7-CVE-2021-45105-maven-noble-V2-b2,V2,under_investigation,affected,False,False,False,repaired,0.0,True,3,468,63,1.0,1.0,1.0,0.0,0.0
D7-CVE-2021-45105-maven-noble-V2-b2|DCv21|granite41_8b|tracker|P3|60.0|0.0|0|||0|d7|v3,granite41_8b,DCv21,tracker,CVE-2021-45105,D7-CVE-2021-45105-maven-noble-V2-b2,V2,affected,affected,True,False,False,fallback,1.0,True,4,314,22,1.0,1.0,1.0,0.0,0.0
D7-CVE-2021-45105-maven-noble-V2-b2|DCv21|granite41_8b|withheld|P3|60.0|0.0|0|||0|d7|v3,granite41_8b,DCv21,withheld,CVE-2021-45105,D7-CVE-2021-45105-maven-noble-V2-b2,V2,under_investigation,affected,False,False,False,repaired,0.0,True,3,468,63,1.0,1.0,1.0,0.0,0.0
D7-CVE-2021-45105-maven-noble-V2-b2|DC|granite41_8b|blind|P3|60.0|0.0|0|||0|d7|v3,granite41_8b,DC,blind,CVE-2021-45105,D7-CVE-2021-45105-maven-noble-V2-b2,V2,under_investigation,affected,False,False,False,n/a,0.0,True,4,410,54,1.0,1.0,1.0,0.0,0.0
D7-CVE-2021-45105-maven-noble-V2-b2|DC|granite41_8b|tracker|P3|60.0|0.0|0|||0|d7|v3,granite41_8b,DC,tracker,CVE-2021-45105,D7-CVE-2021-45105-maven-noble-V2-b2,V2,affected,affected,True,False,False,n/a,0.0,True,6,422,60,1.0,1.0,1.0,0.0,0.0
D7-CVE-2021-45105-maven-noble-V2-b2|DC|granite41_8b|withheld|P3|60.0|0.0|0|||0|d7|v3,granite41_8b,DC,withheld,CVE-2021-45105,D7-CVE-2021-45105-maven-noble-V2-b2,V2,under_investigation,affected,False,False,False,n/a,0.0,True,4,410,54,1.0,1.0,1.0,0.0,0.0
D7-CVE-2021-45105-maven-noble-V2|DCv21|qwen3_14b|blind|P3|60.0|0.0|0|||0|d7|v3,qwen3_14b,DCv21,blind,CVE-2021-45105,D7-CVE-2021-45105-maven-noble-V2,V2,under_investigation,affected,False,False,False,repaired,0.0,True,5,351,49,1.0,1.0,1.0,0.0,0.0
D7-CVE-2021-45105-maven-noble-V2|DCv21|qwen3_14b|tracker|P3|60.0|0.0|0|||0|d7|v3,qwen3_14b,DCv21,tracker,CVE-2021-45105,D7-CVE-2021-45105-maven-noble-V2,V2,affected,affected,True,False,False,fallback,1.0,True,4,314,22,1.0,1.0,1.0,0.0,0.0
D7-CVE-2021-45105-maven-noble-V2|DCv21|qwen3_14b|withheld|P3|60.0|0.0|0|||0|d7|v3,qwen3_14b,DCv21,withheld,CVE-2021-45105,D7-CVE-2021-45105-maven-noble-V2,V2,under_investigation,affected,False,False,False,repaired,0.0,True,5,351,49,1.0,1.0,1.0,0.0,0.0
D7-CVE-2021-45105-maven-noble-V2|DC|qwen3_14b|blind|P3|60.0|0.0|0|||0|d7|v3,qwen3_14b,DC,blind,CVE-2021-45105,D7-CVE-2021-45105-maven-noble-V2,V2,under_investigation,affected,False,False,False,n/a,0.0,True,5,400,62,1.0,0.0,0.0,0.0,0.0
D7-CVE-2021-45105-maven-noble-V2|DC|qwen3_14b|tracker|P3|60.0|0.0|0|||0|d7|v3,qwen3_14b,DC,tracker,CVE-2021-45105,D7-CVE-2021-45105-maven-noble-V2,V2,affected,affected,True,False,False,n/a,0.0,True,5,317,48,1.0,1.0,1.0,0.0,0.0
D7-CVE-2021-45105-maven-noble-V2|DC|qwen3_14b|withheld|P3|60.0|0.0|0|||0|d7|v3,qwen3_14b,DC,withheld,CVE-2021-45105,D7-CVE-2021-45105-maven-noble-V2,V2,under_investigation,affected,False,False,False,n/a,0.0,True,5,400,62,1.0,0.0,0.0,0.0,0.0
D7-CVE-2022-1471-maven-noble-V1|DCv21|qwen3_14b|blind|P3|60.0|0.0|0|||0|d7|v3,qwen3_14b,DCv21,blind,CVE-2022-1471,D7-CVE-2022-1471-maven-noble-V1,V1,not_affected,not_affected,True,False,False,first_pass,0.0,True,3,255,31,1.0,1.0,1.0,0.0,0.0
D7-CVE-2022-1471-maven-noble-V1|DCv21|qwen3_14b|tracker|P3|60.0|0.0|0|||0|d7|v3,qwen3_14b,DCv21,tracker,CVE-2022-1471,D7-CVE-2022-1471-maven-noble-V1,V1,not_affected,not_affected,True,False,False,first_pass,0.0,True,5,382,53,1.0,0.6666666666666666,0.6666666666666666,0.3333333333333333,0.0
D7-CVE-2022-1471-maven-noble-V1|DCv21|qwen3_14b|withheld|P3|60.0|0.0|0|||0|d7|v3,qwen3_14b,DCv21,withheld,CVE-2022-1471,D7-CVE-2022-1471-maven-noble-V1,V1,not_affected,not_affected,True,False,False,first_pass,0.0,True,3,255,31,1.0,1.0,1.0,0.0,0.0
D7-CVE-2022-1471-maven-noble-V1|DC|qwen3_14b|blind|P3|60.0|0.0|0|||0|d7|v3,qwen3_14b,DC,blind,CVE-2022-1471,D7-CVE-2022-1471-maven-noble-V1,V1,not_affected,not_affected,True,False,False,n/a,0.0,True,3,345,47,1.0,1.0,1.0,0.0,0.0
D7-CVE-2022-1471-maven-noble-V1|DC|qwen3_14b|tracker|P3|60.0|0.0|0|||0|d7|v3,qwen3_14b,DC,tracker,CVE-2022-1471,D7-CVE-2022-1471-maven-noble-V1,V1,not_affected,not_affected,True,False,False,n/a,0.0,True,5,396,59,1.0,1.0,1.0,0.0,0.0
D7-CVE-2022-1471-maven-noble-V1|DC|qwen3_14b|withheld|P3|60.0|0.0|0|||0|d7|v3,qwen3_14b,DC,withheld,CVE-2022-1471,D7-CVE-2022-1471-maven-noble-V1,V1,not_affected,not_affected,True,False,False,n/a,0.0,True,4,376,56,1.0,1.0,1.0,0.0,0.0
D7-CVE-2022-1471-maven-noble-V2-b2|DCv21|qwen3_4b|blind|P3|60.0|0.0|0|||0|d7|v3,qwen3_4b,DCv21,blind,CVE-2022-1471,D7-CVE-2022-1471-maven-noble-V2-b2,V2,under_investigation,affected,False,False,False,repaired,0.0,True,3,306,44,1.0,0.6666666666666666,0.6666666666666666,0.0,0.0
D7-CVE-2022-1471-maven-noble-V2-b2|DCv21|qwen3_4b|tracker|P3|60.0|0.0|0|||0|d7|v3,qwen3_4b,DCv21,tracker,CVE-2022-1471,D7-CVE-2022-1471-maven-noble-V2-b2,V2,affected,affected,True,False,False,fallback,1.0,True,5,185,13,1.0,1.0,1.0,0.0,0.0
D7-CVE-2022-1471-maven-noble-V2-b2|DCv21|qwen3_4b|withheld|P3|60.0|0.0|0|||0|d7|v3,qwen3_4b,DCv21,withheld,CVE-2022-1471,D7-CVE-2022-1471-maven-noble-V2-b2,V2,under_investigation,affected,False,False,False,repaired,0.0,True,3,306,44,1.0,0.3333333333333333,0.3333333333333333,0.3333333333333333,0.0
D7-CVE-2022-1471-maven-noble-V2-b2|DC|qwen3_4b|blind|P3|60.0|0.0|0|||0|d7|v3,qwen3_4b,DC,blind,CVE-2022-1471,D7-CVE-2022-1471-maven-noble-V2-b2,V2,under_investigation,affected,False,False,False,n/a,0.0,True,5,320,50,1.0,1.0,1.0,0.0,0.0
D7-CVE-2022-1471-maven-noble-V2-b2|DC|qwen3_4b|tracker|P3|60.0|0.0|0|||0|d7|v3,qwen3_4b,DC,tracker,CVE-2022-1471,D7-CVE-2022-1471-maven-noble-V2-b2,V2,affected,affected,True,False,False,n/a,0.0,True,4,256,39,1.0,1.0,1.0,0.0,0.0
D7-CVE-2022-1471-maven-noble-V2-b2|DC|qwen3_4b|withheld|P3|60.0|0.0|0|||0|d7|v3,qwen3_4b,DC,withheld,CVE-2022-1471,D7-CVE-2022-1471-maven-noble-V2-b2,V2,under_investigation,affected,False,False,False,n/a,0.0,True,5,320,50,1.0,1.0,1.0,0.0,0.0
D7-CVE-2022-1471-maven-noble-V6|DCv21|llama31_8b|blind|P3|60.0|0.0|0|||0|d7|v3,llama31_8b,DCv21,blind,CVE-2022-1471,D7-CVE-2022-1471-maven-noble-V6,V6,not_affected,not_affected,True,False,False,first_pass,0.0,True,3,465,70,1.0,0.0,0.0,1.0,0.0
D7-CVE-2022-1471-maven-noble-V6|DCv21|llama31_8b|tracker|P3|60.0|0.0|0|||0|d7|v3,llama31_8b,DCv21,tracker,CVE-2022-1471,D7-CVE-2022-1471-maven-noble-V6,V6,not_affected,not_affected,True,False,False,repaired,0.0,True,5,284,41,1.0,1.0,1.0,0.0,0.0
D7-CVE-2022-1471-maven-noble-V6|DCv21|llama31_8b|withheld|P3|60.0|0.0|0|||0|d7|v3,llama31_8b,DCv21,withheld,CVE-2022-1471,D7-CVE-2022-1471-maven-noble-V6,V6,not_affected,not_affected,True,False,False,first_pass,0.0,True,3,465,70,1.0,0.0,0.0,1.0,0.0
D7-CVE-2022-1471-maven-noble-V6|DC|llama31_8b|blind|P3|60.0|0.0|0|||0|d7|v3,llama31_8b,DC,blind,CVE-2022-1471,D7-CVE-2022-1471-maven-noble-V6,V6,not_affected,not_affected,True,False,False,n/a,0.0,True,4,483,70,1.0,1.0,1.0,0.0,0.0
D7-CVE-2022-1471-maven-noble-V6|DC|llama31_8b|tracker|P3|60.0|0.0|0|||0|d7|v3,llama31_8b,DC,tracker,CVE-2022-1471,D7-CVE-2022-1471-maven-noble-V6,V6,not_affected,not_affected,True,False,False,n/a,0.0,True,4,455,71,1.0,1.0,1.0,0.0,0.0
D7-CVE-2022-1471-maven-noble-V6|DC|llama31_8b|withheld|P3|60.0|0.0|0|||0|d7|v3,llama31_8b,DC,withheld,CVE-2022-1471,D7-CVE-2022-1471-maven-noble-V6,V6,not_affected,not_affected,True,False,False,n/a,0.0,True,2,483,70,1.0,1.0,1.0,0.0,0.0
D7-CVE-2022-22963-maven-jammy-V4|DCv21|mistral_small_24b|blind|P3|60.0|0.0|0|||0|d7|v3,mistral_small_24b,DCv21,blind,CVE-2022-22963,D7-CVE-2022-22963-maven-jammy-V4,V4,under_investigation,fixed,False,False,False,fallback,1.0,True,4,252,10,1.0,1.0,1.0,0.0,0.0
D7-CVE-2022-22963-maven-jammy-V4|DCv21|mistral_small_24b|tracker|P3|60.0|0.0|0|||0|d7|v3,mistral_small_24b,DCv21,tracker,CVE-2022-22963,D7-CVE-2022-22963-maven-jammy-V4,V4,fixed,fixed,True,False,False,fallback,1.0,True,2,219,12,1.0,1.0,1.0,0.0,0.0
D7-CVE-2022-22963-maven-jammy-V4|DCv21|mistral_small_24b|withheld|P3|60.0|0.0|0|||0|d7|v3,mistral_small_24b,DCv21,withheld,CVE-2022-22963,D7-CVE-2022-22963-maven-jammy-V4,V4,under_investigation,fixed,False,False,False,fallback,1.0,True,4,252,10,1.0,1.0,1.0,0.0,0.0
D7-CVE-2022-22963-maven-jammy-V4|DC|mistral_small_24b|blind|P3|60.0|0.0|0|||0|d7|v3,mistral_small_24b,DC,blind,CVE-2022-22963,D7-CVE-2022-22963-maven-jammy-V4,V4,under_investigation,fixed,False,False,False,n/a,0.0,True,1,374,48,1.0,1.0,1.0,0.0,0.0
D7-CVE-2022-22963-maven-jammy-V4|DC|mistral_small_24b|tracker|P3|60.0|0.0|0|||0|d7|v3,mistral_small_24b,DC,tracker,CVE-2022-22963,D7-CVE-2022-22963-maven-jammy-V4,V4,fixed,fixed,True,False,False,n/a,0.0,True,3,327,48,1.0,1.0,1.0,0.0,0.0
D7-CVE-2022-22963-maven-jammy-V4|DC|mistral_small_24b|withheld|P3|60.0|0.0|0|||0|d7|v3,mistral_small_24b,DC,withheld,CVE-2022-22963,D7-CVE-2022-22963-maven-jammy-V4,V4,under_investigation,fixed,False,False,False,n/a,0.0,True,1,374,48,1.0,1.0,1.0,0.0,0.0
D7-CVE-2022-22963-maven-jammy-V7|DCv21|granite41_30b|blind|P3|60.0|0.0|0|||0|d7|v3,granite41_30b,DCv21,blind,CVE-2022-22963,D7-CVE-2022-22963-maven-jammy-V7,V7,under_investigation,affected,False,False,False,first_pass,0.0,True,5,562,73,1.0,1.0,1.0,0.0,0.0
D7-CVE-2022-22963-maven-jammy-V7|DCv21|granite41_30b|tracker|P3|60.0|0.0|0|||0|d7|v3,granite41_30b,DCv21,tracker,CVE-2022-22963,D7-CVE-2022-22963-maven-jammy-V7,V7,affected,affected,True,False,False,first_pass,0.0,True,4,401,51,1.0,0.0,0.0,0.5,0.0
D7-CVE-2022-22963-maven-jammy-V7|DCv21|granite41_30b|withheld|P3|60.0|0.0|0|||0|d7|v3,granite41_30b,DCv21,withheld,CVE-2022-22963,D7-CVE-2022-22963-maven-jammy-V7,V7,under_investigation,affected,False,False,False,first_pass,0.0,True,5,562,73,1.0,1.0,1.0,0.0,0.0
D7-CVE-2022-22963-maven-jammy-V7|DC|granite41_30b|blind|P3|60.0|0.0|0|||0|d7|v3,granite41_30b,DC,blind,CVE-2022-22963,D7-CVE-2022-22963-maven-jammy-V7,V7,under_investigation,affected,False,False,False,n/a,0.0,True,4,509,73,1.0,1.0,1.0,0.0,0.0
D7-CVE-2022-22963-maven-jammy-V7|DC|granite41_30b|tracker|P3|60.0|0.0|0|||0|d7|v3,granite41_30b,DC,tracker,CVE-2022-22963,D7-CVE-2022-22963-maven-jammy-V7,V7,affected,affected,True,False,False,n/a,0.0,True,4,268,42,1.0,1.0,1.0,0.0,0.0
D7-CVE-2022-22963-maven-jammy-V7|DC|granite41_30b|withheld|P3|60.0|0.0|0|||0|d7|v3,granite41_30b,DC,withheld,CVE-2022-22963,D7-CVE-2022-22963-maven-jammy-V7,V7,under_investigation,affected,False,False,False,n/a,0.0,True,4,509,73,1.0,1.0,1.0,0.0,0.0
D7-CVE-2022-22963-maven-noble-V3|DCv21|qwen3_4b|blind|P3|60.0|0.0|0|||0|d7|v3,qwen3_4b,DCv21,blind,CVE-2022-22963,D7-CVE-2022-22963-maven-noble-V3,V3,under_investigation,fixed,False,False,False,first_pass,0.0,True,6,458,66,1.0,0.3333333333333333,0.3333333333333333,0.3333333333333333,0.0
D7-CVE-2022-22963-maven-noble-V3|DCv21|qwen3_4b|tracker|P3|60.0|0.0|0|||0|d7|v3,qwen3_4b,DCv21,tracker,CVE-2022-22963,D7-CVE-2022-22963-maven-noble-V3,V3,fixed,fixed,True,False,False,first_pass,0.0,True,5,486,61,1.0,1.0,1.0,0.0,0.0
D7-CVE-2022-22963-maven-noble-V3|DCv21|qwen3_4b|withheld|P3|60.0|0.0|0|||0|d7|v3,qwen3_4b,DCv21,withheld,CVE-2022-22963,D7-CVE-2022-22963-maven-noble-V3,V3,under_investigation,fixed,False,False,False,repaired,0.0,True,2,383,50,1.0,1.0,1.0,0.0,0.0
D7-CVE-2022-22963-maven-noble-V3|DC|qwen3_4b|blind|P3|60.0|0.0|0|||0|d7|v3,qwen3_4b,DC,blind,CVE-2022-22963,D7-CVE-2022-22963-maven-noble-V3,V3,under_investigation,fixed,False,False,False,n/a,0.0,True,5,321,50,1.0,1.0,1.0,0.0,0.0
D7-CVE-2022-22963-maven-noble-V3|DC|qwen3_4b|tracker|P3|60.0|0.0|0|||0|d7|v3,qwen3_4b,DC,tracker,CVE-2022-22963,D7-CVE-2022-22963-maven-noble-V3,V3,fixed,fixed,True,False,False,n/a,0.0,True,4,296,49,1.0,1.0,1.0,0.0,0.0
D7-CVE-2022-22963-maven-noble-V3|DC|qwen3_4b|withheld|P3|60.0|0.0|0|||0|d7|v3,qwen3_4b,DC,withheld,CVE-2022-22963,D7-CVE-2022-22963-maven-noble-V3,V3,under_investigation,fixed,False,False,False,n/a,0.0,True,5,335,51,1.0,1.0,1.0,0.0,0.0
D7-CVE-2022-41741-deb-ubuntu-jammy-V2|DCv21|granite41_8b|blind|P3|60.0|0.0|0|||0|d7|v3,granite41_8b,DCv21,blind,CVE-2022-41741,D7-CVE-2022-41741-deb-ubuntu-jammy-V2,V2,under_investigation,affected,False,False,False,repaired,0.0,True,5,535,73,1.0,1.0,1.0,0.0,0.0
D7-CVE-2022-41741-deb-ubuntu-jammy-V2|DCv21|granite41_8b|tracker|P3|60.0|0.0|0|||0|d7|v3,granite41_8b,DCv21,tracker,CVE-2022-41741,D7-CVE-2022-41741-deb-ubuntu-jammy-V2,V2,affected,affected,True,False,False,repaired,0.0,True,6,515,72,1.0,1.0,1.0,0.0,0.0
D7-CVE-2022-41741-deb-ubuntu-jammy-V2|DCv21|granite41_8b|withheld|P3|60.0|0.0|0|||0|d7|v3,granite41_8b,DCv21,withheld,CVE-2022-41741,D7-CVE-2022-41741-deb-ubuntu-jammy-V2,V2,under_investigation,affected,False,False,False,repaired,0.0,True,4,535,73,1.0,1.0,1.0,0.0,0.0
D7-CVE-2022-41741-deb-ubuntu-jammy-V2|DC|granite41_8b|blind|P3|60.0|0.0|0|||0|d7|v3,granite41_8b,DC,blind,CVE-2022-41741,D7-CVE-2022-41741-deb-ubuntu-jammy-V2,V2,under_investigation,affected,False,False,False,n/a,0.0,True,4,440,60,1.0,1.0,1.0,0.0,0.0
D7-CVE-2022-41741-deb-ubuntu-jammy-V2|DC|granite41_8b|tracker|P3|60.0|0.0|0|||0|d7|v3,granite41_8b,DC,tracker,CVE-2022-41741,D7-CVE-2022-41741-deb-ubuntu-jammy-V2,V2,affected,affected,True,False,False,n/a,0.0,True,4,380,55,1.0,1.0,1.0,0.0,0.0
D7-CVE-2022-41741-deb-ubuntu-jammy-V2|DC|granite41_8b|withheld|P3|60.0|0.0|0|||0|d7|v3,granite41_8b,DC,withheld,CVE-2022-41741,D7-CVE-2022-41741-deb-ubuntu-jammy-V2,V2,under_investigation,affected,False,False,False,n/a,0.0,True,4,440,60,1.0,1.0,1.0,0.0,0.0
D7-CVE-2022-41741-deb-ubuntu-jammy-V4|DCv21|mistral_small_24b|blind|P3|60.0|0.0|0|||0|d7|v3,mistral_small_24b,DCv21,blind,CVE-2022-41741,D7-CVE-2022-41741-deb-ubuntu-jammy-V4,V4,under_investigation,fixed,False,False,False,repaired,0.0,True,3,351,47,1.0,1.0,1.0,0.0,0.0
D7-CVE-2022-41741-deb-ubuntu-jammy-V4|DCv21|mistral_small_24b|tracker|P3|60.0|0.0|0|||0|d7|v3,mistral_small_24b,DCv21,tracker,CVE-2022-41741,D7-CVE-2022-41741-deb-ubuntu-jammy-V4,V4,fixed,fixed,True,False,False,first_pass,0.0,True,6,409,50,1.0,0.0,0.0,0.0,0.0
D7-CVE-2022-41741-deb-ubuntu-jammy-V4|DCv21|mistral_small_24b|withheld|P3|60.0|0.0|0|||0|d7|v3,mistral_small_24b,DCv21,withheld,CVE-2022-41741,D7-CVE-2022-41741-deb-ubuntu-jammy-V4,V4,under_investigation,fixed,False,False,False,repaired,0.0,True,3,401,54,1.0,1.0,1.0,0.0,0.0
D7-CVE-2022-41741-deb-ubuntu-jammy-V4|DC|mistral_small_24b|blind|P3|60.0|0.0|0|||0|d7|v3,mistral_small_24b,DC,blind,CVE-2022-41741,D7-CVE-2022-41741-deb-ubuntu-jammy-V4,V4,under_investigation,fixed,False,False,False,n/a,0.0,True,4,463,66,1.0,1.0,1.0,0.0,0.0
D7-CVE-2022-41741-deb-ubuntu-jammy-V4|DC|mistral_small_24b|tracker|P3|60.0|0.0|0|||0|d7|v3,mistral_small_24b,DC,tracker,CVE-2022-41741,D7-CVE-2022-41741-deb-ubuntu-jammy-V4,V4,fixed,fixed,True,False,False,n/a,0.0,True,6,377,56,1.0,1.0,1.0,0.0,0.0
D7-CVE-2022-41741-deb-ubuntu-jammy-V4|DC|mistral_small_24b|withheld|P3|60.0|0.0|0|||0|d7|v3,mistral_small_24b,DC,withheld,CVE-2022-41741,D7-CVE-2022-41741-deb-ubuntu-jammy-V4,V4,under_investigation,fixed,False,False,False,n/a,0.0,True,4,463,66,1.0,1.0,1.0,0.0,0.0
D7-CVE-2022-41741-deb-ubuntu-jammy-V5|DCv21|llama31_8b|blind|P3|60.0|0.0|0|||0|d7|v3,llama31_8b,DCv21,blind,CVE-2022-41741,D7-CVE-2022-41741-deb-ubuntu-jammy-V5,V5,under_investigation,not_affected,False,False,False,repaired,0.0,True,7,511,76,1.0,0.0,0.0,1.0,0.0
D7-CVE-2022-41741-deb-ubuntu-jammy-V5|DCv21|llama31_8b|tracker|P3|60.0|0.0|0|||0|d7|v3,llama31_8b,DCv21,tracker,CVE-2022-41741,D7-CVE-2022-41741-deb-ubuntu-jammy-V5,V5,not_affected,not_affected,True,False,False,first_pass,0.0,True,6,488,70,1.0,0.5,0.5,0.5,0.0
D7-CVE-2022-41741-deb-ubuntu-jammy-V5|DCv21|llama31_8b|withheld|P3|60.0|0.0|0|||0|d7|v3,llama31_8b,DCv21,withheld,CVE-2022-41741,D7-CVE-2022-41741-deb-ubuntu-jammy-V5,V5,under_investigation,not_affected,False,False,False,repaired,0.0,True,6,511,76,1.0,0.0,0.0,1.0,0.0
D7-CVE-2022-41741-deb-ubuntu-jammy-V5|DC|llama31_8b|blind|P3|60.0|0.0|0|||0|d7|v3,llama31_8b,DC,blind,CVE-2022-41741,D7-CVE-2022-41741-deb-ubuntu-jammy-V5,V5,under_investigation,not_affected,False,False,False,n/a,0.0,True,4,622,94,1.0,1.0,1.0,0.0,0.0
D7-CVE-2022-41741-deb-ubuntu-jammy-V5|DC|llama31_8b|tracker|P3|60.0|0.0|0|||0|d7|v3,llama31_8b,DC,tracker,CVE-2022-41741,D7-CVE-2022-41741-deb-ubuntu-jammy-V5,V5,not_affected,not_affected,True,False,False,n/a,0.0,True,3,421,59,1.0,1.0,1.0,0.0,0.0
D7-CVE-2022-41741-deb-ubuntu-jammy-V5|DC|llama31_8b|withheld|P3|60.0|0.0|0|||0|d7|v3,llama31_8b,DC,withheld,CVE-2022-41741,D7-CVE-2022-41741-deb-ubuntu-jammy-V5,V5,under_investigation,not_affected,False,False,False,n/a,0.0,True,4,615,93,1.0,1.0,1.0,0.0,0.0
D7-CVE-2022-41741-deb-ubuntu-noble-V1|DCv21|granite41_8b|blind|P3|60.0|0.0|0|||0|d7|v3,granite41_8b,DCv21,blind,CVE-2022-41741,D7-CVE-2022-41741-deb-ubuntu-noble-V1,V1,not_affected,not_affected,True,False,False,first_pass,0.0,True,5,433,62,1.0,1.0,1.0,0.0,0.0
D7-CVE-2022-41741-deb-ubuntu-noble-V1|DCv21|granite41_8b|tracker|P3|60.0|0.0|0|||0|d7|v3,granite41_8b,DCv21,tracker,CVE-2022-41741,D7-CVE-2022-41741-deb-ubuntu-noble-V1,V1,not_affected,not_affected,True,False,False,first_pass,0.0,True,4,506,73,1.0,1.0,1.0,0.0,0.0
D7-CVE-2022-41741-deb-ubuntu-noble-V1|DCv21|granite41_8b|withheld|P3|60.0|0.0|0|||0|d7|v3,granite41_8b,DCv21,withheld,CVE-2022-41741,D7-CVE-2022-41741-deb-ubuntu-noble-V1,V1,not_affected,not_affected,True,False,False,first_pass,0.0,True,4,506,73,1.0,1.0,1.0,0.0,0.0
D7-CVE-2022-41741-deb-ubuntu-noble-V1|DC|granite41_8b|blind|P3|60.0|0.0|0|||0|d7|v3,granite41_8b,DC,blind,CVE-2022-41741,D7-CVE-2022-41741-deb-ubuntu-noble-V1,V1,not_affected,not_affected,True,False,False,n/a,0.0,True,4,420,62,1.0,1.0,1.0,0.0,0.0
D7-CVE-2022-41741-deb-ubuntu-noble-V1|DC|granite41_8b|tracker|P3|60.0|0.0|0|||0|d7|v3,granite41_8b,DC,tracker,CVE-2022-41741,D7-CVE-2022-41741-deb-ubuntu-noble-V1,V1,not_affected,not_affected,True,False,False,n/a,0.0,True,4,476,68,1.0,1.0,1.0,0.0,0.0
D7-CVE-2022-41741-deb-ubuntu-noble-V1|DC|granite41_8b|withheld|P3|60.0|0.0|0|||0|d7|v3,granite41_8b,DC,withheld,CVE-2022-41741,D7-CVE-2022-41741-deb-ubuntu-noble-V1,V1,not_affected,not_affected,True,False,False,n/a,0.0,True,4,412,62,1.0,1.0,1.0,0.0,0.0
D7-CVE-2023-25690-deb-ubuntu-jammy-V5|DCv21|qwen3_4b|blind|P3|60.0|0.0|0|||0|d7|v3,qwen3_4b,DCv21,blind,CVE-2023-25690,D7-CVE-2023-25690-deb-ubuntu-jammy-V5,V5,under_investigation,not_affected,False,False,False,repaired,0.0,True,5,419,59,1.0,0.0,0.0,0.0,0.0
D7-CVE-2023-25690-deb-ubuntu-jammy-V5|DCv21|qwen3_4b|tracker|P3|60.0|0.0|0|||0|d7|v3,qwen3_4b,DCv21,tracker,CVE-2023-25690,D7-CVE-2023-25690-deb-ubuntu-jammy-V5,V5,not_affected,not_affected,True,False,False,fallback,1.0,True,6,282,21,1.0,1.0,1.0,0.0,0.0
D7-CVE-2023-25690-deb-ubuntu-jammy-V5|DCv21|qwen3_4b|withheld|P3|60.0|0.0|0|||0|d7|v3,qwen3_4b,DCv21,withheld,CVE-2023-25690,D7-CVE-2023-25690-deb-ubuntu-jammy-V5,V5,under_investigation,not_affected,False,False,False,repaired,0.0,True,4,437,62,1.0,1.0,1.0,0.0,0.0
D7-CVE-2023-25690-deb-ubuntu-jammy-V5|DC|qwen3_4b|blind|P3|60.0|0.0|0|||0|d7|v3,qwen3_4b,DC,blind,CVE-2023-25690,D7-CVE-2023-25690-deb-ubuntu-jammy-V5,V5,under_investigation,not_affected,False,False,False,n/a,0.0,True,6,353,51,1.0,1.0,1.0,0.0,0.0
D7-CVE-2023-25690-deb-ubuntu-jammy-V5|DC|qwen3_4b|tracker|P3|60.0|0.0|0|||0|d7|v3,qwen3_4b,DC,tracker,CVE-2023-25690,D7-CVE-2023-25690-deb-ubuntu-jammy-V5,V5,not_affected,not_affected,True,False,False,n/a,0.0,True,6,365,52,1.0,0.6666666666666666,0.6666666666666666,0.3333333333333333,0.0
D7-CVE-2023-25690-deb-ubuntu-jammy-V5|DC|qwen3_4b|withheld|P3|60.0|0.0|0|||0|d7|v3,qwen3_4b,DC,withheld,CVE-2023-25690,D7-CVE-2023-25690-deb-ubuntu-jammy-V5,V5,under_investigation,not_affected,False,False,False,n/a,0.0,True,6,353,51,1.0,1.0,1.0,0.0,0.0
D7-CVE-2023-25690-deb-ubuntu-jammy-V6|DCv21|llama31_8b|blind|P3|60.0|0.0|0|||0|d7|v3,llama31_8b,DCv21,blind,CVE-2023-25690,D7-CVE-2023-25690-deb-ubuntu-jammy-V6,V6,not_affected,not_affected,True,False,False,repaired,0.0,True,3,373,54,1.0,1.0,1.0,0.0,0.0
D7-CVE-2023-25690-deb-ubuntu-jammy-V6|DCv21|llama31_8b|tracker|P3|60.0|0.0|0|||0|d7|v3,llama31_8b,DCv21,tracker,CVE-2023-25690,D7-CVE-2023-25690-deb-ubuntu-jammy-V6,V6,not_affected,not_affected,True,False,False,first_pass,0.0,True,5,602,87,1.0,1.0,1.0,0.0,0.0
D7-CVE-2023-25690-deb-ubuntu-jammy-V6|DCv21|llama31_8b|withheld|P3|60.0|0.0|0|||0|d7|v3,llama31_8b,DCv21,withheld,CVE-2023-25690,D7-CVE-2023-25690-deb-ubuntu-jammy-V6,V6,not_affected,not_affected,True,False,False,repaired,0.0,True,3,463,67,1.0,1.0,1.0,0.0,0.0
D7-CVE-2023-25690-deb-ubuntu-jammy-V6|DC|llama31_8b|blind|P3|60.0|0.0|0|||0|d7|v3,llama31_8b,DC,blind,CVE-2023-25690,D7-CVE-2023-25690-deb-ubuntu-jammy-V6,V6,not_affected,not_affected,True,False,False,n/a,0.0,True,2,346,55,1.0,1.0,1.0,0.0,0.0
D7-CVE-2023-25690-deb-ubuntu-jammy-V6|DC|llama31_8b|tracker|P3|60.0|0.0|0|||0|d7|v3,llama31_8b,DC,tracker,CVE-2023-25690,D7-CVE-2023-25690-deb-ubuntu-jammy-V6,V6,not_affected,not_affected,True,False,False,n/a,0.0,True,3,322,54,1.0,1.0,1.0,0.0,0.0
D7-CVE-2023-25690-deb-ubuntu-jammy-V6|DC|llama31_8b|withheld|P3|60.0|0.0|0|||0|d7|v3,llama31_8b,DC,withheld,CVE-2023-25690,D7-CVE-2023-25690-deb-ubuntu-jammy-V6,V6,not_affected,not_affected,True,False,False,n/a,0.0,True,2,346,55,1.0,1.0,1.0,0.0,0.0
D7-CVE-2023-25690-deb-ubuntu-noble-V3|DCv21|qwen3_14b|blind|P3|60.0|0.0|0|||0|d7|v3,qwen3_14b,DCv21,blind,CVE-2023-25690,D7-CVE-2023-25690-deb-ubuntu-noble-V3,V3,under_investigation,fixed,False,False,False,first_pass,0.0,True,4,395,53,1.0,0.0,0.0,0.0,0.0
D7-CVE-2023-25690-deb-ubuntu-noble-V3|DCv21|qwen3_14b|tracker|P3|60.0|0.0|0|||0|d7|v3,qwen3_14b,DCv21,tracker,CVE-2023-25690,D7-CVE-2023-25690-deb-ubuntu-noble-V3,V3,fixed,fixed,True,False,False,first_pass,0.0,True,5,373,55,1.0,0.6666666666666666,1.0,0.0,0.0
D7-CVE-2023-25690-deb-ubuntu-noble-V3|DCv21|qwen3_14b|withheld|P3|60.0|0.0|0|||0|d7|v3,qwen3_14b,DCv21,withheld,CVE-2023-25690,D7-CVE-2023-25690-deb-ubuntu-noble-V3,V3,under_investigation,fixed,False,False,False,first_pass,0.0,True,4,395,53,1.0,0.0,0.0,0.0,0.0
D7-CVE-2023-25690-deb-ubuntu-noble-V3|DC|qwen3_14b|blind|P3|60.0|0.0|0|||0|d7|v3,qwen3_14b,DC,blind,CVE-2023-25690,D7-CVE-2023-25690-deb-ubuntu-noble-V3,V3,under_investigation,fixed,False,False,False,n/a,0.0,True,4,340,53,1.0,1.0,1.0,0.0,0.0
D7-CVE-2023-25690-deb-ubuntu-noble-V3|DC|qwen3_14b|tracker|P3|60.0|0.0|0|||0|d7|v3,qwen3_14b,DC,tracker,CVE-2023-25690,D7-CVE-2023-25690-deb-ubuntu-noble-V3,V3,fixed,fixed,True,False,False,n/a,0.0,True,4,347,53,1.0,1.0,1.0,0.0,0.0
D7-CVE-2023-25690-deb-ubuntu-noble-V3|DC|qwen3_14b|withheld|P3|60.0|0.0|0|||0|d7|v3,qwen3_14b,DC,withheld,CVE-2023-25690,D7-CVE-2023-25690-deb-ubuntu-noble-V3,V3,under_investigation,fixed,False,False,False,n/a,0.0,True,3,340,53,1.0,1.0,1.0,0.0,0.0
D7-CVE-2023-30861-pypi-jammy-V6|DCv21|gemma4_31b|blind|P3|60.0|0.0|0|||0|d7|v3,gemma4_31b,DCv21,blind,CVE-2023-30861,D7-CVE-2023-30861-pypi-jammy-V6,V6,not_affected,not_affected,True,False,False,first_pass,0.0,True,3,205,32,1.0,1.0,1.0,0.0,0.0
D7-CVE-2023-30861-pypi-jammy-V6|DCv21|gemma4_31b|tracker|P3|60.0|0.0|0|||0|d7|v3,gemma4_31b,DCv21,tracker,CVE-2023-30861,D7-CVE-2023-30861-pypi-jammy-V6,V6,not_affected,not_affected,True,False,False,first_pass,0.0,True,3,239,37,1.0,1.0,1.0,0.0,0.0
D7-CVE-2023-30861-pypi-jammy-V6|DCv21|gemma4_31b|withheld|P3|60.0|0.0|0|||0|d7|v3,gemma4_31b,DCv21,withheld,CVE-2023-30861,D7-CVE-2023-30861-pypi-jammy-V6,V6,not_affected,not_affected,True,False,False,first_pass,0.0,True,3,205,32,1.0,1.0,1.0,0.0,0.0
D7-CVE-2023-30861-pypi-jammy-V6|DC|gemma4_31b|blind|P3|60.0|0.0|0|||0|d7|v3,gemma4_31b,DC,blind,CVE-2023-30861,D7-CVE-2023-30861-pypi-jammy-V6,V6,not_affected,not_affected,True,False,False,n/a,0.0,True,2,191,27,1.0,1.0,1.0,0.0,0.0
D7-CVE-2023-30861-pypi-jammy-V6|DC|gemma4_31b|tracker|P3|60.0|0.0|0|||0|d7|v3,gemma4_31b,DC,tracker,CVE-2023-30861,D7-CVE-2023-30861-pypi-jammy-V6,V6,not_affected,not_affected,True,False,False,n/a,0.0,True,2,191,27,1.0,1.0,1.0,0.0,0.0
D7-CVE-2023-30861-pypi-jammy-V6|DC|gemma4_31b|withheld|P3|60.0|0.0|0|||0|d7|v3,gemma4_31b,DC,withheld,CVE-2023-30861,D7-CVE-2023-30861-pypi-jammy-V6,V6,not_affected,not_affected,True,False,False,n/a,0.0,True,2,191,27,1.0,1.0,1.0,0.0,0.0
D7-CVE-2023-30861-pypi-noble-V3|DCv21|granite41_30b|blind|P3|60.0|0.0|0|||0|d7|v3,granite41_30b,DCv21,blind,CVE-2023-30861,D7-CVE-2023-30861-pypi-noble-V3,V3,under_investigation,fixed,False,False,False,first_pass,0.0,True,6,388,53,1.0,0.0,0.0,0.0,0.0
D7-CVE-2023-30861-pypi-noble-V3|DCv21|granite41_30b|tracker|P3|60.0|0.0|0|||0|d7|v3,granite41_30b,DCv21,tracker,CVE-2023-30861,D7-CVE-2023-30861-pypi-noble-V3,V3,fixed,fixed,True,False,False,first_pass,0.0,True,8,414,65,1.0,1.0,1.0,0.0,0.0
D7-CVE-2023-30861-pypi-noble-V3|DCv21|granite41_30b|withheld|P3|60.0|0.0|0|||0|d7|v3,granite41_30b,DCv21,withheld,CVE-2023-30861,D7-CVE-2023-30861-pypi-noble-V3,V3,under_investigation,fixed,False,False,False,repaired,0.0,True,5,273,34,1.0,1.0,1.0,0.0,0.0
D7-CVE-2023-30861-pypi-noble-V3|DC|granite41_30b|blind|P3|60.0|0.0|0|||0|d7|v3,granite41_30b,DC,blind,CVE-2023-30861,D7-CVE-2023-30861-pypi-noble-V3,V3,under_investigation,fixed,False,False,False,n/a,0.0,True,2,447,73,1.0,1.0,1.0,0.0,0.0
D7-CVE-2023-30861-pypi-noble-V3|DC|granite41_30b|tracker|P3|60.0|0.0|0|||0|d7|v3,granite41_30b,DC,tracker,CVE-2023-30861,D7-CVE-2023-30861-pypi-noble-V3,V3,fixed,fixed,True,False,False,n/a,0.0,True,4,238,39,1.0,1.0,1.0,0.0,0.0
D7-CVE-2023-30861-pypi-noble-V3|DC|granite41_30b|withheld|P3|60.0|0.0|0|||0|d7|v3,granite41_30b,DC,withheld,CVE-2023-30861,D7-CVE-2023-30861-pypi-noble-V3,V3,under_investigation,fixed,False,False,False,n/a,0.0,True,2,447,73,1.0,1.0,1.0,0.0,0.0
D7-CVE-2023-42116-deb-ubuntu-jammy-V1|DCv21|gemma4_31b|blind|P3|60.0|0.0|0|||0|d7|v3,gemma4_31b,DCv21,blind,CVE-2023-42116,D7-CVE-2023-42116-deb-ubuntu-jammy-V1,V1,not_affected,not_affected,True,False,False,first_pass,0.0,True,3,258,39,1.0,1.0,1.0,0.0,0.0
D7-CVE-2023-42116-deb-ubuntu-jammy-V1|DCv21|gemma4_31b|tracker|P3|60.0|0.0|0|||0|d7|v3,gemma4_31b,DCv21,tracker,CVE-2023-42116,D7-CVE-2023-42116-deb-ubuntu-jammy-V1,V1,not_affected,not_affected,True,False,False,first_pass,0.0,True,3,213,31,1.0,1.0,1.0,0.0,0.0
D7-CVE-2023-42116-deb-ubuntu-jammy-V1|DCv21|gemma4_31b|withheld|P3|60.0|0.0|0|||0|d7|v3,gemma4_31b,DCv21,withheld,CVE-2023-42116,D7-CVE-2023-42116-deb-ubuntu-jammy-V1,V1,not_affected,not_affected,True,False,False,first_pass,0.0,True,3,258,39,1.0,1.0,1.0,0.0,0.0
D7-CVE-2023-42116-deb-ubuntu-jammy-V1|DC|gemma4_31b|blind|P3|60.0|0.0|0|||0|d7|v3,gemma4_31b,DC,blind,CVE-2023-42116,D7-CVE-2023-42116-deb-ubuntu-jammy-V1,V1,not_affected,not_affected,True,False,False,n/a,0.0,True,4,231,31,1.0,1.0,1.0,0.0,0.0
D7-CVE-2023-42116-deb-ubuntu-jammy-V1|DC|gemma4_31b|tracker|P3|60.0|0.0|0|||0|d7|v3,gemma4_31b,DC,tracker,CVE-2023-42116,D7-CVE-2023-42116-deb-ubuntu-jammy-V1,V1,not_affected,not_affected,True,False,False,n/a,0.0,True,3,193,24,1.0,1.0,1.0,0.0,0.0
D7-CVE-2023-42116-deb-ubuntu-jammy-V1|DC|gemma4_31b|withheld|P3|60.0|0.0|0|||0|d7|v3,gemma4_31b,DC,withheld,CVE-2023-42116,D7-CVE-2023-42116-deb-ubuntu-jammy-V1,V1,not_affected,not_affected,True,False,False,n/a,0.0,True,3,193,24,1.0,1.0,1.0,0.0,0.0
D7-CVE-2023-42116-deb-ubuntu-noble-V6|DCv21|mistral_small_24b|blind|P3|60.0|0.0|0|||0|d7|v3,mistral_small_24b,DCv21,blind,CVE-2023-42116,D7-CVE-2023-42116-deb-ubuntu-noble-V6,V6,not_affected,not_affected,True,False,False,first_pass,0.0,True,2,359,48,1.0,1.0,1.0,0.0,0.0
D7-CVE-2023-42116-deb-ubuntu-noble-V6|DCv21|mistral_small_24b|tracker|P3|60.0|0.0|0|||0|d7|v3,mistral_small_24b,DCv21,tracker,CVE-2023-42116,D7-CVE-2023-42116-deb-ubuntu-noble-V6,V6,not_affected,not_affected,True,False,False,first_pass,0.0,True,2,359,48,1.0,1.0,1.0,0.0,0.0
D7-CVE-2023-42116-deb-ubuntu-noble-V6|DCv21|mistral_small_24b|withheld|P3|60.0|0.0|0|||0|d7|v3,mistral_small_24b,DCv21,withheld,CVE-2023-42116,D7-CVE-2023-42116-deb-ubuntu-noble-V6,V6,not_affected,not_affected,True,False,False,first_pass,0.0,True,2,359,48,1.0,1.0,1.0,0.0,0.0
D7-CVE-2023-42116-deb-ubuntu-noble-V6|DC|mistral_small_24b|blind|P3|60.0|0.0|0|||0|d7|v3,mistral_small_24b,DC,blind,CVE-2023-42116,D7-CVE-2023-42116-deb-ubuntu-noble-V6,V6,not_affected,not_affected,True,False,False,n/a,0.0,True,3,322,42,1.0,1.0,1.0,0.0,0.0
D7-CVE-2023-42116-deb-ubuntu-noble-V6|DC|mistral_small_24b|tracker|P3|60.0|0.0|0|||0|d7|v3,mistral_small_24b,DC,tracker,CVE-2023-42116,D7-CVE-2023-42116-deb-ubuntu-noble-V6,V6,not_affected,not_affected,True,False,False,n/a,0.0,True,3,322,42,1.0,1.0,1.0,0.0,0.0
D7-CVE-2023-42116-deb-ubuntu-noble-V6|DC|mistral_small_24b|withheld|P3|60.0|0.0|0|||0|d7|v3,mistral_small_24b,DC,withheld,CVE-2023-42116,D7-CVE-2023-42116-deb-ubuntu-noble-V6,V6,not_affected,not_affected,True,False,False,n/a,0.0,True,3,325,43,1.0,1.0,1.0,0.0,0.0
D7-CVE-2023-43770-vendor-jammy-V1|DCv21|mistral_small_24b|blind|P3|60.0|0.0|0|||0|d7|v3,mistral_small_24b,DCv21,blind,CVE-2023-43770,D7-CVE-2023-43770-vendor-jammy-V1,V1,not_affected,not_affected,True,False,False,first_pass,0.0,True,3,262,34,1.0,1.0,1.0,0.0,0.0
D7-CVE-2023-43770-vendor-jammy-V1|DCv21|mistral_small_24b|tracker|P3|60.0|0.0|0|||0|d7|v3,mistral_small_24b,DCv21,tracker,CVE-2023-43770,D7-CVE-2023-43770-vendor-jammy-V1,V1,not_affected,not_affected,True,False,False,fallback,1.0,True,2,135,17,1.0,1.0,1.0,0.0,0.0
D7-CVE-2023-43770-vendor-jammy-V1|DCv21|mistral_small_24b|withheld|P3|60.0|0.0|0|||0|d7|v3,mistral_small_24b,DCv21,withheld,CVE-2023-43770,D7-CVE-2023-43770-vendor-jammy-V1,V1,not_affected,not_affected,True,False,False,first_pass,0.0,True,3,262,34,1.0,1.0,1.0,0.0,0.0
D7-CVE-2023-43770-vendor-jammy-V1|DC|mistral_small_24b|blind|P3|60.0|0.0|0|||0|d7|v3,mistral_small_24b,DC,blind,CVE-2023-43770,D7-CVE-2023-43770-vendor-jammy-V1,V1,not_affected,not_affected,True,False,False,n/a,0.0,True,2,331,43,1.0,1.0,1.0,0.0,0.0
D7-CVE-2023-43770-vendor-jammy-V1|DC|mistral_small_24b|tracker|P3|60.0|0.0|0|||0|d7|v3,mistral_small_24b,DC,tracker,CVE-2023-43770,D7-CVE-2023-43770-vendor-jammy-V1,V1,not_affected,not_affected,True,False,False,n/a,0.0,True,3,331,43,1.0,1.0,1.0,0.0,0.0
D7-CVE-2023-43770-vendor-jammy-V1|DC|mistral_small_24b|withheld|P3|60.0|0.0|0|||0|d7|v3,mistral_small_24b,DC,withheld,CVE-2023-43770,D7-CVE-2023-43770-vendor-jammy-V1,V1,not_affected,not_affected,True,False,False,n/a,0.0,True,3,331,43,1.0,1.0,1.0,0.0,0.0
D7-CVE-2023-43770-vendor-noble-V3|DCv21|qwen3_4b|blind|P3|60.0|0.0|0|||0|d7|v3,qwen3_4b,DCv21,blind,CVE-2023-43770,D7-CVE-2023-43770-vendor-noble-V3,V3,under_investigation,fixed,False,False,False,repaired,0.0,True,4,443,68,1.0,1.0,1.0,0.0,0.0
D7-CVE-2023-43770-vendor-noble-V3|DCv21|qwen3_4b|tracker|P3|60.0|0.0|0|||0|d7|v3,qwen3_4b,DCv21,tracker,CVE-2023-43770,D7-CVE-2023-43770-vendor-noble-V3,V3,under_investigation,fixed,False,False,False,repaired,0.0,True,7,363,52,1.0,1.0,1.0,0.0,0.0
D7-CVE-2023-43770-vendor-noble-V3|DCv21|qwen3_4b|withheld|P3|60.0|0.0|0|||0|d7|v3,qwen3_4b,DCv21,withheld,CVE-2023-43770,D7-CVE-2023-43770-vendor-noble-V3,V3,under_investigation,fixed,False,False,False,repaired,0.0,True,7,431,65,1.0,0.6666666666666666,0.6666666666666666,0.3333333333333333,0.0
D7-CVE-2023-43770-vendor-noble-V3|DC|qwen3_4b|blind|P3|60.0|0.0|0|||0|d7|v3,qwen3_4b,DC,blind,CVE-2023-43770,D7-CVE-2023-43770-vendor-noble-V3,V3,under_investigation,fixed,False,False,False,n/a,0.0,True,5,409,59,1.0,1.0,1.0,0.0,0.0
D7-CVE-2023-43770-vendor-noble-V3|DC|qwen3_4b|tracker|P3|60.0|0.0|0|||0|d7|v3,qwen3_4b,DC,tracker,CVE-2023-43770,D7-CVE-2023-43770-vendor-noble-V3,V3,fixed,fixed,True,False,False,n/a,0.0,True,7,362,59,1.0,0.6666666666666666,0.6666666666666666,0.3333333333333333,0.0
D7-CVE-2023-43770-vendor-noble-V3|DC|qwen3_4b|withheld|P3|60.0|0.0|0|||0|d7|v3,qwen3_4b,DC,withheld,CVE-2023-43770,D7-CVE-2023-43770-vendor-noble-V3,V3,under_investigation,fixed,False,False,False,n/a,0.0,True,4,302,43,1.0,1.0,1.0,0.0,0.0
D7-CVE-2023-48795-deb-ubuntu-jammy-V1|DCv21|gemma4_31b|blind|P3|60.0|0.0|0|||0|d7|v3,gemma4_31b,DCv21,blind,CVE-2023-48795,D7-CVE-2023-48795-deb-ubuntu-jammy-V1,V1,not_affected,not_affected,True,False,False,first_pass,0.0,True,3,271,41,1.0,0.0,0.0,1.0,0.0
D7-CVE-2023-48795-deb-ubuntu-jammy-V1|DCv21|gemma4_31b|tracker|P3|60.0|0.0|0|||0|d7|v3,gemma4_31b,DCv21,tracker,CVE-2023-48795,D7-CVE-2023-48795-deb-ubuntu-jammy-V1,V1,not_affected,not_affected,True,False,False,first_pass,0.0,True,3,221,32,1.0,1.0,1.0,0.0,0.0
D7-CVE-2023-48795-deb-ubuntu-jammy-V1|DCv21|gemma4_31b|withheld|P3|60.0|0.0|0|||0|d7|v3,gemma4_31b,DCv21,withheld,CVE-2023-48795,D7-CVE-2023-48795-deb-ubuntu-jammy-V1,V1,not_affected,not_affected,True,False,False,first_pass,0.0,True,3,271,41,1.0,0.0,0.0,1.0,0.0
D7-CVE-2023-48795-deb-ubuntu-jammy-V1|DC|gemma4_31b|blind|P3|60.0|0.0|0|||0|d7|v3,gemma4_31b,DC,blind,CVE-2023-48795,D7-CVE-2023-48795-deb-ubuntu-jammy-V1,V1,not_affected,not_affected,True,False,False,n/a,0.0,True,2,268,36,1.0,1.0,1.0,0.0,0.0
D7-CVE-2023-48795-deb-ubuntu-jammy-V1|DC|gemma4_31b|tracker|P3|60.0|0.0|0|||0|d7|v3,gemma4_31b,DC,tracker,CVE-2023-48795,D7-CVE-2023-48795-deb-ubuntu-jammy-V1,V1,not_affected,not_affected,True,False,False,n/a,0.0,True,2,246,32,1.0,1.0,1.0,0.0,0.0
D7-CVE-2023-48795-deb-ubuntu-jammy-V1|DC|gemma4_31b|withheld|P3|60.0|0.0|0|||0|d7|v3,gemma4_31b,DC,withheld,CVE-2023-48795,D7-CVE-2023-48795-deb-ubuntu-jammy-V1,V1,not_affected,not_affected,True,False,False,n/a,0.0,True,2,268,36,1.0,1.0,1.0,0.0,0.0
D7-CVE-2023-48795-deb-ubuntu-noble-V3|DCv21|gemma4_31b|blind|P3|60.0|0.0|0|||0|d7|v3,gemma4_31b,DCv21,blind,CVE-2023-48795,D7-CVE-2023-48795-deb-ubuntu-noble-V3,V3,under_investigation,fixed,False,False,False,fallback,1.0,True,9,241,20,1.0,1.0,1.0,0.0,0.0
D7-CVE-2023-48795-deb-ubuntu-noble-V3|DCv21|gemma4_31b|tracker|P3|60.0|0.0|0|||0|d7|v3,gemma4_31b,DCv21,tracker,CVE-2023-48795,D7-CVE-2023-48795-deb-ubuntu-noble-V3,V3,fixed,fixed,True,False,False,first_pass,0.0,True,6,257,31,1.0,1.0,1.0,0.0,0.0
D7-CVE-2023-48795-deb-ubuntu-noble-V3|DCv21|gemma4_31b|withheld|P3|60.0|0.0|0|||0|d7|v3,gemma4_31b,DCv21,withheld,CVE-2023-48795,D7-CVE-2023-48795-deb-ubuntu-noble-V3,V3,under_investigation,fixed,False,False,False,fallback,1.0,True,9,241,20,1.0,1.0,1.0,0.0,0.0
D7-CVE-2023-48795-deb-ubuntu-noble-V3|DC|gemma4_31b|blind|P3|60.0|0.0|0|||0|d7|v3,gemma4_31b,DC,blind,CVE-2023-48795,D7-CVE-2023-48795-deb-ubuntu-noble-V3,V3,under_investigation,fixed,False,False,False,n/a,0.0,True,2,279,43,1.0,1.0,1.0,0.0,0.0
D7-CVE-2023-48795-deb-ubuntu-noble-V3|DC|gemma4_31b|tracker|P3|60.0|0.0|0|||0|d7|v3,gemma4_31b,DC,tracker,CVE-2023-48795,D7-CVE-2023-48795-deb-ubuntu-noble-V3,V3,fixed,fixed,True,False,False,n/a,0.0,True,4,213,33,1.0,1.0,1.0,0.0,0.0
D7-CVE-2023-48795-deb-ubuntu-noble-V3|DC|gemma4_31b|withheld|P3|60.0|0.0|0|||0|d7|v3,gemma4_31b,DC,withheld,CVE-2023-48795,D7-CVE-2023-48795-deb-ubuntu-noble-V3,V3,under_investigation,fixed,False,False,False,n/a,0.0,True,2,283,43,1.0,1.0,1.0,0.0,0.0
D7-CVE-2023-50447-pypi-jammy-V1|DCv21|qwen3_4b|blind|P3|60.0|0.0|0|||0|d7|v3,qwen3_4b,DCv21,blind,CVE-2023-50447,D7-CVE-2023-50447-pypi-jammy-V1,V1,not_affected,not_affected,True,False,False,first_pass,0.0,True,3,335,55,1.0,1.0,1.0,0.0,0.0
D7-CVE-2023-50447-pypi-jammy-V1|DCv21|qwen3_4b|tracker|P3|60.0|0.0|0|||0|d7|v3,qwen3_4b,DCv21,tracker,CVE-2023-50447,D7-CVE-2023-50447-pypi-jammy-V1,V1,not_affected,not_affected,True,False,False,first_pass,0.0,True,5,336,49,1.0,1.0,1.0,0.0,0.0
D7-CVE-2023-50447-pypi-jammy-V1|DCv21|qwen3_4b|withheld|P3|60.0|0.0|0|||0|d7|v3,qwen3_4b,DCv21,withheld,CVE-2023-50447,D7-CVE-2023-50447-pypi-jammy-V1,V1,not_affected,not_affected,True,False,False,first_pass,0.0,True,3,337,56,1.0,1.0,1.0,0.0,0.0
D7-CVE-2023-50447-pypi-jammy-V1|DC|qwen3_4b|blind|P3|60.0|0.0|0|||0|d7|v3,qwen3_4b,DC,blind,CVE-2023-50447,D7-CVE-2023-50447-pypi-jammy-V1,V1,not_affected,not_affected,True,False,False,n/a,0.0,True,2,302,49,1.0,1.0,1.0,0.0,0.0
D7-CVE-2023-50447-pypi-jammy-V1|DC|qwen3_4b|tracker|P3|60.0|0.0|0|||0|d7|v3,qwen3_4b,DC,tracker,CVE-2023-50447,D7-CVE-2023-50447-pypi-jammy-V1,V1,not_affected,not_affected,True,False,False,n/a,0.0,True,3,302,49,1.0,1.0,1.0,0.0,0.0
D7-CVE-2023-50447-pypi-jammy-V1|DC|qwen3_4b|withheld|P3|60.0|0.0|0|||0|d7|v3,qwen3_4b,DC,withheld,CVE-2023-50447,D7-CVE-2023-50447-pypi-jammy-V1,V1,not_affected,not_affected,True,False,False,n/a,0.0,True,3,276,43,1.0,1.0,1.0,0.0,0.0
D7-CVE-2023-50447-pypi-jammy-V2-b2|DCv21|qwen3_4b|blind|P3|60.0|0.0|0|||0|d7|v3,qwen3_4b,DCv21,blind,CVE-2023-50447,D7-CVE-2023-50447-pypi-jammy-V2-b2,V2,under_investigation,affected,False,False,False,repaired,0.0,True,5,241,38,1.0,1.0,1.0,0.0,0.0
D7-CVE-2023-50447-pypi-jammy-V2-b2|DCv21|qwen3_4b|tracker|P3|60.0|0.0|0|||0|d7|v3,qwen3_4b,DCv21,tracker,CVE-2023-50447,D7-CVE-2023-50447-pypi-jammy-V2-b2,V2,affected,affected,True,False,False,first_pass,0.0,True,4,249,40,1.0,0.0,0.0,0.6666666666666666,0.0
D7-CVE-2023-50447-pypi-jammy-V2-b2|DCv21|qwen3_4b|withheld|P3|60.0|0.0|0|||0|d7|v3,qwen3_4b,DCv21,withheld,CVE-2023-50447,D7-CVE-2023-50447-pypi-jammy-V2-b2,V2,under_investigation,affected,False,False,False,repaired,0.0,True,5,241,38,1.0,1.0,1.0,0.0,0.0
D7-CVE-2023-50447-pypi-jammy-V2-b2|DC|qwen3_4b|blind|P3|60.0|0.0|0|||0|d7|v3,qwen3_4b,DC,blind,CVE-2023-50447,D7-CVE-2023-50447-pypi-jammy-V2-b2,V2,under_investigation,affected,False,False,False,n/a,0.0,True,4,373,52,1.0,1.0,1.0,0.0,0.0
D7-CVE-2023-50447-pypi-jammy-V2-b2|DC|qwen3_4b|tracker|P3|60.0|0.0|0|||0|d7|v3,qwen3_4b,DC,tracker,CVE-2023-50447,D7-CVE-2023-50447-pypi-jammy-V2-b2,V2,affected,affected,True,False,False,n/a,0.0,True,4,279,42,1.0,1.0,1.0,0.0,0.0
D7-CVE-2023-50447-pypi-jammy-V2-b2|DC|qwen3_4b|withheld|P3|60.0|0.0|0|||0|d7|v3,qwen3_4b,DC,withheld,CVE-2023-50447,D7-CVE-2023-50447-pypi-jammy-V2-b2,V2,under_investigation,affected,False,False,False,n/a,0.0,True,4,373,52,1.0,1.0,1.0,0.0,0.0
D7-CVE-2023-7104-deb-ubuntu-jammy-V4|DCv21|llama31_8b|blind|P3|60.0|0.0|0|||0|d7|v3,llama31_8b,DCv21,blind,CVE-2023-7104,D7-CVE-2023-7104-deb-ubuntu-jammy-V4,V4,under_investigation,fixed,False,False,False,first_pass,0.0,True,6,462,67,1.0,0.0,0.0,0.0,0.0
D7-CVE-2023-7104-deb-ubuntu-jammy-V4|DCv21|llama31_8b|tracker|P3|60.0|0.0|0|||0|d7|v3,llama31_8b,DCv21,tracker,CVE-2023-7104,D7-CVE-2023-7104-deb-ubuntu-jammy-V4,V4,fixed,fixed,True,False,False,first_pass,0.0,True,5,464,72,1.0,0.5,0.5,0.5,0.0
D7-CVE-2023-7104-deb-ubuntu-jammy-V4|DCv21|llama31_8b|withheld|P3|60.0|0.0|0|||0|d7|v3,llama31_8b,DCv21,withheld,CVE-2023-7104,D7-CVE-2023-7104-deb-ubuntu-jammy-V4,V4,under_investigation,fixed,False,False,False,first_pass,0.0,True,5,476,73,1.0,0.0,0.0,0.0,0.0
D7-CVE-2023-7104-deb-ubuntu-jammy-V4|DC|llama31_8b|blind|P3|60.0|0.0|0|||0|d7|v3,llama31_8b,DC,blind,CVE-2023-7104,D7-CVE-2023-7104-deb-ubuntu-jammy-V4,V4,under_investigation,fixed,False,False,False,n/a,0.0,True,3,433,60,1.0,1.0,1.0,0.0,0.0
D7-CVE-2023-7104-deb-ubuntu-jammy-V4|DC|llama31_8b|tracker|P3|60.0|0.0|0|||0|d7|v3,llama31_8b,DC,tracker,CVE-2023-7104,D7-CVE-2023-7104-deb-ubuntu-jammy-V4,V4,fixed,fixed,True,False,False,n/a,0.0,True,5,417,64,1.0,1.0,1.0,0.0,0.0
D7-CVE-2023-7104-deb-ubuntu-jammy-V4|DC|llama31_8b|withheld|P3|60.0|0.0|0|||0|d7|v3,llama31_8b,DC,withheld,CVE-2023-7104,D7-CVE-2023-7104-deb-ubuntu-jammy-V4,V4,under_investigation,fixed,False,False,False,n/a,0.0,True,3,433,60,1.0,1.0,1.0,0.0,0.0
D7-CVE-2023-7104-deb-ubuntu-noble-V1|DCv21|mistral_small_24b|blind|P3|60.0|0.0|0|||0|d7|v3,mistral_small_24b,DCv21,blind,CVE-2023-7104,D7-CVE-2023-7104-deb-ubuntu-noble-V1,V1,not_affected,not_affected,True,False,False,first_pass,0.0,True,2,362,47,1.0,1.0,1.0,0.0,0.0
D7-CVE-2023-7104-deb-ubuntu-noble-V1|DCv21|mistral_small_24b|tracker|P3|60.0|0.0|0|||0|d7|v3,mistral_small_24b,DCv21,tracker,CVE-2023-7104,D7-CVE-2023-7104-deb-ubuntu-noble-V1,V1,not_affected,not_affected,True,False,False,first_pass,0.0,True,3,334,45,1.0,1.0,1.0,0.0,0.0
D7-CVE-2023-7104-deb-ubuntu-noble-V1|DCv21|mistral_small_24b|withheld|P3|60.0|0.0|0|||0|d7|v3,mistral_small_24b,DCv21,withheld,CVE-2023-7104,D7-CVE-2023-7104-deb-ubuntu-noble-V1,V1,not_affected,not_affected,True,False,False,first_pass,0.0,True,2,354,47,1.0,1.0,1.0,0.0,0.0
D7-CVE-2023-7104-deb-ubuntu-noble-V1|DC|mistral_small_24b|blind|P3|60.0|0.0|0|||0|d7|v3,mistral_small_24b,DC,blind,CVE-2023-7104,D7-CVE-2023-7104-deb-ubuntu-noble-V1,V1,not_affected,not_affected,True,False,False,n/a,0.0,True,3,428,53,1.0,1.0,1.0,0.0,0.0
D7-CVE-2023-7104-deb-ubuntu-noble-V1|DC|mistral_small_24b|tracker|P3|60.0|0.0|0|||0|d7|v3,mistral_small_24b,DC,tracker,CVE-2023-7104,D7-CVE-2023-7104-deb-ubuntu-noble-V1,V1,not_affected,not_affected,True,False,False,n/a,0.0,True,3,358,47,1.0,1.0,1.0,0.0,0.0
D7-CVE-2023-7104-deb-ubuntu-noble-V1|DC|mistral_small_24b|withheld|P3|60.0|0.0|0|||0|d7|v3,mistral_small_24b,DC,withheld,CVE-2023-7104,D7-CVE-2023-7104-deb-ubuntu-noble-V1,V1,not_affected,not_affected,True,False,False,n/a,0.0,True,3,322,42,1.0,1.0,1.0,0.0,0.0
D7-CVE-2024-1597-maven-jammy-V2-b2|DCv21|granite41_8b|blind|P3|60.0|0.0|0|||0|d7|v3,granite41_8b,DCv21,blind,CVE-2024-1597,D7-CVE-2024-1597-maven-jammy-V2-b2,V2,under_investigation,affected,False,False,False,first_pass,0.0,True,5,483,60,1.0,0.0,0.0,0.0,0.0
D7-CVE-2024-1597-maven-jammy-V2-b2|DCv21|granite41_8b|tracker|P3|60.0|0.0|0|||0|d7|v3,granite41_8b,DCv21,tracker,CVE-2024-1597,D7-CVE-2024-1597-maven-jammy-V2-b2,V2,affected,affected,True,False,False,repaired,0.0,True,4,528,69,1.0,1.0,1.0,0.0,0.0
D7-CVE-2024-1597-maven-jammy-V2-b2|DCv21|granite41_8b|withheld|P3|60.0|0.0|0|||0|d7|v3,granite41_8b,DCv21,withheld,CVE-2024-1597,D7-CVE-2024-1597-maven-jammy-V2-b2,V2,under_investigation,affected,False,False,False,first_pass,0.0,True,5,483,60,1.0,0.0,0.0,0.0,0.0
D7-CVE-2024-1597-maven-jammy-V2-b2|DC|granite41_8b|blind|P3|60.0|0.0|0|||0|d7|v3,granite41_8b,DC,blind,CVE-2024-1597,D7-CVE-2024-1597-maven-jammy-V2-b2,V2,under_investigation,affected,False,False,False,n/a,0.0,True,3,326,41,1.0,1.0,1.0,0.0,0.0
D7-CVE-2024-1597-maven-jammy-V2-b2|DC|granite41_8b|tracker|P3|60.0|0.0|0|||0|d7|v3,granite41_8b,DC,tracker,CVE-2024-1597,D7-CVE-2024-1597-maven-jammy-V2-b2,V2,affected,affected,True,False,False,n/a,0.0,True,5,330,48,1.0,1.0,1.0,0.0,0.0
D7-CVE-2024-1597-maven-jammy-V2-b2|DC|granite41_8b|withheld|P3|60.0|0.0|0|||0|d7|v3,granite41_8b,DC,withheld,CVE-2024-1597,D7-CVE-2024-1597-maven-jammy-V2-b2,V2,under_investigation,affected,False,False,False,n/a,0.0,True,4,433,60,1.0,1.0,1.0,0.0,0.0
D7-CVE-2024-1597-maven-jammy-V5|DCv21|mistral_small_24b|blind|P3|60.0|0.0|0|||0|d7|v3,mistral_small_24b,DCv21,blind,CVE-2024-1597,D7-CVE-2024-1597-maven-jammy-V5,V5,under_investigation,not_affected,False,False,False,first_pass,0.0,True,4,471,62,1.0,0.0,0.0,0.0,0.0
D7-CVE-2024-1597-maven-jammy-V5|DCv21|mistral_small_24b|tracker|P3|60.0|0.0|0|||0|d7|v3,mistral_small_24b,DCv21,tracker,CVE-2024-1597,D7-CVE-2024-1597-maven-jammy-V5,V5,not_affected,not_affected,True,False,False,first_pass,0.0,True,5,384,52,1.0,0.0,1.0,0.0,0.0
D7-CVE-2024-1597-maven-jammy-V5|DCv21|mistral_small_24b|withheld|P3|60.0|0.0|0|||0|d7|v3,mistral_small_24b,DCv21,withheld,CVE-2024-1597,D7-CVE-2024-1597-maven-jammy-V5,V5,under_investigation,not_affected,False,False,False,first_pass,0.0,True,4,471,62,1.0,0.0,0.0,0.0,0.0
D7-CVE-2024-1597-maven-jammy-V5|DC|mistral_small_24b|blind|P3|60.0|0.0|0|||0|d7|v3,mistral_small_24b,DC,blind,CVE-2024-1597,D7-CVE-2024-1597-maven-jammy-V5,V5,under_investigation,not_affected,False,False,False,n/a,0.0,True,3,338,49,1.0,1.0,1.0,0.0,0.0
D7-CVE-2024-1597-maven-jammy-V5|DC|mistral_small_24b|tracker|P3|60.0|0.0|0|||0|d7|v3,mistral_small_24b,DC,tracker,CVE-2024-1597,D7-CVE-2024-1597-maven-jammy-V5,V5,not_affected,not_affected,True,False,False,n/a,0.0,True,5,346,48,1.0,1.0,1.0,0.0,0.0
D7-CVE-2024-1597-maven-jammy-V5|DC|mistral_small_24b|withheld|P3|60.0|0.0|0|||0|d7|v3,mistral_small_24b,DC,withheld,CVE-2024-1597,D7-CVE-2024-1597-maven-jammy-V5,V5,under_investigation,not_affected,False,False,False,n/a,0.0,True,3,338,49,1.0,1.0,1.0,0.0,0.0
D7-CVE-2024-1597-maven-noble-V3|DCv21|granite41_8b|blind|P3|60.0|0.0|0|||0|d7|v3,granite41_8b,DCv21,blind,CVE-2024-1597,D7-CVE-2024-1597-maven-noble-V3,V3,under_investigation,fixed,False,False,False,first_pass,0.0,True,4,516,70,1.0,0.0,0.0,0.0,0.0
D7-CVE-2024-1597-maven-noble-V3|DCv21|granite41_8b|tracker|P3|60.0|0.0|0|||0|d7|v3,granite41_8b,DCv21,tracker,CVE-2024-1597,D7-CVE-2024-1597-maven-noble-V3,V3,fixed,fixed,True,False,False,first_pass,0.0,True,5,428,55,1.0,1.0,1.0,0.0,0.0
D7-CVE-2024-1597-maven-noble-V3|DCv21|granite41_8b|withheld|P3|60.0|0.0|0|||0|d7|v3,granite41_8b,DCv21,withheld,CVE-2024-1597,D7-CVE-2024-1597-maven-noble-V3,V3,under_investigation,fixed,False,False,False,first_pass,0.0,True,4,516,70,1.0,0.0,0.0,0.0,0.0
D7-CVE-2024-1597-maven-noble-V3|DC|granite41_8b|blind|P3|60.0|0.0|0|||0|d7|v3,granite41_8b,DC,blind,CVE-2024-1597,D7-CVE-2024-1597-maven-noble-V3,V3,under_investigation,fixed,False,False,False,n/a,0.0,True,4,409,54,1.0,1.0,1.0,0.0,0.0
D7-CVE-2024-1597-maven-noble-V3|DC|granite41_8b|tracker|P3|60.0|0.0|0|||0|d7|v3,granite41_8b,DC,tracker,CVE-2024-1597,D7-CVE-2024-1597-maven-noble-V3,V3,fixed,fixed,True,False,False,n/a,0.0,True,5,379,58,1.0,1.0,1.0,0.0,0.0
D7-CVE-2024-1597-maven-noble-V3|DC|granite41_8b|withheld|P3|60.0|0.0|0|||0|d7|v3,granite41_8b,DC,withheld,CVE-2024-1597,D7-CVE-2024-1597-maven-noble-V3,V3,under_investigation,fixed,False,False,False,n/a,0.0,True,4,326,41,1.0,1.0,1.0,0.0,0.0
D7-CVE-2024-22195-pypi-jammy-V1|DCv21|granite41_30b|blind|P3|60.0|0.0|0|||0|d7|v3,granite41_30b,DCv21,blind,CVE-2024-22195,D7-CVE-2024-22195-pypi-jammy-V1,V1,not_affected,not_affected,True,False,False,first_pass,0.0,True,4,323,45,1.0,1.0,1.0,0.0,0.0
D7-CVE-2024-22195-pypi-jammy-V1|DCv21|granite41_30b|tracker|P3|60.0|0.0|0|||0|d7|v3,granite41_30b,DCv21,tracker,CVE-2024-22195,D7-CVE-2024-22195-pypi-jammy-V1,V1,not_affected,not_affected,True,False,False,first_pass,0.0,True,5,394,58,1.0,1.0,1.0,0.0,0.0
D7-CVE-2024-22195-pypi-jammy-V1|DCv21|granite41_30b|withheld|P3|60.0|0.0|0|||0|d7|v3,granite41_30b,DCv21,withheld,CVE-2024-22195,D7-CVE-2024-22195-pypi-jammy-V1,V1,not_affected,not_affected,True,False,False,first_pass,0.0,True,4,343,47,1.0,1.0,1.0,0.0,0.0
D7-CVE-2024-22195-pypi-jammy-V1|DC|granite41_30b|blind|P3|60.0|0.0|0|||0|d7|v3,granite41_30b,DC,blind,CVE-2024-22195,D7-CVE-2024-22195-pypi-jammy-V1,V1,not_affected,not_affected,True,False,False,n/a,0.0,True,4,339,47,1.0,1.0,1.0,0.0,0.0
D7-CVE-2024-22195-pypi-jammy-V1|DC|granite41_30b|tracker|P3|60.0|0.0|0|||0|d7|v3,granite41_30b,DC,tracker,CVE-2024-22195,D7-CVE-2024-22195-pypi-jammy-V1,V1,not_affected,not_affected,True,False,False,n/a,0.0,True,4,388,54,1.0,1.0,1.0,0.0,0.0
D7-CVE-2024-22195-pypi-jammy-V1|DC|granite41_30b|withheld|P3|60.0|0.0|0|||0|d7|v3,granite41_30b,DC,withheld,CVE-2024-22195,D7-CVE-2024-22195-pypi-jammy-V1,V1,not_affected,not_affected,True,False,False,n/a,0.0,True,3,339,47,1.0,1.0,1.0,0.0,0.0
D7-CVE-2024-22195-pypi-jammy-V3|DCv21|qwen3_14b|blind|P3|60.0|0.0|0|||0|d7|v3,qwen3_14b,DCv21,blind,CVE-2024-22195,D7-CVE-2024-22195-pypi-jammy-V3,V3,under_investigation,fixed,False,False,False,repaired,0.0,True,5,414,57,1.0,1.0,1.0,0.0,0.0
D7-CVE-2024-22195-pypi-jammy-V3|DCv21|qwen3_14b|tracker|P3|60.0|0.0|0|||0|d7|v3,qwen3_14b,DCv21,tracker,CVE-2024-22195,D7-CVE-2024-22195-pypi-jammy-V3,V3,fixed,fixed,True,False,False,first_pass,0.0,True,6,361,55,1.0,1.0,1.0,0.0,0.0
D7-CVE-2024-22195-pypi-jammy-V3|DCv21|qwen3_14b|withheld|P3|60.0|0.0|0|||0|d7|v3,qwen3_14b,DCv21,withheld,CVE-2024-22195,D7-CVE-2024-22195-pypi-jammy-V3,V3,under_investigation,fixed,False,False,False,repaired,0.0,True,4,329,48,1.0,1.0,1.0,0.0,0.0
D7-CVE-2024-22195-pypi-jammy-V3|DC|qwen3_14b|blind|P3|60.0|0.0|0|||0|d7|v3,qwen3_14b,DC,blind,CVE-2024-22195,D7-CVE-2024-22195-pypi-jammy-V3,V3,under_investigation,fixed,False,False,False,n/a,0.0,True,4,345,51,1.0,1.0,1.0,0.0,0.0
D7-CVE-2024-22195-pypi-jammy-V3|DC|qwen3_14b|tracker|P3|60.0|0.0|0|||0|d7|v3,qwen3_14b,DC,tracker,CVE-2024-22195,D7-CVE-2024-22195-pypi-jammy-V3,V3,fixed,fixed,True,False,False,n/a,0.0,True,5,394,62,1.0,1.0,1.0,0.0,0.0
D7-CVE-2024-22195-pypi-jammy-V3|DC|qwen3_14b|withheld|P3|60.0|0.0|0|||0|d7|v3,qwen3_14b,DC,withheld,CVE-2024-22195,D7-CVE-2024-22195-pypi-jammy-V3,V3,under_investigation,fixed,False,False,False,n/a,0.0,True,4,345,51,1.0,1.0,1.0,0.0,0.0
D7-CVE-2024-23334-pypi-jammy-V1|DCv21|granite41_30b|blind|P3|60.0|0.0|0|||0|d7|v3,granite41_30b,DCv21,blind,CVE-2024-23334,D7-CVE-2024-23334-pypi-jammy-V1,V1,not_affected,not_affected,True,False,False,first_pass,0.0,True,4,408,62,1.0,0.5,0.5,0.5,0.0
D7-CVE-2024-23334-pypi-jammy-V1|DCv21|granite41_30b|tracker|P3|60.0|0.0|0|||0|d7|v3,granite41_30b,DCv21,tracker,CVE-2024-23334,D7-CVE-2024-23334-pypi-jammy-V1,V1,not_affected,not_affected,True,False,False,first_pass,0.0,True,4,353,53,1.0,1.0,1.0,0.0,0.0
D7-CVE-2024-23334-pypi-jammy-V1|DCv21|granite41_30b|withheld|P3|60.0|0.0|0|||0|d7|v3,granite41_30b,DCv21,withheld,CVE-2024-23334,D7-CVE-2024-23334-pypi-jammy-V1,V1,not_affected,not_affected,True,False,False,first_pass,0.0,True,3,408,62,1.0,0.5,0.5,0.5,0.0
D7-CVE-2024-23334-pypi-jammy-V1|DC|granite41_30b|blind|P3|60.0|0.0|0|||0|d7|v3,granite41_30b,DC,blind,CVE-2024-23334,D7-CVE-2024-23334-pypi-jammy-V1,V1,not_affected,not_affected,True,False,False,n/a,0.0,True,3,339,47,1.0,1.0,1.0,0.0,0.0
D7-CVE-2024-23334-pypi-jammy-V1|DC|granite41_30b|tracker|P3|60.0|0.0|0|||0|d7|v3,granite41_30b,DC,tracker,CVE-2024-23334,D7-CVE-2024-23334-pypi-jammy-V1,V1,not_affected,not_affected,True,False,False,n/a,0.0,True,5,339,46,1.0,1.0,1.0,0.0,0.0
D7-CVE-2024-23334-pypi-jammy-V1|DC|granite41_30b|withheld|P3|60.0|0.0|0|||0|d7|v3,granite41_30b,DC,withheld,CVE-2024-23334,D7-CVE-2024-23334-pypi-jammy-V1,V1,not_affected,not_affected,True,False,False,n/a,0.0,True,3,339,47,1.0,1.0,1.0,0.0,0.0
D7-CVE-2024-23334-pypi-jammy-V6|DCv21|mistral_small_24b|blind|P3|60.0|0.0|0|||0|d7|v3,mistral_small_24b,DCv21,blind,CVE-2024-23334,D7-CVE-2024-23334-pypi-jammy-V6,V6,not_affected,not_affected,True,False,False,first_pass,0.0,True,2,453,63,1.0,1.0,1.0,0.0,0.0
D7-CVE-2024-23334-pypi-jammy-V6|DCv21|mistral_small_24b|tracker|P3|60.0|0.0|0|||0|d7|v3,mistral_small_24b,DCv21,tracker,CVE-2024-23334,D7-CVE-2024-23334-pypi-jammy-V6,V6,not_affected,not_affected,True,False,False,first_pass,0.0,True,3,373,52,1.0,1.0,1.0,0.0,0.0
D7-CVE-2024-23334-pypi-jammy-V6|DCv21|mistral_small_24b|withheld|P3|60.0|0.0|0|||0|d7|v3,mistral_small_24b,DCv21,withheld,CVE-2024-23334,D7-CVE-2024-23334-pypi-jammy-V6,V6,not_affected,not_affected,True,False,False,first_pass,0.0,True,2,426,60,1.0,0.6666666666666666,1.0,0.0,0.0
D7-CVE-2024-23334-pypi-jammy-V6|DC|mistral_small_24b|blind|P3|60.0|0.0|0|||0|d7|v3,mistral_small_24b,DC,blind,CVE-2024-23334,D7-CVE-2024-23334-pypi-jammy-V6,V6,not_affected,not_affected,True,False,False,n/a,0.0,True,3,480,59,1.0,1.0,1.0,0.0,0.0
D7-CVE-2024-23334-pypi-jammy-V6|DC|mistral_small_24b|tracker|P3|60.0|0.0|0|||0|d7|v3,mistral_small_24b,DC,tracker,CVE-2024-23334,D7-CVE-2024-23334-pypi-jammy-V6,V6,not_affected,not_affected,True,False,False,n/a,0.0,True,2,419,57,1.0,1.0,1.0,0.0,0.0
D7-CVE-2024-23334-pypi-jammy-V6|DC|mistral_small_24b|withheld|P3|60.0|0.0|0|||0|d7|v3,mistral_small_24b,DC,withheld,CVE-2024-23334,D7-CVE-2024-23334-pypi-jammy-V6,V6,not_affected,not_affected,True,False,False,n/a,0.0,True,3,480,59,1.0,1.0,1.0,0.0,0.0
D7-CVE-2024-23334-pypi-noble-V2|DCv21|qwen3_4b|blind|P3|60.0|0.0|0|||0|d7|v3,qwen3_4b,DCv21,blind,CVE-2024-23334,D7-CVE-2024-23334-pypi-noble-V2,V2,under_investigation,affected,False,False,False,first_pass,0.0,True,4,299,42,1.0,0.0,0.0,0.0,0.0
D7-CVE-2024-23334-pypi-noble-V2|DCv21|qwen3_4b|tracker|P3|60.0|0.0|0|||0|d7|v3,qwen3_4b,DCv21,tracker,CVE-2024-23334,D7-CVE-2024-23334-pypi-noble-V2,V2,affected,affected,True,False,False,first_pass,0.0,True,5,320,46,1.0,1.0,1.0,0.0,0.0
D7-CVE-2024-23334-pypi-noble-V2|DCv21|qwen3_4b|withheld|P3|60.0|0.0|0|||0|d7|v3,qwen3_4b,DCv21,withheld,CVE-2024-23334,D7-CVE-2024-23334-pypi-noble-V2,V2,under_investigation,affected,False,False,False,repaired,0.0,True,2,196,30,1.0,1.0,1.0,0.0,0.0
D7-CVE-2024-23334-pypi-noble-V2|DC|qwen3_4b|blind|P3|60.0|0.0|0|||0|d7|v3,qwen3_4b,DC,blind,CVE-2024-23334,D7-CVE-2024-23334-pypi-noble-V2,V2,under_investigation,affected,False,False,False,n/a,0.0,True,4,282,42,1.0,1.0,1.0,0.0,0.0
D7-CVE-2024-23334-pypi-noble-V2|DC|qwen3_4b|tracker|P3|60.0|0.0|0|||0|d7|v3,qwen3_4b,DC,tracker,CVE-2024-23334,D7-CVE-2024-23334-pypi-noble-V2,V2,affected,affected,True,False,False,n/a,0.0,True,4,304,48,1.0,1.0,1.0,0.0,0.0
D7-CVE-2024-23334-pypi-noble-V2|DC|qwen3_4b|withheld|P3|60.0|0.0|0|||0|d7|v3,qwen3_4b,DC,withheld,CVE-2024-23334,D7-CVE-2024-23334-pypi-noble-V2,V2,under_investigation,affected,False,False,False,n/a,0.0,True,4,282,42,1.0,1.0,1.0,0.0,0.0
D7-CVE-2024-23334-pypi-noble-V3|DCv21|qwen3_4b|blind|P3|60.0|0.0|0|||0|d7|v3,qwen3_4b,DCv21,blind,CVE-2024-23334,D7-CVE-2024-23334-pypi-noble-V3,V3,under_investigation,fixed,False,False,False,first_pass,0.0,True,5,218,29,1.0,0.0,0.0,0.0,0.0
D7-CVE-2024-23334-pypi-noble-V3|DCv21|qwen3_4b|tracker|P3|60.0|0.0|0|||0|d7|v3,qwen3_4b,DCv21,tracker,CVE-2024-23334,D7-CVE-2024-23334-pypi-noble-V3,V3,fixed,fixed,True,False,False,first_pass,0.0,True,5,423,52,1.0,1.0,1.0,0.0,0.0
D7-CVE-2024-23334-pypi-noble-V3|DCv21|qwen3_4b|withheld|P3|60.0|0.0|0|||0|d7|v3,qwen3_4b,DCv21,withheld,CVE-2024-23334,D7-CVE-2024-23334-pypi-noble-V3,V3,under_investigation,fixed,False,False,False,first_pass,0.0,True,5,241,33,1.0,0.0,0.0,0.0,0.0
D7-CVE-2024-23334-pypi-noble-V3|DC|qwen3_4b|blind|P3|60.0|0.0|0|||0|d7|v3,qwen3_4b,DC,blind,CVE-2024-23334,D7-CVE-2024-23334-pypi-noble-V3,V3,under_investigation,fixed,False,False,False,n/a,0.0,True,4,285,43,1.0,1.0,1.0,0.0,0.0
D7-CVE-2024-23334-pypi-noble-V3|DC|qwen3_4b|tracker|P3|60.0|0.0|0|||0|d7|v3,qwen3_4b,DC,tracker,CVE-2024-23334,D7-CVE-2024-23334-pypi-noble-V3,V3,fixed,fixed,True,False,False,n/a,0.0,True,3,267,43,1.0,1.0,1.0,0.0,0.0
D7-CVE-2024-23334-pypi-noble-V3|DC|qwen3_4b|withheld|P3|60.0|0.0|0|||0|d7|v3,qwen3_4b,DC,withheld,CVE-2024-23334,D7-CVE-2024-23334-pypi-noble-V3,V3,under_investigation,fixed,False,False,False,n/a,0.0,True,4,285,43,1.0,1.0,1.0,0.0,0.0
D7-CVE-2024-37383-vendor-jammy-V1|DCv21|qwen3_4b|blind|P3|60.0|0.0|0|||0|d7|v3,qwen3_4b,DCv21,blind,CVE-2024-37383,D7-CVE-2024-37383-vendor-jammy-V1,V1,not_affected,not_affected,True,False,False,first_pass,0.0,True,2,248,39,1.0,1.0,1.0,0.0,0.0
D7-CVE-2024-37383-vendor-jammy-V1|DCv21|qwen3_4b|tracker|P3|60.0|0.0|0|||0|d7|v3,qwen3_4b,DCv21,tracker,CVE-2024-37383,D7-CVE-2024-37383-vendor-jammy-V1,V1,not_affected,not_affected,True,False,False,first_pass,0.0,True,4,232,37,1.0,1.0,1.0,0.0,0.0
D7-CVE-2024-37383-vendor-jammy-V1|DCv21|qwen3_4b|withheld|P3|60.0|0.0|0|||0|d7|v3,qwen3_4b,DCv21,withheld,CVE-2024-37383,D7-CVE-2024-37383-vendor-jammy-V1,V1,not_affected,not_affected,True,False,False,first_pass,0.0,True,2,248,39,1.0,1.0,1.0,0.0,0.0
D7-CVE-2024-37383-vendor-jammy-V1|DC|qwen3_4b|blind|P3|60.0|0.0|0|||0|d7|v3,qwen3_4b,DC,blind,CVE-2024-37383,D7-CVE-2024-37383-vendor-jammy-V1,V1,not_affected,not_affected,True,False,False,n/a,0.0,True,3,234,33,1.0,1.0,1.0,0.0,0.0
D7-CVE-2024-37383-vendor-jammy-V1|DC|qwen3_4b|tracker|P3|60.0|0.0|0|||0|d7|v3,qwen3_4b,DC,tracker,CVE-2024-37383,D7-CVE-2024-37383-vendor-jammy-V1,V1,not_affected,not_affected,True,False,False,n/a,0.0,True,3,234,33,1.0,1.0,1.0,0.0,0.0
D7-CVE-2024-37383-vendor-jammy-V1|DC|qwen3_4b|withheld|P3|60.0|0.0|0|||0|d7|v3,qwen3_4b,DC,withheld,CVE-2024-37383,D7-CVE-2024-37383-vendor-jammy-V1,V1,not_affected,not_affected,True,False,False,n/a,0.0,True,3,234,33,1.0,1.0,1.0,0.0,0.0
D7-CVE-2024-37383-vendor-jammy-V3|DCv21|llama31_8b|blind|P3|60.0|0.0|0|||0|d7|v3,llama31_8b,DCv21,blind,CVE-2024-37383,D7-CVE-2024-37383-vendor-jammy-V3,V3,under_investigation,fixed,False,False,False,first_pass,0.0,True,4,634,87,1.0,0.0,0.0,0.0,0.0
D7-CVE-2024-37383-vendor-jammy-V3|DCv21|llama31_8b|tracker|P3|60.0|0.0|0|||0|d7|v3,llama31_8b,DCv21,tracker,CVE-2024-37383,D7-CVE-2024-37383-vendor-jammy-V3,V3,under_investigation,fixed,False,False,False,first_pass,0.0,True,8,510,78,1.0,0.5,0.5,0.5,0.0
D7-CVE-2024-37383-vendor-jammy-V3|DCv21|llama31_8b|withheld|P3|60.0|0.0|0|||0|d7|v3,llama31_8b,DCv21,withheld,CVE-2024-37383,D7-CVE-2024-37383-vendor-jammy-V3,V3,under_investigation,fixed,False,False,False,repaired,0.0,True,5,581,74,1.0,0.5,0.5,0.0,0.0
D7-CVE-2024-37383-vendor-jammy-V3|DC|llama31_8b|blind|P3|60.0|0.0|0|||0|d7|v3,llama31_8b,DC,blind,CVE-2024-37383,D7-CVE-2024-37383-vendor-jammy-V3,V3,under_investigation,fixed,False,False,False,n/a,0.0,True,3,483,71,1.0,1.0,1.0,0.0,0.0
D7-CVE-2024-37383-vendor-jammy-V3|DC|llama31_8b|tracker|P3|60.0|0.0|0|||0|d7|v3,llama31_8b,DC,tracker,CVE-2024-37383,D7-CVE-2024-37383-vendor-jammy-V3,V3,fixed,fixed,True,False,False,n/a,0.0,True,6,477,68,1.0,1.0,1.0,0.0,0.0
D7-CVE-2024-37383-vendor-jammy-V3|DC|llama31_8b|withheld|P3|60.0|0.0|0|||0|d7|v3,llama31_8b,DC,withheld,CVE-2024-37383,D7-CVE-2024-37383-vendor-jammy-V3,V3,under_investigation,fixed,False,False,False,n/a,0.0,True,3,480,71,1.0,1.0,1.0,0.0,0.0
D7-CVE-2024-38475-deb-ubuntu-jammy-V2|DCv21|granite41_8b|blind|P3|60.0|0.0|0|||0|d7|v3,granite41_8b,DCv21,blind,CVE-2024-38475,D7-CVE-2024-38475-deb-ubuntu-jammy-V2,V2,under_investigation,affected,False,False,False,first_pass,0.0,True,7,560,74,1.0,0.0,0.0,0.0,0.0
D7-CVE-2024-38475-deb-ubuntu-jammy-V2|DCv21|granite41_8b|tracker|P3|60.0|0.0|0|||0|d7|v3,granite41_8b,DCv21,tracker,CVE-2024-38475,D7-CVE-2024-38475-deb-ubuntu-jammy-V2,V2,affected,affected,True,False,False,first_pass,0.0,True,4,397,54,1.0,1.0,1.0,0.0,0.0
D7-CVE-2024-38475-deb-ubuntu-jammy-V2|DCv21|granite41_8b|withheld|P3|60.0|0.0|0|||0|d7|v3,granite41_8b,DCv21,withheld,CVE-2024-38475,D7-CVE-2024-38475-deb-ubuntu-jammy-V2,V2,under_investigation,affected,False,False,False,first_pass,0.0,True,6,560,74,1.0,0.0,0.0,0.0,0.0
D7-CVE-2024-38475-deb-ubuntu-jammy-V2|DC|granite41_8b|blind|P3|60.0|0.0|0|||0|d7|v3,granite41_8b,DC,blind,CVE-2024-38475,D7-CVE-2024-38475-deb-ubuntu-jammy-V2,V2,under_investigation,affected,False,False,False,n/a,0.0,True,4,440,60,1.0,1.0,1.0,0.0,0.0
D7-CVE-2024-38475-deb-ubuntu-jammy-V2|DC|granite41_8b|tracker|P3|60.0|0.0|0|||0|d7|v3,granite41_8b,DC,tracker,CVE-2024-38475,D7-CVE-2024-38475-deb-ubuntu-jammy-V2,V2,affected,affected,True,False,False,n/a,0.0,True,5,403,64,1.0,1.0,1.0,0.0,0.0
D7-CVE-2024-38475-deb-ubuntu-jammy-V2|DC|granite41_8b|withheld|P3|60.0|0.0|0|||0|d7|v3,granite41_8b,DC,withheld,CVE-2024-38475,D7-CVE-2024-38475-deb-ubuntu-jammy-V2,V2,under_investigation,affected,False,False,False,n/a,0.0,True,4,440,60,1.0,1.0,1.0,0.0,0.0
D7-CVE-2024-38475-deb-ubuntu-jammy-V6|DCv21|qwen3_14b|blind|P3|60.0|0.0|0|||0|d7|v3,qwen3_14b,DCv21,blind,CVE-2024-38475,D7-CVE-2024-38475-deb-ubuntu-jammy-V6,V6,not_affected,not_affected,True,False,False,first_pass,0.0,True,3,291,37,1.0,1.0,1.0,0.0,0.0
D7-CVE-2024-38475-deb-ubuntu-jammy-V6|DCv21|qwen3_14b|tracker|P3|60.0|0.0|0|||0|d7|v3,qwen3_14b,DCv21,tracker,CVE-2024-38475,D7-CVE-2024-38475-deb-ubuntu-jammy-V6,V6,not_affected,not_affected,True,False,False,first_pass,0.0,True,3,339,51,1.0,1.0,1.0,0.0,0.0
D7-CVE-2024-38475-deb-ubuntu-jammy-V6|DCv21|qwen3_14b|withheld|P3|60.0|0.0|0|||0|d7|v3,qwen3_14b,DCv21,withheld,CVE-2024-38475,D7-CVE-2024-38475-deb-ubuntu-jammy-V6,V6,not_affected,not_affected,True,False,False,first_pass,0.0,True,4,308,42,1.0,1.0,1.0,0.0,0.0
D7-CVE-2024-38475-deb-ubuntu-jammy-V6|DC|qwen3_14b|blind|P3|60.0|0.0|0|||0|d7|v3,qwen3_14b,DC,blind,CVE-2024-38475,D7-CVE-2024-38475-deb-ubuntu-jammy-V6,V6,not_affected,not_affected,True,False,False,n/a,0.0,True,2,339,51,1.0,1.0,1.0,0.0,0.0
D7-CVE-2024-38475-deb-ubuntu-jammy-V6|DC|qwen3_14b|tracker|P3|60.0|0.0|0|||0|d7|v3,qwen3_14b,DC,tracker,CVE-2024-38475,D7-CVE-2024-38475-deb-ubuntu-jammy-V6,V6,not_affected,not_affected,True,False,False,n/a,0.0,True,4,402,58,1.0,1.0,1.0,0.0,0.0
D7-CVE-2024-38475-deb-ubuntu-jammy-V6|DC|qwen3_14b|withheld|P3|60.0|0.0|0|||0|d7|v3,qwen3_14b,DC,withheld,CVE-2024-38475,D7-CVE-2024-38475-deb-ubuntu-jammy-V6,V6,not_affected,not_affected,True,False,False,n/a,0.0,True,2,339,51,1.0,1.0,1.0,0.0,0.0
D7-CVE-2024-38475-deb-ubuntu-noble-V2|DCv21|llama31_8b|blind|P3|60.0|0.0|0|||0|d7|v3,llama31_8b,DCv21,blind,CVE-2024-38475,D7-CVE-2024-38475-deb-ubuntu-noble-V2,V2,under_investigation,affected,False,False,False,first_pass,0.0,True,4,516,66,1.0,1.0,1.0,0.0,0.0
D7-CVE-2024-38475-deb-ubuntu-noble-V2|DCv21|llama31_8b|tracker|P3|60.0|0.0|0|||0|d7|v3,llama31_8b,DCv21,tracker,CVE-2024-38475,D7-CVE-2024-38475-deb-ubuntu-noble-V2,V2,affected,affected,True,False,False,first_pass,0.0,True,4,294,42,1.0,1.0,1.0,0.0,0.0
D7-CVE-2024-38475-deb-ubuntu-noble-V2|DCv21|llama31_8b|withheld|P3|60.0|0.0|0|||0|d7|v3,llama31_8b,DCv21,withheld,CVE-2024-38475,D7-CVE-2024-38475-deb-ubuntu-noble-V2,V2,under_investigation,affected,False,False,False,first_pass,0.0,True,3,523,74,1.0,1.0,1.0,0.0,0.0
D7-CVE-2024-38475-deb-ubuntu-noble-V2|DC|llama31_8b|blind|P3|60.0|0.0|0|||0|d7|v3,llama31_8b,DC,blind,CVE-2024-38475,D7-CVE-2024-38475-deb-ubuntu-noble-V2,V2,under_investigation,affected,False,False,False,n/a,0.0,True,3,494,73,1.0,1.0,1.0,0.0,0.0
D7-CVE-2024-38475-deb-ubuntu-noble-V2|DC|llama31_8b|tracker|P3|60.0|0.0|0|||0|d7|v3,llama31_8b,DC,tracker,CVE-2024-38475,D7-CVE-2024-38475-deb-ubuntu-noble-V2,V2,affected,affected,True,False,False,n/a,0.0,True,4,372,54,1.0,0.0,0.0,0.5,0.0
D7-CVE-2024-38475-deb-ubuntu-noble-V2|DC|llama31_8b|withheld|P3|60.0|0.0|0|||0|d7|v3,llama31_8b,DC,withheld,CVE-2024-38475,D7-CVE-2024-38475-deb-ubuntu-noble-V2,V2,under_investigation,affected,False,False,False,n/a,0.0,True,3,494,73,1.0,1.0,1.0,0.0,0.0
D7-CVE-2024-45231-pypi-jammy-V1|DCv21|gemma4_31b|blind|P3|60.0|0.0|0|||0|d7|v3,gemma4_31b,DCv21,blind,CVE-2024-45231,D7-CVE-2024-45231-pypi-jammy-V1,V1,not_affected,not_affected,True,False,False,first_pass,0.0,True,3,169,22,1.0,1.0,1.0,0.0,0.0
D7-CVE-2024-45231-pypi-jammy-V1|DCv21|gemma4_31b|tracker|P3|60.0|0.0|0|||0|d7|v3,gemma4_31b,DCv21,tracker,CVE-2024-45231,D7-CVE-2024-45231-pypi-jammy-V1,V1,not_affected,not_affected,True,False,False,first_pass,0.0,True,3,228,34,1.0,1.0,1.0,0.0,0.0
D7-CVE-2024-45231-pypi-jammy-V1|DCv21|gemma4_31b|withheld|P3|60.0|0.0|0|||0|d7|v3,gemma4_31b,DCv21,withheld,CVE-2024-45231,D7-CVE-2024-45231-pypi-jammy-V1,V1,not_affected,not_affected,True,False,False,first_pass,0.0,True,3,197,29,1.0,1.0,1.0,0.0,0.0
D7-CVE-2024-45231-pypi-jammy-V1|DC|gemma4_31b|blind|P3|60.0|0.0|0|||0|d7|v3,gemma4_31b,DC,blind,CVE-2024-45231,D7-CVE-2024-45231-pypi-jammy-V1,V1,not_affected,not_affected,True,False,False,n/a,0.0,True,2,224,29,1.0,1.0,1.0,0.0,0.0
D7-CVE-2024-45231-pypi-jammy-V1|DC|gemma4_31b|tracker|P3|60.0|0.0|0|||0|d7|v3,gemma4_31b,DC,tracker,CVE-2024-45231,D7-CVE-2024-45231-pypi-jammy-V1,V1,not_affected,not_affected,True,False,False,n/a,0.0,True,2,224,29,1.0,1.0,1.0,0.0,0.0
D7-CVE-2024-45231-pypi-jammy-V1|DC|gemma4_31b|withheld|P3|60.0|0.0|0|||0|d7|v3,gemma4_31b,DC,withheld,CVE-2024-45231,D7-CVE-2024-45231-pypi-jammy-V1,V1,not_affected,not_affected,True,False,False,n/a,0.0,True,2,224,29,1.0,1.0,1.0,0.0,0.0
D7-CVE-2024-45231-pypi-jammy-V4|DCv21|mistral_small_24b|blind|P3|60.0|0.0|0|||0|d7|v3,mistral_small_24b,DCv21,blind,CVE-2024-45231,D7-CVE-2024-45231-pypi-jammy-V4,V4,under_investigation,fixed,False,False,False,repaired,0.0,True,4,401,56,1.0,1.0,1.0,0.0,0.0
D7-CVE-2024-45231-pypi-jammy-V4|DCv21|mistral_small_24b|tracker|P3|60.0|0.0|0|||0|d7|v3,mistral_small_24b,DCv21,tracker,CVE-2024-45231,D7-CVE-2024-45231-pypi-jammy-V4,V4,fixed,fixed,True,False,False,first_pass,0.0,True,4,416,63,1.0,1.0,1.0,0.0,0.0
D7-CVE-2024-45231-pypi-jammy-V4|DCv21|mistral_small_24b|withheld|P3|60.0|0.0|0|||0|d7|v3,mistral_small_24b,DCv21,withheld,CVE-2024-45231,D7-CVE-2024-45231-pypi-jammy-V4,V4,under_investigation,fixed,False,False,False,repaired,0.0,True,4,401,56,1.0,1.0,1.0,0.0,0.0
D7-CVE-2024-45231-pypi-jammy-V4|DC|mistral_small_24b|blind|P3|60.0|0.0|0|||0|d7|v3,mistral_small_24b,DC,blind,CVE-2024-45231,D7-CVE-2024-45231-pypi-jammy-V4,V4,under_investigation,fixed,False,False,False,n/a,0.0,True,5,384,55,1.0,1.0,1.0,0.0,0.0
D7-CVE-2024-45231-pypi-jammy-V4|DC|mistral_small_24b|tracker|P3|60.0|0.0|0|||0|d7|v3,mistral_small_24b,DC,tracker,CVE-2024-45231,D7-CVE-2024-45231-pypi-jammy-V4,V4,fixed,fixed,True,False,False,n/a,0.0,True,4,348,50,1.0,1.0,1.0,0.0,0.0
D7-CVE-2024-45231-pypi-jammy-V4|DC|mistral_small_24b|withheld|P3|60.0|0.0|0|||0|d7|v3,mistral_small_24b,DC,withheld,CVE-2024-45231,D7-CVE-2024-45231-pypi-jammy-V4,V4,under_investigation,fixed,False,False,False,n/a,0.0,True,5,378,54,1.0,1.0,1.0,0.0,0.0
D7-CVE-2024-45231-pypi-noble-V6|DCv21|granite41_30b|blind|P3|60.0|0.0|0|||0|d7|v3,granite41_30b,DCv21,blind,CVE-2024-45231,D7-CVE-2024-45231-pypi-noble-V6,V6,not_affected,not_affected,True,False,False,first_pass,0.0,True,3,398,53,1.0,1.0,1.0,0.0,0.0
D7-CVE-2024-45231-pypi-noble-V6|DCv21|granite41_30b|tracker|P3|60.0|0.0|0|||0|d7|v3,granite41_30b,DCv21,tracker,CVE-2024-45231,D7-CVE-2024-45231-pypi-noble-V6,V6,not_affected,not_affected,True,False,False,first_pass,0.0,True,6,494,78,1.0,1.0,1.0,0.0,0.0
D7-CVE-2024-45231-pypi-noble-V6|DCv21|granite41_30b|withheld|P3|60.0|0.0|0|||0|d7|v3,granite41_30b,DCv21,withheld,CVE-2024-45231,D7-CVE-2024-45231-pypi-noble-V6,V6,not_affected,not_affected,True,False,False,first_pass,0.0,True,3,398,53,1.0,1.0,1.0,0.0,0.0
D7-CVE-2024-45231-pypi-noble-V6|DC|granite41_30b|blind|P3|60.0|0.0|0|||0|d7|v3,granite41_30b,DC,blind,CVE-2024-45231,D7-CVE-2024-45231-pypi-noble-V6,V6,not_affected,not_affected,True,False,False,n/a,0.0,True,3,320,46,1.0,1.0,1.0,0.0,0.0
D7-CVE-2024-45231-pypi-noble-V6|DC|granite41_30b|tracker|P3|60.0|0.0|0|||0|d7|v3,granite41_30b,DC,tracker,CVE-2024-45231,D7-CVE-2024-45231-pypi-noble-V6,V6,not_affected,not_affected,True,False,False,n/a,0.0,True,4,416,58,1.0,1.0,1.0,0.0,0.0
D7-CVE-2024-45231-pypi-noble-V6|DC|granite41_30b|withheld|P3|60.0|0.0|0|||0|d7|v3,granite41_30b,DC,withheld,CVE-2024-45231,D7-CVE-2024-45231-pypi-noble-V6,V6,not_affected,not_affected,True,False,False,n/a,0.0,True,3,320,46,1.0,1.0,1.0,0.0,0.0
D7-CVE-2024-52804-pypi-jammy-V2|DCv21|granite41_30b|blind|P3|60.0|0.0|0|||0|d7|v3,granite41_30b,DCv21,blind,CVE-2024-52804,D7-CVE-2024-52804-pypi-jammy-V2,V2,under_investigation,affected,False,False,False,first_pass,0.0,True,6,511,71,1.0,0.0,0.0,0.0,0.0
D7-CVE-2024-52804-pypi-jammy-V2|DCv21|granite41_30b|tracker|P3|60.0|0.0|0|||0|d7|v3,granite41_30b,DCv21,tracker,CVE-2024-52804,D7-CVE-2024-52804-pypi-jammy-V2,V2,affected,affected,True,False,False,repaired,0.0,True,6,429,69,1.0,1.0,1.0,0.0,0.0
D7-CVE-2024-52804-pypi-jammy-V2|DCv21|granite41_30b|withheld|P3|60.0|0.0|0|||0|d7|v3,granite41_30b,DCv21,withheld,CVE-2024-52804,D7-CVE-2024-52804-pypi-jammy-V2,V2,under_investigation,affected,False,False,False,first_pass,0.0,True,6,511,71,1.0,0.0,0.0,0.0,0.0
D7-CVE-2024-52804-pypi-jammy-V2|DC|granite41_30b|blind|P3|60.0|0.0|0|||0|d7|v3,granite41_30b,DC,blind,CVE-2024-52804,D7-CVE-2024-52804-pypi-jammy-V2,V2,under_investigation,affected,False,False,False,n/a,0.0,True,2,324,50,1.0,1.0,1.0,0.0,0.0
D7-CVE-2024-52804-pypi-jammy-V2|DC|granite41_30b|tracker|P3|60.0|0.0|0|||0|d7|v3,granite41_30b,DC,tracker,CVE-2024-52804,D7-CVE-2024-52804-pypi-jammy-V2,V2,affected,affected,True,False,False,n/a,0.0,True,5,326,50,1.0,1.0,1.0,0.0,0.0
D7-CVE-2024-52804-pypi-jammy-V2|DC|granite41_30b|withheld|P3|60.0|0.0|0|||0|d7|v3,granite41_30b,DC,withheld,CVE-2024-52804,D7-CVE-2024-52804-pypi-jammy-V2,V2,under_investigation,affected,False,False,False,n/a,0.0,True,2,324,50,1.0,1.0,1.0,0.0,0.0
D7-CVE-2024-56171-deb-ubuntu-jammy-V2|DCv21|qwen3_4b|blind|P3|60.0|0.0|0|||0|d7|v3,qwen3_4b,DCv21,blind,CVE-2024-56171,D7-CVE-2024-56171-deb-ubuntu-jammy-V2,V2,under_investigation,affected,False,False,False,fallback,1.0,True,4,185,13,1.0,1.0,1.0,0.0,0.0
D7-CVE-2024-56171-deb-ubuntu-jammy-V2|DCv21|qwen3_4b|tracker|P3|60.0|0.0|0|||0|d7|v3,qwen3_4b,DCv21,tracker,CVE-2024-56171,D7-CVE-2024-56171-deb-ubuntu-jammy-V2,V2,affected,affected,True,False,False,first_pass,0.0,True,4,358,50,1.0,1.0,1.0,0.0,0.0
D7-CVE-2024-56171-deb-ubuntu-jammy-V2|DCv21|qwen3_4b|withheld|P3|60.0|0.0|0|||0|d7|v3,qwen3_4b,DCv21,withheld,CVE-2024-56171,D7-CVE-2024-56171-deb-ubuntu-jammy-V2,V2,under_investigation,affected,False,False,False,repaired,0.0,True,4,341,43,1.0,1.0,1.0,0.0,0.0
D7-CVE-2024-56171-deb-ubuntu-jammy-V2|DC|qwen3_4b|blind|P3|60.0|0.0|0|||0|d7|v3,qwen3_4b,DC,blind,CVE-2024-56171,D7-CVE-2024-56171-deb-ubuntu-jammy-V2,V2,under_investigation,affected,False,False,False,n/a,0.0,True,4,262,40,1.0,1.0,1.0,0.0,0.0
D7-CVE-2024-56171-deb-ubuntu-jammy-V2|DC|qwen3_4b|tracker|P3|60.0|0.0|0|||0|d7|v3,qwen3_4b,DC,tracker,CVE-2024-56171,D7-CVE-2024-56171-deb-ubuntu-jammy-V2,V2,affected,affected,True,False,False,n/a,0.0,True,3,239,38,1.0,1.0,1.0,0.0,0.0
D7-CVE-2024-56171-deb-ubuntu-jammy-V2|DC|qwen3_4b|withheld|P3|60.0|0.0|0|||0|d7|v3,qwen3_4b,DC,withheld,CVE-2024-56171,D7-CVE-2024-56171-deb-ubuntu-jammy-V2,V2,under_investigation,affected,False,False,False,n/a,0.0,True,5,314,44,1.0,1.0,1.0,0.0,0.0
D7-CVE-2024-56171-deb-ubuntu-noble-V4|DCv21|llama31_8b|blind|P3|60.0|0.0|0|||0|d7|v3,llama31_8b,DCv21,blind,CVE-2024-56171,D7-CVE-2024-56171-deb-ubuntu-noble-V4,V4,under_investigation,fixed,False,False,False,first_pass,0.0,True,7,498,71,1.0,1.0,1.0,0.0,0.0
D7-CVE-2024-56171-deb-ubuntu-noble-V4|DCv21|llama31_8b|tracker|P3|60.0|0.0|0|||0|d7|v3,llama31_8b,DCv21,tracker,CVE-2024-56171,D7-CVE-2024-56171-deb-ubuntu-noble-V4,V4,fixed,fixed,True,False,False,first_pass,0.0,True,4,462,66,1.0,1.0,1.0,0.0,0.0
D7-CVE-2024-56171-deb-ubuntu-noble-V4|DCv21|llama31_8b|withheld|P3|60.0|0.0|0|||0|d7|v3,llama31_8b,DCv21,withheld,CVE-2024-56171,D7-CVE-2024-56171-deb-ubuntu-noble-V4,V4,under_investigation,fixed,False,False,False,first_pass,0.0,True,7,498,71,1.0,1.0,1.0,0.0,0.0
D7-CVE-2024-56171-deb-ubuntu-noble-V4|DC|llama31_8b|blind|P3|60.0|0.0|0|||0|d7|v3,llama31_8b,DC,blind,CVE-2024-56171,D7-CVE-2024-56171-deb-ubuntu-noble-V4,V4,under_investigation,fixed,False,False,False,n/a,0.0,True,3,486,69,1.0,1.0,1.0,0.0,0.0
D7-CVE-2024-56171-deb-ubuntu-noble-V4|DC|llama31_8b|tracker|P3|60.0|0.0|0|||0|d7|v3,llama31_8b,DC,tracker,CVE-2024-56171,D7-CVE-2024-56171-deb-ubuntu-noble-V4,V4,fixed,fixed,True,False,False,n/a,0.0,True,5,416,63,1.0,1.0,1.0,0.0,0.0
D7-CVE-2024-56171-deb-ubuntu-noble-V4|DC|llama31_8b|withheld|P3|60.0|0.0|0|||0|d7|v3,llama31_8b,DC,withheld,CVE-2024-56171,D7-CVE-2024-56171-deb-ubuntu-noble-V4,V4,under_investigation,fixed,False,False,False,n/a,0.0,True,3,415,62,1.0,1.0,1.0,0.0,0.0
D7-CVE-2024-7347-deb-ubuntu-jammy-V3|DCv21|mistral_small_24b|blind|P3|60.0|0.0|0|||0|d7|v3,mistral_small_24b,DCv21,blind,CVE-2024-7347,D7-CVE-2024-7347-deb-ubuntu-jammy-V3,V3,under_investigation,fixed,False,False,False,repaired,0.0,True,4,414,51,1.0,1.0,1.0,0.0,0.0
D7-CVE-2024-7347-deb-ubuntu-jammy-V3|DCv21|mistral_small_24b|tracker|P3|60.0|0.0|0|||0|d7|v3,mistral_small_24b,DCv21,tracker,CVE-2024-7347,D7-CVE-2024-7347-deb-ubuntu-jammy-V3,V3,fixed,fixed,True,False,False,first_pass,0.0,True,5,388,49,1.0,0.0,0.0,0.0,0.0
D7-CVE-2024-7347-deb-ubuntu-jammy-V3|DCv21|mistral_small_24b|withheld|P3|60.0|0.0|0|||0|d7|v3,mistral_small_24b,DCv21,withheld,CVE-2024-7347,D7-CVE-2024-7347-deb-ubuntu-jammy-V3,V3,under_investigation,fixed,False,False,False,repaired,0.0,True,4,414,51,1.0,1.0,1.0,0.0,0.0
D7-CVE-2024-7347-deb-ubuntu-jammy-V3|DC|mistral_small_24b|blind|P3|60.0|0.0|0|||0|d7|v3,mistral_small_24b,DC,blind,CVE-2024-7347,D7-CVE-2024-7347-deb-ubuntu-jammy-V3,V3,under_investigation,fixed,False,False,False,n/a,0.0,True,4,392,60,1.0,0.6666666666666666,0.6666666666666666,0.3333333333333333,0.0
D7-CVE-2024-7347-deb-ubuntu-jammy-V3|DC|mistral_small_24b|tracker|P3|60.0|0.0|0|||0|d7|v3,mistral_small_24b,DC,tracker,CVE-2024-7347,D7-CVE-2024-7347-deb-ubuntu-jammy-V3,V3,fixed,fixed,True,False,False,n/a,0.0,True,6,369,57,1.0,1.0,1.0,0.0,0.0
D7-CVE-2024-7347-deb-ubuntu-jammy-V3|DC|mistral_small_24b|withheld|P3|60.0|0.0|0|||0|d7|v3,mistral_small_24b,DC,withheld,CVE-2024-7347,D7-CVE-2024-7347-deb-ubuntu-jammy-V3,V3,under_investigation,fixed,False,False,False,n/a,0.0,True,3,392,60,1.0,0.6666666666666666,0.6666666666666666,0.3333333333333333,0.0
D7-CVE-2024-7347-deb-ubuntu-jammy-V5|DCv21|qwen3_14b|blind|P3|60.0|0.0|0|||0|d7|v3,qwen3_14b,DCv21,blind,CVE-2024-7347,D7-CVE-2024-7347-deb-ubuntu-jammy-V5,V5,under_investigation,not_affected,False,False,False,repaired,0.0,True,8,497,69,1.0,1.0,1.0,0.0,0.0
D7-CVE-2024-7347-deb-ubuntu-jammy-V5|DCv21|qwen3_14b|tracker|P3|60.0|0.0|0|||0|d7|v3,qwen3_14b,DCv21,tracker,CVE-2024-7347,D7-CVE-2024-7347-deb-ubuntu-jammy-V5,V5,not_affected,not_affected,True,False,False,fallback,1.0,True,3,193,18,1.0,1.0,1.0,0.0,0.0
D7-CVE-2024-7347-deb-ubuntu-jammy-V5|DCv21|qwen3_14b|withheld|P3|60.0|0.0|0|||0|d7|v3,qwen3_14b,DCv21,withheld,CVE-2024-7347,D7-CVE-2024-7347-deb-ubuntu-jammy-V5,V5,under_investigation,not_affected,False,False,False,repaired,0.0,True,7,451,62,1.0,0.6666666666666666,0.6666666666666666,0.3333333333333333,0.0
D7-CVE-2024-7347-deb-ubuntu-jammy-V5|DC|qwen3_14b|blind|P3|60.0|0.0|0|||0|d7|v3,qwen3_14b,DC,blind,CVE-2024-7347,D7-CVE-2024-7347-deb-ubuntu-jammy-V5,V5,under_investigation,not_affected,False,False,False,n/a,0.0,True,3,369,53,1.0,1.0,1.0,0.0,0.0
D7-CVE-2024-7347-deb-ubuntu-jammy-V5|DC|qwen3_14b|tracker|P3|60.0|0.0|0|||0|d7|v3,qwen3_14b,DC,tracker,CVE-2024-7347,D7-CVE-2024-7347-deb-ubuntu-jammy-V5,V5,not_affected,not_affected,True,False,False,n/a,0.0,True,6,384,59,1.0,1.0,1.0,0.0,0.0
D7-CVE-2024-7347-deb-ubuntu-jammy-V5|DC|qwen3_14b|withheld|P3|60.0|0.0|0|||0|d7|v3,qwen3_14b,DC,withheld,CVE-2024-7347,D7-CVE-2024-7347-deb-ubuntu-jammy-V5,V5,under_investigation,not_affected,False,False,False,n/a,0.0,True,3,369,53,1.0,1.0,1.0,0.0,0.0
D7-CVE-2024-7347-deb-ubuntu-noble-V2|DCv21|granite41_30b|blind|P3|60.0|0.0|0|||0|d7|v3,granite41_30b,DCv21,blind,CVE-2024-7347,D7-CVE-2024-7347-deb-ubuntu-noble-V2,V2,under_investigation,affected,False,False,False,repaired,0.0,True,4,305,37,1.0,1.0,1.0,0.0,0.0
D7-CVE-2024-7347-deb-ubuntu-noble-V2|DCv21|granite41_30b|tracker|P3|60.0|0.0|0|||0|d7|v3,granite41_30b,DCv21,tracker,CVE-2024-7347,D7-CVE-2024-7347-deb-ubuntu-noble-V2,V2,affected,affected,True,False,False,repaired,0.0,True,6,442,61,1.0,1.0,1.0,0.0,0.0
D7-CVE-2024-7347-deb-ubuntu-noble-V2|DCv21|granite41_30b|withheld|P3|60.0|0.0|0|||0|d7|v3,granite41_30b,DCv21,withheld,CVE-2024-7347,D7-CVE-2024-7347-deb-ubuntu-noble-V2,V2,under_investigation,affected,False,False,False,repaired,0.0,True,4,305,37,1.0,1.0,1.0,0.0,0.0
D7-CVE-2024-7347-deb-ubuntu-noble-V2|DC|granite41_30b|blind|P3|60.0|0.0|0|||0|d7|v3,granite41_30b,DC,blind,CVE-2024-7347,D7-CVE-2024-7347-deb-ubuntu-noble-V2,V2,under_investigation,affected,False,False,False,n/a,0.0,True,3,420,65,1.0,1.0,1.0,0.0,0.0
D7-CVE-2024-7347-deb-ubuntu-noble-V2|DC|granite41_30b|tracker|P3|60.0|0.0|0|||0|d7|v3,granite41_30b,DC,tracker,CVE-2024-7347,D7-CVE-2024-7347-deb-ubuntu-noble-V2,V2,affected,affected,True,False,False,n/a,0.0,True,5,308,47,1.0,1.0,1.0,0.0,0.0
D7-CVE-2024-7347-deb-ubuntu-noble-V2|DC|granite41_30b|withheld|P3|60.0|0.0|0|||0|d7|v3,granite41_30b,DC,withheld,CVE-2024-7347,D7-CVE-2024-7347-deb-ubuntu-noble-V2,V2,under_investigation,affected,False,False,False,n/a,0.0,True,3,420,65,1.0,1.0,1.0,0.0,0.0
D7-CVE-2024-7347-deb-ubuntu-noble-V5|DCv21|qwen3_14b|blind|P3|60.0|0.0|0|||0|d7|v3,qwen3_14b,DCv21,blind,CVE-2024-7347,D7-CVE-2024-7347-deb-ubuntu-noble-V5,V5,under_investigation,not_affected,False,False,False,first_pass,0.0,True,5,404,54,1.0,0.0,0.0,0.0,0.0
D7-CVE-2024-7347-deb-ubuntu-noble-V5|DCv21|qwen3_14b|tracker|P3|60.0|0.0|0|||0|d7|v3,qwen3_14b,DCv21,tracker,CVE-2024-7347,D7-CVE-2024-7347-deb-ubuntu-noble-V5,V5,not_affected,not_affected,True,False,False,first_pass,0.0,True,6,474,72,1.0,1.0,1.0,0.0,0.0
D7-CVE-2024-7347-deb-ubuntu-noble-V5|DCv21|qwen3_14b|withheld|P3|60.0|0.0|0|||0|d7|v3,qwen3_14b,DCv21,withheld,CVE-2024-7347,D7-CVE-2024-7347-deb-ubuntu-noble-V5,V5,under_investigation,not_affected,False,False,False,repaired,0.0,True,6,409,62,1.0,1.0,1.0,0.0,0.0
D7-CVE-2024-7347-deb-ubuntu-noble-V5|DC|qwen3_14b|blind|P3|60.0|0.0|0|||0|d7|v3,qwen3_14b,DC,blind,CVE-2024-7347,D7-CVE-2024-7347-deb-ubuntu-noble-V5,V5,under_investigation,not_affected,False,False,False,n/a,0.0,True,4,339,53,1.0,1.0,1.0,0.0,0.0
D7-CVE-2024-7347-deb-ubuntu-noble-V5|DC|qwen3_14b|tracker|P3|60.0|0.0|0|||0|d7|v3,qwen3_14b,DC,tracker,CVE-2024-7347,D7-CVE-2024-7347-deb-ubuntu-noble-V5,V5,not_affected,not_affected,True,False,False,n/a,0.0,True,5,374,54,1.0,1.0,1.0,0.0,0.0
D7-CVE-2024-7347-deb-ubuntu-noble-V5|DC|qwen3_14b|withheld|P3|60.0|0.0|0|||0|d7|v3,qwen3_14b,DC,withheld,CVE-2024-7347,D7-CVE-2024-7347-deb-ubuntu-noble-V5,V5,under_investigation,not_affected,False,False,False,n/a,0.0,True,1,339,53,1.0,1.0,1.0,0.0,0.0
D7-CVE-2025-23419-deb-ubuntu-jammy-V4|DCv21|llama31_8b|blind|P3|60.0|0.0|0|||0|d7|v3,llama31_8b,DCv21,blind,CVE-2025-23419,D7-CVE-2025-23419-deb-ubuntu-jammy-V4,V4,under_investigation,fixed,False,False,False,first_pass,0.0,True,5,521,76,1.0,0.5,0.5,0.5,0.0
D7-CVE-2025-23419-deb-ubuntu-jammy-V4|DCv21|llama31_8b|tracker|P3|60.0|0.0|0|||0|d7|v3,llama31_8b,DCv21,tracker,CVE-2025-23419,D7-CVE-2025-23419-deb-ubuntu-jammy-V4,V4,fixed,fixed,True,False,False,fallback,1.0,True,3,130,16,1.0,1.0,1.0,0.0,0.0
D7-CVE-2025-23419-deb-ubuntu-jammy-V4|DCv21|llama31_8b|withheld|P3|60.0|0.0|0|||0|d7|v3,llama31_8b,DCv21,withheld,CVE-2025-23419,D7-CVE-2025-23419-deb-ubuntu-jammy-V4,V4,under_investigation,fixed,False,False,False,first_pass,0.0,True,5,541,80,1.0,1.0,1.0,0.0,0.0
D7-CVE-2025-23419-deb-ubuntu-jammy-V4|DC|llama31_8b|blind|P3|60.0|0.0|0|||0|d7|v3,llama31_8b,DC,blind,CVE-2025-23419,D7-CVE-2025-23419-deb-ubuntu-jammy-V4,V4,under_investigation,fixed,False,False,False,n/a,0.0,True,3,491,73,1.0,1.0,1.0,0.0,0.0
D7-CVE-2025-23419-deb-ubuntu-jammy-V4|DC|llama31_8b|tracker|P3|60.0|0.0|0|||0|d7|v3,llama31_8b,DC,tracker,CVE-2025-23419,D7-CVE-2025-23419-deb-ubuntu-jammy-V4,V4,fixed,fixed,True,False,False,n/a,0.0,True,5,425,67,1.0,1.0,1.0,0.0,0.0
D7-CVE-2025-23419-deb-ubuntu-jammy-V4|DC|llama31_8b|withheld|P3|60.0|0.0|0|||0|d7|v3,llama31_8b,DC,withheld,CVE-2025-23419,D7-CVE-2025-23419-deb-ubuntu-jammy-V4,V4,under_investigation,fixed,False,False,False,n/a,0.0,True,3,491,73,1.0,1.0,1.0,0.0,0.0
D7-CVE-2025-23419-deb-ubuntu-noble-V1|DCv21|qwen3_14b|blind|P3|60.0|0.0|0|||0|d7|v3,qwen3_14b,DCv21,blind,CVE-2025-23419,D7-CVE-2025-23419-deb-ubuntu-noble-V1,V1,not_affected,not_affected,True,False,False,first_pass,0.0,True,3,343,53,1.0,1.0,1.0,0.0,0.0
D7-CVE-2025-23419-deb-ubuntu-noble-V1|DCv21|qwen3_14b|tracker|P3|60.0|0.0|0|||0|d7|v3,qwen3_14b,DCv21,tracker,CVE-2025-23419,D7-CVE-2025-23419-deb-ubuntu-noble-V1,V1,not_affected,not_affected,True,False,False,first_pass,0.0,True,3,375,59,1.0,1.0,1.0,0.0,0.0
D7-CVE-2025-23419-deb-ubuntu-noble-V1|DCv21|qwen3_14b|withheld|P3|60.0|0.0|0|||0|d7|v3,qwen3_14b,DCv21,withheld,CVE-2025-23419,D7-CVE-2025-23419-deb-ubuntu-noble-V1,V1,not_affected,not_affected,True,False,False,first_pass,0.0,True,3,371,57,1.0,1.0,1.0,0.0,0.0
D7-CVE-2025-23419-deb-ubuntu-noble-V1|DC|qwen3_14b|blind|P3|60.0|0.0|0|||0|d7|v3,qwen3_14b,DC,blind,CVE-2025-23419,D7-CVE-2025-23419-deb-ubuntu-noble-V1,V1,not_affected,not_affected,True,False,False,n/a,0.0,True,3,368,55,1.0,1.0,1.0,0.0,0.0
D7-CVE-2025-23419-deb-ubuntu-noble-V1|DC|qwen3_14b|tracker|P3|60.0|0.0|0|||0|d7|v3,qwen3_14b,DC,tracker,CVE-2025-23419,D7-CVE-2025-23419-deb-ubuntu-noble-V1,V1,not_affected,not_affected,True,False,False,n/a,0.0,True,4,391,60,1.0,1.0,1.0,0.0,0.0
D7-CVE-2025-23419-deb-ubuntu-noble-V1|DC|qwen3_14b|withheld|P3|60.0|0.0|0|||0|d7|v3,qwen3_14b,DC,withheld,CVE-2025-23419,D7-CVE-2025-23419-deb-ubuntu-noble-V1,V1,not_affected,not_affected,True,False,False,n/a,0.0,True,3,380,56,1.0,1.0,1.0,0.0,0.0
D7-CVE-2025-23419-deb-ubuntu-noble-V2|DCv21|granite41_8b|blind|P3|60.0|0.0|0|||0|d7|v3,granite41_8b,DCv21,blind,CVE-2025-23419,D7-CVE-2025-23419-deb-ubuntu-noble-V2,V2,under_investigation,affected,False,False,False,repaired,0.0,True,3,441,58,1.0,1.0,1.0,0.0,0.0
D7-CVE-2025-23419-deb-ubuntu-noble-V2|DCv21|granite41_8b|tracker|P3|60.0|0.0|0|||0|d7|v3,granite41_8b,DCv21,tracker,CVE-2025-23419,D7-CVE-2025-23419-deb-ubuntu-noble-V2,V2,affected,affected,True,False,False,fallback,1.0,True,1,71,9,1.0,1.0,1.0,0.0,0.0
D7-CVE-2025-23419-deb-ubuntu-noble-V2|DCv21|granite41_8b|withheld|P3|60.0|0.0|0|||0|d7|v3,granite41_8b,DCv21,withheld,CVE-2025-23419,D7-CVE-2025-23419-deb-ubuntu-noble-V2,V2,under_investigation,affected,False,False,False,repaired,0.0,True,5,552,73,1.0,1.0,1.0,0.0,0.0
D7-CVE-2025-23419-deb-ubuntu-noble-V2|DC|granite41_8b|blind|P3|60.0|0.0|0|||0|d7|v3,granite41_8b,DC,blind,CVE-2025-23419,D7-CVE-2025-23419-deb-ubuntu-noble-V2,V2,under_investigation,affected,False,False,False,n/a,0.0,True,4,440,60,1.0,1.0,1.0,0.0,0.0
D7-CVE-2025-23419-deb-ubuntu-noble-V2|DC|granite41_8b|tracker|P3|60.0|0.0|0|||0|d7|v3,granite41_8b,DC,tracker,CVE-2025-23419,D7-CVE-2025-23419-deb-ubuntu-noble-V2,V2,affected,affected,True,False,False,n/a,0.0,True,7,539,83,1.0,1.0,1.0,0.0,0.0
D7-CVE-2025-23419-deb-ubuntu-noble-V2|DC|granite41_8b|withheld|P3|60.0|0.0|0|||0|d7|v3,granite41_8b,DC,withheld,CVE-2025-23419,D7-CVE-2025-23419-deb-ubuntu-noble-V2,V2,under_investigation,affected,False,False,False,n/a,0.0,True,4,440,60,1.0,1.0,1.0,0.0,0.0
D7-CVE-2025-24813-vendor-jammy-V8-b2|DCv21|qwen3_14b|blind|P3|60.0|0.0|0|||0|d7|v3,qwen3_14b,DCv21,blind,CVE-2025-24813,D7-CVE-2025-24813-vendor-jammy-V8-b2,V8,under_investigation,affected,False,False,False,repaired,0.0,True,4,350,51,1.0,1.0,1.0,0.0,0.0
D7-CVE-2025-24813-vendor-jammy-V8-b2|DCv21|qwen3_14b|tracker|P3|60.0|0.0|0|||0|d7|v3,qwen3_14b,DCv21,tracker,CVE-2025-24813,D7-CVE-2025-24813-vendor-jammy-V8-b2,V8,affected,affected,True,False,False,first_pass,0.0,True,6,384,58,1.0,1.0,1.0,0.0,0.0
D7-CVE-2025-24813-vendor-jammy-V8-b2|DCv21|qwen3_14b|withheld|P3|60.0|0.0|0|||0|d7|v3,qwen3_14b,DCv21,withheld,CVE-2025-24813,D7-CVE-2025-24813-vendor-jammy-V8-b2,V8,under_investigation,affected,False,False,False,repaired,0.0,True,4,350,51,1.0,1.0,1.0,0.0,0.0
D7-CVE-2025-24813-vendor-jammy-V8-b2|DC|qwen3_14b|blind|P3|60.0|0.0|0|||0|d7|v3,qwen3_14b,DC,blind,CVE-2025-24813,D7-CVE-2025-24813-vendor-jammy-V8-b2,V8,under_investigation,affected,False,False,False,n/a,0.0,True,6,537,85,1.0,1.0,1.0,0.0,0.0
D7-CVE-2025-24813-vendor-jammy-V8-b2|DC|qwen3_14b|tracker|P3|60.0|0.0|0|||0|d7|v3,qwen3_14b,DC,tracker,CVE-2025-24813,D7-CVE-2025-24813-vendor-jammy-V8-b2,V8,affected,affected,True,False,False,n/a,0.0,True,4,358,54,1.0,1.0,1.0,0.0,0.0
D7-CVE-2025-24813-vendor-jammy-V8-b2|DC|qwen3_14b|withheld|P3|60.0|0.0|0|||0|d7|v3,qwen3_14b,DC,withheld,CVE-2025-24813,D7-CVE-2025-24813-vendor-jammy-V8-b2,V8,under_investigation,affected,False,False,False,n/a,0.0,True,4,502,82,1.0,1.0,1.0,0.0,0.0
D7-CVE-2025-24813-vendor-jammy-V8|DCv21|granite41_30b|blind|P3|60.0|0.0|0|||0|d7|v3,granite41_30b,DCv21,blind,CVE-2025-24813,D7-CVE-2025-24813-vendor-jammy-V8,V8,under_investigation,affected,False,False,False,repaired,0.0,True,5,294,38,1.0,1.0,1.0,0.0,0.0
D7-CVE-2025-24813-vendor-jammy-V8|DCv21|granite41_30b|tracker|P3|60.0|0.0|0|||0|d7|v3,granite41_30b,DCv21,tracker,CVE-2025-24813,D7-CVE-2025-24813-vendor-jammy-V8,V8,affected,affected,True,False,False,first_pass,0.0,True,7,575,77,1.0,0.0,0.0,0.5,0.0
D7-CVE-2025-24813-vendor-jammy-V8|DCv21|granite41_30b|withheld|P3|60.0|0.0|0|||0|d7|v3,granite41_30b,DCv21,withheld,CVE-2025-24813,D7-CVE-2025-24813-vendor-jammy-V8,V8,under_investigation,affected,False,False,False,repaired,0.0,True,5,294,38,1.0,1.0,1.0,0.0,0.0
D7-CVE-2025-24813-vendor-jammy-V8|DC|granite41_30b|blind|P3|60.0|0.0|0|||0|d7|v3,granite41_30b,DC,blind,CVE-2025-24813,D7-CVE-2025-24813-vendor-jammy-V8,V8,under_investigation,affected,False,False,False,n/a,0.0,True,4,307,42,1.0,1.0,1.0,0.0,0.0
D7-CVE-2025-24813-vendor-jammy-V8|DC|granite41_30b|tracker|P3|60.0|0.0|0|||0|d7|v3,granite41_30b,DC,tracker,CVE-2025-24813,D7-CVE-2025-24813-vendor-jammy-V8,V8,under_investigation,affected,False,False,False,n/a,0.0,True,2,288,37,1.0,1.0,1.0,0.0,0.0
D7-CVE-2025-24813-vendor-jammy-V8|DC|granite41_30b|withheld|P3|60.0|0.0|0|||0|d7|v3,granite41_30b,DC,withheld,CVE-2025-24813,D7-CVE-2025-24813-vendor-jammy-V8,V8,under_investigation,affected,False,False,False,n/a,0.0,True,4,307,42,1.0,1.0,1.0,0.0,0.0
D7-CVE-2025-24813-vendor-noble-V3|DCv21|llama31_8b|blind|P3|60.0|0.0|0|||0|d7|v3,llama31_8b,DCv21,blind,CVE-2025-24813,D7-CVE-2025-24813-vendor-noble-V3,V3,under_investigation,fixed,False,False,False,repaired,0.0,True,4,359,53,1.0,1.0,1.0,0.0,0.0
D7-CVE-2025-24813-vendor-noble-V3|DCv21|llama31_8b|tracker|P3|60.0|0.0|0|||0|d7|v3,llama31_8b,DCv21,tracker,CVE-2025-24813,D7-CVE-2025-24813-vendor-noble-V3,V3,fixed,fixed,True,False,False,first_pass,0.0,True,6,429,65,1.0,1.0,1.0,0.0,0.0
D7-CVE-2025-24813-vendor-noble-V3|DCv21|llama31_8b|withheld|P3|60.0|0.0|0|||0|d7|v3,llama31_8b,DCv21,withheld,CVE-2025-24813,D7-CVE-2025-24813-vendor-noble-V3,V3,under_investigation,fixed,False,False,False,repaired,0.0,True,5,335,54,1.0,0.5,0.5,0.0,0.0
D7-CVE-2025-24813-vendor-noble-V3|DC|llama31_8b|blind|P3|60.0|0.0|0|||0|d7|v3,llama31_8b,DC,blind,CVE-2025-24813,D7-CVE-2025-24813-vendor-noble-V3,V3,under_investigation,fixed,False,False,False,n/a,0.0,True,5,454,68,1.0,1.0,1.0,0.0,0.0
D7-CVE-2025-24813-vendor-noble-V3|DC|llama31_8b|tracker|P3|60.0|0.0|0|||0|d7|v3,llama31_8b,DC,tracker,CVE-2025-24813,D7-CVE-2025-24813-vendor-noble-V3,V3,fixed,fixed,True,False,False,n/a,0.0,True,7,445,60,1.0,1.0,1.0,0.0,0.0
D7-CVE-2025-24813-vendor-noble-V3|DC|llama31_8b|withheld|P3|60.0|0.0|0|||0|d7|v3,llama31_8b,DC,withheld,CVE-2025-24813,D7-CVE-2025-24813-vendor-noble-V3,V3,under_investigation,fixed,False,False,False,n/a,0.0,True,4,420,62,1.0,1.0,1.0,0.0,0.0
D7-CVE-2025-32462-deb-ubuntu-jammy-V1|DCv21|mistral_small_24b|blind|P3|60.0|0.0|0|||0|d7|v3,mistral_small_24b,DCv21,blind,CVE-2025-32462,D7-CVE-2025-32462-deb-ubuntu-jammy-V1,V1,not_affected,not_affected,True,False,False,first_pass,0.0,True,2,361,47,1.0,1.0,1.0,0.0,0.0
D7-CVE-2025-32462-deb-ubuntu-jammy-V1|DCv21|mistral_small_24b|tracker|P3|60.0|0.0|0|||0|d7|v3,mistral_small_24b,DCv21,tracker,CVE-2025-32462,D7-CVE-2025-32462-deb-ubuntu-jammy-V1,V1,not_affected,not_affected,True,False,False,first_pass,0.0,True,4,322,48,1.0,1.0,1.0,0.0,0.0
D7-CVE-2025-32462-deb-ubuntu-jammy-V1|DCv21|mistral_small_24b|withheld|P3|60.0|0.0|0|||0|d7|v3,mistral_small_24b,DCv21,withheld,CVE-2025-32462,D7-CVE-2025-32462-deb-ubuntu-jammy-V1,V1,not_affected,not_affected,True,False,False,first_pass,0.0,True,2,370,49,1.0,1.0,1.0,0.0,0.0
D7-CVE-2025-32462-deb-ubuntu-jammy-V1|DC|mistral_small_24b|blind|P3|60.0|0.0|0|||0|d7|v3,mistral_small_24b,DC,blind,CVE-2025-32462,D7-CVE-2025-32462-deb-ubuntu-jammy-V1,V1,not_affected,not_affected,True,False,False,n/a,0.0,True,3,324,42,1.0,1.0,1.0,0.0,0.0
D7-CVE-2025-32462-deb-ubuntu-jammy-V1|DC|mistral_small_24b|tracker|P3|60.0|0.0|0|||0|d7|v3,mistral_small_24b,DC,tracker,CVE-2025-32462,D7-CVE-2025-32462-deb-ubuntu-jammy-V1,V1,not_affected,not_affected,True,False,False,n/a,0.0,True,3,324,42,1.0,1.0,1.0,0.0,0.0
D7-CVE-2025-32462-deb-ubuntu-jammy-V1|DC|mistral_small_24b|withheld|P3|60.0|0.0|0|||0|d7|v3,mistral_small_24b,DC,withheld,CVE-2025-32462,D7-CVE-2025-32462-deb-ubuntu-jammy-V1,V1,not_affected,not_affected,True,False,False,n/a,0.0,True,3,324,42,1.0,1.0,1.0,0.0,0.0
D7-CVE-2025-32462-deb-ubuntu-jammy-V4|DCv21|gemma4_31b|blind|P3|60.0|0.0|0|||0|d7|v3,gemma4_31b,DCv21,blind,CVE-2025-32462,D7-CVE-2025-32462-deb-ubuntu-jammy-V4,V4,under_investigation,fixed,False,False,False,repaired,0.0,True,4,268,37,1.0,1.0,1.0,0.0,0.0
D7-CVE-2025-32462-deb-ubuntu-jammy-V4|DCv21|gemma4_31b|tracker|P3|60.0|0.0|0|||0|d7|v3,gemma4_31b,DCv21,tracker,CVE-2025-32462,D7-CVE-2025-32462-deb-ubuntu-jammy-V4,V4,fixed,fixed,True,False,False,repaired,0.0,True,5,210,28,1.0,1.0,1.0,0.0,0.0
D7-CVE-2025-32462-deb-ubuntu-jammy-V4|DCv21|gemma4_31b|withheld|P3|60.0|0.0|0|||0|d7|v3,gemma4_31b,DCv21,withheld,CVE-2025-32462,D7-CVE-2025-32462-deb-ubuntu-jammy-V4,V4,under_investigation,fixed,False,False,False,repaired,0.0,True,4,273,37,1.0,1.0,1.0,0.0,0.0
D7-CVE-2025-32462-deb-ubuntu-jammy-V4|DC|gemma4_31b|blind|P3|60.0|0.0|0|||0|d7|v3,gemma4_31b,DC,blind,CVE-2025-32462,D7-CVE-2025-32462-deb-ubuntu-jammy-V4,V4,under_investigation,fixed,False,False,False,n/a,0.0,True,5,209,33,1.0,0.5,0.5,0.0,0.0
D7-CVE-2025-32462-deb-ubuntu-jammy-V4|DC|gemma4_31b|tracker|P3|60.0|0.0|0|||0|d7|v3,gemma4_31b,DC,tracker,CVE-2025-32462,D7-CVE-2025-32462-deb-ubuntu-jammy-V4,V4,fixed,fixed,True,False,False,n/a,0.0,True,3,201,30,1.0,1.0,1.0,0.0,0.0
D7-CVE-2025-32462-deb-ubuntu-jammy-V4|DC|gemma4_31b|withheld|P3|60.0|0.0|0|||0|d7|v3,gemma4_31b,DC,withheld,CVE-2025-32462,D7-CVE-2025-32462-deb-ubuntu-jammy-V4,V4,under_investigation,fixed,False,False,False,n/a,0.0,True,5,209,33,1.0,0.5,0.5,0.0,0.0
D7-CVE-2025-32462-deb-ubuntu-jammy-V5|DCv21|granite41_8b|blind|P3|60.0|0.0|0|||0|d7|v3,granite41_8b,DCv21,blind,CVE-2025-32462,D7-CVE-2025-32462-deb-ubuntu-jammy-V5,V5,under_investigation,not_affected,False,False,False,repaired,0.0,True,5,472,66,1.0,1.0,1.0,0.0,0.0
D7-CVE-2025-32462-deb-ubuntu-jammy-V5|DCv21|granite41_8b|tracker|P3|60.0|0.0|0|||0|d7|v3,granite41_8b,DCv21,tracker,CVE-2025-32462,D7-CVE-2025-32462-deb-ubuntu-jammy-V5,V5,not_affected,not_affected,True,False,False,first_pass,0.0,True,7,558,75,1.0,1.0,1.0,0.0,0.0
D7-CVE-2025-32462-deb-ubuntu-jammy-V5|DCv21|granite41_8b|withheld|P3|60.0|0.0|0|||0|d7|v3,granite41_8b,DCv21,withheld,CVE-2025-32462,D7-CVE-2025-32462-deb-ubuntu-jammy-V5,V5,under_investigation,not_affected,False,False,False,repaired,0.0,True,5,472,66,1.0,1.0,1.0,0.0,0.0
D7-CVE-2025-32462-deb-ubuntu-jammy-V5|DC|granite41_8b|blind|P3|60.0|0.0|0|||0|d7|v3,granite41_8b,DC,blind,CVE-2025-32462,D7-CVE-2025-32462-deb-ubuntu-jammy-V5,V5,under_investigation,not_affected,False,False,False,n/a,0.0,True,4,328,42,1.0,1.0,1.0,0.0,0.0
D7-CVE-2025-32462-deb-ubuntu-jammy-V5|DC|granite41_8b|tracker|P3|60.0|0.0|0|||0|d7|v3,granite41_8b,DC,tracker,CVE-2025-32462,D7-CVE-2025-32462-deb-ubuntu-jammy-V5,V5,not_affected,not_affected,True,False,False,n/a,0.0,True,5,422,58,1.0,1.0,1.0,0.0,0.0
D7-CVE-2025-32462-deb-ubuntu-jammy-V5|DC|granite41_8b|withheld|P3|60.0|0.0|0|||0|d7|v3,granite41_8b,DC,withheld,CVE-2025-32462,D7-CVE-2025-32462-deb-ubuntu-jammy-V5,V5,under_investigation,not_affected,False,False,False,n/a,0.0,True,4,328,42,1.0,1.0,1.0,0.0,0.0
D7-CVE-2025-32462-deb-ubuntu-noble-V4|DCv21|gemma4_31b|blind|P3|60.0|0.0|0|||0|d7|v3,gemma4_31b,DCv21,blind,CVE-2025-32462,D7-CVE-2025-32462-deb-ubuntu-noble-V4,V4,under_investigation,fixed,False,False,False,repaired,0.0,True,4,211,26,1.0,1.0,1.0,0.0,0.0
D7-CVE-2025-32462-deb-ubuntu-noble-V4|DCv21|gemma4_31b|tracker|P3|60.0|0.0|0|||0|d7|v3,gemma4_31b,DCv21,tracker,CVE-2025-32462,D7-CVE-2025-32462-deb-ubuntu-noble-V4,V4,fixed,fixed,True,False,False,repaired,0.0,True,5,235,29,1.0,1.0,1.0,0.0,0.0
D7-CVE-2025-32462-deb-ubuntu-noble-V4|DCv21|gemma4_31b|withheld|P3|60.0|0.0|0|||0|d7|v3,gemma4_31b,DCv21,withheld,CVE-2025-32462,D7-CVE-2025-32462-deb-ubuntu-noble-V4,V4,under_investigation,fixed,False,False,False,repaired,0.0,True,4,211,26,1.0,1.0,1.0,0.0,0.0
D7-CVE-2025-32462-deb-ubuntu-noble-V4|DC|gemma4_31b|blind|P3|60.0|0.0|0|||0|d7|v3,gemma4_31b,DC,blind,CVE-2025-32462,D7-CVE-2025-32462-deb-ubuntu-noble-V4,V4,under_investigation,fixed,False,False,False,n/a,0.0,True,4,223,34,1.0,1.0,1.0,0.0,0.0
D7-CVE-2025-32462-deb-ubuntu-noble-V4|DC|gemma4_31b|tracker|P3|60.0|0.0|0|||0|d7|v3,gemma4_31b,DC,tracker,CVE-2025-32462,D7-CVE-2025-32462-deb-ubuntu-noble-V4,V4,fixed,fixed,True,False,False,n/a,0.0,True,4,182,28,1.0,1.0,1.0,0.0,0.0
D7-CVE-2025-32462-deb-ubuntu-noble-V4|DC|gemma4_31b|withheld|P3|60.0|0.0|0|||0|d7|v3,gemma4_31b,DC,withheld,CVE-2025-32462,D7-CVE-2025-32462-deb-ubuntu-noble-V4,V4,under_investigation,fixed,False,False,False,n/a,0.0,True,4,223,34,1.0,1.0,1.0,0.0,0.0
D7-CVE-2025-48384-deb-ubuntu-jammy-V2|DCv21|granite41_8b|blind|P3|60.0|0.0|0|||0|d7|v3,granite41_8b,DCv21,blind,CVE-2025-48384,D7-CVE-2025-48384-deb-ubuntu-jammy-V2,V2,under_investigation,affected,False,False,False,first_pass,0.0,True,8,589,72,1.0,0.0,0.0,0.0,0.0
D7-CVE-2025-48384-deb-ubuntu-jammy-V2|DCv21|granite41_8b|tracker|P3|60.0|0.0|0|||0|d7|v3,granite41_8b,DCv21,tracker,CVE-2025-48384,D7-CVE-2025-48384-deb-ubuntu-jammy-V2,V2,affected,affected,True,False,False,repaired,0.0,True,5,381,55,1.0,1.0,1.0,0.0,0.0
D7-CVE-2025-48384-deb-ubuntu-jammy-V2|DCv21|granite41_8b|withheld|P3|60.0|0.0|0|||0|d7|v3,granite41_8b,DCv21,withheld,CVE-2025-48384,D7-CVE-2025-48384-deb-ubuntu-jammy-V2,V2,under_investigation,affected,False,False,False,first_pass,0.0,True,8,589,72,1.0,0.0,0.0,0.0,0.0
D7-CVE-2025-48384-deb-ubuntu-jammy-V2|DC|granite41_8b|blind|P3|60.0|0.0|0|||0|d7|v3,granite41_8b,DC,blind,CVE-2025-48384,D7-CVE-2025-48384-deb-ubuntu-jammy-V2,V2,under_investigation,affected,False,False,False,n/a,0.0,True,3,328,42,1.0,1.0,1.0,0.0,0.0
D7-CVE-2025-48384-deb-ubuntu-jammy-V2|DC|granite41_8b|tracker|P3|60.0|0.0|0|||0|d7|v3,granite41_8b,DC,tracker,CVE-2025-48384,D7-CVE-2025-48384-deb-ubuntu-jammy-V2,V2,affected,affected,True,False,False,n/a,0.0,True,8,517,78,1.0,1.0,1.0,0.0,0.0
D7-CVE-2025-48384-deb-ubuntu-jammy-V2|DC|granite41_8b|withheld|P3|60.0|0.0|0|||0|d7|v3,granite41_8b,DC,withheld,CVE-2025-48384,D7-CVE-2025-48384-deb-ubuntu-jammy-V2,V2,under_investigation,affected,False,False,False,n/a,0.0,True,4,332,41,1.0,1.0,1.0,0.0,0.0
D7-CVE-2025-48384-deb-ubuntu-jammy-V4|DCv21|qwen3_14b|blind|P3|60.0|0.0|0|||0|d7|v3,qwen3_14b,DCv21,blind,CVE-2025-48384,D7-CVE-2025-48384-deb-ubuntu-jammy-V4,V4,under_investigation,fixed,False,False,False,repaired,0.0,True,5,451,55,1.0,1.0,1.0,0.0,0.0
D7-CVE-2025-48384-deb-ubuntu-jammy-V4|DCv21|qwen3_14b|tracker|P3|60.0|0.0|0|||0|d7|v3,qwen3_14b,DCv21,tracker,CVE-2025-48384,D7-CVE-2025-48384-deb-ubuntu-jammy-V4,V4,fixed,fixed,True,False,False,fallback,1.0,True,1,66,9,1.0,1.0,1.0,0.0,0.0
D7-CVE-2025-48384-deb-ubuntu-jammy-V4|DCv21|qwen3_14b|withheld|P3|60.0|0.0|0|||0|d7|v3,qwen3_14b,DCv21,withheld,CVE-2025-48384,D7-CVE-2025-48384-deb-ubuntu-jammy-V4,V4,under_investigation,fixed,False,False,False,repaired,0.0,True,7,468,58,1.0,1.0,1.0,0.0,0.0
D7-CVE-2025-48384-deb-ubuntu-jammy-V4|DC|qwen3_14b|blind|P3|60.0|0.0|0|||0|d7|v3,qwen3_14b,DC,blind,CVE-2025-48384,D7-CVE-2025-48384-deb-ubuntu-jammy-V4,V4,under_investigation,fixed,False,False,False,n/a,0.0,True,3,325,46,1.0,1.0,1.0,0.0,0.0
D7-CVE-2025-48384-deb-ubuntu-jammy-V4|DC|qwen3_14b|tracker|P3|60.0|0.0|0|||0|d7|v3,qwen3_14b,DC,tracker,CVE-2025-48384,D7-CVE-2025-48384-deb-ubuntu-jammy-V4,V4,fixed,fixed,True,False,False,n/a,0.0,True,5,404,60,1.0,1.0,1.0,0.0,0.0
D7-CVE-2025-48384-deb-ubuntu-jammy-V4|DC|qwen3_14b|withheld|P3|60.0|0.0|0|||0|d7|v3,qwen3_14b,DC,withheld,CVE-2025-48384,D7-CVE-2025-48384-deb-ubuntu-jammy-V4,V4,under_investigation,fixed,False,False,False,n/a,0.0,True,3,325,46,1.0,1.0,1.0,0.0,0.0
D7-CVE-2025-49113-vendor-jammy-V4|DCv21|gemma4_31b|blind|P3|60.0|0.0|0|||0|d7|v3,gemma4_31b,DCv21,blind,CVE-2025-49113,D7-CVE-2025-49113-vendor-jammy-V4,V4,under_investigation,fixed,False,False,False,repaired,0.0,True,3,215,26,1.0,1.0,1.0,0.0,0.0
D7-CVE-2025-49113-vendor-jammy-V4|DCv21|gemma4_31b|tracker|P3|60.0|0.0|0|||0|d7|v3,gemma4_31b,DCv21,tracker,CVE-2025-49113,D7-CVE-2025-49113-vendor-jammy-V4,V4,under_investigation,fixed,False,False,False,repaired,0.0,True,3,280,37,1.0,1.0,1.0,0.0,0.0
D7-CVE-2025-49113-vendor-jammy-V4|DCv21|gemma4_31b|withheld|P3|60.0|0.0|0|||0|d7|v3,gemma4_31b,DCv21,withheld,CVE-2025-49113,D7-CVE-2025-49113-vendor-jammy-V4,V4,under_investigation,fixed,False,False,False,repaired,0.0,True,3,215,26,1.0,1.0,1.0,0.0,0.0
D7-CVE-2025-49113-vendor-jammy-V4|DC|gemma4_31b|blind|P3|60.0|0.0|0|||0|d7|v3,gemma4_31b,DC,blind,CVE-2025-49113,D7-CVE-2025-49113-vendor-jammy-V4,V4,under_investigation,fixed,False,False,False,n/a,0.0,True,3,245,39,1.0,1.0,1.0,0.0,0.0
D7-CVE-2025-49113-vendor-jammy-V4|DC|gemma4_31b|tracker|P3|60.0|0.0|0|||0|d7|v3,gemma4_31b,DC,tracker,CVE-2025-49113,D7-CVE-2025-49113-vendor-jammy-V4,V4,fixed,fixed,True,False,False,n/a,0.0,True,4,259,40,1.0,1.0,1.0,0.0,0.0
D7-CVE-2025-49113-vendor-jammy-V4|DC|gemma4_31b|withheld|P3|60.0|0.0|0|||0|d7|v3,gemma4_31b,DC,withheld,CVE-2025-49113,D7-CVE-2025-49113-vendor-jammy-V4,V4,under_investigation,fixed,False,False,False,n/a,0.0,True,3,245,39,1.0,1.0,1.0,0.0,0.0
D7-CVE-2025-49113-vendor-noble-V6|DCv21|llama31_8b|blind|P3|60.0|0.0|0|||0|d7|v3,llama31_8b,DCv21,blind,CVE-2025-49113,D7-CVE-2025-49113-vendor-noble-V6,V6,not_affected,not_affected,True,False,False,first_pass,0.0,True,2,508,74,1.0,1.0,1.0,0.0,0.0
D7-CVE-2025-49113-vendor-noble-V6|DCv21|llama31_8b|tracker|P3|60.0|0.0|0|||0|d7|v3,llama31_8b,DCv21,tracker,CVE-2025-49113,D7-CVE-2025-49113-vendor-noble-V6,V6,not_affected,not_affected,True,False,False,first_pass,0.0,True,6,388,58,1.0,1.0,1.0,0.0,0.0
D7-CVE-2025-49113-vendor-noble-V6|DCv21|llama31_8b|withheld|P3|60.0|0.0|0|||0|d7|v3,llama31_8b,DCv21,withheld,CVE-2025-49113,D7-CVE-2025-49113-vendor-noble-V6,V6,not_affected,not_affected,True,False,False,first_pass,0.0,True,3,473,70,1.0,1.0,1.0,0.0,0.0
D7-CVE-2025-49113-vendor-noble-V6|DC|llama31_8b|blind|P3|60.0|0.0|0|||0|d7|v3,llama31_8b,DC,blind,CVE-2025-49113,D7-CVE-2025-49113-vendor-noble-V6,V6,not_affected,not_affected,True,False,False,n/a,0.0,True,2,394,62,1.0,1.0,1.0,0.0,0.0
D7-CVE-2025-49113-vendor-noble-V6|DC|llama31_8b|tracker|P3|60.0|0.0|0|||0|d7|v3,llama31_8b,DC,tracker,CVE-2025-49113,D7-CVE-2025-49113-vendor-noble-V6,V6,not_affected,not_affected,True,False,False,n/a,0.0,True,4,455,68,1.0,1.0,1.0,0.0,0.0
D7-CVE-2025-49113-vendor-noble-V6|DC|llama31_8b|withheld|P3|60.0|0.0|0|||0|d7|v3,llama31_8b,DC,withheld,CVE-2025-49113,D7-CVE-2025-49113-vendor-noble-V6,V6,not_affected,not_affected,True,False,False,n/a,0.0,True,2,394,62,1.0,1.0,1.0,0.0,0.0
D7-CVE-2025-49630-deb-ubuntu-jammy-V4|DCv21|gemma4_31b|blind|P3|60.0|0.0|0|||0|d7|v3,gemma4_31b,DCv21,blind,CVE-2025-49630,D7-CVE-2025-49630-deb-ubuntu-jammy-V4,V4,under_investigation,fixed,False,False,False,repaired,0.0,True,3,215,28,1.0,1.0,1.0,0.0,0.0
D7-CVE-2025-49630-deb-ubuntu-jammy-V4|DCv21|gemma4_31b|tracker|P3|60.0|0.0|0|||0|d7|v3,gemma4_31b,DCv21,tracker,CVE-2025-49630,D7-CVE-2025-49630-deb-ubuntu-jammy-V4,V4,fixed,fixed,True,False,False,repaired,0.0,True,5,202,28,1.0,1.0,1.0,0.0,0.0
D7-CVE-2025-49630-deb-ubuntu-jammy-V4|DCv21|gemma4_31b|withheld|P3|60.0|0.0|0|||0|d7|v3,gemma4_31b,DCv21,withheld,CVE-2025-49630,D7-CVE-2025-49630-deb-ubuntu-jammy-V4,V4,under_investigation,fixed,False,False,False,repaired,0.0,True,3,215,28,1.0,1.0,1.0,0.0,0.0
D7-CVE-2025-49630-deb-ubuntu-jammy-V4|DC|gemma4_31b|blind|P3|60.0|0.0|0|||0|d7|v3,gemma4_31b,DC,blind,CVE-2025-49630,D7-CVE-2025-49630-deb-ubuntu-jammy-V4,V4,under_investigation,fixed,False,False,False,n/a,0.0,True,4,290,42,1.0,1.0,1.0,0.0,0.0
D7-CVE-2025-49630-deb-ubuntu-jammy-V4|DC|gemma4_31b|tracker|P3|60.0|0.0|0|||0|d7|v3,gemma4_31b,DC,tracker,CVE-2025-49630,D7-CVE-2025-49630-deb-ubuntu-jammy-V4,V4,fixed,fixed,True,False,False,n/a,0.0,True,3,215,33,1.0,1.0,1.0,0.0,0.0
D7-CVE-2025-49630-deb-ubuntu-jammy-V4|DC|gemma4_31b|withheld|P3|60.0|0.0|0|||0|d7|v3,gemma4_31b,DC,withheld,CVE-2025-49630,D7-CVE-2025-49630-deb-ubuntu-jammy-V4,V4,under_investigation,fixed,False,False,False,n/a,0.0,True,4,281,41,1.0,1.0,1.0,0.0,0.0
D7-CVE-2025-49630-deb-ubuntu-noble-V1|DCv21|qwen3_14b|blind|P3|60.0|0.0|0|||0|d7|v3,qwen3_14b,DCv21,blind,CVE-2025-49630,D7-CVE-2025-49630-deb-ubuntu-noble-V1,V1,not_affected,not_affected,True,False,False,first_pass,0.0,True,3,281,40,1.0,1.0,1.0,0.0,0.0
D7-CVE-2025-49630-deb-ubuntu-noble-V1|DCv21|qwen3_14b|tracker|P3|60.0|0.0|0|||0|d7|v3,qwen3_14b,DCv21,tracker,CVE-2025-49630,D7-CVE-2025-49630-deb-ubuntu-noble-V1,V1,not_affected,not_affected,True,False,False,first_pass,0.0,True,3,300,45,1.0,1.0,1.0,0.0,0.0
D7-CVE-2025-49630-deb-ubuntu-noble-V1|DCv21|qwen3_14b|withheld|P3|60.0|0.0|0|||0|d7|v3,qwen3_14b,DCv21,withheld,CVE-2025-49630,D7-CVE-2025-49630-deb-ubuntu-noble-V1,V1,not_affected,not_affected,True,False,False,first_pass,0.0,True,3,281,40,1.0,1.0,1.0,0.0,0.0
D7-CVE-2025-49630-deb-ubuntu-noble-V1|DC|qwen3_14b|blind|P3|60.0|0.0|0|||0|d7|v3,qwen3_14b,DC,blind,CVE-2025-49630,D7-CVE-2025-49630-deb-ubuntu-noble-V1,V1,not_affected,not_affected,True,False,False,n/a,0.0,True,2,334,51,1.0,1.0,1.0,0.0,0.0
D7-CVE-2025-49630-deb-ubuntu-noble-V1|DC|qwen3_14b|tracker|P3|60.0|0.0|0|||0|d7|v3,qwen3_14b,DC,tracker,CVE-2025-49630,D7-CVE-2025-49630-deb-ubuntu-noble-V1,V1,not_affected,not_affected,True,False,False,n/a,0.0,True,2,361,56,1.0,1.0,1.0,0.0,0.0
D7-CVE-2025-49630-deb-ubuntu-noble-V1|DC|qwen3_14b|withheld|P3|60.0|0.0|0|||0|d7|v3,qwen3_14b,DC,withheld,CVE-2025-49630,D7-CVE-2025-49630-deb-ubuntu-noble-V1,V1,not_affected,not_affected,True,False,False,n/a,0.0,True,2,360,53,1.0,1.0,1.0,0.0,0.0
D7-CVE-2025-49630-deb-ubuntu-noble-V4|DCv21|granite41_30b|blind|P3|60.0|0.0|0|||0|d7|v3,granite41_30b,DCv21,blind,CVE-2025-49630,D7-CVE-2025-49630-deb-ubuntu-noble-V4,V4,under_investigation,fixed,False,False,False,first_pass,0.0,True,7,517,68,1.0,0.0,0.0,0.0,0.0
D7-CVE-2025-49630-deb-ubuntu-noble-V4|DCv21|granite41_30b|tracker|P3|60.0|0.0|0|||0|d7|v3,granite41_30b,DCv21,tracker,CVE-2025-49630,D7-CVE-2025-49630-deb-ubuntu-noble-V4,V4,fixed,fixed,True,False,False,first_pass,0.0,True,5,343,49,1.0,1.0,1.0,0.0,0.0
D7-CVE-2025-49630-deb-ubuntu-noble-V4|DCv21|granite41_30b|withheld|P3|60.0|0.0|0|||0|d7|v3,granite41_30b,DCv21,withheld,CVE-2025-49630,D7-CVE-2025-49630-deb-ubuntu-noble-V4,V4,under_investigation,fixed,False,False,False,first_pass,0.0,True,7,517,68,1.0,0.0,0.0,0.0,0.0
D7-CVE-2025-49630-deb-ubuntu-noble-V4|DC|granite41_30b|blind|P3|60.0|0.0|0|||0|d7|v3,granite41_30b,DC,blind,CVE-2025-49630,D7-CVE-2025-49630-deb-ubuntu-noble-V4,V4,under_investigation,fixed,False,False,False,n/a,0.0,True,4,343,48,1.0,0.5,0.5,0.0,0.0
D7-CVE-2025-49630-deb-ubuntu-noble-V4|DC|granite41_30b|tracker|P3|60.0|0.0|0|||0|d7|v3,granite41_30b,DC,tracker,CVE-2025-49630,D7-CVE-2025-49630-deb-ubuntu-noble-V4,V4,fixed,fixed,True,False,False,n/a,0.0,True,3,193,29,1.0,1.0,1.0,0.0,0.0
D7-CVE-2025-49630-deb-ubuntu-noble-V4|DC|granite41_30b|withheld|P3|60.0|0.0|0|||0|d7|v3,granite41_30b,DC,withheld,CVE-2025-49630,D7-CVE-2025-49630-deb-ubuntu-noble-V4,V4,under_investigation,fixed,False,False,False,n/a,0.0,True,4,342,47,1.0,0.5,0.5,0.0,0.0
D7-CVE-2025-49812-deb-ubuntu-noble-V2|DCv21|gemma4_31b|blind|P3|60.0|0.0|0|||0|d7|v3,gemma4_31b,DCv21,blind,CVE-2025-49812,D7-CVE-2025-49812-deb-ubuntu-noble-V2,V2,under_investigation,affected,False,False,False,fallback,1.0,True,6,239,20,1.0,1.0,1.0,0.0,0.0
D7-CVE-2025-49812-deb-ubuntu-noble-V2|DCv21|gemma4_31b|tracker|P3|60.0|0.0|0|||0|d7|v3,gemma4_31b,DCv21,tracker,CVE-2025-49812,D7-CVE-2025-49812-deb-ubuntu-noble-V2,V2,affected,affected,True,False,False,first_pass,0.0,True,5,346,40,1.0,1.0,1.0,0.0,0.0
D7-CVE-2025-49812-deb-ubuntu-noble-V2|DCv21|gemma4_31b|withheld|P3|60.0|0.0|0|||0|d7|v3,gemma4_31b,DCv21,withheld,CVE-2025-49812,D7-CVE-2025-49812-deb-ubuntu-noble-V2,V2,under_investigation,affected,False,False,False,fallback,1.0,True,7,239,20,1.0,1.0,1.0,0.0,0.0
D7-CVE-2025-49812-deb-ubuntu-noble-V2|DC|gemma4_31b|blind|P3|60.0|0.0|0|||0|d7|v3,gemma4_31b,DC,blind,CVE-2025-49812,D7-CVE-2025-49812-deb-ubuntu-noble-V2,V2,under_investigation,affected,False,False,False,n/a,0.0,True,4,281,41,1.0,1.0,1.0,0.0,0.0
D7-CVE-2025-49812-deb-ubuntu-noble-V2|DC|gemma4_31b|tracker|P3|60.0|0.0|0|||0|d7|v3,gemma4_31b,DC,tracker,CVE-2025-49812,D7-CVE-2025-49812-deb-ubuntu-noble-V2,V2,affected,affected,True,False,False,n/a,0.0,True,5,241,36,1.0,1.0,1.0,0.0,0.0
D7-CVE-2025-49812-deb-ubuntu-noble-V2|DC|gemma4_31b|withheld|P3|60.0|0.0|0|||0|d7|v3,gemma4_31b,DC,withheld,CVE-2025-49812,D7-CVE-2025-49812-deb-ubuntu-noble-V2,V2,under_investigation,affected,False,False,False,n/a,0.0,True,4,281,41,1.0,1.0,1.0,0.0,0.0
D7-CVE-2025-49812-deb-ubuntu-noble-V6|DCv21|granite41_8b|blind|P3|60.0|0.0|0|||0|d7|v3,granite41_8b,DCv21,blind,CVE-2025-49812,D7-CVE-2025-49812-deb-ubuntu-noble-V6,V6,not_affected,not_affected,True,False,False,first_pass,0.0,True,5,373,52,1.0,0.5,0.5,0.5,0.0
D7-CVE-2025-49812-deb-ubuntu-noble-V6|DCv21|granite41_8b|tracker|P3|60.0|0.0|0|||0|d7|v3,granite41_8b,DCv21,tracker,CVE-2025-49812,D7-CVE-2025-49812-deb-ubuntu-noble-V6,V6,not_affected,not_affected,True,False,False,repaired,0.0,True,6,415,62,1.0,1.0,1.0,0.0,0.0
D7-CVE-2025-49812-deb-ubuntu-noble-V6|DCv21|granite41_8b|withheld|P3|60.0|0.0|0|||0|d7|v3,granite41_8b,DCv21,withheld,CVE-2025-49812,D7-CVE-2025-49812-deb-ubuntu-noble-V6,V6,not_affected,not_affected,True,False,False,first_pass,0.0,True,5,373,52,1.0,0.5,0.5,0.5,0.0
D7-CVE-2025-49812-deb-ubuntu-noble-V6|DC|granite41_8b|blind|P3|60.0|0.0|0|||0|d7|v3,granite41_8b,DC,blind,CVE-2025-49812,D7-CVE-2025-49812-deb-ubuntu-noble-V6,V6,not_affected,not_affected,True,False,False,n/a,0.0,True,4,354,52,1.0,1.0,1.0,0.0,0.0
D7-CVE-2025-49812-deb-ubuntu-noble-V6|DC|granite41_8b|tracker|P3|60.0|0.0|0|||0|d7|v3,granite41_8b,DC,tracker,CVE-2025-49812,D7-CVE-2025-49812-deb-ubuntu-noble-V6,V6,not_affected,not_affected,True,False,False,n/a,0.0,True,4,414,61,1.0,1.0,1.0,0.0,0.0
D7-CVE-2025-49812-deb-ubuntu-noble-V6|DC|granite41_8b|withheld|P3|60.0|0.0|0|||0|d7|v3,granite41_8b,DC,withheld,CVE-2025-49812,D7-CVE-2025-49812-deb-ubuntu-noble-V6,V6,not_affected,not_affected,True,False,False,n/a,0.0,True,4,405,62,1.0,1.0,1.0,0.0,0.0
D7-CVE-2025-8714-deb-ubuntu-jammy-V2|DCv21|granite41_8b|blind|P3|60.0|0.0|0|||0|d7|v3,granite41_8b,DCv21,blind,CVE-2025-8714,D7-CVE-2025-8714-deb-ubuntu-jammy-V2,V2,under_investigation,affected,False,False,False,repaired,0.0,True,5,594,79,1.0,1.0,1.0,0.0,0.0
D7-CVE-2025-8714-deb-ubuntu-jammy-V2|DCv21|granite41_8b|tracker|P3|60.0|0.0|0|||0|d7|v3,granite41_8b,DCv21,tracker,CVE-2025-8714,D7-CVE-2025-8714-deb-ubuntu-jammy-V2,V2,affected,affected,True,False,False,fallback,1.0,True,1,79,9,1.0,1.0,1.0,0.0,0.0
D7-CVE-2025-8714-deb-ubuntu-jammy-V2|DCv21|granite41_8b|withheld|P3|60.0|0.0|0|||0|d7|v3,granite41_8b,DCv21,withheld,CVE-2025-8714,D7-CVE-2025-8714-deb-ubuntu-jammy-V2,V2,under_investigation,affected,False,False,False,repaired,0.0,True,3,469,64,1.0,1.0,1.0,0.0,0.0
D7-CVE-2025-8714-deb-ubuntu-jammy-V2|DC|granite41_8b|blind|P3|60.0|0.0|0|||0|d7|v3,granite41_8b,DC,blind,CVE-2025-8714,D7-CVE-2025-8714-deb-ubuntu-jammy-V2,V2,under_investigation,affected,False,False,False,n/a,0.0,True,6,500,68,1.0,1.0,1.0,0.0,0.0
D7-CVE-2025-8714-deb-ubuntu-jammy-V2|DC|granite41_8b|tracker|P3|60.0|0.0|0|||0|d7|v3,granite41_8b,DC,tracker,CVE-2025-8714,D7-CVE-2025-8714-deb-ubuntu-jammy-V2,V2,affected,affected,True,False,False,n/a,0.0,True,7,452,68,1.0,1.0,1.0,0.0,0.0
D7-CVE-2025-8714-deb-ubuntu-jammy-V2|DC|granite41_8b|withheld|P3|60.0|0.0|0|||0|d7|v3,granite41_8b,DC,withheld,CVE-2025-8714,D7-CVE-2025-8714-deb-ubuntu-jammy-V2,V2,under_investigation,affected,False,False,False,n/a,0.0,True,5,449,63,1.0,1.0,1.0,0.0,0.0
D7-CVE-2026-10051-maven-jammy-V7|DCv21|gemma4_31b|blind|P3|60.0|0.0|0|||0|d7|v3,gemma4_31b,DCv21,blind,CVE-2026-10051,D7-CVE-2026-10051-maven-jammy-V7,V7,under_investigation,affected,False,False,False,repaired,0.0,True,5,255,31,1.0,0.5,0.5,0.5,0.0
D7-CVE-2026-10051-maven-jammy-V7|DCv21|gemma4_31b|tracker|P3|60.0|0.0|0|||0|d7|v3,gemma4_31b,DCv21,tracker,CVE-2026-10051,D7-CVE-2026-10051-maven-jammy-V7,V7,affected,affected,True,False,False,first_pass,0.0,True,6,301,41,1.0,1.0,1.0,0.0,0.0
D7-CVE-2026-10051-maven-jammy-V7|DCv21|gemma4_31b|withheld|P3|60.0|0.0|0|||0|d7|v3,gemma4_31b,DCv21,withheld,CVE-2026-10051,D7-CVE-2026-10051-maven-jammy-V7,V7,under_investigation,affected,False,False,False,repaired,0.0,True,4,257,35,1.0,1.0,1.0,0.0,0.0
D7-CVE-2026-10051-maven-jammy-V7|DC|gemma4_31b|blind|P3|60.0|0.0|0|||0|d7|v3,gemma4_31b,DC,blind,CVE-2026-10051,D7-CVE-2026-10051-maven-jammy-V7,V7,under_investigation,affected,False,False,False,n/a,0.0,True,4,295,43,1.0,1.0,1.0,0.0,0.0
D7-CVE-2026-10051-maven-jammy-V7|DC|gemma4_31b|tracker|P3|60.0|0.0|0|||0|d7|v3,gemma4_31b,DC,tracker,CVE-2026-10051,D7-CVE-2026-10051-maven-jammy-V7,V7,affected,affected,True,False,False,n/a,0.0,True,3,210,32,1.0,1.0,1.0,0.0,0.0
D7-CVE-2026-10051-maven-jammy-V7|DC|gemma4_31b|withheld|P3|60.0|0.0|0|||0|d7|v3,gemma4_31b,DC,withheld,CVE-2026-10051,D7-CVE-2026-10051-maven-jammy-V7,V7,under_investigation,affected,False,False,False,n/a,0.0,True,4,295,43,1.0,1.0,1.0,0.0,0.0
D7-CVE-2026-10051-maven-noble-V1|DCv21|qwen3_14b|blind|P3|60.0|0.0|0|||0|d7|v3,qwen3_14b,DCv21,blind,CVE-2026-10051,D7-CVE-2026-10051-maven-noble-V1,V1,not_affected,not_affected,True,False,False,first_pass,0.0,True,3,351,47,1.0,0.3333333333333333,0.6666666666666666,0.3333333333333333,0.0
D7-CVE-2026-10051-maven-noble-V1|DCv21|qwen3_14b|tracker|P3|60.0|0.0|0|||0|d7|v3,qwen3_14b,DCv21,tracker,CVE-2026-10051,D7-CVE-2026-10051-maven-noble-V1,V1,not_affected,not_affected,True,False,False,fallback,1.0,True,2,179,20,1.0,1.0,1.0,0.0,0.0
D7-CVE-2026-10051-maven-noble-V1|DCv21|qwen3_14b|withheld|P3|60.0|0.0|0|||0|d7|v3,qwen3_14b,DCv21,withheld,CVE-2026-10051,D7-CVE-2026-10051-maven-noble-V1,V1,not_affected,not_affected,True,False,False,first_pass,0.0,True,3,351,47,1.0,0.3333333333333333,0.6666666666666666,0.3333333333333333,0.0
D7-CVE-2026-10051-maven-noble-V1|DC|qwen3_14b|blind|P3|60.0|0.0|0|||0|d7|v3,qwen3_14b,DC,blind,CVE-2026-10051,D7-CVE-2026-10051-maven-noble-V1,V1,not_affected,not_affected,True,False,False,n/a,0.0,True,4,395,57,1.0,1.0,1.0,0.0,0.0
D7-CVE-2026-10051-maven-noble-V1|DC|qwen3_14b|tracker|P3|60.0|0.0|0|||0|d7|v3,qwen3_14b,DC,tracker,CVE-2026-10051,D7-CVE-2026-10051-maven-noble-V1,V1,not_affected,not_affected,True,False,False,n/a,0.0,True,4,395,57,1.0,1.0,1.0,0.0,0.0
D7-CVE-2026-10051-maven-noble-V1|DC|qwen3_14b|withheld|P3|60.0|0.0|0|||0|d7|v3,qwen3_14b,DC,withheld,CVE-2026-10051,D7-CVE-2026-10051-maven-noble-V1,V1,not_affected,not_affected,True,False,False,n/a,0.0,True,4,395,57,1.0,1.0,1.0,0.0,0.0
D7-CVE-2026-10051-maven-noble-V6|DCv21|granite41_8b|blind|P3|60.0|0.0|0|||0|d7|v3,granite41_8b,DCv21,blind,CVE-2026-10051,D7-CVE-2026-10051-maven-noble-V6,V6,not_affected,not_affected,True,False,False,first_pass,0.0,True,4,426,57,1.0,0.5,0.5,0.5,0.0
D7-CVE-2026-10051-maven-noble-V6|DCv21|granite41_8b|tracker|P3|60.0|0.0|0|||0|d7|v3,granite41_8b,DCv21,tracker,CVE-2026-10051,D7-CVE-2026-10051-maven-noble-V6,V6,not_affected,not_affected,True,False,False,fallback,1.0,True,2,179,20,1.0,1.0,1.0,0.0,0.0
D7-CVE-2026-10051-maven-noble-V6|DCv21|granite41_8b|withheld|P3|60.0|0.0|0|||0|d7|v3,granite41_8b,DCv21,withheld,CVE-2026-10051,D7-CVE-2026-10051-maven-noble-V6,V6,not_affected,not_affected,True,False,False,first_pass,0.0,True,4,426,57,1.0,0.5,0.5,0.5,0.0
D7-CVE-2026-10051-maven-noble-V6|DC|granite41_8b|blind|P3|60.0|0.0|0|||0|d7|v3,granite41_8b,DC,blind,CVE-2026-10051,D7-CVE-2026-10051-maven-noble-V6,V6,not_affected,not_affected,True,False,False,n/a,0.0,True,6,447,69,1.0,1.0,1.0,0.0,0.0
D7-CVE-2026-10051-maven-noble-V6|DC|granite41_8b|tracker|P3|60.0|0.0|0|||0|d7|v3,granite41_8b,DC,tracker,CVE-2026-10051,D7-CVE-2026-10051-maven-noble-V6,V6,not_affected,not_affected,True,False,False,n/a,0.0,True,5,436,65,1.0,1.0,1.0,0.0,0.0
D7-CVE-2026-10051-maven-noble-V6|DC|granite41_8b|withheld|P3|60.0|0.0|0|||0|d7|v3,granite41_8b,DC,withheld,CVE-2026-10051,D7-CVE-2026-10051-maven-noble-V6,V6,not_affected,not_affected,True,False,False,n/a,0.0,True,6,415,65,1.0,1.0,1.0,0.0,0.0
D7-CVE-2026-12969-deb-ubuntu-jammy-V2|DCv21|mistral_small_24b|blind|P3|60.0|0.0|0|||0|d7|v3,mistral_small_24b,DCv21,blind,CVE-2026-12969,D7-CVE-2026-12969-deb-ubuntu-jammy-V2,V2,under_investigation,affected,False,False,False,repaired,0.0,True,3,444,57,1.0,1.0,1.0,0.0,0.0
D7-CVE-2026-12969-deb-ubuntu-jammy-V2|DCv21|mistral_small_24b|tracker|P3|60.0|0.0|0|||0|d7|v3,mistral_small_24b,DCv21,tracker,CVE-2026-12969,D7-CVE-2026-12969-deb-ubuntu-jammy-V2,V2,affected,affected,True,False,False,first_pass,0.0,True,4,295,40,1.0,1.0,1.0,0.0,0.0
D7-CVE-2026-12969-deb-ubuntu-jammy-V2|DCv21|mistral_small_24b|withheld|P3|60.0|0.0|0|||0|d7|v3,mistral_small_24b,DCv21,withheld,CVE-2026-12969,D7-CVE-2026-12969-deb-ubuntu-jammy-V2,V2,under_investigation,affected,False,False,False,repaired,0.0,True,5,414,53,1.0,1.0,1.0,0.0,0.0
D7-CVE-2026-12969-deb-ubuntu-jammy-V2|DC|mistral_small_24b|blind|P3|60.0|0.0|0|||0|d7|v3,mistral_small_24b,DC,blind,CVE-2026-12969,D7-CVE-2026-12969-deb-ubuntu-jammy-V2,V2,under_investigation,affected,False,False,False,n/a,0.0,True,5,422,56,1.0,1.0,1.0,0.0,0.0
D7-CVE-2026-12969-deb-ubuntu-jammy-V2|DC|mistral_small_24b|tracker|P3|60.0|0.0|0|||0|d7|v3,mistral_small_24b,DC,tracker,CVE-2026-12969,D7-CVE-2026-12969-deb-ubuntu-jammy-V2,V2,affected,affected,True,False,False,n/a,0.0,True,5,359,54,1.0,1.0,1.0,0.0,0.0
D7-CVE-2026-12969-deb-ubuntu-jammy-V2|DC|mistral_small_24b|withheld|P3|60.0|0.0|0|||0|d7|v3,mistral_small_24b,DC,withheld,CVE-2026-12969,D7-CVE-2026-12969-deb-ubuntu-jammy-V2,V2,under_investigation,affected,False,False,False,n/a,0.0,True,5,422,56,1.0,1.0,1.0,0.0,0.0
D7-CVE-2026-12969-deb-ubuntu-jammy-V6|DCv21|llama31_8b|blind|P3|60.0|0.0|0|||0|d7|v3,llama31_8b,DCv21,blind,CVE-2026-12969,D7-CVE-2026-12969-deb-ubuntu-jammy-V6,V6,not_affected,not_affected,True,False,False,first_pass,0.0,True,2,434,69,1.0,1.0,1.0,0.0,0.0
D7-CVE-2026-12969-deb-ubuntu-jammy-V6|DCv21|llama31_8b|tracker|P3|60.0|0.0|0|||0|d7|v3,llama31_8b,DCv21,tracker,CVE-2026-12969,D7-CVE-2026-12969-deb-ubuntu-jammy-V6,V6,not_affected,not_affected,True,False,False,first_pass,0.0,True,4,461,63,1.0,1.0,1.0,0.0,0.0
D7-CVE-2026-12969-deb-ubuntu-jammy-V6|DCv21|llama31_8b|withheld|P3|60.0|0.0|0|||0|d7|v3,llama31_8b,DCv21,withheld,CVE-2026-12969,D7-CVE-2026-12969-deb-ubuntu-jammy-V6,V6,not_affected,not_affected,True,False,False,first_pass,0.0,True,2,433,68,1.0,1.0,1.0,0.0,0.0
D7-CVE-2026-12969-deb-ubuntu-jammy-V6|DC|llama31_8b|blind|P3|60.0|0.0|0|||0|d7|v3,llama31_8b,DC,blind,CVE-2026-12969,D7-CVE-2026-12969-deb-ubuntu-jammy-V6,V6,not_affected,not_affected,True,False,False,n/a,0.0,True,3,380,59,1.0,1.0,1.0,0.0,0.0
D7-CVE-2026-12969-deb-ubuntu-jammy-V6|DC|llama31_8b|tracker|P3|60.0|0.0|0|||0|d7|v3,llama31_8b,DC,tracker,CVE-2026-12969,D7-CVE-2026-12969-deb-ubuntu-jammy-V6,V6,not_affected,not_affected,True,False,False,n/a,0.0,True,3,397,61,1.0,1.0,1.0,0.0,0.0
D7-CVE-2026-12969-deb-ubuntu-jammy-V6|DC|llama31_8b|withheld|P3|60.0|0.0|0|||0|d7|v3,llama31_8b,DC,withheld,CVE-2026-12969,D7-CVE-2026-12969-deb-ubuntu-jammy-V6,V6,not_affected,not_affected,True,False,False,n/a,0.0,True,3,385,58,1.0,1.0,1.0,0.0,0.0
D7-CVE-2026-12969-deb-ubuntu-noble-V2|DCv21|qwen3_4b|blind|P3|60.0|0.0|0|||0|d7|v3,qwen3_4b,DCv21,blind,CVE-2026-12969,D7-CVE-2026-12969-deb-ubuntu-noble-V2,V2,under_investigation,affected,False,False,False,repaired,0.0,True,4,296,41,1.0,1.0,1.0,0.0,0.0
D7-CVE-2026-12969-deb-ubuntu-noble-V2|DCv21|qwen3_4b|tracker|P3|60.0|0.0|0|||0|d7|v3,qwen3_4b,DCv21,tracker,CVE-2026-12969,D7-CVE-2026-12969-deb-ubuntu-noble-V2,V2,affected,affected,True,False,False,fallback,1.0,True,1,73,9,1.0,1.0,1.0,0.0,0.0
D7-CVE-2026-12969-deb-ubuntu-noble-V2|DCv21|qwen3_4b|withheld|P3|60.0|0.0|0|||0|d7|v3,qwen3_4b,DCv21,withheld,CVE-2026-12969,D7-CVE-2026-12969-deb-ubuntu-noble-V2,V2,under_investigation,affected,False,False,False,repaired,0.0,True,4,296,41,1.0,1.0,1.0,0.0,0.0
D7-CVE-2026-12969-deb-ubuntu-noble-V2|DC|qwen3_4b|blind|P3|60.0|0.0|0|||0|d7|v3,qwen3_4b,DC,blind,CVE-2026-12969,D7-CVE-2026-12969-deb-ubuntu-noble-V2,V2,under_investigation,affected,False,False,False,n/a,0.0,True,5,326,52,1.0,1.0,1.0,0.0,0.0
D7-CVE-2026-12969-deb-ubuntu-noble-V2|DC|qwen3_4b|tracker|P3|60.0|0.0|0|||0|d7|v3,qwen3_4b,DC,tracker,CVE-2026-12969,D7-CVE-2026-12969-deb-ubuntu-noble-V2,V2,affected,affected,True,False,False,n/a,0.0,True,4,338,51,1.0,1.0,1.0,0.0,0.0
D7-CVE-2026-12969-deb-ubuntu-noble-V2|DC|qwen3_4b|withheld|P3|60.0|0.0|0|||0|d7|v3,qwen3_4b,DC,withheld,CVE-2026-12969,D7-CVE-2026-12969-deb-ubuntu-noble-V2,V2,under_investigation,affected,False,False,False,n/a,0.0,True,6,313,48,1.0,1.0,1.0,0.0,0.0
D7-CVE-2026-13221-deb-ubuntu-noble-V2|DCv21|granite41_8b|blind|P3|60.0|0.0|0|||0|d7|v3,granite41_8b,DCv21,blind,CVE-2026-13221,D7-CVE-2026-13221-deb-ubuntu-noble-V2,V2,under_investigation,affected,False,False,False,first_pass,0.0,True,6,667,87,1.0,0.0,0.0,0.0,0.0
D7-CVE-2026-13221-deb-ubuntu-noble-V2|DCv21|granite41_8b|tracker|P3|60.0|0.0|0|||0|d7|v3,granite41_8b,DCv21,tracker,CVE-2026-13221,D7-CVE-2026-13221-deb-ubuntu-noble-V2,V2,affected,affected,True,False,False,repaired,0.0,True,4,334,42,1.0,1.0,1.0,0.0,0.0
D7-CVE-2026-13221-deb-ubuntu-noble-V2|DCv21|granite41_8b|withheld|P3|60.0|0.0|0|||0|d7|v3,granite41_8b,DCv21,withheld,CVE-2026-13221,D7-CVE-2026-13221-deb-ubuntu-noble-V2,V2,under_investigation,affected,False,False,False,first_pass,0.0,True,6,667,87,1.0,0.0,0.0,0.0,0.0
D7-CVE-2026-13221-deb-ubuntu-noble-V2|DC|granite41_8b|blind|P3|60.0|0.0|0|||0|d7|v3,granite41_8b,DC,blind,CVE-2026-13221,D7-CVE-2026-13221-deb-ubuntu-noble-V2,V2,under_investigation,affected,False,False,False,n/a,0.0,True,4,440,60,1.0,1.0,1.0,0.0,0.0
D7-CVE-2026-13221-deb-ubuntu-noble-V2|DC|granite41_8b|tracker|P3|60.0|0.0|0|||0|d7|v3,granite41_8b,DC,tracker,CVE-2026-13221,D7-CVE-2026-13221-deb-ubuntu-noble-V2,V2,affected,affected,True,False,False,n/a,0.0,True,7,483,71,1.0,1.0,1.0,0.0,0.0
D7-CVE-2026-13221-deb-ubuntu-noble-V2|DC|granite41_8b|withheld|P3|60.0|0.0|0|||0|d7|v3,granite41_8b,DC,withheld,CVE-2026-13221,D7-CVE-2026-13221-deb-ubuntu-noble-V2,V2,under_investigation,affected,False,False,False,n/a,0.0,True,4,440,60,1.0,1.0,1.0,0.0,0.0
D7-CVE-2026-13221-deb-ubuntu-noble-V4|DCv21|qwen3_14b|blind|P3|60.0|0.0|0|||0|d7|v3,qwen3_14b,DCv21,blind,CVE-2026-13221,D7-CVE-2026-13221-deb-ubuntu-noble-V4,V4,under_investigation,fixed,False,False,False,repaired,0.0,True,6,455,63,1.0,1.0,1.0,0.0,0.0
D7-CVE-2026-13221-deb-ubuntu-noble-V4|DCv21|qwen3_14b|tracker|P3|60.0|0.0|0|||0|d7|v3,qwen3_14b,DCv21,tracker,CVE-2026-13221,D7-CVE-2026-13221-deb-ubuntu-noble-V4,V4,fixed,fixed,True,False,False,first_pass,0.0,True,5,399,58,1.0,1.0,1.0,0.0,0.0
D7-CVE-2026-13221-deb-ubuntu-noble-V4|DCv21|qwen3_14b|withheld|P3|60.0|0.0|0|||0|d7|v3,qwen3_14b,DCv21,withheld,CVE-2026-13221,D7-CVE-2026-13221-deb-ubuntu-noble-V4,V4,under_investigation,fixed,False,False,False,repaired,0.0,True,6,436,60,1.0,1.0,1.0,0.0,0.0
D7-CVE-2026-13221-deb-ubuntu-noble-V4|DC|qwen3_14b|blind|P3|60.0|0.0|0|||0|d7|v3,qwen3_14b,DC,blind,CVE-2026-13221,D7-CVE-2026-13221-deb-ubuntu-noble-V4,V4,under_investigation,fixed,False,False,False,n/a,0.0,True,3,364,52,1.0,1.0,1.0,0.0,0.0
D7-CVE-2026-13221-deb-ubuntu-noble-V4|DC|qwen3_14b|tracker|P3|60.0|0.0|0|||0|d7|v3,qwen3_14b,DC,tracker,CVE-2026-13221,D7-CVE-2026-13221-deb-ubuntu-noble-V4,V4,fixed,fixed,True,False,False,n/a,0.0,True,4,347,53,1.0,1.0,1.0,0.0,0.0
D7-CVE-2026-13221-deb-ubuntu-noble-V4|DC|qwen3_14b|withheld|P3|60.0|0.0|0|||0|d7|v3,qwen3_14b,DC,withheld,CVE-2026-13221,D7-CVE-2026-13221-deb-ubuntu-noble-V4,V4,under_investigation,fixed,False,False,False,n/a,0.0,True,3,364,52,1.0,1.0,1.0,0.0,0.0
D7-CVE-2026-2340-deb-ubuntu-jammy-V6|DCv21|mistral_small_24b|blind|P3|60.0|0.0|0|||0|d7|v3,mistral_small_24b,DCv21,blind,CVE-2026-2340,D7-CVE-2026-2340-deb-ubuntu-jammy-V6,V6,not_affected,not_affected,True,False,False,first_pass,0.0,True,2,288,37,1.0,1.0,1.0,0.0,0.0
D7-CVE-2026-2340-deb-ubuntu-jammy-V6|DCv21|mistral_small_24b|tracker|P3|60.0|0.0|0|||0|d7|v3,mistral_small_24b,DCv21,tracker,CVE-2026-2340,D7-CVE-2026-2340-deb-ubuntu-jammy-V6,V6,not_affected,not_affected,True,False,False,first_pass,0.0,True,4,346,45,1.0,1.0,1.0,0.0,0.0
D7-CVE-2026-2340-deb-ubuntu-jammy-V6|DCv21|mistral_small_24b|withheld|P3|60.0|0.0|0|||0|d7|v3,mistral_small_24b,DCv21,withheld,CVE-2026-2340,D7-CVE-2026-2340-deb-ubuntu-jammy-V6,V6,not_affected,not_affected,True,False,False,first_pass,0.0,True,2,288,37,1.0,1.0,1.0,0.0,0.0
D7-CVE-2026-2340-deb-ubuntu-jammy-V6|DC|mistral_small_24b|blind|P3|60.0|0.0|0|||0|d7|v3,mistral_small_24b,DC,blind,CVE-2026-2340,D7-CVE-2026-2340-deb-ubuntu-jammy-V6,V6,not_affected,not_affected,True,False,False,n/a,0.0,True,3,321,42,1.0,1.0,1.0,0.0,0.0
D7-CVE-2026-2340-deb-ubuntu-jammy-V6|DC|mistral_small_24b|tracker|P3|60.0|0.0|0|||0|d7|v3,mistral_small_24b,DC,tracker,CVE-2026-2340,D7-CVE-2026-2340-deb-ubuntu-jammy-V6,V6,not_affected,not_affected,True,False,False,n/a,0.0,True,3,322,42,1.0,1.0,1.0,0.0,0.0
D7-CVE-2026-2340-deb-ubuntu-jammy-V6|DC|mistral_small_24b|withheld|P3|60.0|0.0|0|||0|d7|v3,mistral_small_24b,DC,withheld,CVE-2026-2340,D7-CVE-2026-2340-deb-ubuntu-jammy-V6,V6,not_affected,not_affected,True,False,False,n/a,0.0,True,3,321,42,1.0,1.0,1.0,0.0,0.0
D7-CVE-2026-2340-deb-ubuntu-noble-V1|DCv21|granite41_30b|blind|P3|60.0|0.0|0|||0|d7|v3,granite41_30b,DCv21,blind,CVE-2026-2340,D7-CVE-2026-2340-deb-ubuntu-noble-V1,V1,not_affected,not_affected,True,False,False,first_pass,0.0,True,4,349,52,1.0,1.0,1.0,0.0,0.0
D7-CVE-2026-2340-deb-ubuntu-noble-V1|DCv21|granite41_30b|tracker|P3|60.0|0.0|0|||0|d7|v3,granite41_30b,DCv21,tracker,CVE-2026-2340,D7-CVE-2026-2340-deb-ubuntu-noble-V1,V1,not_affected,not_affected,True,False,False,first_pass,0.0,True,4,557,82,1.0,1.0,1.0,0.0,0.0
D7-CVE-2026-2340-deb-ubuntu-noble-V1|DCv21|granite41_30b|withheld|P3|60.0|0.0|0|||0|d7|v3,granite41_30b,DCv21,withheld,CVE-2026-2340,D7-CVE-2026-2340-deb-ubuntu-noble-V1,V1,not_affected,not_affected,True,False,False,first_pass,0.0,True,4,349,52,1.0,1.0,1.0,0.0,0.0
D7-CVE-2026-2340-deb-ubuntu-noble-V1|DC|granite41_30b|blind|P3|60.0|0.0|0|||0|d7|v3,granite41_30b,DC,blind,CVE-2026-2340,D7-CVE-2026-2340-deb-ubuntu-noble-V1,V1,not_affected,not_affected,True,False,False,n/a,0.0,True,3,287,41,1.0,1.0,1.0,0.0,0.0
D7-CVE-2026-2340-deb-ubuntu-noble-V1|DC|granite41_30b|tracker|P3|60.0|0.0|0|||0|d7|v3,granite41_30b,DC,tracker,CVE-2026-2340,D7-CVE-2026-2340-deb-ubuntu-noble-V1,V1,not_affected,not_affected,True,False,False,n/a,0.0,True,3,287,41,1.0,1.0,1.0,0.0,0.0
D7-CVE-2026-2340-deb-ubuntu-noble-V1|DC|granite41_30b|withheld|P3|60.0|0.0|0|||0|d7|v3,granite41_30b,DC,withheld,CVE-2026-2340,D7-CVE-2026-2340-deb-ubuntu-noble-V1,V1,not_affected,not_affected,True,False,False,n/a,0.0,True,3,287,41,1.0,1.0,1.0,0.0,0.0
D7-CVE-2026-24072-deb-ubuntu-noble-V1|DCv21|qwen3_4b|blind|P3|60.0|0.0|0|||0|d7|v3,qwen3_4b,DCv21,blind,CVE-2026-24072,D7-CVE-2026-24072-deb-ubuntu-noble-V1,V1,not_affected,not_affected,True,False,False,first_pass,0.0,True,2,311,51,1.0,1.0,1.0,0.0,0.0
D7-CVE-2026-24072-deb-ubuntu-noble-V1|DCv21|qwen3_4b|tracker|P3|60.0|0.0|0|||0|d7|v3,qwen3_4b,DCv21,tracker,CVE-2026-24072,D7-CVE-2026-24072-deb-ubuntu-noble-V1,V1,not_affected,not_affected,True,False,False,first_pass,0.0,True,4,281,44,1.0,0.3333333333333333,0.6666666666666666,0.3333333333333333,0.0
D7-CVE-2026-24072-deb-ubuntu-noble-V1|DCv21|qwen3_4b|withheld|P3|60.0|0.0|0|||0|d7|v3,qwen3_4b,DCv21,withheld,CVE-2026-24072,D7-CVE-2026-24072-deb-ubuntu-noble-V1,V1,not_affected,not_affected,True,False,False,repaired,0.0,True,3,232,35,1.0,1.0,1.0,0.0,0.0
D7-CVE-2026-24072-deb-ubuntu-noble-V1|DC|qwen3_4b|blind|P3|60.0|0.0|0|||0|d7|v3,qwen3_4b,DC,blind,CVE-2026-24072,D7-CVE-2026-24072-deb-ubuntu-noble-V1,V1,not_affected,not_affected,True,False,False,n/a,0.0,True,2,279,42,1.0,1.0,1.0,0.0,0.0
D7-CVE-2026-24072-deb-ubuntu-noble-V1|DC|qwen3_4b|tracker|P3|60.0|0.0|0|||0|d7|v3,qwen3_4b,DC,tracker,CVE-2026-24072,D7-CVE-2026-24072-deb-ubuntu-noble-V1,V1,not_affected,not_affected,True,False,False,n/a,0.0,True,5,328,51,1.0,1.0,1.0,0.0,0.0
D7-CVE-2026-24072-deb-ubuntu-noble-V1|DC|qwen3_4b|withheld|P3|60.0|0.0|0|||0|d7|v3,qwen3_4b,DC,withheld,CVE-2026-24072,D7-CVE-2026-24072-deb-ubuntu-noble-V1,V1,not_affected,not_affected,True,False,False,n/a,0.0,True,2,255,37,1.0,1.0,1.0,0.0,0.0
D7-CVE-2026-29167-vendor-jammy-V3|DCv21|gemma4_31b|blind|P3|60.0|0.0|0|||0|d7|v3,gemma4_31b,DCv21,blind,CVE-2026-29167,D7-CVE-2026-29167-vendor-jammy-V3,V3,under_investigation,fixed,False,False,False,repaired,0.0,True,3,204,24,1.0,1.0,1.0,0.0,0.0
D7-CVE-2026-29167-vendor-jammy-V3|DCv21|gemma4_31b|tracker|P3|60.0|0.0|0|||0|d7|v3,gemma4_31b,DCv21,tracker,CVE-2026-29167,D7-CVE-2026-29167-vendor-jammy-V3,V3,under_investigation,fixed,False,False,False,repaired,0.0,True,4,314,49,1.0,1.0,1.0,0.0,0.0
D7-CVE-2026-29167-vendor-jammy-V3|DCv21|gemma4_31b|withheld|P3|60.0|0.0|0|||0|d7|v3,gemma4_31b,DCv21,withheld,CVE-2026-29167,D7-CVE-2026-29167-vendor-jammy-V3,V3,under_investigation,fixed,False,False,False,repaired,0.0,True,3,204,24,1.0,1.0,1.0,0.0,0.0
D7-CVE-2026-29167-vendor-jammy-V3|DC|gemma4_31b|blind|P3|60.0|0.0|0|||0|d7|v3,gemma4_31b,DC,blind,CVE-2026-29167,D7-CVE-2026-29167-vendor-jammy-V3,V3,under_investigation,fixed,False,False,False,n/a,0.0,True,4,246,38,1.0,1.0,1.0,0.0,0.0
D7-CVE-2026-29167-vendor-jammy-V3|DC|gemma4_31b|tracker|P3|60.0|0.0|0|||0|d7|v3,gemma4_31b,DC,tracker,CVE-2026-29167,D7-CVE-2026-29167-vendor-jammy-V3,V3,fixed,fixed,True,False,False,n/a,0.0,True,4,265,41,1.0,1.0,1.0,0.0,0.0
D7-CVE-2026-29167-vendor-jammy-V3|DC|gemma4_31b|withheld|P3|60.0|0.0|0|||0|d7|v3,gemma4_31b,DC,withheld,CVE-2026-29167,D7-CVE-2026-29167-vendor-jammy-V3,V3,under_investigation,fixed,False,False,False,n/a,0.0,True,4,290,42,1.0,1.0,1.0,0.0,0.0
D7-CVE-2026-29167-vendor-noble-V8|DCv21|llama31_8b|blind|P3|60.0|0.0|0|||0|d7|v3,llama31_8b,DCv21,blind,CVE-2026-29167,D7-CVE-2026-29167-vendor-noble-V8,V8,under_investigation,affected,False,False,False,fallback,1.0,True,3,147,13,1.0,1.0,1.0,0.0,0.0
D7-CVE-2026-29167-vendor-noble-V8|DCv21|llama31_8b|tracker|P3|60.0|0.0|0|||0|d7|v3,llama31_8b,DCv21,tracker,CVE-2026-29167,D7-CVE-2026-29167-vendor-noble-V8,V8,affected,affected,True,False,False,repaired,0.0,True,4,271,42,1.0,1.0,1.0,0.0,0.0
D7-CVE-2026-29167-vendor-noble-V8|DCv21|llama31_8b|withheld|P3|60.0|0.0|0|||0|d7|v3,llama31_8b,DCv21,withheld,CVE-2026-29167,D7-CVE-2026-29167-vendor-noble-V8,V8,under_investigation,affected,False,False,False,fallback,1.0,True,3,147,13,1.0,1.0,1.0,0.0,0.0
D7-CVE-2026-29167-vendor-noble-V8|DC|llama31_8b|blind|P3|60.0|0.0|0|||0|d7|v3,llama31_8b,DC,blind,CVE-2026-29167,D7-CVE-2026-29167-vendor-noble-V8,V8,under_investigation,affected,False,False,False,n/a,0.0,True,4,379,56,1.0,1.0,1.0,0.0,0.0
D7-CVE-2026-29167-vendor-noble-V8|DC|llama31_8b|tracker|P3|60.0|0.0|0|||0|d7|v3,llama31_8b,DC,tracker,CVE-2026-29167,D7-CVE-2026-29167-vendor-noble-V8,V8,affected,affected,True,False,False,n/a,0.0,True,3,451,65,1.0,0.0,0.0,1.0,0.0
D7-CVE-2026-29167-vendor-noble-V8|DC|llama31_8b|withheld|P3|60.0|0.0|0|||0|d7|v3,llama31_8b,DC,withheld,CVE-2026-29167,D7-CVE-2026-29167-vendor-noble-V8,V8,under_investigation,affected,False,False,False,n/a,0.0,True,4,379,56,1.0,1.0,1.0,0.0,0.0
D7-CVE-2026-40110-pypi-jammy-V2|DCv21|qwen3_4b|blind|P3|60.0|0.0|0|||0|d7|v3,qwen3_4b,DCv21,blind,CVE-2026-40110,D7-CVE-2026-40110-pypi-jammy-V2,V2,under_investigation,affected,False,False,False,repaired,0.0,True,3,214,31,1.0,1.0,1.0,0.0,0.0
D7-CVE-2026-40110-pypi-jammy-V2|DCv21|qwen3_4b|tracker|P3|60.0|0.0|0|||0|d7|v3,qwen3_4b,DCv21,tracker,CVE-2026-40110,D7-CVE-2026-40110-pypi-jammy-V2,V2,affected,affected,True,False,False,first_pass,0.0,True,5,316,36,1.0,1.0,1.0,0.0,0.0
D7-CVE-2026-40110-pypi-jammy-V2|DCv21|qwen3_4b|withheld|P3|60.0|0.0|0|||0|d7|v3,qwen3_4b,DCv21,withheld,CVE-2026-40110,D7-CVE-2026-40110-pypi-jammy-V2,V2,under_investigation,affected,False,False,False,repaired,0.0,True,3,214,31,1.0,1.0,1.0,0.0,0.0
D7-CVE-2026-40110-pypi-jammy-V2|DC|qwen3_4b|blind|P3|60.0|0.0|0|||0|d7|v3,qwen3_4b,DC,blind,CVE-2026-40110,D7-CVE-2026-40110-pypi-jammy-V2,V2,under_investigation,affected,False,False,False,n/a,0.0,True,4,319,48,1.0,1.0,1.0,0.0,0.0
D7-CVE-2026-40110-pypi-jammy-V2|DC|qwen3_4b|tracker|P3|60.0|0.0|0|||0|d7|v3,qwen3_4b,DC,tracker,CVE-2026-40110,D7-CVE-2026-40110-pypi-jammy-V2,V2,affected,affected,True,False,False,n/a,0.0,True,4,279,42,1.0,1.0,1.0,0.0,0.0
D7-CVE-2026-40110-pypi-jammy-V2|DC|qwen3_4b|withheld|P3|60.0|0.0|0|||0|d7|v3,qwen3_4b,DC,withheld,CVE-2026-40110,D7-CVE-2026-40110-pypi-jammy-V2,V2,under_investigation,affected,False,False,False,n/a,0.0,True,5,372,56,1.0,1.0,1.0,0.0,0.0
D7-CVE-2026-40110-pypi-noble-V2-b2|DCv21|granite41_30b|blind|P3|60.0|0.0|0|||0|d7|v3,granite41_30b,DCv21,blind,CVE-2026-40110,D7-CVE-2026-40110-pypi-noble-V2-b2,V2,under_investigation,affected,False,False,False,first_pass,0.0,True,8,485,71,1.0,0.0,0.0,1.0,0.0
D7-CVE-2026-40110-pypi-noble-V2-b2|DCv21|granite41_30b|tracker|P3|60.0|0.0|0|||0|d7|v3,granite41_30b,DCv21,tracker,CVE-2026-40110,D7-CVE-2026-40110-pypi-noble-V2-b2,V2,affected,affected,True,False,False,repaired,0.0,True,5,381,51,1.0,1.0,1.0,0.0,0.0
D7-CVE-2026-40110-pypi-noble-V2-b2|DCv21|granite41_30b|withheld|P3|60.0|0.0|0|||0|d7|v3,granite41_30b,DCv21,withheld,CVE-2026-40110,D7-CVE-2026-40110-pypi-noble-V2-b2,V2,under_investigation,affected,False,False,False,repaired,0.0,True,5,452,61,1.0,1.0,1.0,0.0,0.0
D7-CVE-2026-40110-pypi-noble-V2-b2|DC|granite41_30b|blind|P3|60.0|0.0|0|||0|d7|v3,granite41_30b,DC,blind,CVE-2026-40110,D7-CVE-2026-40110-pypi-noble-V2-b2,V2,under_investigation,affected,False,False,False,n/a,0.0,True,2,447,73,1.0,1.0,1.0,0.0,0.0
D7-CVE-2026-40110-pypi-noble-V2-b2|DC|granite41_30b|tracker|P3|60.0|0.0|0|||0|d7|v3,granite41_30b,DC,tracker,CVE-2026-40110,D7-CVE-2026-40110-pypi-noble-V2-b2,V2,affected,affected,True,False,False,n/a,0.0,True,4,341,51,1.0,1.0,1.0,0.0,0.0
D7-CVE-2026-40110-pypi-noble-V2-b2|DC|granite41_30b|withheld|P3|60.0|0.0|0|||0|d7|v3,granite41_30b,DC,withheld,CVE-2026-40110,D7-CVE-2026-40110-pypi-noble-V2-b2,V2,under_investigation,affected,False,False,False,n/a,0.0,True,2,447,73,1.0,1.0,1.0,0.0,0.0
D7-CVE-2026-41848-maven-jammy-V1|DCv21|qwen3_14b|blind|P3|60.0|0.0|0|||0|d7|v3,qwen3_14b,DCv21,blind,CVE-2026-41848,D7-CVE-2026-41848-maven-jammy-V1,V1,not_affected,not_affected,True,False,False,first_pass,0.0,True,3,351,44,1.0,1.0,1.0,0.0,0.0
D7-CVE-2026-41848-maven-jammy-V1|DCv21|qwen3_14b|tracker|P3|60.0|0.0|0|||0|d7|v3,qwen3_14b,DCv21,tracker,CVE-2026-41848,D7-CVE-2026-41848-maven-jammy-V1,V1,not_affected,not_affected,True,False,False,first_pass,0.0,True,4,350,47,1.0,1.0,1.0,0.0,0.0
D7-CVE-2026-41848-maven-jammy-V1|DCv21|qwen3_14b|withheld|P3|60.0|0.0|0|||0|d7|v3,qwen3_14b,DCv21,withheld,CVE-2026-41848,D7-CVE-2026-41848-maven-jammy-V1,V1,not_affected,not_affected,True,False,False,first_pass,0.0,True,3,388,52,1.0,1.0,1.0,0.0,0.0
D7-CVE-2026-41848-maven-jammy-V1|DC|qwen3_14b|blind|P3|60.0|0.0|0|||0|d7|v3,qwen3_14b,DC,blind,CVE-2026-41848,D7-CVE-2026-41848-maven-jammy-V1,V1,not_affected,not_affected,True,False,False,n/a,0.0,True,2,325,50,1.0,1.0,1.0,0.0,0.0
D7-CVE-2026-41848-maven-jammy-V1|DC|qwen3_14b|tracker|P3|60.0|0.0|0|||0|d7|v3,qwen3_14b,DC,tracker,CVE-2026-41848,D7-CVE-2026-41848-maven-jammy-V1,V1,not_affected,not_affected,True,False,False,n/a,0.0,True,2,313,48,1.0,1.0,1.0,0.0,0.0
D7-CVE-2026-41848-maven-jammy-V1|DC|qwen3_14b|withheld|P3|60.0|0.0|0|||0|d7|v3,qwen3_14b,DC,withheld,CVE-2026-41848,D7-CVE-2026-41848-maven-jammy-V1,V1,not_affected,not_affected,True,False,False,n/a,0.0,True,2,325,50,1.0,1.0,1.0,0.0,0.0
D7-CVE-2026-41848-maven-jammy-V6|DCv21|llama31_8b|blind|P3|60.0|0.0|0|||0|d7|v3,llama31_8b,DCv21,blind,CVE-2026-41848,D7-CVE-2026-41848-maven-jammy-V6,V6,not_affected,not_affected,True,False,False,first_pass,0.0,True,3,409,56,1.0,1.0,1.0,0.0,0.0
D7-CVE-2026-41848-maven-jammy-V6|DCv21|llama31_8b|tracker|P3|60.0|0.0|0|||0|d7|v3,llama31_8b,DCv21,tracker,CVE-2026-41848,D7-CVE-2026-41848-maven-jammy-V6,V6,not_affected,not_affected,True,False,False,first_pass,0.0,True,4,468,62,1.0,1.0,1.0,0.0,0.0
D7-CVE-2026-41848-maven-jammy-V6|DCv21|llama31_8b|withheld|P3|60.0|0.0|0|||0|d7|v3,llama31_8b,DCv21,withheld,CVE-2026-41848,D7-CVE-2026-41848-maven-jammy-V6,V6,not_affected,not_affected,True,False,False,first_pass,0.0,True,3,426,59,1.0,1.0,1.0,0.0,0.0
D7-CVE-2026-41848-maven-jammy-V6|DC|llama31_8b|blind|P3|60.0|0.0|0|||0|d7|v3,llama31_8b,DC,blind,CVE-2026-41848,D7-CVE-2026-41848-maven-jammy-V6,V6,not_affected,not_affected,True,False,False,n/a,0.0,True,3,396,61,1.0,1.0,1.0,0.0,0.0
D7-CVE-2026-41848-maven-jammy-V6|DC|llama31_8b|tracker|P3|60.0|0.0|0|||0|d7|v3,llama31_8b,DC,tracker,CVE-2026-41848,D7-CVE-2026-41848-maven-jammy-V6,V6,not_affected,not_affected,True,False,False,n/a,0.0,True,3,385,61,1.0,1.0,1.0,0.0,0.0
D7-CVE-2026-41848-maven-jammy-V6|DC|llama31_8b|withheld|P3|60.0|0.0|0|||0|d7|v3,llama31_8b,DC,withheld,CVE-2026-41848,D7-CVE-2026-41848-maven-jammy-V6,V6,not_affected,not_affected,True,False,False,n/a,0.0,True,3,407,64,1.0,1.0,1.0,0.0,0.0
D7-CVE-2026-41848-maven-noble-V2-b2|DCv21|gemma4_31b|blind|P3|60.0|0.0|0|||0|d7|v3,gemma4_31b,DCv21,blind,CVE-2026-41848,D7-CVE-2026-41848-maven-noble-V2-b2,V2,under_investigation,affected,False,False,False,repaired,0.0,True,5,222,29,1.0,1.0,1.0,0.0,0.0
D7-CVE-2026-41848-maven-noble-V2-b2|DCv21|gemma4_31b|tracker|P3|60.0|0.0|0|||0|d7|v3,gemma4_31b,DCv21,tracker,CVE-2026-41848,D7-CVE-2026-41848-maven-noble-V2-b2,V2,affected,affected,True,False,False,first_pass,0.0,True,3,279,38,1.0,1.0,1.0,0.0,0.0
D7-CVE-2026-41848-maven-noble-V2-b2|DCv21|gemma4_31b|withheld|P3|60.0|0.0|0|||0|d7|v3,gemma4_31b,DCv21,withheld,CVE-2026-41848,D7-CVE-2026-41848-maven-noble-V2-b2,V2,under_investigation,affected,False,False,False,repaired,0.0,True,5,222,29,1.0,1.0,1.0,0.0,0.0
D7-CVE-2026-41848-maven-noble-V2-b2|DC|gemma4_31b|blind|P3|60.0|0.0|0|||0|d7|v3,gemma4_31b,DC,blind,CVE-2026-41848,D7-CVE-2026-41848-maven-noble-V2-b2,V2,under_investigation,affected,False,False,False,n/a,0.0,True,2,265,42,1.0,1.0,1.0,0.0,0.0
D7-CVE-2026-41848-maven-noble-V2-b2|DC|gemma4_31b|tracker|P3|60.0|0.0|0|||0|d7|v3,gemma4_31b,DC,tracker,CVE-2026-41848,D7-CVE-2026-41848-maven-noble-V2-b2,V2,affected,affected,True,False,False,n/a,0.0,True,4,210,32,1.0,1.0,1.0,0.0,0.0
D7-CVE-2026-41848-maven-noble-V2-b2|DC|gemma4_31b|withheld|P3|60.0|0.0|0|||0|d7|v3,gemma4_31b,DC,withheld,CVE-2026-41848,D7-CVE-2026-41848-maven-noble-V2-b2,V2,under_investigation,affected,False,False,False,n/a,0.0,True,5,191,29,1.0,0.5,0.5,0.0,0.0
D7-CVE-2026-41848-maven-noble-V7|DCv21|gemma4_31b|blind|P3|60.0|0.0|0|||0|d7|v3,gemma4_31b,DCv21,blind,CVE-2026-41848,D7-CVE-2026-41848-maven-noble-V7,V7,under_investigation,affected,False,False,False,repaired,0.0,True,4,238,30,1.0,1.0,1.0,0.0,0.0
D7-CVE-2026-41848-maven-noble-V7|DCv21|gemma4_31b|tracker|P3|60.0|0.0|0|||0|d7|v3,gemma4_31b,DCv21,tracker,CVE-2026-41848,D7-CVE-2026-41848-maven-noble-V7,V7,affected,affected,True,False,False,first_pass,0.0,True,5,251,34,1.0,1.0,1.0,0.0,0.0
D7-CVE-2026-41848-maven-noble-V7|DCv21|gemma4_31b|withheld|P3|60.0|0.0|0|||0|d7|v3,gemma4_31b,DCv21,withheld,CVE-2026-41848,D7-CVE-2026-41848-maven-noble-V7,V7,under_investigation,affected,False,False,False,repaired,0.0,True,5,238,30,1.0,1.0,1.0,0.0,0.0
D7-CVE-2026-41848-maven-noble-V7|DC|gemma4_31b|blind|P3|60.0|0.0|0|||0|d7|v3,gemma4_31b,DC,blind,CVE-2026-41848,D7-CVE-2026-41848-maven-noble-V7,V7,under_investigation,affected,False,False,False,n/a,0.0,True,4,240,39,1.0,1.0,1.0,0.0,0.0
D7-CVE-2026-41848-maven-noble-V7|DC|gemma4_31b|tracker|P3|60.0|0.0|0|||0|d7|v3,gemma4_31b,DC,tracker,CVE-2026-41848,D7-CVE-2026-41848-maven-noble-V7,V7,affected,affected,True,False,False,n/a,0.0,True,3,210,32,1.0,1.0,1.0,0.0,0.0
D7-CVE-2026-41848-maven-noble-V7|DC|gemma4_31b|withheld|P3|60.0|0.0|0|||0|d7|v3,gemma4_31b,DC,withheld,CVE-2026-41848,D7-CVE-2026-41848-maven-noble-V7,V7,under_investigation,affected,False,False,False,n/a,0.0,True,3,225,36,1.0,1.0,1.0,0.0,0.0
D7-CVE-2026-42198-maven-jammy-V2-b2|DCv21|granite41_30b|blind|P3|60.0|0.0|0|||0|d7|v3,granite41_30b,DCv21,blind,CVE-2026-42198,D7-CVE-2026-42198-maven-jammy-V2-b2,V2,under_investigation,affected,False,False,False,first_pass,0.0,True,6,382,43,1.0,0.0,0.0,0.0,0.0
D7-CVE-2026-42198-maven-jammy-V2-b2|DCv21|granite41_30b|tracker|P3|60.0|0.0|0|||0|d7|v3,granite41_30b,DCv21,tracker,CVE-2026-42198,D7-CVE-2026-42198-maven-jammy-V2-b2,V2,affected,affected,True,False,False,first_pass,0.0,True,7,434,63,1.0,0.0,0.0,0.5,0.0
D7-CVE-2026-42198-maven-jammy-V2-b2|DCv21|granite41_30b|withheld|P3|60.0|0.0|0|||0|d7|v3,granite41_30b,DCv21,withheld,CVE-2026-42198,D7-CVE-2026-42198-maven-jammy-V2-b2,V2,under_investigation,affected,False,False,False,repaired,0.0,True,5,394,44,1.0,1.0,1.0,0.0,0.0
D7-CVE-2026-42198-maven-jammy-V2-b2|DC|granite41_30b|blind|P3|60.0|0.0|0|||0|d7|v3,granite41_30b,DC,blind,CVE-2026-42198,D7-CVE-2026-42198-maven-jammy-V2-b2,V2,under_investigation,affected,False,False,False,n/a,0.0,True,4,378,53,1.0,1.0,1.0,0.0,0.0
D7-CVE-2026-42198-maven-jammy-V2-b2|DC|granite41_30b|tracker|P3|60.0|0.0|0|||0|d7|v3,granite41_30b,DC,tracker,CVE-2026-42198,D7-CVE-2026-42198-maven-jammy-V2-b2,V2,affected,affected,True,False,False,n/a,0.0,True,4,324,48,1.0,1.0,1.0,0.0,0.0
D7-CVE-2026-42198-maven-jammy-V2-b2|DC|granite41_30b|withheld|P3|60.0|0.0|0|||0|d7|v3,granite41_30b,DC,withheld,CVE-2026-42198,D7-CVE-2026-42198-maven-jammy-V2-b2,V2,under_investigation,affected,False,False,False,n/a,0.0,True,4,370,53,1.0,1.0,1.0,0.0,0.0
D7-CVE-2026-42198-maven-noble-V1|DCv21|mistral_small_24b|blind|P3|60.0|0.0|0|||0|d7|v3,mistral_small_24b,DCv21,blind,CVE-2026-42198,D7-CVE-2026-42198-maven-noble-V1,V1,not_affected,not_affected,True,False,False,first_pass,0.0,True,3,341,44,1.0,0.6666666666666666,0.6666666666666666,0.3333333333333333,0.0
D7-CVE-2026-42198-maven-noble-V1|DCv21|mistral_small_24b|tracker|P3|60.0|0.0|0|||0|d7|v3,mistral_small_24b,DCv21,tracker,CVE-2026-42198,D7-CVE-2026-42198-maven-noble-V1,V1,not_affected,not_affected,True,False,False,fallback,1.0,True,2,174,20,1.0,1.0,1.0,0.0,0.0
D7-CVE-2026-42198-maven-noble-V1|DCv21|mistral_small_24b|withheld|P3|60.0|0.0|0|||0|d7|v3,mistral_small_24b,DCv21,withheld,CVE-2026-42198,D7-CVE-2026-42198-maven-noble-V1,V1,not_affected,not_affected,True,False,False,first_pass,0.0,True,3,341,44,1.0,0.6666666666666666,0.6666666666666666,0.3333333333333333,0.0
D7-CVE-2026-42198-maven-noble-V1|DC|mistral_small_24b|blind|P3|60.0|0.0|0|||0|d7|v3,mistral_small_24b,DC,blind,CVE-2026-42198,D7-CVE-2026-42198-maven-noble-V1,V1,not_affected,not_affected,True,False,False,n/a,0.0,True,2,374,50,1.0,1.0,1.0,0.0,0.0
D7-CVE-2026-42198-maven-noble-V1|DC|mistral_small_24b|tracker|P3|60.0|0.0|0|||0|d7|v3,mistral_small_24b,DC,tracker,CVE-2026-42198,D7-CVE-2026-42198-maven-noble-V1,V1,not_affected,not_affected,True,False,False,n/a,0.0,True,2,373,50,1.0,1.0,1.0,0.0,0.0
D7-CVE-2026-42198-maven-noble-V1|DC|mistral_small_24b|withheld|P3|60.0|0.0|0|||0|d7|v3,mistral_small_24b,DC,withheld,CVE-2026-42198,D7-CVE-2026-42198-maven-noble-V1,V1,not_affected,not_affected,True,False,False,n/a,0.0,True,2,374,50,1.0,1.0,1.0,0.0,0.0
D7-CVE-2026-42198-maven-noble-V2|DCv21|qwen3_4b|blind|P3|60.0|0.0|0|||0|d7|v3,qwen3_4b,DCv21,blind,CVE-2026-42198,D7-CVE-2026-42198-maven-noble-V2,V2,under_investigation,affected,False,False,False,repaired,0.0,True,4,334,43,1.0,1.0,1.0,0.0,0.0
D7-CVE-2026-42198-maven-noble-V2|DCv21|qwen3_4b|tracker|P3|60.0|0.0|0|||0|d7|v3,qwen3_4b,DCv21,tracker,CVE-2026-42198,D7-CVE-2026-42198-maven-noble-V2,V2,affected,affected,True,False,False,first_pass,0.0,True,5,349,52,1.0,1.0,1.0,0.0,0.0
D7-CVE-2026-42198-maven-noble-V2|DCv21|qwen3_4b|withheld|P3|60.0|0.0|0|||0|d7|v3,qwen3_4b,DCv21,withheld,CVE-2026-42198,D7-CVE-2026-42198-maven-noble-V2,V2,under_investigation,affected,False,False,False,repaired,0.0,True,4,334,43,1.0,1.0,1.0,0.0,0.0
D7-CVE-2026-42198-maven-noble-V2|DC|qwen3_4b|blind|P3|60.0|0.0|0|||0|d7|v3,qwen3_4b,DC,blind,CVE-2026-42198,D7-CVE-2026-42198-maven-noble-V2,V2,under_investigation,affected,False,False,False,n/a,0.0,True,5,320,48,1.0,1.0,1.0,0.0,0.0
D7-CVE-2026-42198-maven-noble-V2|DC|qwen3_4b|tracker|P3|60.0|0.0|0|||0|d7|v3,qwen3_4b,DC,tracker,CVE-2026-42198,D7-CVE-2026-42198-maven-noble-V2,V2,affected,affected,True,False,False,n/a,0.0,True,4,238,36,1.0,1.0,1.0,0.0,0.0
D7-CVE-2026-42198-maven-noble-V2|DC|qwen3_4b|withheld|P3|60.0|0.0|0|||0|d7|v3,qwen3_4b,DC,withheld,CVE-2026-42198,D7-CVE-2026-42198-maven-noble-V2,V2,under_investigation,affected,False,False,False,n/a,0.0,True,5,320,48,1.0,1.0,1.0,0.0,0.0
D7-CVE-2026-42308-pypi-jammy-V1|DCv21|llama31_8b|blind|P3|60.0|0.0|0|||0|d7|v3,llama31_8b,DCv21,blind,CVE-2026-42308,D7-CVE-2026-42308-pypi-jammy-V1,V1,not_affected,not_affected,True,False,False,repaired,0.0,True,3,184,29,1.0,0.5,0.5,0.5,0.0
D7-CVE-2026-42308-pypi-jammy-V1|DCv21|llama31_8b|tracker|P3|60.0|0.0|0|||0|d7|v3,llama31_8b,DCv21,tracker,CVE-2026-42308,D7-CVE-2026-42308-pypi-jammy-V1,V1,not_affected,not_affected,True,False,False,first_pass,0.0,True,4,371,53,1.0,1.0,1.0,0.0,0.0
D7-CVE-2026-42308-pypi-jammy-V1|DCv21|llama31_8b|withheld|P3|60.0|0.0|0|||0|d7|v3,llama31_8b,DCv21,withheld,CVE-2026-42308,D7-CVE-2026-42308-pypi-jammy-V1,V1,not_affected,not_affected,True,False,False,repaired,0.0,True,3,184,29,1.0,0.5,0.5,0.5,0.0
D7-CVE-2026-42308-pypi-jammy-V1|DC|llama31_8b|blind|P3|60.0|0.0|0|||0|d7|v3,llama31_8b,DC,blind,CVE-2026-42308,D7-CVE-2026-42308-pypi-jammy-V1,V1,not_affected,not_affected,True,False,False,n/a,0.0,True,5,426,64,1.0,1.0,1.0,0.0,0.0
D7-CVE-2026-42308-pypi-jammy-V1|DC|llama31_8b|tracker|P3|60.0|0.0|0|||0|d7|v3,llama31_8b,DC,tracker,CVE-2026-42308,D7-CVE-2026-42308-pypi-jammy-V1,V1,not_affected,not_affected,True,False,False,n/a,0.0,True,4,351,55,1.0,1.0,1.0,0.0,0.0
D7-CVE-2026-42308-pypi-jammy-V1|DC|llama31_8b|withheld|P3|60.0|0.0|0|||0|d7|v3,llama31_8b,DC,withheld,CVE-2026-42308,D7-CVE-2026-42308-pypi-jammy-V1,V1,not_affected,not_affected,True,False,False,n/a,0.0,True,4,351,55,1.0,1.0,1.0,0.0,0.0
D7-CVE-2026-42308-pypi-noble-V2-b2|DCv21|qwen3_4b|blind|P3|60.0|0.0|0|||0|d7|v3,qwen3_4b,DCv21,blind,CVE-2026-42308,D7-CVE-2026-42308-pypi-noble-V2-b2,V2,under_investigation,affected,False,False,False,first_pass,0.0,True,3,236,36,1.0,0.0,0.0,0.0,0.0
D7-CVE-2026-42308-pypi-noble-V2-b2|DCv21|qwen3_4b|tracker|P3|60.0|0.0|0|||0|d7|v3,qwen3_4b,DCv21,tracker,CVE-2026-42308,D7-CVE-2026-42308-pypi-noble-V2-b2,V2,affected,affected,True,False,False,repaired,0.0,True,5,254,40,1.0,1.0,1.0,0.0,0.0
D7-CVE-2026-42308-pypi-noble-V2-b2|DCv21|qwen3_4b|withheld|P3|60.0|0.0|0|||0|d7|v3,qwen3_4b,DCv21,withheld,CVE-2026-42308,D7-CVE-2026-42308-pypi-noble-V2-b2,V2,under_investigation,affected,False,False,False,first_pass,0.0,True,3,236,36,1.0,0.0,0.0,0.0,0.0
D7-CVE-2026-42308-pypi-noble-V2-b2|DC|qwen3_4b|blind|P3|60.0|0.0|0|||0|d7|v3,qwen3_4b,DC,blind,CVE-2026-42308,D7-CVE-2026-42308-pypi-noble-V2-b2,V2,under_investigation,affected,False,False,False,n/a,0.0,True,4,267,41,1.0,1.0,1.0,0.0,0.0
D7-CVE-2026-42308-pypi-noble-V2-b2|DC|qwen3_4b|tracker|P3|60.0|0.0|0|||0|d7|v3,qwen3_4b,DC,tracker,CVE-2026-42308,D7-CVE-2026-42308-pypi-noble-V2-b2,V2,affected,affected,True,False,False,n/a,0.0,True,4,234,36,1.0,1.0,1.0,0.0,0.0
D7-CVE-2026-42308-pypi-noble-V2-b2|DC|qwen3_4b|withheld|P3|60.0|0.0|0|||0|d7|v3,qwen3_4b,DC,withheld,CVE-2026-42308,D7-CVE-2026-42308-pypi-noble-V2-b2,V2,under_investigation,affected,False,False,False,n/a,0.0,True,4,267,41,1.0,1.0,1.0,0.0,0.0
D7-CVE-2026-42308-pypi-noble-V6|DCv21|qwen3_14b|blind|P3|60.0|0.0|0|||0|d7|v3,qwen3_14b,DCv21,blind,CVE-2026-42308,D7-CVE-2026-42308-pypi-noble-V6,V6,not_affected,not_affected,True,False,False,first_pass,0.0,True,3,372,54,1.0,1.0,1.0,0.0,0.0
D7-CVE-2026-42308-pypi-noble-V6|DCv21|qwen3_14b|tracker|P3|60.0|0.0|0|||0|d7|v3,qwen3_14b,DCv21,tracker,CVE-2026-42308,D7-CVE-2026-42308-pypi-noble-V6,V6,not_affected,not_affected,True,False,False,first_pass,0.0,True,5,382,57,1.0,1.0,1.0,0.0,0.0
D7-CVE-2026-42308-pypi-noble-V6|DCv21|qwen3_14b|withheld|P3|60.0|0.0|0|||0|d7|v3,qwen3_14b,DCv21,withheld,CVE-2026-42308,D7-CVE-2026-42308-pypi-noble-V6,V6,not_affected,not_affected,True,False,False,first_pass,0.0,True,4,372,54,1.0,1.0,1.0,0.0,0.0
D7-CVE-2026-42308-pypi-noble-V6|DC|qwen3_14b|blind|P3|60.0|0.0|0|||0|d7|v3,qwen3_14b,DC,blind,CVE-2026-42308,D7-CVE-2026-42308-pypi-noble-V6,V6,not_affected,not_affected,True,False,False,n/a,0.0,True,3,379,60,1.0,1.0,1.0,0.0,0.0
D7-CVE-2026-42308-pypi-noble-V6|DC|qwen3_14b|tracker|P3|60.0|0.0|0|||0|d7|v3,qwen3_14b,DC,tracker,CVE-2026-42308,D7-CVE-2026-42308-pypi-noble-V6,V6,not_affected,not_affected,True,False,False,n/a,0.0,True,3,374,58,1.0,1.0,1.0,0.0,0.0
D7-CVE-2026-42308-pypi-noble-V6|DC|qwen3_14b|withheld|P3|60.0|0.0|0|||0|d7|v3,qwen3_14b,DC,withheld,CVE-2026-42308,D7-CVE-2026-42308-pypi-noble-V6,V6,not_affected,not_affected,True,False,False,n/a,0.0,True,3,374,58,1.0,1.0,1.0,0.0,0.0
D7-CVE-2026-42533-deb-ubuntu-noble-V2|DCv21|llama31_8b|blind|P3|60.0|0.0|0|||0|d7|v3,llama31_8b,DCv21,blind,CVE-2026-42533,D7-CVE-2026-42533-deb-ubuntu-noble-V2,V2,under_investigation,affected,False,False,False,first_pass,0.0,True,6,487,71,1.0,0.0,0.0,1.0,0.0
D7-CVE-2026-42533-deb-ubuntu-noble-V2|DCv21|llama31_8b|tracker|P3|60.0|0.0|0|||0|d7|v3,llama31_8b,DCv21,tracker,CVE-2026-42533,D7-CVE-2026-42533-deb-ubuntu-noble-V2,V2,affected,affected,True,False,False,first_pass,0.0,True,5,348,54,1.0,0.0,0.0,1.0,0.0
D7-CVE-2026-42533-deb-ubuntu-noble-V2|DCv21|llama31_8b|withheld|P3|60.0|0.0|0|||0|d7|v3,llama31_8b,DCv21,withheld,CVE-2026-42533,D7-CVE-2026-42533-deb-ubuntu-noble-V2,V2,under_investigation,affected,False,False,False,first_pass,0.0,True,6,487,71,1.0,0.0,0.0,1.0,0.0
D7-CVE-2026-42533-deb-ubuntu-noble-V2|DC|llama31_8b|blind|P3|60.0|0.0|0|||0|d7|v3,llama31_8b,DC,blind,CVE-2026-42533,D7-CVE-2026-42533-deb-ubuntu-noble-V2,V2,under_investigation,affected,False,False,False,n/a,0.0,True,3,445,67,1.0,1.0,1.0,0.0,0.0
D7-CVE-2026-42533-deb-ubuntu-noble-V2|DC|llama31_8b|tracker|P3|60.0|0.0|0|||0|d7|v3,llama31_8b,DC,tracker,CVE-2026-42533,D7-CVE-2026-42533-deb-ubuntu-noble-V2,V2,affected,affected,True,False,False,n/a,0.0,True,5,446,68,1.0,0.0,0.0,0.5,0.0
D7-CVE-2026-42533-deb-ubuntu-noble-V2|DC|llama31_8b|withheld|P3|60.0|0.0|0|||0|d7|v3,llama31_8b,DC,withheld,CVE-2026-42533,D7-CVE-2026-42533-deb-ubuntu-noble-V2,V2,under_investigation,affected,False,False,False,n/a,0.0,True,2,423,62,1.0,1.0,1.0,0.0,0.0
D7-CVE-2026-42533-deb-ubuntu-noble-V3|DCv21|qwen3_14b|blind|P3|60.0|0.0|0|||0|d7|v3,qwen3_14b,DCv21,blind,CVE-2026-42533,D7-CVE-2026-42533-deb-ubuntu-noble-V3,V3,under_investigation,fixed,False,False,False,repaired,0.0,True,4,349,51,1.0,1.0,1.0,0.0,0.0
D7-CVE-2026-42533-deb-ubuntu-noble-V3|DCv21|qwen3_14b|tracker|P3|60.0|0.0|0|||0|d7|v3,qwen3_14b,DCv21,tracker,CVE-2026-42533,D7-CVE-2026-42533-deb-ubuntu-noble-V3,V3,fixed,fixed,True,False,False,first_pass,0.0,True,4,379,57,1.0,1.0,1.0,0.0,0.0
D7-CVE-2026-42533-deb-ubuntu-noble-V3|DCv21|qwen3_14b|withheld|P3|60.0|0.0|0|||0|d7|v3,qwen3_14b,DCv21,withheld,CVE-2026-42533,D7-CVE-2026-42533-deb-ubuntu-noble-V3,V3,under_investigation,fixed,False,False,False,repaired,0.0,True,5,411,60,1.0,0.6666666666666666,0.6666666666666666,0.0,0.0
D7-CVE-2026-42533-deb-ubuntu-noble-V3|DC|qwen3_14b|blind|P3|60.0|0.0|0|||0|d7|v3,qwen3_14b,DC,blind,CVE-2026-42533,D7-CVE-2026-42533-deb-ubuntu-noble-V3,V3,under_investigation,fixed,False,False,False,n/a,0.0,True,3,377,59,1.0,1.0,1.0,0.0,0.0
D7-CVE-2026-42533-deb-ubuntu-noble-V3|DC|qwen3_14b|tracker|P3|60.0|0.0|0|||0|d7|v3,qwen3_14b,DC,tracker,CVE-2026-42533,D7-CVE-2026-42533-deb-ubuntu-noble-V3,V3,fixed,fixed,True,False,False,n/a,0.0,True,3,310,49,1.0,1.0,1.0,0.0,0.0
D7-CVE-2026-42533-deb-ubuntu-noble-V3|DC|qwen3_14b|withheld|P3|60.0|0.0|0|||0|d7|v3,qwen3_14b,DC,withheld,CVE-2026-42533,D7-CVE-2026-42533-deb-ubuntu-noble-V3,V3,under_investigation,fixed,False,False,False,n/a,0.0,True,3,377,59,1.0,1.0,1.0,0.0,0.0
D7-CVE-2026-42533-deb-ubuntu-noble-V6|DCv21|qwen3_4b|blind|P3|60.0|0.0|0|||0|d7|v3,qwen3_4b,DCv21,blind,CVE-2026-42533,D7-CVE-2026-42533-deb-ubuntu-noble-V6,V6,not_affected,not_affected,True,False,False,first_pass,0.0,True,2,257,40,1.0,1.0,1.0,0.0,0.0
D7-CVE-2026-42533-deb-ubuntu-noble-V6|DCv21|qwen3_4b|tracker|P3|60.0|0.0|0|||0|d7|v3,qwen3_4b,DCv21,tracker,CVE-2026-42533,D7-CVE-2026-42533-deb-ubuntu-noble-V6,V6,not_affected,not_affected,True,False,False,first_pass,0.0,True,3,279,42,1.0,1.0,1.0,0.0,0.0
D7-CVE-2026-42533-deb-ubuntu-noble-V6|DCv21|qwen3_4b|withheld|P3|60.0|0.0|0|||0|d7|v3,qwen3_4b,DCv21,withheld,CVE-2026-42533,D7-CVE-2026-42533-deb-ubuntu-noble-V6,V6,not_affected,not_affected,True,False,False,first_pass,0.0,True,2,257,40,1.0,1.0,1.0,0.0,0.0
D7-CVE-2026-42533-deb-ubuntu-noble-V6|DC|qwen3_4b|blind|P3|60.0|0.0|0|||0|d7|v3,qwen3_4b,DC,blind,CVE-2026-42533,D7-CVE-2026-42533-deb-ubuntu-noble-V6,V6,not_affected,not_affected,True,False,False,n/a,0.0,True,2,260,38,1.0,1.0,1.0,0.0,0.0
D7-CVE-2026-42533-deb-ubuntu-noble-V6|DC|qwen3_4b|tracker|P3|60.0|0.0|0|||0|d7|v3,qwen3_4b,DC,tracker,CVE-2026-42533,D7-CVE-2026-42533-deb-ubuntu-noble-V6,V6,not_affected,not_affected,True,False,False,n/a,0.0,True,2,255,37,1.0,1.0,1.0,0.0,0.0
D7-CVE-2026-42533-deb-ubuntu-noble-V6|DC|qwen3_4b|withheld|P3|60.0|0.0|0|||0|d7|v3,qwen3_4b,DC,withheld,CVE-2026-42533,D7-CVE-2026-42533-deb-ubuntu-noble-V6,V6,not_affected,not_affected,True,False,False,n/a,0.0,True,2,260,38,1.0,1.0,1.0,0.0,0.0
D7-CVE-2026-42561-pypi-jammy-V2|DCv21|gemma4_31b|blind|P3|60.0|0.0|0|||0|d7|v3,gemma4_31b,DCv21,blind,CVE-2026-42561,D7-CVE-2026-42561-pypi-jammy-V2,V2,under_investigation,affected,False,False,False,repaired,0.0,True,5,282,33,1.0,1.0,1.0,0.0,0.0
D7-CVE-2026-42561-pypi-jammy-V2|DCv21|gemma4_31b|tracker|P3|60.0|0.0|0|||0|d7|v3,gemma4_31b,DCv21,tracker,CVE-2026-42561,D7-CVE-2026-42561-pypi-jammy-V2,V2,affected,affected,True,False,False,first_pass,0.0,True,4,271,40,1.0,1.0,1.0,0.0,0.0
D7-CVE-2026-42561-pypi-jammy-V2|DCv21|gemma4_31b|withheld|P3|60.0|0.0|0|||0|d7|v3,gemma4_31b,DCv21,withheld,CVE-2026-42561,D7-CVE-2026-42561-pypi-jammy-V2,V2,under_investigation,affected,False,False,False,repaired,0.0,True,5,282,33,1.0,1.0,1.0,0.0,0.0
D7-CVE-2026-42561-pypi-jammy-V2|DC|gemma4_31b|blind|P3|60.0|0.0|0|||0|d7|v3,gemma4_31b,DC,blind,CVE-2026-42561,D7-CVE-2026-42561-pypi-jammy-V2,V2,under_investigation,affected,False,False,False,n/a,0.0,True,2,224,36,1.0,1.0,1.0,0.0,0.0
D7-CVE-2026-42561-pypi-jammy-V2|DC|gemma4_31b|tracker|P3|60.0|0.0|0|||0|d7|v3,gemma4_31b,DC,tracker,CVE-2026-42561,D7-CVE-2026-42561-pypi-jammy-V2,V2,affected,affected,True,False,False,n/a,0.0,True,3,212,33,1.0,1.0,1.0,0.0,0.0
D7-CVE-2026-42561-pypi-jammy-V2|DC|gemma4_31b|withheld|P3|60.0|0.0|0|||0|d7|v3,gemma4_31b,DC,withheld,CVE-2026-42561,D7-CVE-2026-42561-pypi-jammy-V2,V2,under_investigation,affected,False,False,False,n/a,0.0,True,4,204,31,1.0,1.0,1.0,0.0,0.0
D7-CVE-2026-42561-pypi-jammy-V3|DCv21|granite41_8b|blind|P3|60.0|0.0|0|||0|d7|v3,granite41_8b,DCv21,blind,CVE-2026-42561,D7-CVE-2026-42561-pypi-jammy-V3,V3,under_investigation,fixed,False,False,False,repaired,0.0,True,4,455,52,1.0,0.0,0.0,0.5,0.0
D7-CVE-2026-42561-pypi-jammy-V3|DCv21|granite41_8b|tracker|P3|60.0|0.0|0|||0|d7|v3,granite41_8b,DCv21,tracker,CVE-2026-42561,D7-CVE-2026-42561-pypi-jammy-V3,V3,fixed,fixed,True,False,False,first_pass,0.0,True,7,414,58,1.0,1.0,1.0,0.0,0.0
D7-CVE-2026-42561-pypi-jammy-V3|DCv21|granite41_8b|withheld|P3|60.0|0.0|0|||0|d7|v3,granite41_8b,DCv21,withheld,CVE-2026-42561,D7-CVE-2026-42561-pypi-jammy-V3,V3,under_investigation,fixed,False,False,False,repaired,0.0,True,3,451,64,1.0,1.0,1.0,0.0,0.0
D7-CVE-2026-42561-pypi-jammy-V3|DC|granite41_8b|blind|P3|60.0|0.0|0|||0|d7|v3,granite41_8b,DC,blind,CVE-2026-42561,D7-CVE-2026-42561-pypi-jammy-V3,V3,under_investigation,fixed,False,False,False,n/a,0.0,True,4,490,70,1.0,1.0,1.0,0.0,0.0
D7-CVE-2026-42561-pypi-jammy-V3|DC|granite41_8b|tracker|P3|60.0|0.0|0|||0|d7|v3,granite41_8b,DC,tracker,CVE-2026-42561,D7-CVE-2026-42561-pypi-jammy-V3,V3,fixed,fixed,True,False,False,n/a,0.0,True,4,384,61,1.0,1.0,1.0,0.0,0.0
D7-CVE-2026-42561-pypi-jammy-V3|DC|granite41_8b|withheld|P3|60.0|0.0|0|||0|d7|v3,granite41_8b,DC,withheld,CVE-2026-42561,D7-CVE-2026-42561-pypi-jammy-V3,V3,under_investigation,fixed,False,False,False,n/a,0.0,True,4,490,70,1.0,1.0,1.0,0.0,0.0
D7-CVE-2026-42561-pypi-noble-V1|DCv21|granite41_8b|blind|P3|60.0|0.0|0|||0|d7|v3,granite41_8b,DCv21,blind,CVE-2026-42561,D7-CVE-2026-42561-pypi-noble-V1,V1,not_affected,not_affected,True,False,False,repaired,0.0,True,4,391,55,1.0,1.0,1.0,0.0,0.0
D7-CVE-2026-42561-pypi-noble-V1|DCv21|granite41_8b|tracker|P3|60.0|0.0|0|||0|d7|v3,granite41_8b,DCv21,tracker,CVE-2026-42561,D7-CVE-2026-42561-pypi-noble-V1,V1,not_affected,not_affected,True,False,False,first_pass,0.0,True,6,572,80,1.0,1.0,1.0,0.0,0.0
D7-CVE-2026-42561-pypi-noble-V1|DCv21|granite41_8b|withheld|P3|60.0|0.0|0|||0|d7|v3,granite41_8b,DCv21,withheld,CVE-2026-42561,D7-CVE-2026-42561-pypi-noble-V1,V1,not_affected,not_affected,True,False,False,repaired,0.0,True,4,384,54,1.0,1.0,1.0,0.0,0.0
D7-CVE-2026-42561-pypi-noble-V1|DC|granite41_8b|blind|P3|60.0|0.0|0|||0|d7|v3,granite41_8b,DC,blind,CVE-2026-42561,D7-CVE-2026-42561-pypi-noble-V1,V1,not_affected,not_affected,True,False,False,n/a,0.0,True,4,439,67,1.0,1.0,1.0,0.0,0.0
D7-CVE-2026-42561-pypi-noble-V1|DC|granite41_8b|tracker|P3|60.0|0.0|0|||0|d7|v3,granite41_8b,DC,tracker,CVE-2026-42561,D7-CVE-2026-42561-pypi-noble-V1,V1,not_affected,not_affected,True,False,False,n/a,0.0,True,4,428,63,1.0,1.0,1.0,0.0,0.0
D7-CVE-2026-42561-pypi-noble-V1|DC|granite41_8b|withheld|P3|60.0|0.0|0|||0|d7|v3,granite41_8b,DC,withheld,CVE-2026-42561,D7-CVE-2026-42561-pypi-noble-V1,V1,not_affected,not_affected,True,False,False,n/a,0.0,True,4,439,67,1.0,1.0,1.0,0.0,0.0
D7-CVE-2026-42561-pypi-noble-V2-b2|DCv21|mistral_small_24b|blind|P3|60.0|0.0|0|||0|d7|v3,mistral_small_24b,DCv21,blind,CVE-2026-42561,D7-CVE-2026-42561-pypi-noble-V2-b2,V2,under_investigation,affected,False,False,False,repaired,0.0,True,4,340,46,1.0,1.0,1.0,0.0,0.0
D7-CVE-2026-42561-pypi-noble-V2-b2|DCv21|mistral_small_24b|tracker|P3|60.0|0.0|0|||0|d7|v3,mistral_small_24b,DCv21,tracker,CVE-2026-42561,D7-CVE-2026-42561-pypi-noble-V2-b2,V2,affected,affected,True,False,False,first_pass,0.0,True,4,386,56,1.0,0.0,0.0,0.3333333333333333,0.0
D7-CVE-2026-42561-pypi-noble-V2-b2|DCv21|mistral_small_24b|withheld|P3|60.0|0.0|0|||0|d7|v3,mistral_small_24b,DCv21,withheld,CVE-2026-42561,D7-CVE-2026-42561-pypi-noble-V2-b2,V2,under_investigation,affected,False,False,False,repaired,0.0,True,4,340,46,1.0,1.0,1.0,0.0,0.0
D7-CVE-2026-42561-pypi-noble-V2-b2|DC|mistral_small_24b|blind|P3|60.0|0.0|0|||0|d7|v3,mistral_small_24b,DC,blind,CVE-2026-42561,D7-CVE-2026-42561-pypi-noble-V2-b2,V2,under_investigation,affected,False,False,False,n/a,0.0,True,5,398,60,1.0,0.6666666666666666,0.6666666666666666,0.3333333333333333,0.0
D7-CVE-2026-42561-pypi-noble-V2-b2|DC|mistral_small_24b|tracker|P3|60.0|0.0|0|||0|d7|v3,mistral_small_24b,DC,tracker,CVE-2026-42561,D7-CVE-2026-42561-pypi-noble-V2-b2,V2,affected,affected,True,False,False,n/a,0.0,True,5,361,55,1.0,1.0,1.0,0.0,0.0
D7-CVE-2026-42561-pypi-noble-V2-b2|DC|mistral_small_24b|withheld|P3|60.0|0.0|0|||0|d7|v3,mistral_small_24b,DC,withheld,CVE-2026-42561,D7-CVE-2026-42561-pypi-noble-V2-b2,V2,under_investigation,affected,False,False,False,n/a,0.0,True,5,398,60,1.0,0.6666666666666666,0.6666666666666666,0.3333333333333333,0.0
D7-CVE-2026-43617-deb-ubuntu-jammy-V2|DCv21|granite41_8b|blind|P3|60.0|0.0|0|||0|d7|v3,granite41_8b,DCv21,blind,CVE-2026-43617,D7-CVE-2026-43617-deb-ubuntu-jammy-V2,V2,under_investigation,affected,False,False,False,repaired,0.0,True,4,395,58,1.0,1.0,1.0,0.0,0.0
D7-CVE-2026-43617-deb-ubuntu-jammy-V2|DCv21|granite41_8b|tracker|P3|60.0|0.0|0|||0|d7|v3,granite41_8b,DCv21,tracker,CVE-2026-43617,D7-CVE-2026-43617-deb-ubuntu-jammy-V2,V2,affected,affected,True,False,False,fallback,1.0,True,1,71,9,1.0,1.0,1.0,0.0,0.0
D7-CVE-2026-43617-deb-ubuntu-jammy-V2|DCv21|granite41_8b|withheld|P3|60.0|0.0|0|||0|d7|v3,granite41_8b,DCv21,withheld,CVE-2026-43617,D7-CVE-2026-43617-deb-ubuntu-jammy-V2,V2,under_investigation,affected,False,False,False,repaired,0.0,True,6,477,63,1.0,1.0,1.0,0.0,0.0
D7-CVE-2026-43617-deb-ubuntu-jammy-V2|DC|granite41_8b|blind|P3|60.0|0.0|0|||0|d7|v3,granite41_8b,DC,blind,CVE-2026-43617,D7-CVE-2026-43617-deb-ubuntu-jammy-V2,V2,under_investigation,affected,False,False,False,n/a,0.0,True,4,446,61,1.0,1.0,1.0,0.0,0.0
D7-CVE-2026-43617-deb-ubuntu-jammy-V2|DC|granite41_8b|tracker|P3|60.0|0.0|0|||0|d7|v3,granite41_8b,DC,tracker,CVE-2026-43617,D7-CVE-2026-43617-deb-ubuntu-jammy-V2,V2,affected,affected,True,False,False,n/a,0.0,True,8,608,95,1.0,1.0,1.0,0.0,0.0
D7-CVE-2026-43617-deb-ubuntu-jammy-V2|DC|granite41_8b|withheld|P3|60.0|0.0|0|||0|d7|v3,granite41_8b,DC,withheld,CVE-2026-43617,D7-CVE-2026-43617-deb-ubuntu-jammy-V2,V2,under_investigation,affected,False,False,False,n/a,0.0,True,4,446,61,1.0,1.0,1.0,0.0,0.0
D7-CVE-2026-43617-deb-ubuntu-jammy-V4|DCv21|llama31_8b|blind|P3|60.0|0.0|0|||0|d7|v3,llama31_8b,DCv21,blind,CVE-2026-43617,D7-CVE-2026-43617-deb-ubuntu-jammy-V4,V4,under_investigation,fixed,False,False,False,first_pass,0.0,True,5,475,69,1.0,0.5,0.5,0.0,0.0
D7-CVE-2026-43617-deb-ubuntu-jammy-V4|DCv21|llama31_8b|tracker|P3|60.0|0.0|0|||0|d7|v3,llama31_8b,DCv21,tracker,CVE-2026-43617,D7-CVE-2026-43617-deb-ubuntu-jammy-V4,V4,fixed,fixed,True,False,False,first_pass,0.0,True,5,485,68,1.0,1.0,1.0,0.0,0.0
D7-CVE-2026-43617-deb-ubuntu-jammy-V4|DCv21|llama31_8b|withheld|P3|60.0|0.0|0|||0|d7|v3,llama31_8b,DCv21,withheld,CVE-2026-43617,D7-CVE-2026-43617-deb-ubuntu-jammy-V4,V4,under_investigation,fixed,False,False,False,first_pass,0.0,True,5,470,69,1.0,0.5,0.5,0.5,0.0
D7-CVE-2026-43617-deb-ubuntu-jammy-V4|DC|llama31_8b|blind|P3|60.0|0.0|0|||0|d7|v3,llama31_8b,DC,blind,CVE-2026-43617,D7-CVE-2026-43617-deb-ubuntu-jammy-V4,V4,under_investigation,fixed,False,False,False,n/a,0.0,True,3,520,78,1.0,0.0,0.0,1.0,0.0
D7-CVE-2026-43617-deb-ubuntu-jammy-V4|DC|llama31_8b|tracker|P3|60.0|0.0|0|||0|d7|v3,llama31_8b,DC,tracker,CVE-2026-43617,D7-CVE-2026-43617-deb-ubuntu-jammy-V4,V4,fixed,fixed,True,False,False,n/a,0.0,True,6,603,88,1.0,1.0,1.0,0.0,0.0
D7-CVE-2026-43617-deb-ubuntu-jammy-V4|DC|llama31_8b|withheld|P3|60.0|0.0|0|||0|d7|v3,llama31_8b,DC,withheld,CVE-2026-43617,D7-CVE-2026-43617-deb-ubuntu-jammy-V4,V4,under_investigation,fixed,False,False,False,n/a,0.0,True,3,519,78,1.0,0.0,0.0,1.0,0.0
D7-CVE-2026-43617-deb-ubuntu-noble-V4|DCv21|qwen3_4b|blind|P3|60.0|0.0|0|||0|d7|v3,qwen3_4b,DCv21,blind,CVE-2026-43617,D7-CVE-2026-43617-deb-ubuntu-noble-V4,V4,under_investigation,fixed,False,False,False,repaired,0.0,True,5,373,58,1.0,0.0,0.0,0.0,0.0
D7-CVE-2026-43617-deb-ubuntu-noble-V4|DCv21|qwen3_4b|tracker|P3|60.0|0.0|0|||0|d7|v3,qwen3_4b,DCv21,tracker,CVE-2026-43617,D7-CVE-2026-43617-deb-ubuntu-noble-V4,V4,fixed,fixed,True,False,False,first_pass,0.0,True,7,432,63,1.0,1.0,1.0,0.0,0.0
D7-CVE-2026-43617-deb-ubuntu-noble-V4|DCv21|qwen3_4b|withheld|P3|60.0|0.0|0|||0|d7|v3,qwen3_4b,DCv21,withheld,CVE-2026-43617,D7-CVE-2026-43617-deb-ubuntu-noble-V4,V4,under_investigation,fixed,False,False,False,repaired,0.0,True,5,373,58,1.0,0.0,0.0,0.0,0.0
D7-CVE-2026-43617-deb-ubuntu-noble-V4|DC|qwen3_4b|blind|P3|60.0|0.0|0|||0|d7|v3,qwen3_4b,DC,blind,CVE-2026-43617,D7-CVE-2026-43617-deb-ubuntu-noble-V4,V4,under_investigation,fixed,False,False,False,n/a,0.0,True,5,302,46,1.0,1.0,1.0,0.0,0.0
D7-CVE-2026-43617-deb-ubuntu-noble-V4|DC|qwen3_4b|tracker|P3|60.0|0.0|0|||0|d7|v3,qwen3_4b,DC,tracker,CVE-2026-43617,D7-CVE-2026-43617-deb-ubuntu-noble-V4,V4,fixed,fixed,True,False,False,n/a,0.0,True,3,246,37,1.0,1.0,1.0,0.0,0.0
D7-CVE-2026-43617-deb-ubuntu-noble-V4|DC|qwen3_4b|withheld|P3|60.0|0.0|0|||0|d7|v3,qwen3_4b,DC,withheld,CVE-2026-43617,D7-CVE-2026-43617-deb-ubuntu-noble-V4,V4,under_investigation,fixed,False,False,False,n/a,0.0,True,5,302,46,1.0,1.0,1.0,0.0,0.0
D7-CVE-2026-45409-pypi-jammy-V2|DCv21|gemma4_31b|blind|P3|60.0|0.0|0|||0|d7|v3,gemma4_31b,DCv21,blind,CVE-2026-45409,D7-CVE-2026-45409-pypi-jammy-V2,V2,under_investigation,affected,False,False,False,repaired,0.0,True,5,193,26,1.0,0.5,0.5,0.0,0.0
D7-CVE-2026-45409-pypi-jammy-V2|DCv21|gemma4_31b|tracker|P3|60.0|0.0|0|||0|d7|v3,gemma4_31b,DCv21,tracker,CVE-2026-45409,D7-CVE-2026-45409-pypi-jammy-V2,V2,affected,affected,True,False,False,first_pass,0.0,True,3,239,36,1.0,1.0,1.0,0.0,0.0
D7-CVE-2026-45409-pypi-jammy-V2|DCv21|gemma4_31b|withheld|P3|60.0|0.0|0|||0|d7|v3,gemma4_31b,DCv21,withheld,CVE-2026-45409,D7-CVE-2026-45409-pypi-jammy-V2,V2,under_investigation,affected,False,False,False,repaired,0.0,True,5,193,26,1.0,0.0,0.0,0.0,0.0
D7-CVE-2026-45409-pypi-jammy-V2|DC|gemma4_31b|blind|P3|60.0|0.0|0|||0|d7|v3,gemma4_31b,DC,blind,CVE-2026-45409,D7-CVE-2026-45409-pypi-jammy-V2,V2,under_investigation,affected,False,False,False,n/a,0.0,True,4,182,28,1.0,1.0,1.0,0.0,0.0
D7-CVE-2026-45409-pypi-jammy-V2|DC|gemma4_31b|tracker|P3|60.0|0.0|0|||0|d7|v3,gemma4_31b,DC,tracker,CVE-2026-45409,D7-CVE-2026-45409-pypi-jammy-V2,V2,affected,affected,True,False,False,n/a,0.0,True,3,212,33,1.0,1.0,1.0,0.0,0.0
D7-CVE-2026-45409-pypi-jammy-V2|DC|gemma4_31b|withheld|P3|60.0|0.0|0|||0|d7|v3,gemma4_31b,DC,withheld,CVE-2026-45409,D7-CVE-2026-45409-pypi-jammy-V2,V2,under_investigation,affected,False,False,False,n/a,0.0,True,4,182,28,1.0,1.0,1.0,0.0,0.0
D7-CVE-2026-48522-pypi-jammy-V2-b2|DCv21|gemma4_31b|blind|P3|60.0|0.0|0|||0|d7|v3,gemma4_31b,DCv21,blind,CVE-2026-48522,D7-CVE-2026-48522-pypi-jammy-V2-b2,V2,under_investigation,affected,False,False,False,repaired,0.0,True,4,218,30,1.0,1.0,1.0,0.0,0.0
D7-CVE-2026-48522-pypi-jammy-V2-b2|DCv21|gemma4_31b|tracker|P3|60.0|0.0|0|||0|d7|v3,gemma4_31b,DCv21,tracker,CVE-2026-48522,D7-CVE-2026-48522-pypi-jammy-V2-b2,V2,affected,affected,True,False,False,first_pass,0.0,True,3,199,30,1.0,1.0,1.0,0.0,0.0
D7-CVE-2026-48522-pypi-jammy-V2-b2|DCv21|gemma4_31b|withheld|P3|60.0|0.0|0|||0|d7|v3,gemma4_31b,DCv21,withheld,CVE-2026-48522,D7-CVE-2026-48522-pypi-jammy-V2-b2,V2,under_investigation,affected,False,False,False,repaired,0.0,True,4,218,30,1.0,1.0,1.0,0.0,0.0
D7-CVE-2026-48522-pypi-jammy-V2-b2|DC|gemma4_31b|blind|P3|60.0|0.0|0|||0|d7|v3,gemma4_31b,DC,blind,CVE-2026-48522,D7-CVE-2026-48522-pypi-jammy-V2-b2,V2,under_investigation,affected,False,False,False,n/a,0.0,True,4,182,28,1.0,1.0,1.0,0.0,0.0
D7-CVE-2026-48522-pypi-jammy-V2-b2|DC|gemma4_31b|tracker|P3|60.0|0.0|0|||0|d7|v3,gemma4_31b,DC,tracker,CVE-2026-48522,D7-CVE-2026-48522-pypi-jammy-V2-b2,V2,affected,affected,True,False,False,n/a,0.0,True,3,212,33,1.0,1.0,1.0,0.0,0.0
D7-CVE-2026-48522-pypi-jammy-V2-b2|DC|gemma4_31b|withheld|P3|60.0|0.0|0|||0|d7|v3,gemma4_31b,DC,withheld,CVE-2026-48522,D7-CVE-2026-48522-pypi-jammy-V2-b2,V2,under_investigation,affected,False,False,False,n/a,0.0,True,4,182,28,1.0,1.0,1.0,0.0,0.0
D7-CVE-2026-49268-maven-jammy-V6|DCv21|granite41_30b|blind|P3|60.0|0.0|0|||0|d7|v3,granite41_30b,DCv21,blind,CVE-2026-49268,D7-CVE-2026-49268-maven-jammy-V6,V6,not_affected,not_affected,True,False,False,first_pass,0.0,True,4,358,51,1.0,1.0,1.0,0.0,0.0
D7-CVE-2026-49268-maven-jammy-V6|DCv21|granite41_30b|tracker|P3|60.0|0.0|0|||0|d7|v3,granite41_30b,DCv21,tracker,CVE-2026-49268,D7-CVE-2026-49268-maven-jammy-V6,V6,not_affected,not_affected,True,False,False,first_pass,0.0,True,4,340,49,1.0,1.0,1.0,0.0,0.0
D7-CVE-2026-49268-maven-jammy-V6|DCv21|granite41_30b|withheld|P3|60.0|0.0|0|||0|d7|v3,granite41_30b,DCv21,withheld,CVE-2026-49268,D7-CVE-2026-49268-maven-jammy-V6,V6,not_affected,not_affected,True,False,False,first_pass,0.0,True,4,358,51,1.0,1.0,1.0,0.0,0.0
D7-CVE-2026-49268-maven-jammy-V6|DC|granite41_30b|blind|P3|60.0|0.0|0|||0|d7|v3,granite41_30b,DC,blind,CVE-2026-49268,D7-CVE-2026-49268-maven-jammy-V6,V6,not_affected,not_affected,True,False,False,n/a,0.0,True,3,324,46,1.0,1.0,1.0,0.0,0.0
D7-CVE-2026-49268-maven-jammy-V6|DC|granite41_30b|tracker|P3|60.0|0.0|0|||0|d7|v3,granite41_30b,DC,tracker,CVE-2026-49268,D7-CVE-2026-49268-maven-jammy-V6,V6,not_affected,not_affected,True,False,False,n/a,0.0,True,3,282,41,1.0,1.0,1.0,0.0,0.0
D7-CVE-2026-49268-maven-jammy-V6|DC|granite41_30b|withheld|P3|60.0|0.0|0|||0|d7|v3,granite41_30b,DC,withheld,CVE-2026-49268,D7-CVE-2026-49268-maven-jammy-V6,V6,not_affected,not_affected,True,False,False,n/a,0.0,True,3,324,46,1.0,1.0,1.0,0.0,0.0
D7-CVE-2026-53435-vendor-jammy-V4|DCv21|mistral_small_24b|blind|P3|60.0|0.0|0|||0|d7|v3,mistral_small_24b,DCv21,blind,CVE-2026-53435,D7-CVE-2026-53435-vendor-jammy-V4,V4,under_investigation,fixed,False,False,False,first_pass,0.0,True,5,400,55,1.0,0.0,0.0,0.0,0.0
D7-CVE-2026-53435-vendor-jammy-V4|DCv21|mistral_small_24b|tracker|P3|60.0|0.0|0|||0|d7|v3,mistral_small_24b,DCv21,tracker,CVE-2026-53435,D7-CVE-2026-53435-vendor-jammy-V4,V4,under_investigation,fixed,False,False,False,repaired,0.0,True,3,414,56,1.0,1.0,1.0,0.0,0.0
D7-CVE-2026-53435-vendor-jammy-V4|DCv21|mistral_small_24b|withheld|P3|60.0|0.0|0|||0|d7|v3,mistral_small_24b,DCv21,withheld,CVE-2026-53435,D7-CVE-2026-53435-vendor-jammy-V4,V4,under_investigation,fixed,False,False,False,first_pass,0.0,True,5,400,55,1.0,0.0,0.0,0.0,0.0
D7-CVE-2026-53435-vendor-jammy-V4|DC|mistral_small_24b|blind|P3|60.0|0.0|0|||0|d7|v3,mistral_small_24b,DC,blind,CVE-2026-53435,D7-CVE-2026-53435-vendor-jammy-V4,V4,under_investigation,fixed,False,False,False,n/a,0.0,True,2,492,63,1.0,1.0,1.0,0.0,0.0
D7-CVE-2026-53435-vendor-jammy-V4|DC|mistral_small_24b|tracker|P3|60.0|0.0|0|||0|d7|v3,mistral_small_24b,DC,tracker,CVE-2026-53435,D7-CVE-2026-53435-vendor-jammy-V4,V4,under_investigation,fixed,False,False,False,n/a,0.0,True,2,499,63,1.0,1.0,1.0,0.0,0.0
D7-CVE-2026-53435-vendor-jammy-V4|DC|mistral_small_24b|withheld|P3|60.0|0.0|0|||0|d7|v3,mistral_small_24b,DC,withheld,CVE-2026-53435,D7-CVE-2026-53435-vendor-jammy-V4,V4,under_investigation,fixed,False,False,False,n/a,0.0,True,2,492,63,1.0,1.0,1.0,0.0,0.0
D7-CVE-2026-53435-vendor-jammy-V6|DCv21|qwen3_14b|blind|P3|60.0|0.0|0|||0|d7|v3,qwen3_14b,DCv21,blind,CVE-2026-53435,D7-CVE-2026-53435-vendor-jammy-V6,V6,under_investigation,not_affected,False,False,False,first_pass,0.0,True,4,334,49,1.0,0.0,0.0,0.0,0.0
D7-CVE-2026-53435-vendor-jammy-V6|DCv21|qwen3_14b|tracker|P3|60.0|0.0|0|||0|d7|v3,qwen3_14b,DCv21,tracker,CVE-2026-53435,D7-CVE-2026-53435-vendor-jammy-V6,V6,under_investigation,not_affected,False,False,False,fallback,1.0,True,4,121,9,1.0,1.0,1.0,0.0,0.0
D7-CVE-2026-53435-vendor-jammy-V6|DCv21|qwen3_14b|withheld|P3|60.0|0.0|0|||0|d7|v3,qwen3_14b,DCv21,withheld,CVE-2026-53435,D7-CVE-2026-53435-vendor-jammy-V6,V6,under_investigation,not_affected,False,False,False,repaired,0.0,True,3,359,53,1.0,1.0,1.0,0.0,0.0
D7-CVE-2026-53435-vendor-jammy-V6|DC|qwen3_14b|blind|P3|60.0|0.0|0|||0|d7|v3,qwen3_14b,DC,blind,CVE-2026-53435,D7-CVE-2026-53435-vendor-jammy-V6,V6,under_investigation,not_affected,False,False,False,n/a,0.0,True,6,520,76,1.0,1.0,1.0,0.0,0.0
D7-CVE-2026-53435-vendor-jammy-V6|DC|qwen3_14b|tracker|P3|60.0|0.0|0|||0|d7|v3,qwen3_14b,DC,tracker,CVE-2026-53435,D7-CVE-2026-53435-vendor-jammy-V6,V6,under_investigation,not_affected,False,False,False,n/a,0.0,True,4,417,62,1.0,1.0,1.0,0.0,0.0
D7-CVE-2026-53435-vendor-jammy-V6|DC|qwen3_14b|withheld|P3|60.0|0.0|0|||0|d7|v3,qwen3_14b,DC,withheld,CVE-2026-53435,D7-CVE-2026-53435-vendor-jammy-V6,V6,under_investigation,not_affected,False,False,False,n/a,0.0,True,6,520,76,1.0,1.0,1.0,0.0,0.0
D7-CVE-2026-53435-vendor-noble-V1|DCv21|qwen3_4b|blind|P3|60.0|0.0|0|||0|d7|v3,qwen3_4b,DCv21,blind,CVE-2026-53435,D7-CVE-2026-53435-vendor-noble-V1,V1,not_affected,not_affected,True,False,False,first_pass,0.0,True,3,248,39,1.0,1.0,1.0,0.0,0.0
D7-CVE-2026-53435-vendor-noble-V1|DCv21|qwen3_4b|tracker|P3|60.0|0.0|0|||0|d7|v3,qwen3_4b,DCv21,tracker,CVE-2026-53435,D7-CVE-2026-53435-vendor-noble-V1,V1,not_affected,not_affected,True,False,False,first_pass,0.0,True,5,281,44,1.0,1.0,1.0,0.0,0.0
D7-CVE-2026-53435-vendor-noble-V1|DCv21|qwen3_4b|withheld|P3|60.0|0.0|0|||0|d7|v3,qwen3_4b,DCv21,withheld,CVE-2026-53435,D7-CVE-2026-53435-vendor-noble-V1,V1,not_affected,not_affected,True,False,False,first_pass,0.0,True,3,248,39,1.0,1.0,1.0,0.0,0.0
D7-CVE-2026-53435-vendor-noble-V1|DC|qwen3_4b|blind|P3|60.0|0.0|0|||0|d7|v3,qwen3_4b,DC,blind,CVE-2026-53435,D7-CVE-2026-53435-vendor-noble-V1,V1,not_affected,not_affected,True,False,False,n/a,0.0,True,3,228,33,1.0,1.0,1.0,0.0,0.0
D7-CVE-2026-53435-vendor-noble-V1|DC|qwen3_4b|tracker|P3|60.0|0.0|0|||0|d7|v3,qwen3_4b,DC,tracker,CVE-2026-53435,D7-CVE-2026-53435-vendor-noble-V1,V1,not_affected,not_affected,True,False,False,n/a,0.0,True,3,299,46,1.0,1.0,1.0,0.0,0.0
D7-CVE-2026-53435-vendor-noble-V1|DC|qwen3_4b|withheld|P3|60.0|0.0|0|||0|d7|v3,qwen3_4b,DC,withheld,CVE-2026-53435,D7-CVE-2026-53435-vendor-noble-V1,V1,not_affected,not_affected,True,False,False,n/a,0.0,True,4,228,33,1.0,1.0,1.0,0.0,0.0
D7-CVE-2026-53435-vendor-noble-V8-b2|DCv21|granite41_8b|blind|P3|60.0|0.0|0|||0|d7|v3,granite41_8b,DCv21,blind,CVE-2026-53435,D7-CVE-2026-53435-vendor-noble-V8-b2,V8,under_investigation,affected,False,False,False,first_pass,0.0,True,5,399,59,1.0,0.0,0.0,0.0,0.0
D7-CVE-2026-53435-vendor-noble-V8-b2|DCv21|granite41_8b|tracker|P3|60.0|0.0|0|||0|d7|v3,granite41_8b,DCv21,tracker,CVE-2026-53435,D7-CVE-2026-53435-vendor-noble-V8-b2,V8,under_investigation,affected,False,False,False,first_pass,0.0,True,6,518,73,1.0,0.0,0.0,0.0,0.0
D7-CVE-2026-53435-vendor-noble-V8-b2|DCv21|granite41_8b|withheld|P3|60.0|0.0|0|||0|d7|v3,granite41_8b,DCv21,withheld,CVE-2026-53435,D7-CVE-2026-53435-vendor-noble-V8-b2,V8,under_investigation,affected,False,False,False,first_pass,0.0,True,5,399,59,1.0,0.0,0.0,0.0,0.0
D7-CVE-2026-53435-vendor-noble-V8-b2|DC|granite41_8b|blind|P3|60.0|0.0|0|||0|d7|v3,granite41_8b,DC,blind,CVE-2026-53435,D7-CVE-2026-53435-vendor-noble-V8-b2,V8,under_investigation,affected,False,False,False,n/a,0.0,True,6,594,78,1.0,1.0,1.0,0.0,0.0
D7-CVE-2026-53435-vendor-noble-V8-b2|DC|granite41_8b|tracker|P3|60.0|0.0|0|||0|d7|v3,granite41_8b,DC,tracker,CVE-2026-53435,D7-CVE-2026-53435-vendor-noble-V8-b2,V8,under_investigation,affected,False,False,False,n/a,0.0,True,4,513,71,1.0,1.0,1.0,0.0,0.0
D7-CVE-2026-53435-vendor-noble-V8-b2|DC|granite41_8b|withheld|P3|60.0|0.0|0|||0|d7|v3,granite41_8b,DC,withheld,CVE-2026-53435,D7-CVE-2026-53435-vendor-noble-V8-b2,V8,under_investigation,affected,False,False,False,n/a,0.0,True,5,594,78,1.0,1.0,1.0,0.0,0.0
D7-CVE-2026-55203-deb-ubuntu-jammy-V2|DCv21|granite41_8b|blind|P3|60.0|0.0|0|||0|d7|v3,granite41_8b,DCv21,blind,CVE-2026-55203,D7-CVE-2026-55203-deb-ubuntu-jammy-V2,V2,under_investigation,affected,False,False,False,first_pass,0.0,True,5,502,68,1.0,0.0,0.0,0.0,0.0
D7-CVE-2026-55203-deb-ubuntu-jammy-V2|DCv21|granite41_8b|tracker|P3|60.0|0.0|0|||0|d7|v3,granite41_8b,DCv21,tracker,CVE-2026-55203,D7-CVE-2026-55203-deb-ubuntu-jammy-V2,V2,affected,affected,True,False,False,first_pass,0.0,True,5,412,54,1.0,0.5,0.5,0.5,0.0
D7-CVE-2026-55203-deb-ubuntu-jammy-V2|DCv21|granite41_8b|withheld|P3|60.0|0.0|0|||0|d7|v3,granite41_8b,DCv21,withheld,CVE-2026-55203,D7-CVE-2026-55203-deb-ubuntu-jammy-V2,V2,under_investigation,affected,False,False,False,first_pass,0.0,True,5,502,68,1.0,0.0,0.0,0.0,0.0
D7-CVE-2026-55203-deb-ubuntu-jammy-V2|DC|granite41_8b|blind|P3|60.0|0.0|0|||0|d7|v3,granite41_8b,DC,blind,CVE-2026-55203,D7-CVE-2026-55203-deb-ubuntu-jammy-V2,V2,under_investigation,affected,False,False,False,n/a,0.0,True,6,562,79,1.0,1.0,1.0,0.0,0.0
D7-CVE-2026-55203-deb-ubuntu-jammy-V2|DC|granite41_8b|tracker|P3|60.0|0.0|0|||0|d7|v3,granite41_8b,DC,tracker,CVE-2026-55203,D7-CVE-2026-55203-deb-ubuntu-jammy-V2,V2,affected,affected,True,False,False,n/a,0.0,True,8,530,81,1.0,1.0,1.0,0.0,0.0
D7-CVE-2026-55203-deb-ubuntu-jammy-V2|DC|granite41_8b|withheld|P3|60.0|0.0|0|||0|d7|v3,granite41_8b,DC,withheld,CVE-2026-55203,D7-CVE-2026-55203-deb-ubuntu-jammy-V2,V2,under_investigation,affected,False,False,False,n/a,0.0,True,6,562,79,1.0,1.0,1.0,0.0,0.0
D7-CVE-2026-55203-deb-ubuntu-jammy-V4|DCv21|granite41_8b|blind|P3|60.0|0.0|0|||0|d7|v3,granite41_8b,DCv21,blind,CVE-2026-55203,D7-CVE-2026-55203-deb-ubuntu-jammy-V4,V4,under_investigation,fixed,False,False,False,first_pass,0.0,True,7,651,84,1.0,0.0,0.0,0.0,0.0
D7-CVE-2026-55203-deb-ubuntu-jammy-V4|DCv21|granite41_8b|tracker|P3|60.0|0.0|0|||0|d7|v3,granite41_8b,DCv21,tracker,CVE-2026-55203,D7-CVE-2026-55203-deb-ubuntu-jammy-V4,V4,fixed,fixed,True,False,False,first_pass,0.0,True,6,431,57,1.0,1.0,1.0,0.0,0.0
D7-CVE-2026-55203-deb-ubuntu-jammy-V4|DCv21|granite41_8b|withheld|P3|60.0|0.0|0|||0|d7|v3,granite41_8b,DCv21,withheld,CVE-2026-55203,D7-CVE-2026-55203-deb-ubuntu-jammy-V4,V4,under_investigation,fixed,False,False,False,first_pass,0.0,True,7,651,84,1.0,0.0,0.0,0.0,0.0
D7-CVE-2026-55203-deb-ubuntu-jammy-V4|DC|granite41_8b|blind|P3|60.0|0.0|0|||0|d7|v3,granite41_8b,DC,blind,CVE-2026-55203,D7-CVE-2026-55203-deb-ubuntu-jammy-V4,V4,under_investigation,fixed,False,False,False,n/a,0.0,True,4,461,62,1.0,1.0,1.0,0.0,0.0
D7-CVE-2026-55203-deb-ubuntu-jammy-V4|DC|granite41_8b|tracker|P3|60.0|0.0|0|||0|d7|v3,granite41_8b,DC,tracker,CVE-2026-55203,D7-CVE-2026-55203-deb-ubuntu-jammy-V4,V4,fixed,fixed,True,False,False,n/a,0.0,True,5,417,66,1.0,1.0,1.0,0.0,0.0
D7-CVE-2026-55203-deb-ubuntu-jammy-V4|DC|granite41_8b|withheld|P3|60.0|0.0|0|||0|d7|v3,granite41_8b,DC,withheld,CVE-2026-55203,D7-CVE-2026-55203-deb-ubuntu-jammy-V4,V4,under_investigation,fixed,False,False,False,n/a,0.0,True,4,461,62,1.0,1.0,1.0,0.0,0.0
D7-CVE-2026-55203-deb-ubuntu-noble-V4|DCv21|granite41_30b|blind|P3|60.0|0.0|0|||0|d7|v3,granite41_30b,DCv21,blind,CVE-2026-55203,D7-CVE-2026-55203-deb-ubuntu-noble-V4,V4,under_investigation,fixed,False,False,False,repaired,0.0,True,3,428,56,1.0,0.0,0.0,0.5,0.0
D7-CVE-2026-55203-deb-ubuntu-noble-V4|DCv21|granite41_30b|tracker|P3|60.0|0.0|0|||0|d7|v3,granite41_30b,DCv21,tracker,CVE-2026-55203,D7-CVE-2026-55203-deb-ubuntu-noble-V4,V4,fixed,fixed,True,False,False,first_pass,0.0,True,4,298,39,1.0,1.0,1.0,0.0,0.0
D7-CVE-2026-55203-deb-ubuntu-noble-V4|DCv21|granite41_30b|withheld|P3|60.0|0.0|0|||0|d7|v3,granite41_30b,DCv21,withheld,CVE-2026-55203,D7-CVE-2026-55203-deb-ubuntu-noble-V4,V4,under_investigation,fixed,False,False,False,repaired,0.0,True,3,428,56,1.0,0.0,0.0,0.5,0.0
D7-CVE-2026-55203-deb-ubuntu-noble-V4|DC|granite41_30b|blind|P3|60.0|0.0|0|||0|d7|v3,granite41_30b,DC,blind,CVE-2026-55203,D7-CVE-2026-55203-deb-ubuntu-noble-V4,V4,under_investigation,fixed,False,False,False,n/a,0.0,True,5,349,48,1.0,1.0,1.0,0.0,0.0
D7-CVE-2026-55203-deb-ubuntu-noble-V4|DC|granite41_30b|tracker|P3|60.0|0.0|0|||0|d7|v3,granite41_30b,DC,tracker,CVE-2026-55203,D7-CVE-2026-55203-deb-ubuntu-noble-V4,V4,fixed,fixed,True,False,False,n/a,0.0,True,5,336,57,1.0,1.0,1.0,0.0,0.0
D7-CVE-2026-55203-deb-ubuntu-noble-V4|DC|granite41_30b|withheld|P3|60.0|0.0|0|||0|d7|v3,granite41_30b,DC,withheld,CVE-2026-55203,D7-CVE-2026-55203-deb-ubuntu-noble-V4,V4,under_investigation,fixed,False,False,False,n/a,0.0,True,4,292,42,1.0,1.0,1.0,0.0,0.0
D7-CVE-2026-55276-vendor-jammy-V4|DCv21|llama31_8b|blind|P3|60.0|0.0|0|||0|d7|v3,llama31_8b,DCv21,blind,CVE-2026-55276,D7-CVE-2026-55276-vendor-jammy-V4,V4,under_investigation,fixed,False,False,False,repaired,0.0,True,5,496,81,1.0,0.0,0.0,1.0,0.0
D7-CVE-2026-55276-vendor-jammy-V4|DCv21|llama31_8b|tracker|P3|60.0|0.0|0|||0|d7|v3,llama31_8b,DCv21,tracker,CVE-2026-55276,D7-CVE-2026-55276-vendor-jammy-V4,V4,fixed,fixed,True,False,False,first_pass,0.0,True,5,460,68,1.0,1.0,1.0,0.0,0.0
D7-CVE-2026-55276-vendor-jammy-V4|DCv21|llama31_8b|withheld|P3|60.0|0.0|0|||0|d7|v3,llama31_8b,DCv21,withheld,CVE-2026-55276,D7-CVE-2026-55276-vendor-jammy-V4,V4,under_investigation,fixed,False,False,False,repaired,0.0,True,5,425,59,1.0,0.0,0.0,1.0,0.0
D7-CVE-2026-55276-vendor-jammy-V4|DC|llama31_8b|blind|P3|60.0|0.0|0|||0|d7|v3,llama31_8b,DC,blind,CVE-2026-55276,D7-CVE-2026-55276-vendor-jammy-V4,V4,under_investigation,fixed,False,False,False,n/a,0.0,True,4,445,67,1.0,1.0,1.0,0.0,0.0
D7-CVE-2026-55276-vendor-jammy-V4|DC|llama31_8b|tracker|P3|60.0|0.0|0|||0|d7|v3,llama31_8b,DC,tracker,CVE-2026-55276,D7-CVE-2026-55276-vendor-jammy-V4,V4,fixed,fixed,True,False,False,n/a,0.0,True,4,345,53,1.0,1.0,1.0,0.0,0.0
D7-CVE-2026-55276-vendor-jammy-V4|DC|llama31_8b|withheld|P3|60.0|0.0|0|||0|d7|v3,llama31_8b,DC,withheld,CVE-2026-55276,D7-CVE-2026-55276-vendor-jammy-V4,V4,under_investigation,fixed,False,False,False,n/a,0.0,True,4,445,67,1.0,1.0,1.0,0.0,0.0
D7-CVE-2026-55956-vendor-jammy-V8-b2|DCv21|mistral_small_24b|blind|P3|60.0|0.0|0|||0|d7|v3,mistral_small_24b,DCv21,blind,CVE-2026-55956,D7-CVE-2026-55956-vendor-jammy-V8-b2,V8,under_investigation,affected,False,False,False,first_pass,0.0,True,5,347,45,1.0,0.0,0.0,0.0,0.0
D7-CVE-2026-55956-vendor-jammy-V8-b2|DCv21|mistral_small_24b|tracker|P3|60.0|0.0|0|||0|d7|v3,mistral_small_24b,DCv21,tracker,CVE-2026-55956,D7-CVE-2026-55956-vendor-jammy-V8-b2,V8,affected,affected,True,False,False,first_pass,0.0,True,5,377,55,1.0,0.0,0.0,0.3333333333333333,0.0
D7-CVE-2026-55956-vendor-jammy-V8-b2|DCv21|mistral_small_24b|withheld|P3|60.0|0.0|0|||0|d7|v3,mistral_small_24b,DCv21,withheld,CVE-2026-55956,D7-CVE-2026-55956-vendor-jammy-V8-b2,V8,under_investigation,affected,False,False,False,first_pass,0.0,True,5,347,45,1.0,0.0,0.0,0.0,0.0
D7-CVE-2026-55956-vendor-jammy-V8-b2|DC|mistral_small_24b|blind|P3|60.0|0.0|0|||0|d7|v3,mistral_small_24b,DC,blind,CVE-2026-55956,D7-CVE-2026-55956-vendor-jammy-V8-b2,V8,under_investigation,affected,False,False,False,n/a,0.0,True,4,422,56,1.0,1.0,1.0,0.0,0.0
D7-CVE-2026-55956-vendor-jammy-V8-b2|DC|mistral_small_24b|tracker|P3|60.0|0.0|0|||0|d7|v3,mistral_small_24b,DC,tracker,CVE-2026-55956,D7-CVE-2026-55956-vendor-jammy-V8-b2,V8,affected,affected,True,False,False,n/a,0.0,True,3,327,48,1.0,1.0,1.0,0.0,0.0
D7-CVE-2026-55956-vendor-jammy-V8-b2|DC|mistral_small_24b|withheld|P3|60.0|0.0|0|||0|d7|v3,mistral_small_24b,DC,withheld,CVE-2026-55956,D7-CVE-2026-55956-vendor-jammy-V8-b2,V8,under_investigation,affected,False,False,False,n/a,0.0,True,4,416,63,1.0,0.3333333333333333,0.3333333333333333,0.6666666666666666,0.0
D7-CVE-2026-55956-vendor-noble-V8|DCv21|granite41_8b|blind|P3|60.0|0.0|0|||0|d7|v3,granite41_8b,DCv21,blind,CVE-2026-55956,D7-CVE-2026-55956-vendor-noble-V8,V8,under_investigation,affected,False,False,False,first_pass,0.0,True,3,371,57,1.0,0.0,0.0,0.5,0.0
D7-CVE-2026-55956-vendor-noble-V8|DCv21|granite41_8b|tracker|P3|60.0|0.0|0|||0|d7|v3,granite41_8b,DCv21,tracker,CVE-2026-55956,D7-CVE-2026-55956-vendor-noble-V8,V8,affected,affected,True,False,False,first_pass,0.0,True,5,458,68,1.0,1.0,1.0,0.0,0.0
D7-CVE-2026-55956-vendor-noble-V8|DCv21|granite41_8b|withheld|P3|60.0|0.0|0|||0|d7|v3,granite41_8b,DCv21,withheld,CVE-2026-55956,D7-CVE-2026-55956-vendor-noble-V8,V8,under_investigation,affected,False,False,False,first_pass,0.0,True,3,371,57,1.0,0.0,0.0,0.5,0.0
D7-CVE-2026-55956-vendor-noble-V8|DC|granite41_8b|blind|P3|60.0|0.0|0|||0|d7|v3,granite41_8b,DC,blind,CVE-2026-55956,D7-CVE-2026-55956-vendor-noble-V8,V8,under_investigation,affected,False,False,False,n/a,0.0,True,5,461,64,1.0,1.0,1.0,0.0,0.0
D7-CVE-2026-55956-vendor-noble-V8|DC|granite41_8b|tracker|P3|60.0|0.0|0|||0|d7|v3,granite41_8b,DC,tracker,CVE-2026-55956,D7-CVE-2026-55956-vendor-noble-V8,V8,affected,affected,True,False,False,n/a,0.0,True,7,422,66,1.0,1.0,1.0,0.0,0.0
D7-CVE-2026-55956-vendor-noble-V8|DC|granite41_8b|withheld|P3|60.0|0.0|0|||0|d7|v3,granite41_8b,DC,withheld,CVE-2026-55956,D7-CVE-2026-55956-vendor-noble-V8,V8,under_investigation,affected,False,False,False,n/a,0.0,True,5,473,61,1.0,1.0,1.0,0.0,0.0
D7-CVE-2026-56153-vendor-noble-V1|DCv21|mistral_small_24b|blind|P3|60.0|0.0|0|||0|d7|v3,mistral_small_24b,DCv21,blind,CVE-2026-56153,D7-CVE-2026-56153-vendor-noble-V1,V1,not_affected,not_affected,True,False,False,first_pass,0.0,True,3,262,34,1.0,1.0,1.0,0.0,0.0
D7-CVE-2026-56153-vendor-noble-V1|DCv21|mistral_small_24b|tracker|P3|60.0|0.0|0|||0|d7|v3,mistral_small_24b,DCv21,tracker,CVE-2026-56153,D7-CVE-2026-56153-vendor-noble-V1,V1,not_affected,not_affected,True,False,False,fallback,1.0,True,2,135,17,1.0,1.0,1.0,0.0,0.0
D7-CVE-2026-56153-vendor-noble-V1|DCv21|mistral_small_24b|withheld|P3|60.0|0.0|0|||0|d7|v3,mistral_small_24b,DCv21,withheld,CVE-2026-56153,D7-CVE-2026-56153-vendor-noble-V1,V1,not_affected,not_affected,True,False,False,first_pass,0.0,True,3,262,34,1.0,1.0,1.0,0.0,0.0
D7-CVE-2026-56153-vendor-noble-V1|DC|mistral_small_24b|blind|P3|60.0|0.0|0|||0|d7|v3,mistral_small_24b,DC,blind,CVE-2026-56153,D7-CVE-2026-56153-vendor-noble-V1,V1,not_affected,not_affected,True,False,False,n/a,0.0,True,2,331,43,1.0,1.0,1.0,0.0,0.0
D7-CVE-2026-56153-vendor-noble-V1|DC|mistral_small_24b|tracker|P3|60.0|0.0|0|||0|d7|v3,mistral_small_24b,DC,tracker,CVE-2026-56153,D7-CVE-2026-56153-vendor-noble-V1,V1,not_affected,not_affected,True,False,False,n/a,0.0,True,3,328,42,1.0,1.0,1.0,0.0,0.0
D7-CVE-2026-56153-vendor-noble-V1|DC|mistral_small_24b|withheld|P3|60.0|0.0|0|||0|d7|v3,mistral_small_24b,DC,withheld,CVE-2026-56153,D7-CVE-2026-56153-vendor-noble-V1,V1,not_affected,not_affected,True,False,False,n/a,0.0,True,2,331,43,1.0,1.0,1.0,0.0,0.0
D7-CVE-2026-56153-vendor-noble-V8|DCv21|llama31_8b|blind|P3|60.0|0.0|0|||0|d7|v3,llama31_8b,DCv21,blind,CVE-2026-56153,D7-CVE-2026-56153-vendor-noble-V8,V8,under_investigation,affected,False,False,False,first_pass,0.0,True,5,420,68,1.0,0.0,0.0,0.0,0.0
D7-CVE-2026-56153-vendor-noble-V8|DCv21|llama31_8b|tracker|P3|60.0|0.0|0|||0|d7|v3,llama31_8b,DCv21,tracker,CVE-2026-56153,D7-CVE-2026-56153-vendor-noble-V8,V8,affected,affected,True,False,False,first_pass,0.0,True,4,365,57,1.0,1.0,1.0,0.0,0.0
D7-CVE-2026-56153-vendor-noble-V8|DCv21|llama31_8b|withheld|P3|60.0|0.0|0|||0|d7|v3,llama31_8b,DCv21,withheld,CVE-2026-56153,D7-CVE-2026-56153-vendor-noble-V8,V8,under_investigation,affected,False,False,False,first_pass,0.0,True,5,420,68,1.0,0.0,0.0,0.0,0.0
D7-CVE-2026-56153-vendor-noble-V8|DC|llama31_8b|blind|P3|60.0|0.0|0|||0|d7|v3,llama31_8b,DC,blind,CVE-2026-56153,D7-CVE-2026-56153-vendor-noble-V8,V8,under_investigation,affected,False,False,False,n/a,0.0,True,3,491,73,1.0,1.0,1.0,0.0,0.0
D7-CVE-2026-56153-vendor-noble-V8|DC|llama31_8b|tracker|P3|60.0|0.0|0|||0|d7|v3,llama31_8b,DC,tracker,CVE-2026-56153,D7-CVE-2026-56153-vendor-noble-V8,V8,affected,affected,True,False,False,n/a,0.0,True,6,540,77,1.0,0.0,0.0,0.0,0.0
D7-CVE-2026-56153-vendor-noble-V8|DC|llama31_8b|withheld|P3|60.0|0.0|0|||0|d7|v3,llama31_8b,DC,withheld,CVE-2026-56153,D7-CVE-2026-56153-vendor-noble-V8,V8,under_investigation,affected,False,False,False,n/a,0.0,True,4,379,56,1.0,1.0,1.0,0.0,0.0
D7-CVE-2026-59998-deb-ubuntu-noble-V2|DCv21|mistral_small_24b|blind|P3|60.0|0.0|0|||0|d7|v3,mistral_small_24b,DCv21,blind,CVE-2026-59998,D7-CVE-2026-59998-deb-ubuntu-noble-V2,V2,under_investigation,affected,False,False,False,repaired,0.0,True,4,425,52,1.0,1.0,1.0,0.0,0.0
D7-CVE-2026-59998-deb-ubuntu-noble-V2|DCv21|mistral_small_24b|tracker|P3|60.0|0.0|0|||0|d7|v3,mistral_small_24b,DCv21,tracker,CVE-2026-59998,D7-CVE-2026-59998-deb-ubuntu-noble-V2,V2,affected,affected,True,False,False,repaired,0.0,True,4,556,74,1.0,0.0,0.0,0.3333333333333333,0.0
D7-CVE-2026-59998-deb-ubuntu-noble-V2|DCv21|mistral_small_24b|withheld|P3|60.0|0.0|0|||0|d7|v3,mistral_small_24b,DCv21,withheld,CVE-2026-59998,D7-CVE-2026-59998-deb-ubuntu-noble-V2,V2,under_investigation,affected,False,False,False,repaired,0.0,True,4,425,52,1.0,1.0,1.0,0.0,0.0
D7-CVE-2026-59998-deb-ubuntu-noble-V2|DC|mistral_small_24b|blind|P3|60.0|0.0|0|||0|d7|v3,mistral_small_24b,DC,blind,CVE-2026-59998,D7-CVE-2026-59998-deb-ubuntu-noble-V2,V2,under_investigation,affected,False,False,False,n/a,0.0,True,4,431,67,1.0,0.3333333333333333,0.3333333333333333,0.6666666666666666,0.0
D7-CVE-2026-59998-deb-ubuntu-noble-V2|DC|mistral_small_24b|tracker|P3|60.0|0.0|0|||0|d7|v3,mistral_small_24b,DC,tracker,CVE-2026-59998,D7-CVE-2026-59998-deb-ubuntu-noble-V2,V2,affected,affected,True,False,False,n/a,0.0,True,6,338,49,1.0,0.6666666666666666,0.6666666666666666,0.3333333333333333,0.0
D7-CVE-2026-59998-deb-ubuntu-noble-V2|DC|mistral_small_24b|withheld|P3|60.0|0.0|0|||0|d7|v3,mistral_small_24b,DC,withheld,CVE-2026-59998,D7-CVE-2026-59998-deb-ubuntu-noble-V2,V2,under_investigation,affected,False,False,False,n/a,0.0,True,3,442,66,1.0,1.0,1.0,0.0,0.0
D7-CVE-2026-59998-deb-ubuntu-noble-V4|DCv21|gemma4_31b|blind|P3|60.0|0.0|0|||0|d7|v3,gemma4_31b,DCv21,blind,CVE-2026-59998,D7-CVE-2026-59998-deb-ubuntu-noble-V4,V4,under_investigation,fixed,False,False,False,repaired,0.0,True,3,226,28,1.0,1.0,1.0,0.0,0.0
D7-CVE-2026-59998-deb-ubuntu-noble-V4|DCv21|gemma4_31b|tracker|P3|60.0|0.0|0|||0|d7|v3,gemma4_31b,DCv21,tracker,CVE-2026-59998,D7-CVE-2026-59998-deb-ubuntu-noble-V4,V4,fixed,fixed,True,False,False,first_pass,0.0,True,6,292,37,1.0,1.0,1.0,0.0,0.0
D7-CVE-2026-59998-deb-ubuntu-noble-V4|DCv21|gemma4_31b|withheld|P3|60.0|0.0|0|||0|d7|v3,gemma4_31b,DCv21,withheld,CVE-2026-59998,D7-CVE-2026-59998-deb-ubuntu-noble-V4,V4,under_investigation,fixed,False,False,False,repaired,0.0,True,3,226,28,1.0,1.0,1.0,0.0,0.0
D7-CVE-2026-59998-deb-ubuntu-noble-V4|DC|gemma4_31b|blind|P3|60.0|0.0|0|||0|d7|v3,gemma4_31b,DC,blind,CVE-2026-59998,D7-CVE-2026-59998-deb-ubuntu-noble-V4,V4,under_investigation,fixed,False,False,False,n/a,0.0,True,5,258,39,1.0,1.0,1.0,0.0,0.0
D7-CVE-2026-59998-deb-ubuntu-noble-V4|DC|gemma4_31b|tracker|P3|60.0|0.0|0|||0|d7|v3,gemma4_31b,DC,tracker,CVE-2026-59998,D7-CVE-2026-59998-deb-ubuntu-noble-V4,V4,fixed,fixed,True,False,False,n/a,0.0,True,4,188,29,1.0,1.0,1.0,0.0,0.0
D7-CVE-2026-59998-deb-ubuntu-noble-V4|DC|gemma4_31b|withheld|P3|60.0|0.0|0|||0|d7|v3,gemma4_31b,DC,withheld,CVE-2026-59998,D7-CVE-2026-59998-deb-ubuntu-noble-V4,V4,under_investigation,fixed,False,False,False,n/a,0.0,True,5,258,39,1.0,1.0,1.0,0.0,0.0
D7-CVE-2026-59998-deb-ubuntu-noble-V6|DCv21|granite41_30b|blind|P3|60.0|0.0|0|||0|d7|v3,granite41_30b,DCv21,blind,CVE-2026-59998,D7-CVE-2026-59998-deb-ubuntu-noble-V6,V6,not_affected,not_affected,True,False,False,first_pass,0.0,True,3,403,58,1.0,1.0,1.0,0.0,0.0
D7-CVE-2026-59998-deb-ubuntu-noble-V6|DCv21|granite41_30b|tracker|P3|60.0|0.0|0|||0|d7|v3,granite41_30b,DCv21,tracker,CVE-2026-59998,D7-CVE-2026-59998-deb-ubuntu-noble-V6,V6,not_affected,not_affected,True,False,False,first_pass,0.0,True,4,407,59,1.0,1.0,1.0,0.0,0.0
D7-CVE-2026-59998-deb-ubuntu-noble-V6|DCv21|granite41_30b|withheld|P3|60.0|0.0|0|||0|d7|v3,granite41_30b,DCv21,withheld,CVE-2026-59998,D7-CVE-2026-59998-deb-ubuntu-noble-V6,V6,not_affected,not_affected,True,False,False,first_pass,0.0,True,3,395,58,1.0,1.0,1.0,0.0,0.0
D7-CVE-2026-59998-deb-ubuntu-noble-V6|DC|granite41_30b|blind|P3|60.0|0.0|0|||0|d7|v3,granite41_30b,DC,blind,CVE-2026-59998,D7-CVE-2026-59998-deb-ubuntu-noble-V6,V6,not_affected,not_affected,True,False,False,n/a,0.0,True,3,352,50,1.0,1.0,1.0,0.0,0.0
D7-CVE-2026-59998-deb-ubuntu-noble-V6|DC|granite41_30b|tracker|P3|60.0|0.0|0|||0|d7|v3,granite41_30b,DC,tracker,CVE-2026-59998,D7-CVE-2026-59998-deb-ubuntu-noble-V6,V6,not_affected,not_affected,True,False,False,n/a,0.0,True,3,352,50,1.0,1.0,1.0,0.0,0.0
D7-CVE-2026-59998-deb-ubuntu-noble-V6|DC|granite41_30b|withheld|P3|60.0|0.0|0|||0|d7|v3,granite41_30b,DC,withheld,CVE-2026-59998,D7-CVE-2026-59998-deb-ubuntu-noble-V6,V6,not_affected,not_affected,True,False,False,n/a,0.0,True,4,331,44,1.0,1.0,1.0,0.0,0.0
D7-CVE-2026-64849-pypi-jammy-V2-b2|DCv21|granite41_30b|blind|P3|60.0|0.0|0|||0|d7|v3,granite41_30b,DCv21,blind,CVE-2026-64849,D7-CVE-2026-64849-pypi-jammy-V2-b2,V2,under_investigation,affected,False,False,False,repaired,0.0,True,5,325,44,1.0,0.5,0.5,0.5,0.0
D7-CVE-2026-64849-pypi-jammy-V2-b2|DCv21|granite41_30b|tracker|P3|60.0|0.0|0|||0|d7|v3,granite41_30b,DCv21,tracker,CVE-2026-64849,D7-CVE-2026-64849-pypi-jammy-V2-b2,V2,affected,affected,True,False,False,first_pass,0.0,True,6,350,49,1.0,0.0,0.0,0.5,0.0
D7-CVE-2026-64849-pypi-jammy-V2-b2|DCv21|granite41_30b|withheld|P3|60.0|0.0|0|||0|d7|v3,granite41_30b,DCv21,withheld,CVE-2026-64849,D7-CVE-2026-64849-pypi-jammy-V2-b2,V2,under_investigation,affected,False,False,False,repaired,0.0,True,5,325,44,1.0,0.0,0.0,0.5,0.0
D7-CVE-2026-64849-pypi-jammy-V2-b2|DC|granite41_30b|blind|P3|60.0|0.0|0|||0|d7|v3,granite41_30b,DC,blind,CVE-2026-64849,D7-CVE-2026-64849-pypi-jammy-V2-b2,V2,under_investigation,affected,False,False,False,n/a,0.0,True,4,435,63,1.0,1.0,1.0,0.0,0.0
D7-CVE-2026-64849-pypi-jammy-V2-b2|DC|granite41_30b|tracker|P3|60.0|0.0|0|||0|d7|v3,granite41_30b,DC,tracker,CVE-2026-64849,D7-CVE-2026-64849-pypi-jammy-V2-b2,V2,affected,affected,True,False,False,n/a,0.0,True,5,326,50,1.0,1.0,1.0,0.0,0.0
D7-CVE-2026-64849-pypi-jammy-V2-b2|DC|granite41_30b|withheld|P3|60.0|0.0|0|||0|d7|v3,granite41_30b,DC,withheld,CVE-2026-64849,D7-CVE-2026-64849-pypi-jammy-V2-b2,V2,under_investigation,affected,False,False,False,n/a,0.0,True,2,319,49,1.0,1.0,1.0,0.0,0.0
D7-CVE-2026-64849-pypi-jammy-V3|DCv21|granite41_30b|blind|P3|60.0|0.0|0|||0|d7|v3,granite41_30b,DCv21,blind,CVE-2026-64849,D7-CVE-2026-64849-pypi-jammy-V3,V3,under_investigation,fixed,False,False,False,repaired,0.0,True,5,329,47,1.0,1.0,1.0,0.0,0.0
D7-CVE-2026-64849-pypi-jammy-V3|DCv21|granite41_30b|tracker|P3|60.0|0.0|0|||0|d7|v3,granite41_30b,DCv21,tracker,CVE-2026-64849,D7-CVE-2026-64849-pypi-jammy-V3,V3,fixed,fixed,True,False,False,first_pass,0.0,True,6,342,47,1.0,1.0,1.0,0.0,0.0
D7-CVE-2026-64849-pypi-jammy-V3|DCv21|granite41_30b|withheld|P3|60.0|0.0|0|||0|d7|v3,granite41_30b,DCv21,withheld,CVE-2026-64849,D7-CVE-2026-64849-pypi-jammy-V3,V3,under_investigation,fixed,False,False,False,repaired,0.0,True,5,328,47,1.0,1.0,1.0,0.0,0.0
D7-CVE-2026-64849-pypi-jammy-V3|DC|granite41_30b|blind|P3|60.0|0.0|0|||0|d7|v3,granite41_30b,DC,blind,CVE-2026-64849,D7-CVE-2026-64849-pypi-jammy-V3,V3,under_investigation,fixed,False,False,False,n/a,0.0,True,2,319,49,1.0,1.0,1.0,0.0,0.0
D7-CVE-2026-64849-pypi-jammy-V3|DC|granite41_30b|tracker|P3|60.0|0.0|0|||0|d7|v3,granite41_30b,DC,tracker,CVE-2026-64849,D7-CVE-2026-64849-pypi-jammy-V3,V3,fixed,fixed,True,False,False,n/a,0.0,True,4,245,39,1.0,1.0,1.0,0.0,0.0
D7-CVE-2026-64849-pypi-jammy-V3|DC|granite41_30b|withheld|P3|60.0|0.0|0|||0|d7|v3,granite41_30b,DC,withheld,CVE-2026-64849,D7-CVE-2026-64849-pypi-jammy-V3,V3,under_investigation,fixed,False,False,False,n/a,0.0,True,2,319,49,1.0,1.0,1.0,0.0,0.0
D7-CVE-2026-65183-vendor-jammy-V3|DCv21|llama31_8b|blind|P3|60.0|0.0|0|||0|d7|v3,llama31_8b,DCv21,blind,CVE-2026-65183,D7-CVE-2026-65183-vendor-jammy-V3,V3,under_investigation,fixed,False,False,False,repaired,0.0,True,6,407,59,1.0,0.5,0.5,0.5,0.0
D7-CVE-2026-65183-vendor-jammy-V3|DCv21|llama31_8b|tracker|P3|60.0|0.0|0|||0|d7|v3,llama31_8b,DCv21,tracker,CVE-2026-65183,D7-CVE-2026-65183-vendor-jammy-V3,V3,fixed,fixed,True,False,False,first_pass,0.0,True,5,419,64,1.0,1.0,1.0,0.0,0.0
D7-CVE-2026-65183-vendor-jammy-V3|DCv21|llama31_8b|withheld|P3|60.0|0.0|0|||0|d7|v3,llama31_8b,DCv21,withheld,CVE-2026-65183,D7-CVE-2026-65183-vendor-jammy-V3,V3,under_investigation,fixed,False,False,False,repaired,0.0,True,5,437,64,1.0,1.0,1.0,0.0,0.0
D7-CVE-2026-65183-vendor-jammy-V3|DC|llama31_8b|blind|P3|60.0|0.0|0|||0|d7|v3,llama31_8b,DC,blind,CVE-2026-65183,D7-CVE-2026-65183-vendor-jammy-V3,V3,under_investigation,fixed,False,False,False,n/a,0.0,True,3,513,76,1.0,0.5,0.5,0.5,0.0
D7-CVE-2026-65183-vendor-jammy-V3|DC|llama31_8b|tracker|P3|60.0|0.0|0|||0|d7|v3,llama31_8b,DC,tracker,CVE-2026-65183,D7-CVE-2026-65183-vendor-jammy-V3,V3,fixed,fixed,True,False,False,n/a,0.0,True,4,435,67,1.0,1.0,1.0,0.0,0.0
D7-CVE-2026-65183-vendor-jammy-V3|DC|llama31_8b|withheld|P3|60.0|0.0|0|||0|d7|v3,llama31_8b,DC,withheld,CVE-2026-65183,D7-CVE-2026-65183-vendor-jammy-V3,V3,under_investigation,fixed,False,False,False,n/a,0.0,True,5,514,77,1.0,1.0,1.0,0.0,0.0
D7-CVE-2026-65183-vendor-jammy-V6|DCv21|mistral_small_24b|blind|P3|60.0|0.0|0|||0|d7|v3,mistral_small_24b,DCv21,blind,CVE-2026-65183,D7-CVE-2026-65183-vendor-jammy-V6,V6,not_affected,not_affected,True,False,False,first_pass,0.0,True,3,301,39,1.0,1.0,1.0,0.0,0.0
D7-CVE-2026-65183-vendor-jammy-V6|DCv21|mistral_small_24b|tracker|P3|60.0|0.0|0|||0|d7|v3,mistral_small_24b,DCv21,tracker,CVE-2026-65183,D7-CVE-2026-65183-vendor-jammy-V6,V6,not_affected,not_affected,True,False,False,repaired,0.0,True,6,452,60,1.0,1.0,1.0,0.0,0.0
D7-CVE-2026-65183-vendor-jammy-V6|DCv21|mistral_small_24b|withheld|P3|60.0|0.0|0|||0|d7|v3,mistral_small_24b,DCv21,withheld,CVE-2026-65183,D7-CVE-2026-65183-vendor-jammy-V6,V6,not_affected,not_affected,True,False,False,first_pass,0.0,True,3,301,39,1.0,1.0,1.0,0.0,0.0
D7-CVE-2026-65183-vendor-jammy-V6|DC|mistral_small_24b|blind|P3|60.0|0.0|0|||0|d7|v3,mistral_small_24b,DC,blind,CVE-2026-65183,D7-CVE-2026-65183-vendor-jammy-V6,V6,not_affected,not_affected,True,False,False,n/a,0.0,True,3,333,44,1.0,1.0,1.0,0.0,0.0
D7-CVE-2026-65183-vendor-jammy-V6|DC|mistral_small_24b|tracker|P3|60.0|0.0|0|||0|d7|v3,mistral_small_24b,DC,tracker,CVE-2026-65183,D7-CVE-2026-65183-vendor-jammy-V6,V6,not_affected,not_affected,True,False,False,n/a,0.0,True,3,333,44,1.0,1.0,1.0,0.0,0.0
D7-CVE-2026-65183-vendor-jammy-V6|DC|mistral_small_24b|withheld|P3|60.0|0.0|0|||0|d7|v3,mistral_small_24b,DC,withheld,CVE-2026-65183,D7-CVE-2026-65183-vendor-jammy-V6,V6,not_affected,not_affected,True,False,False,n/a,0.0,True,3,333,44,1.0,1.0,1.0,0.0,0.0
D7-CVE-2026-65183-vendor-jammy-V8-b2|DCv21|qwen3_14b|blind|P3|60.0|0.0|0|||0|d7|v3,qwen3_14b,DCv21,blind,CVE-2026-65183,D7-CVE-2026-65183-vendor-jammy-V8-b2,V8,under_investigation,affected,False,False,False,repaired,0.0,True,4,386,51,1.0,1.0,1.0,0.0,0.0
D7-CVE-2026-65183-vendor-jammy-V8-b2|DCv21|qwen3_14b|tracker|P3|60.0|0.0|0|||0|d7|v3,qwen3_14b,DCv21,tracker,CVE-2026-65183,D7-CVE-2026-65183-vendor-jammy-V8-b2,V8,affected,affected,True,False,False,first_pass,0.0,True,5,415,60,1.0,0.0,0.0,0.0,0.0
D7-CVE-2026-65183-vendor-jammy-V8-b2|DCv21|qwen3_14b|withheld|P3|60.0|0.0|0|||0|d7|v3,qwen3_14b,DCv21,withheld,CVE-2026-65183,D7-CVE-2026-65183-vendor-jammy-V8-b2,V8,under_investigation,affected,False,False,False,repaired,0.0,True,4,371,55,1.0,1.0,1.0,0.0,0.0
D7-CVE-2026-65183-vendor-jammy-V8-b2|DC|qwen3_14b|blind|P3|60.0|0.0|0|||0|d7|v3,qwen3_14b,DC,blind,CVE-2026-65183,D7-CVE-2026-65183-vendor-jammy-V8-b2,V8,under_investigation,affected,False,False,False,n/a,0.0,True,4,504,82,1.0,1.0,1.0,0.0,0.0
D7-CVE-2026-65183-vendor-jammy-V8-b2|DC|qwen3_14b|tracker|P3|60.0|0.0|0|||0|d7|v3,qwen3_14b,DC,tracker,CVE-2026-65183,D7-CVE-2026-65183-vendor-jammy-V8-b2,V8,affected,affected,True,False,False,n/a,0.0,True,4,368,57,1.0,1.0,1.0,0.0,0.0
D7-CVE-2026-65183-vendor-jammy-V8-b2|DC|qwen3_14b|withheld|P3|60.0|0.0|0|||0|d7|v3,qwen3_14b,DC,withheld,CVE-2026-65183,D7-CVE-2026-65183-vendor-jammy-V8-b2,V8,under_investigation,affected,False,False,False,n/a,0.0,True,4,504,82,1.0,1.0,1.0,0.0,0.0
D7-CVE-2026-65183-vendor-noble-V8|DCv21|granite41_30b|blind|P3|60.0|0.0|0|||0|d7|v3,granite41_30b,DCv21,blind,CVE-2026-65183,D7-CVE-2026-65183-vendor-noble-V8,V8,under_investigation,affected,False,False,False,repaired,0.0,True,4,241,35,1.0,0.0,0.0,0.5,0.0
D7-CVE-2026-65183-vendor-noble-V8|DCv21|granite41_30b|tracker|P3|60.0|0.0|0|||0|d7|v3,granite41_30b,DCv21,tracker,CVE-2026-65183,D7-CVE-2026-65183-vendor-noble-V8,V8,affected,affected,True,False,False,first_pass,0.0,True,5,458,70,1.0,0.5,0.5,0.0,0.0
D7-CVE-2026-65183-vendor-noble-V8|DCv21|granite41_30b|withheld|P3|60.0|0.0|0|||0|d7|v3,granite41_30b,DCv21,withheld,CVE-2026-65183,D7-CVE-2026-65183-vendor-noble-V8,V8,under_investigation,affected,False,False,False,repaired,0.0,True,4,244,35,1.0,0.0,0.0,0.5,0.0
D7-CVE-2026-65183-vendor-noble-V8|DC|granite41_30b|blind|P3|60.0|0.0|0|||0|d7|v3,granite41_30b,DC,blind,CVE-2026-65183,D7-CVE-2026-65183-vendor-noble-V8,V8,under_investigation,affected,False,False,False,n/a,0.0,True,5,351,49,1.0,1.0,1.0,0.0,0.0
D7-CVE-2026-65183-vendor-noble-V8|DC|granite41_30b|tracker|P3|60.0|0.0|0|||0|d7|v3,granite41_30b,DC,tracker,CVE-2026-65183,D7-CVE-2026-65183-vendor-noble-V8,V8,affected,affected,True,False,False,n/a,0.0,True,5,363,56,1.0,1.0,1.0,0.0,0.0
D7-CVE-2026-65183-vendor-noble-V8|DC|granite41_30b|withheld|P3|60.0|0.0|0|||0|d7|v3,granite41_30b,DC,withheld,CVE-2026-65183,D7-CVE-2026-65183-vendor-noble-V8,V8,under_investigation,affected,False,False,False,n/a,0.0,True,5,351,49,1.0,1.0,1.0,0.0,0.0
D7-CVE-2026-8404-pypi-noble-V3|DCv21|qwen3_14b|blind|P3|60.0|0.0|0|||0|d7|v3,qwen3_14b,DCv21,blind,CVE-2026-8404,D7-CVE-2026-8404-pypi-noble-V3,V3,under_investigation,fixed,False,False,False,repaired,0.0,True,3,330,49,1.0,1.0,1.0,0.0,0.0
D7-CVE-2026-8404-pypi-noble-V3|DCv21|qwen3_14b|tracker|P3|60.0|0.0|0|||0|d7|v3,qwen3_14b,DCv21,tracker,CVE-2026-8404,D7-CVE-2026-8404-pypi-noble-V3,V3,fixed,fixed,True,False,False,first_pass,0.0,True,4,260,39,1.0,1.0,1.0,0.0,0.0
D7-CVE-2026-8404-pypi-noble-V3|DCv21|qwen3_14b|withheld|P3|60.0|0.0|0|||0|d7|v3,qwen3_14b,DCv21,withheld,CVE-2026-8404,D7-CVE-2026-8404-pypi-noble-V3,V3,under_investigation,fixed,False,False,False,repaired,0.0,True,2,330,49,1.0,1.0,1.0,0.0,0.0
D7-CVE-2026-8404-pypi-noble-V3|DC|qwen3_14b|blind|P3|60.0|0.0|0|||0|d7|v3,qwen3_14b,DC,blind,CVE-2026-8404,D7-CVE-2026-8404-pypi-noble-V3,V3,under_investigation,fixed,False,False,False,n/a,0.0,True,3,360,52,1.0,1.0,1.0,0.0,0.0
D7-CVE-2026-8404-pypi-noble-V3|DC|qwen3_14b|tracker|P3|60.0|0.0|0|||0|d7|v3,qwen3_14b,DC,tracker,CVE-2026-8404,D7-CVE-2026-8404-pypi-noble-V3,V3,fixed,fixed,True,False,False,n/a,0.0,True,4,362,56,1.0,1.0,1.0,0.0,0.0
D7-CVE-2026-8404-pypi-noble-V3|DC|qwen3_14b|withheld|P3|60.0|0.0|0|||0|d7|v3,qwen3_14b,DC,withheld,CVE-2026-8404,D7-CVE-2026-8404-pypi-noble-V3,V3,under_investigation,fixed,False,False,False,n/a,0.0,True,3,360,52,1.0,1.0,1.0,0.0,0.0
D7-CVE-2026-8404-pypi-noble-V4|DCv21|qwen3_14b|blind|P3|60.0|0.0|0|||0|d7|v3,qwen3_14b,DCv21,blind,CVE-2026-8404,D7-CVE-2026-8404-pypi-noble-V4,V4,under_investigation,fixed,False,False,False,first_pass,0.0,True,6,363,54,1.0,0.0,0.0,0.0,0.0
D7-CVE-2026-8404-pypi-noble-V4|DCv21|qwen3_14b|tracker|P3|60.0|0.0|0|||0|d7|v3,qwen3_14b,DCv21,tracker,CVE-2026-8404,D7-CVE-2026-8404-pypi-noble-V4,V4,fixed,fixed,True,False,False,first_pass,0.0,True,4,301,47,1.0,1.0,1.0,0.0,0.0
D7-CVE-2026-8404-pypi-noble-V4|DCv21|qwen3_14b|withheld|P3|60.0|0.0|0|||0|d7|v3,qwen3_14b,DCv21,withheld,CVE-2026-8404,D7-CVE-2026-8404-pypi-noble-V4,V4,under_investigation,fixed,False,False,False,first_pass,0.0,True,6,363,54,1.0,0.0,0.0,0.0,0.0
D7-CVE-2026-8404-pypi-noble-V4|DC|qwen3_14b|blind|P3|60.0|0.0|0|||0|d7|v3,qwen3_14b,DC,blind,CVE-2026-8404,D7-CVE-2026-8404-pypi-noble-V4,V4,under_investigation,fixed,False,False,False,n/a,0.0,True,3,360,52,1.0,1.0,1.0,0.0,0.0
D7-CVE-2026-8404-pypi-noble-V4|DC|qwen3_14b|tracker|P3|60.0|0.0|0|||0|d7|v3,qwen3_14b,DC,tracker,CVE-2026-8404,D7-CVE-2026-8404-pypi-noble-V4,V4,fixed,fixed,True,False,False,n/a,0.0,True,5,393,62,1.0,1.0,1.0,0.0,0.0
D7-CVE-2026-8404-pypi-noble-V4|DC|qwen3_14b|withheld|P3|60.0|0.0|0|||0|d7|v3,qwen3_14b,DC,withheld,CVE-2026-8404,D7-CVE-2026-8404-pypi-noble-V4,V4,under_investigation,fixed,False,False,False,n/a,0.0,True,4,326,48,1.0,1.0,1.0,0.0,0.0
D7-CVE-2026-8404-pypi-noble-V6|DCv21|gemma4_31b|blind|P3|60.0|0.0|0|||0|d7|v3,gemma4_31b,DCv21,blind,CVE-2026-8404,D7-CVE-2026-8404-pypi-noble-V6,V6,not_affected,not_affected,True,False,False,first_pass,0.0,True,3,192,29,1.0,1.0,1.0,0.0,0.0
D7-CVE-2026-8404-pypi-noble-V6|DCv21|gemma4_31b|tracker|P3|60.0|0.0|0|||0|d7|v3,gemma4_31b,DCv21,tracker,CVE-2026-8404,D7-CVE-2026-8404-pypi-noble-V6,V6,not_affected,not_affected,True,False,False,first_pass,0.0,True,3,227,34,1.0,1.0,1.0,0.0,0.0
D7-CVE-2026-8404-pypi-noble-V6|DCv21|gemma4_31b|withheld|P3|60.0|0.0|0|||0|d7|v3,gemma4_31b,DCv21,withheld,CVE-2026-8404,D7-CVE-2026-8404-pypi-noble-V6,V6,not_affected,not_affected,True,False,False,first_pass,0.0,True,3,192,29,1.0,1.0,1.0,0.0,0.0
D7-CVE-2026-8404-pypi-noble-V6|DC|gemma4_31b|blind|P3|60.0|0.0|0|||0|d7|v3,gemma4_31b,DC,blind,CVE-2026-8404,D7-CVE-2026-8404-pypi-noble-V6,V6,not_affected,not_affected,True,False,False,n/a,0.0,True,2,211,26,1.0,1.0,1.0,0.0,0.0
D7-CVE-2026-8404-pypi-noble-V6|DC|gemma4_31b|tracker|P3|60.0|0.0|0|||0|d7|v3,gemma4_31b,DC,tracker,CVE-2026-8404,D7-CVE-2026-8404-pypi-noble-V6,V6,not_affected,not_affected,True,False,False,n/a,0.0,True,2,211,26,1.0,1.0,1.0,0.0,0.0
D7-CVE-2026-8404-pypi-noble-V6|DC|gemma4_31b|withheld|P3|60.0|0.0|0|||0|d7|v3,gemma4_31b,DC,withheld,CVE-2026-8404,D7-CVE-2026-8404-pypi-noble-V6,V6,not_affected,not_affected,True,False,False,n/a,0.0,True,2,211,26,1.0,1.0,1.0,0.0,0.0
D7-CVE-2026-84645-vendor-jammy-V4|DCv21|granite41_30b|blind|P3|60.0|0.0|0|||0|d7|v3,granite41_30b,DCv21,blind,CVE-2026-84645,D7-CVE-2026-84645-vendor-jammy-V4,V4,under_investigation,fixed,False,False,False,first_pass,0.0,True,5,271,39,1.0,0.5,0.5,0.5,0.0
D7-CVE-2026-84645-vendor-jammy-V4|DCv21|granite41_30b|tracker|P3|60.0|0.0|0|||0|d7|v3,granite41_30b,DCv21,tracker,CVE-2026-84645,D7-CVE-2026-84645-vendor-jammy-V4,V4,under_investigation,fixed,False,False,False,repaired,0.0,True,7,505,72,1.0,0.0,0.0,0.5,0.0
D7-CVE-2026-84645-vendor-jammy-V4|DCv21|granite41_30b|withheld|P3|60.0|0.0|0|||0|d7|v3,granite41_30b,DCv21,withheld,CVE-2026-84645,D7-CVE-2026-84645-vendor-jammy-V4,V4,under_investigation,fixed,False,False,False,first_pass,0.0,True,5,289,42,1.0,0.5,0.5,0.5,0.0
D7-CVE-2026-84645-vendor-jammy-V4|DC|granite41_30b|blind|P3|60.0|0.0|0|||0|d7|v3,granite41_30b,DC,blind,CVE-2026-84645,D7-CVE-2026-84645-vendor-jammy-V4,V4,under_investigation,fixed,False,False,False,n/a,0.0,True,4,382,53,1.0,1.0,1.0,0.0,0.0
D7-CVE-2026-84645-vendor-jammy-V4|DC|granite41_30b|tracker|P3|60.0|0.0|0|||0|d7|v3,granite41_30b,DC,tracker,CVE-2026-84645,D7-CVE-2026-84645-vendor-jammy-V4,V4,under_investigation,fixed,False,False,False,n/a,0.0,True,4,376,53,1.0,1.0,1.0,0.0,0.0
D7-CVE-2026-84645-vendor-jammy-V4|DC|granite41_30b|withheld|P3|60.0|0.0|0|||0|d7|v3,granite41_30b,DC,withheld,CVE-2026-84645,D7-CVE-2026-84645-vendor-jammy-V4,V4,under_investigation,fixed,False,False,False,n/a,0.0,True,4,382,53,1.0,1.0,1.0,0.0,0.0
D7-CVE-2026-84645-vendor-jammy-V6|DCv21|gemma4_31b|blind|P3|60.0|0.0|0|||0|d7|v3,gemma4_31b,DCv21,blind,CVE-2026-84645,D7-CVE-2026-84645-vendor-jammy-V6,V6,under_investigation,not_affected,False,False,False,repaired,0.0,True,4,272,35,1.0,1.0,1.0,0.0,0.0
D7-CVE-2026-84645-vendor-jammy-V6|DCv21|gemma4_31b|tracker|P3|60.0|0.0|0|||0|d7|v3,gemma4_31b,DCv21,tracker,CVE-2026-84645,D7-CVE-2026-84645-vendor-jammy-V6,V6,under_investigation,not_affected,False,False,False,repaired,0.0,True,4,237,34,1.0,1.0,1.0,0.0,0.0
D7-CVE-2026-84645-vendor-jammy-V6|DCv21|gemma4_31b|withheld|P3|60.0|0.0|0|||0|d7|v3,gemma4_31b,DCv21,withheld,CVE-2026-84645,D7-CVE-2026-84645-vendor-jammy-V6,V6,under_investigation,not_affected,False,False,False,repaired,0.0,True,4,272,35,1.0,1.0,1.0,0.0,0.0
D7-CVE-2026-84645-vendor-jammy-V6|DC|gemma4_31b|blind|P3|60.0|0.0|0|||0|d7|v3,gemma4_31b,DC,blind,CVE-2026-84645,D7-CVE-2026-84645-vendor-jammy-V6,V6,under_investigation,not_affected,False,False,False,n/a,0.0,True,2,224,35,1.0,1.0,1.0,0.0,0.0
D7-CVE-2026-84645-vendor-jammy-V6|DC|gemma4_31b|tracker|P3|60.0|0.0|0|||0|d7|v3,gemma4_31b,DC,tracker,CVE-2026-84645,D7-CVE-2026-84645-vendor-jammy-V6,V6,under_investigation,not_affected,False,False,False,n/a,0.0,True,4,224,35,1.0,1.0,1.0,0.0,0.0
D7-CVE-2026-84645-vendor-jammy-V6|DC|gemma4_31b|withheld|P3|60.0|0.0|0|||0|d7|v3,gemma4_31b,DC,withheld,CVE-2026-84645,D7-CVE-2026-84645-vendor-jammy-V6,V6,under_investigation,not_affected,False,False,False,n/a,0.0,True,4,224,35,1.0,1.0,1.0,0.0,0.0
D7-CVE-2026-90698-deb-ubuntu-jammy-V2|DCv21|granite41_8b|blind|P3|60.0|0.0|0|||0|d7|v3,granite41_8b,DCv21,blind,CVE-2026-90698,D7-CVE-2026-90698-deb-ubuntu-jammy-V2,V2,under_investigation,affected,False,False,False,repaired,0.0,True,3,574,72,1.0,1.0,1.0,0.0,0.0
D7-CVE-2026-90698-deb-ubuntu-jammy-V2|DCv21|granite41_8b|tracker|P3|60.0|0.0|0|||0|d7|v3,granite41_8b,DCv21,tracker,CVE-2026-90698,D7-CVE-2026-90698-deb-ubuntu-jammy-V2,V2,affected,affected,True,False,False,first_pass,0.0,True,5,423,60,1.0,1.0,1.0,0.0,0.0
D7-CVE-2026-90698-deb-ubuntu-jammy-V2|DCv21|granite41_8b|withheld|P3|60.0|0.0|0|||0|d7|v3,granite41_8b,DCv21,withheld,CVE-2026-90698,D7-CVE-2026-90698-deb-ubuntu-jammy-V2,V2,under_investigation,affected,False,False,False,repaired,0.0,True,7,703,98,1.0,1.0,1.0,0.0,0.0
D7-CVE-2026-90698-deb-ubuntu-jammy-V2|DC|granite41_8b|blind|P3|60.0|0.0|0|||0|d7|v3,granite41_8b,DC,blind,CVE-2026-90698,D7-CVE-2026-90698-deb-ubuntu-jammy-V2,V2,under_investigation,affected,False,False,False,n/a,0.0,True,4,440,60,1.0,1.0,1.0,0.0,0.0
D7-CVE-2026-90698-deb-ubuntu-jammy-V2|DC|granite41_8b|tracker|P3|60.0|0.0|0|||0|d7|v3,granite41_8b,DC,tracker,CVE-2026-90698,D7-CVE-2026-90698-deb-ubuntu-jammy-V2,V2,affected,affected,True,False,False,n/a,0.0,True,7,538,83,1.0,1.0,1.0,0.0,0.0
D7-CVE-2026-90698-deb-ubuntu-jammy-V2|DC|granite41_8b|withheld|P3|60.0|0.0|0|||0|d7|v3,granite41_8b,DC,withheld,CVE-2026-90698,D7-CVE-2026-90698-deb-ubuntu-jammy-V2,V2,under_investigation,affected,False,False,False,n/a,0.0,True,4,440,60,1.0,1.0,1.0,0.0,0.0
D7-CVE-2026-90698-deb-ubuntu-jammy-V6|DCv21|gemma4_31b|blind|P3|60.0|0.0|0|||0|d7|v3,gemma4_31b,DCv21,blind,CVE-2026-90698,D7-CVE-2026-90698-deb-ubuntu-jammy-V6,V6,not_affected,not_affected,True,False,False,first_pass,0.0,True,3,258,38,1.0,1.0,1.0,0.0,0.0
D7-CVE-2026-90698-deb-ubuntu-jammy-V6|DCv21|gemma4_31b|tracker|P3|60.0|0.0|0|||0|d7|v3,gemma4_31b,DCv21,tracker,CVE-2026-90698,D7-CVE-2026-90698-deb-ubuntu-jammy-V6,V6,not_affected,not_affected,True,False,False,first_pass,0.0,True,4,269,38,1.0,1.0,1.0,0.0,0.0
D7-CVE-2026-90698-deb-ubuntu-jammy-V6|DCv21|gemma4_31b|withheld|P3|60.0|0.0|0|||0|d7|v3,gemma4_31b,DCv21,withheld,CVE-2026-90698,D7-CVE-2026-90698-deb-ubuntu-jammy-V6,V6,not_affected,not_affected,True,False,False,first_pass,0.0,True,3,258,38,1.0,1.0,1.0,0.0,0.0
D7-CVE-2026-90698-deb-ubuntu-jammy-V6|DC|gemma4_31b|blind|P3|60.0|0.0|0|||0|d7|v3,gemma4_31b,DC,blind,CVE-2026-90698,D7-CVE-2026-90698-deb-ubuntu-jammy-V6,V6,not_affected,not_affected,True,False,False,n/a,0.0,True,3,233,29,1.0,1.0,1.0,0.0,0.0
D7-CVE-2026-90698-deb-ubuntu-jammy-V6|DC|gemma4_31b|tracker|P3|60.0|0.0|0|||0|d7|v3,gemma4_31b,DC,tracker,CVE-2026-90698,D7-CVE-2026-90698-deb-ubuntu-jammy-V6,V6,not_affected,not_affected,True,False,False,n/a,0.0,True,6,233,29,1.0,1.0,1.0,0.0,0.0
D7-CVE-2026-90698-deb-ubuntu-jammy-V6|DC|gemma4_31b|withheld|P3|60.0|0.0|0|||0|d7|v3,gemma4_31b,DC,withheld,CVE-2026-90698,D7-CVE-2026-90698-deb-ubuntu-jammy-V6,V6,not_affected,not_affected,True,False,False,n/a,0.0,True,3,233,29,1.0,1.0,1.0,0.0,0.0
D7-CVE-2026-90698-deb-ubuntu-noble-V1|DCv21|qwen3_4b|blind|P3|60.0|0.0|0|||0|d7|v3,qwen3_4b,DCv21,blind,CVE-2026-90698,D7-CVE-2026-90698-deb-ubuntu-noble-V1,V1,not_affected,not_affected,True,False,False,first_pass,0.0,True,2,271,43,1.0,1.0,1.0,0.0,0.0
D7-CVE-2026-90698-deb-ubuntu-noble-V1|DCv21|qwen3_4b|tracker|P3|60.0|0.0|0|||0|d7|v3,qwen3_4b,DCv21,tracker,CVE-2026-90698,D7-CVE-2026-90698-deb-ubuntu-noble-V1,V1,not_affected,not_affected,True,False,False,first_pass,0.0,True,5,313,45,1.0,1.0,1.0,0.0,0.0
D7-CVE-2026-90698-deb-ubuntu-noble-V1|DCv21|qwen3_4b|withheld|P3|60.0|0.0|0|||0|d7|v3,qwen3_4b,DCv21,withheld,CVE-2026-90698,D7-CVE-2026-90698-deb-ubuntu-noble-V1,V1,not_affected,not_affected,True,False,False,first_pass,0.0,True,3,234,36,1.0,1.0,1.0,0.0,0.0
D7-CVE-2026-90698-deb-ubuntu-noble-V1|DC|qwen3_4b|blind|P3|60.0|0.0|0|||0|d7|v3,qwen3_4b,DC,blind,CVE-2026-90698,D7-CVE-2026-90698-deb-ubuntu-noble-V1,V1,not_affected,not_affected,True,False,False,n/a,0.0,True,2,255,37,1.0,1.0,1.0,0.0,0.0
D7-CVE-2026-90698-deb-ubuntu-noble-V1|DC|qwen3_4b|tracker|P3|60.0|0.0|0|||0|d7|v3,qwen3_4b,DC,tracker,CVE-2026-90698,D7-CVE-2026-90698-deb-ubuntu-noble-V1,V1,not_affected,not_affected,True,False,False,n/a,0.0,True,2,279,42,1.0,1.0,1.0,0.0,0.0
D7-CVE-2026-90698-deb-ubuntu-noble-V1|DC|qwen3_4b|withheld|P3|60.0|0.0|0|||0|d7|v3,qwen3_4b,DC,withheld,CVE-2026-90698,D7-CVE-2026-90698-deb-ubuntu-noble-V1,V1,not_affected,not_affected,True,False,False,n/a,0.0,True,2,255,37,1.0,1.0,1.0,0.0,0.0
D7-CVE-2026-90698-deb-ubuntu-noble-V2|DCv21|llama31_8b|blind|P3|60.0|0.0|0|||0|d7|v3,llama31_8b,DCv21,blind,CVE-2026-90698,D7-CVE-2026-90698-deb-ubuntu-noble-V2,V2,under_investigation,affected,False,False,False,first_pass,0.0,True,6,464,67,1.0,0.5,0.5,0.5,0.0
D7-CVE-2026-90698-deb-ubuntu-noble-V2|DCv21|llama31_8b|tracker|P3|60.0|0.0|0|||0|d7|v3,llama31_8b,DCv21,tracker,CVE-2026-90698,D7-CVE-2026-90698-deb-ubuntu-noble-V2,V2,affected,affected,True,False,False,repaired,0.0,True,5,320,42,1.0,1.0,1.0,0.0,0.0
D7-CVE-2026-90698-deb-ubuntu-noble-V2|DCv21|llama31_8b|withheld|P3|60.0|0.0|0|||0|d7|v3,llama31_8b,DCv21,withheld,CVE-2026-90698,D7-CVE-2026-90698-deb-ubuntu-noble-V2,V2,under_investigation,affected,False,False,False,first_pass,0.0,True,4,443,63,1.0,0.5,0.5,0.5,0.0
D7-CVE-2026-90698-deb-ubuntu-noble-V2|DC|llama31_8b|blind|P3|60.0|0.0|0|||0|d7|v3,llama31_8b,DC,blind,CVE-2026-90698,D7-CVE-2026-90698-deb-ubuntu-noble-V2,V2,under_investigation,affected,False,False,False,n/a,0.0,True,5,460,68,1.0,1.0,1.0,0.0,0.0
D7-CVE-2026-90698-deb-ubuntu-noble-V2|DC|llama31_8b|tracker|P3|60.0|0.0|0|||0|d7|v3,llama31_8b,DC,tracker,CVE-2026-90698,D7-CVE-2026-90698-deb-ubuntu-noble-V2,V2,affected,affected,True,False,False,n/a,0.0,True,5,476,72,1.0,0.0,0.0,0.0,0.0
D7-CVE-2026-90698-deb-ubuntu-noble-V2|DC|llama31_8b|withheld|P3|60.0|0.0|0|||0|d7|v3,llama31_8b,DC,withheld,CVE-2026-90698,D7-CVE-2026-90698-deb-ubuntu-noble-V2,V2,under_investigation,affected,False,False,False,n/a,0.0,True,4,416,60,1.0,1.0,1.0,0.0,0.0
D7-CVE-2026-94054-deb-ubuntu-jammy-V2|DCv21|mistral_small_24b|blind|P3|60.0|0.0|0|||0|d7|v3,mistral_small_24b,DCv21,blind,CVE-2026-94054,D7-CVE-2026-94054-deb-ubuntu-jammy-V2,V2,under_investigation,affected,False,False,False,repaired,0.0,True,3,406,53,1.0,1.0,1.0,0.0,0.0
D7-CVE-2026-94054-deb-ubuntu-jammy-V2|DCv21|mistral_small_24b|tracker|P3|60.0|0.0|0|||0|d7|v3,mistral_small_24b,DCv21,tracker,CVE-2026-94054,D7-CVE-2026-94054-deb-ubuntu-jammy-V2,V2,affected,affected,True,False,False,first_pass,0.0,True,4,352,50,1.0,0.0,0.0,0.3333333333333333,0.0
D7-CVE-2026-94054-deb-ubuntu-jammy-V2|DCv21|mistral_small_24b|withheld|P3|60.0|0.0|0|||0|d7|v3,mistral_small_24b,DCv21,withheld,CVE-2026-94054,D7-CVE-2026-94054-deb-ubuntu-jammy-V2,V2,under_investigation,affected,False,False,False,repaired,0.0,True,3,406,53,1.0,1.0,1.0,0.0,0.0
D7-CVE-2026-94054-deb-ubuntu-jammy-V2|DC|mistral_small_24b|blind|P3|60.0|0.0|0|||0|d7|v3,mistral_small_24b,DC,blind,CVE-2026-94054,D7-CVE-2026-94054-deb-ubuntu-jammy-V2,V2,under_investigation,affected,False,False,False,n/a,0.0,True,4,442,68,1.0,0.3333333333333333,0.3333333333333333,0.6666666666666666,0.0
D7-CVE-2026-94054-deb-ubuntu-jammy-V2|DC|mistral_small_24b|tracker|P3|60.0|0.0|0|||0|d7|v3,mistral_small_24b,DC,tracker,CVE-2026-94054,D7-CVE-2026-94054-deb-ubuntu-jammy-V2,V2,affected,affected,True,False,False,n/a,0.0,True,5,358,54,1.0,1.0,1.0,0.0,0.0
D7-CVE-2026-94054-deb-ubuntu-jammy-V2|DC|mistral_small_24b|withheld|P3|60.0|0.0|0|||0|d7|v3,mistral_small_24b,DC,withheld,CVE-2026-94054,D7-CVE-2026-94054-deb-ubuntu-jammy-V2,V2,under_investigation,affected,False,False,False,n/a,0.0,True,5,415,63,1.0,0.3333333333333333,0.3333333333333333,0.6666666666666666,0.0
D7-CVE-2026-94054-deb-ubuntu-noble-V4|DCv21|gemma4_31b|blind|P3|60.0|0.0|0|||0|d7|v3,gemma4_31b,DCv21,blind,CVE-2026-94054,D7-CVE-2026-94054-deb-ubuntu-noble-V4,V4,under_investigation,fixed,False,False,False,repaired,0.0,True,4,345,44,1.0,0.5,0.5,0.0,0.0
D7-CVE-2026-94054-deb-ubuntu-noble-V4|DCv21|gemma4_31b|tracker|P3|60.0|0.0|0|||0|d7|v3,gemma4_31b,DCv21,tracker,CVE-2026-94054,D7-CVE-2026-94054-deb-ubuntu-noble-V4,V4,fixed,fixed,True,False,False,repaired,0.0,True,6,256,33,1.0,1.0,1.0,0.0,0.0
D7-CVE-2026-94054-deb-ubuntu-noble-V4|DCv21|gemma4_31b|withheld|P3|60.0|0.0|0|||0|d7|v3,gemma4_31b,DCv21,withheld,CVE-2026-94054,D7-CVE-2026-94054-deb-ubuntu-noble-V4,V4,under_investigation,fixed,False,False,False,repaired,0.0,True,3,302,36,1.0,1.0,1.0,0.0,0.0
D7-CVE-2026-94054-deb-ubuntu-noble-V4|DC|gemma4_31b|blind|P3|60.0|0.0|0|||0|d7|v3,gemma4_31b,DC,blind,CVE-2026-94054,D7-CVE-2026-94054-deb-ubuntu-noble-V4,V4,under_investigation,fixed,False,False,False,n/a,0.0,True,4,289,42,1.0,1.0,1.0,0.0,0.0
D7-CVE-2026-94054-deb-ubuntu-noble-V4|DC|gemma4_31b|tracker|P3|60.0|0.0|0|||0|d7|v3,gemma4_31b,DC,tracker,CVE-2026-94054,D7-CVE-2026-94054-deb-ubuntu-noble-V4,V4,fixed,fixed,True,False,False,n/a,0.0,True,4,188,29,1.0,1.0,1.0,0.0,0.0
D7-CVE-2026-94054-deb-ubuntu-noble-V4|DC|gemma4_31b|withheld|P3|60.0|0.0|0|||0|d7|v3,gemma4_31b,DC,withheld,CVE-2026-94054,D7-CVE-2026-94054-deb-ubuntu-noble-V4,V4,under_investigation,fixed,False,False,False,n/a,0.0,True,4,289,42,1.0,1.0,1.0,0.0,0.0
D7-CVE-2026-94054-deb-ubuntu-noble-V6|DCv21|granite41_30b|blind|P3|60.0|0.0|0|||0|d7|v3,granite41_30b,DCv21,blind,CVE-2026-94054,D7-CVE-2026-94054-deb-ubuntu-noble-V6,V6,not_affected,not_affected,True,False,False,first_pass,0.0,True,4,356,52,1.0,1.0,1.0,0.0,0.0
D7-CVE-2026-94054-deb-ubuntu-noble-V6|DCv21|granite41_30b|tracker|P3|60.0|0.0|0|||0|d7|v3,granite41_30b,DCv21,tracker,CVE-2026-94054,D7-CVE-2026-94054-deb-ubuntu-noble-V6,V6,not_affected,not_affected,True,False,False,first_pass,0.0,True,4,422,63,1.0,1.0,1.0,0.0,0.0
D7-CVE-2026-94054-deb-ubuntu-noble-V6|DCv21|granite41_30b|withheld|P3|60.0|0.0|0|||0|d7|v3,granite41_30b,DCv21,withheld,CVE-2026-94054,D7-CVE-2026-94054-deb-ubuntu-noble-V6,V6,not_affected,not_affected,True,False,False,first_pass,0.0,True,4,356,52,1.0,1.0,1.0,0.0,0.0
D7-CVE-2026-94054-deb-ubuntu-noble-V6|DC|granite41_30b|blind|P3|60.0|0.0|0|||0|d7|v3,granite41_30b,DC,blind,CVE-2026-94054,D7-CVE-2026-94054-deb-ubuntu-noble-V6,V6,not_affected,not_affected,True,False,False,n/a,0.0,True,2,257,35,1.0,1.0,1.0,0.0,0.0
D7-CVE-2026-94054-deb-ubuntu-noble-V6|DC|granite41_30b|tracker|P3|60.0|0.0|0|||0|d7|v3,granite41_30b,DC,tracker,CVE-2026-94054,D7-CVE-2026-94054-deb-ubuntu-noble-V6,V6,not_affected,not_affected,True,False,False,n/a,0.0,True,2,274,36,1.0,1.0,1.0,0.0,0.0
D7-CVE-2026-94054-deb-ubuntu-noble-V6|DC|granite41_30b|withheld|P3|60.0|0.0|0|||0|d7|v3,granite41_30b,DC,withheld,CVE-2026-94054,D7-CVE-2026-94054-deb-ubuntu-noble-V6,V6,not_affected,not_affected,True,False,False,n/a,0.0,True,2,298,40,1.0,1.0,1.0,0.0,0.0
D7-CVE-2026-9828-maven-jammy-V2-b2|DCv21|granite41_8b|blind|P3|60.0|0.0|0|||0|d7|v3,granite41_8b,DCv21,blind,CVE-2026-9828,D7-CVE-2026-9828-maven-jammy-V2-b2,V2,under_investigation,affected,False,False,False,first_pass,0.0,True,5,455,58,1.0,0.0,0.0,0.0,0.0
D7-CVE-2026-9828-maven-jammy-V2-b2|DCv21|granite41_8b|tracker|P3|60.0|0.0|0|||0|d7|v3,granite41_8b,DCv21,tracker,CVE-2026-9828,D7-CVE-2026-9828-maven-jammy-V2-b2,V2,affected,affected,True,False,False,first_pass,0.0,True,5,415,56,1.0,0.0,0.0,0.5,0.0
D7-CVE-2026-9828-maven-jammy-V2-b2|DCv21|granite41_8b|withheld|P3|60.0|0.0|0|||0|d7|v3,granite41_8b,DCv21,withheld,CVE-2026-9828,D7-CVE-2026-9828-maven-jammy-V2-b2,V2,under_investigation,affected,False,False,False,repaired,0.0,True,5,413,57,1.0,1.0,1.0,0.0,0.0
D7-CVE-2026-9828-maven-jammy-V2-b2|DC|granite41_8b|blind|P3|60.0|0.0|0|||0|d7|v3,granite41_8b,DC,blind,CVE-2026-9828,D7-CVE-2026-9828-maven-jammy-V2-b2,V2,under_investigation,affected,False,False,False,n/a,0.0,True,4,433,60,1.0,1.0,1.0,0.0,0.0
D7-CVE-2026-9828-maven-jammy-V2-b2|DC|granite41_8b|tracker|P3|60.0|0.0|0|||0|d7|v3,granite41_8b,DC,tracker,CVE-2026-9828,D7-CVE-2026-9828-maven-jammy-V2-b2,V2,affected,affected,True,False,False,n/a,0.0,True,4,336,53,1.0,1.0,1.0,0.0,0.0
D7-CVE-2026-9828-maven-jammy-V2-b2|DC|granite41_8b|withheld|P3|60.0|0.0|0|||0|d7|v3,granite41_8b,DC,withheld,CVE-2026-9828,D7-CVE-2026-9828-maven-jammy-V2-b2,V2,under_investigation,affected,False,False,False,n/a,0.0,True,4,433,60,1.0,1.0,1.0,0.0,0.0
D7-CVE-2026-9828-maven-noble-V2|DCv21|gemma4_31b|blind|P3|60.0|0.0|0|||0|d7|v3,gemma4_31b,DCv21,blind,CVE-2026-9828,D7-CVE-2026-9828-maven-noble-V2,V2,under_investigation,affected,False,False,False,repaired,0.0,True,4,209,29,1.0,1.0,1.0,0.0,0.0
D7-CVE-2026-9828-maven-noble-V2|DCv21|gemma4_31b|tracker|P3|60.0|0.0|0|||0|d7|v3,gemma4_31b,DCv21,tracker,CVE-2026-9828,D7-CVE-2026-9828-maven-noble-V2,V2,affected,affected,True,False,False,first_pass,0.0,True,4,267,40,1.0,1.0,1.0,0.0,0.0
D7-CVE-2026-9828-maven-noble-V2|DCv21|gemma4_31b|withheld|P3|60.0|0.0|0|||0|d7|v3,gemma4_31b,DCv21,withheld,CVE-2026-9828,D7-CVE-2026-9828-maven-noble-V2,V2,under_investigation,affected,False,False,False,repaired,0.0,True,4,209,29,1.0,1.0,1.0,0.0,0.0
D7-CVE-2026-9828-maven-noble-V2|DC|gemma4_31b|blind|P3|60.0|0.0|0|||0|d7|v3,gemma4_31b,DC,blind,CVE-2026-9828,D7-CVE-2026-9828-maven-noble-V2,V2,under_investigation,affected,False,False,False,n/a,0.0,True,5,190,29,1.0,0.5,0.5,0.0,0.0
D7-CVE-2026-9828-maven-noble-V2|DC|gemma4_31b|tracker|P3|60.0|0.0|0|||0|d7|v3,gemma4_31b,DC,tracker,CVE-2026-9828,D7-CVE-2026-9828-maven-noble-V2,V2,affected,affected,True,False,False,n/a,0.0,True,3,209,32,1.0,1.0,1.0,0.0,0.0
D7-CVE-2026-9828-maven-noble-V2|DC|gemma4_31b|withheld|P3|60.0|0.0|0|||0|d7|v3,gemma4_31b,DC,withheld,CVE-2026-9828,D7-CVE-2026-9828-maven-noble-V2,V2,under_investigation,affected,False,False,False,n/a,0.0,True,5,190,29,1.0,0.5,0.5,0.0,0.0
D7-CVE-2026-9828-maven-noble-V6|DCv21|mistral_small_24b|blind|P3|60.0|0.0|0|||0|d7|v3,mistral_small_24b,DCv21,blind,CVE-2026-9828,D7-CVE-2026-9828-maven-noble-V6,V6,not_affected,not_affected,True,False,False,first_pass,0.0,True,2,327,42,1.0,1.0,1.0,0.0,0.0
D7-CVE-2026-9828-maven-noble-V6|DCv21|mistral_small_24b|tracker|P3|60.0|0.0|0|||0|d7|v3,mistral_small_24b,DCv21,tracker,CVE-2026-9828,D7-CVE-2026-9828-maven-noble-V6,V6,not_affected,not_affected,True,False,False,first_pass,0.0,True,4,347,46,1.0,1.0,1.0,0.0,0.0
D7-CVE-2026-9828-maven-noble-V6|DCv21|mistral_small_24b|withheld|P3|60.0|0.0|0|||0|d7|v3,mistral_small_24b,DCv21,withheld,CVE-2026-9828,D7-CVE-2026-9828-maven-noble-V6,V6,not_affected,not_affected,True,False,False,first_pass,0.0,True,2,334,43,1.0,1.0,1.0,0.0,0.0
D7-CVE-2026-9828-maven-noble-V6|DC|mistral_small_24b|blind|P3|60.0|0.0|0|||0|d7|v3,mistral_small_24b,DC,blind,CVE-2026-9828,D7-CVE-2026-9828-maven-noble-V6,V6,not_affected,not_affected,True,False,False,n/a,0.0,True,2,372,50,1.0,1.0,1.0,0.0,0.0
D7-CVE-2026-9828-maven-noble-V6|DC|mistral_small_24b|tracker|P3|60.0|0.0|0|||0|d7|v3,mistral_small_24b,DC,tracker,CVE-2026-9828,D7-CVE-2026-9828-maven-noble-V6,V6,not_affected,not_affected,True,False,False,n/a,0.0,True,2,372,50,1.0,1.0,1.0,0.0,0.0
D7-CVE-2026-9828-maven-noble-V6|DC|mistral_small_24b|withheld|P3|60.0|0.0|0|||0|d7|v3,mistral_small_24b,DC,withheld,CVE-2026-9828,D7-CVE-2026-9828-maven-noble-V6,V6,not_affected,not_affected,True,False,False,n/a,0.0,True,2,372,50,1.0,1.0,1.0,0.0,0.0
D7-CVE-2016-4437-maven-jammy-V2-b2|DCv21b|llama31_8b|blind|P3|60.0|0.0|0|||0|d7|v3,llama31_8b,DCv21b,blind,CVE-2016-4437,D7-CVE-2016-4437-maven-jammy-V2-b2,V2,under_investigation,affected,False,False,False,first_pass,0.0,True,4,566,80,1.0,0.5,0.5,0.5,0.0
D7-CVE-2016-4437-maven-jammy-V2-b2|DCv21b|llama31_8b|tracker|P3|60.0|0.0|0|||0|d7|v3,llama31_8b,DCv21b,tracker,CVE-2016-4437,D7-CVE-2016-4437-maven-jammy-V2-b2,V2,affected,affected,True,False,False,first_pass,0.0,True,4,326,47,1.0,1.0,1.0,0.0,0.0
D7-CVE-2016-4437-maven-jammy-V2-b2|DCv21b|llama31_8b|withheld|P3|60.0|0.0|0|||0|d7|v3,llama31_8b,DCv21b,withheld,CVE-2016-4437,D7-CVE-2016-4437-maven-jammy-V2-b2,V2,under_investigation,affected,False,False,False,first_pass,0.0,True,4,566,80,1.0,0.5,0.5,0.5,0.0
D7-CVE-2016-4437-maven-noble-V1|DCv21b|llama31_8b|blind|P3|60.0|0.0|0|||0|d7|v3,llama31_8b,DCv21b,blind,CVE-2016-4437,D7-CVE-2016-4437-maven-noble-V1,V1,not_affected,not_affected,True,False,False,first_pass,0.0,True,3,390,53,1.0,1.0,1.0,0.0,0.0
D7-CVE-2016-4437-maven-noble-V1|DCv21b|llama31_8b|tracker|P3|60.0|0.0|0|||0|d7|v3,llama31_8b,DCv21b,tracker,CVE-2016-4437,D7-CVE-2016-4437-maven-noble-V1,V1,not_affected,not_affected,True,False,False,first_pass,0.0,True,2,354,50,1.0,1.0,1.0,0.0,0.0
D7-CVE-2016-4437-maven-noble-V1|DCv21b|llama31_8b|withheld|P3|60.0|0.0|0|||0|d7|v3,llama31_8b,DCv21b,withheld,CVE-2016-4437,D7-CVE-2016-4437-maven-noble-V1,V1,not_affected,not_affected,True,False,False,first_pass,0.0,True,3,390,53,1.0,1.0,1.0,0.0,0.0
D7-CVE-2016-4437-maven-noble-V3|DCv21b|gemma4_31b|blind|P3|60.0|0.0|0|||0|d7|v3,gemma4_31b,DCv21b,blind,CVE-2016-4437,D7-CVE-2016-4437-maven-noble-V3,V3,under_investigation,fixed,False,False,False,first_pass,0.0,True,3,268,32,1.0,1.0,1.0,0.0,0.0
D7-CVE-2016-4437-maven-noble-V3|DCv21b|gemma4_31b|tracker|P3|60.0|0.0|0|||0|d7|v3,gemma4_31b,DCv21b,tracker,CVE-2016-4437,D7-CVE-2016-4437-maven-noble-V3,V3,fixed,fixed,True,False,False,first_pass,0.0,True,5,214,27,1.0,1.0,1.0,0.0,0.0
D7-CVE-2016-4437-maven-noble-V3|DCv21b|gemma4_31b|withheld|P3|60.0|0.0|0|||0|d7|v3,gemma4_31b,DCv21b,withheld,CVE-2016-4437,D7-CVE-2016-4437-maven-noble-V3,V3,under_investigation,fixed,False,False,False,first_pass,0.0,True,3,268,32,1.0,1.0,1.0,0.0,0.0
D7-CVE-2016-4437-maven-noble-V6|DCv21b|qwen3_4b|blind|P3|60.0|0.0|0|||0|d7|v3,qwen3_4b,DCv21b,blind,CVE-2016-4437,D7-CVE-2016-4437-maven-noble-V6,V6,not_affected,not_affected,True,False,False,first_pass,0.0,True,3,314,46,1.0,1.0,1.0,0.0,0.0
D7-CVE-2016-4437-maven-noble-V6|DCv21b|qwen3_4b|tracker|P3|60.0|0.0|0|||0|d7|v3,qwen3_4b,DCv21b,tracker,CVE-2016-4437,D7-CVE-2016-4437-maven-noble-V6,V6,not_affected,not_affected,True,False,False,fallback,1.0,True,2,176,20,1.0,1.0,1.0,0.0,0.0
D7-CVE-2016-4437-maven-noble-V6|DCv21b|qwen3_4b|withheld|P3|60.0|0.0|0|||0|d7|v3,qwen3_4b,DCv21b,withheld,CVE-2016-4437,D7-CVE-2016-4437-maven-noble-V6,V6,not_affected,not_affected,True,False,False,first_pass,0.0,True,3,314,46,1.0,1.0,1.0,0.0,0.0
D7-CVE-2018-1000861-vendor-jammy-V6|DCv21b|granite41_8b|blind|P3|60.0|0.0|0|||0|d7|v3,granite41_8b,DCv21b,blind,CVE-2018-1000861,D7-CVE-2018-1000861-vendor-jammy-V6,V6,under_investigation,not_affected,False,False,False,first_pass,0.0,True,3,352,42,1.0,1.0,1.0,0.0,0.0
D7-CVE-2018-1000861-vendor-jammy-V6|DCv21b|granite41_8b|tracker|P3|60.0|0.0|0|||0|d7|v3,granite41_8b,DCv21b,tracker,CVE-2018-1000861,D7-CVE-2018-1000861-vendor-jammy-V6,V6,under_investigation,not_affected,False,False,False,fallback,1.0,True,4,121,9,1.0,1.0,1.0,0.0,0.0
D7-CVE-2018-1000861-vendor-jammy-V6|DCv21b|granite41_8b|withheld|P3|60.0|0.0|0|||0|d7|v3,granite41_8b,DCv21b,withheld,CVE-2018-1000861,D7-CVE-2018-1000861-vendor-jammy-V6,V6,under_investigation,not_affected,False,False,False,first_pass,0.0,True,3,352,42,1.0,1.0,1.0,0.0,0.0
D7-CVE-2018-1000861-vendor-jammy-V8|DCv21b|qwen3_14b|blind|P3|60.0|0.0|0|||0|d7|v3,qwen3_14b,DCv21b,blind,CVE-2018-1000861,D7-CVE-2018-1000861-vendor-jammy-V8,V8,under_investigation,affected,False,False,False,first_pass,0.0,True,4,361,45,1.0,1.0,1.0,0.0,0.0
D7-CVE-2018-1000861-vendor-jammy-V8|DCv21b|qwen3_14b|tracker|P3|60.0|0.0|0|||0|d7|v3,qwen3_14b,DCv21b,tracker,CVE-2018-1000861,D7-CVE-2018-1000861-vendor-jammy-V8,V8,under_investigation,affected,False,False,False,first_pass,0.0,True,5,422,56,1.0,1.0,1.0,0.0,0.0
D7-CVE-2018-1000861-vendor-jammy-V8|DCv21b|qwen3_14b|withheld|P3|60.0|0.0|0|||0|d7|v3,qwen3_14b,DCv21b,withheld,CVE-2018-1000861,D7-CVE-2018-1000861-vendor-jammy-V8,V8,under_investigation,affected,False,False,False,first_pass,0.0,True,4,414,52,1.0,1.0,1.0,0.0,0.0
D7-CVE-2018-1000861-vendor-noble-V1|DCv21b|mistral_small_24b|blind|P3|60.0|0.0|0|||0|d7|v3,mistral_small_24b,DCv21b,blind,CVE-2018-1000861,D7-CVE-2018-1000861-vendor-noble-V1,V1,not_affected,not_affected,True,False,False,first_pass,0.0,True,2,236,31,1.0,1.0,1.0,0.0,0.0
D7-CVE-2018-1000861-vendor-noble-V1|DCv21b|mistral_small_24b|tracker|P3|60.0|0.0|0|||0|d7|v3,mistral_small_24b,DCv21b,tracker,CVE-2018-1000861,D7-CVE-2018-1000861-vendor-noble-V1,V1,not_affected,not_affected,True,False,False,repaired,0.0,True,3,358,49,1.0,1.0,1.0,0.0,0.0
D7-CVE-2018-1000861-vendor-noble-V1|DCv21b|mistral_small_24b|withheld|P3|60.0|0.0|0|||0|d7|v3,mistral_small_24b,DCv21b,withheld,CVE-2018-1000861,D7-CVE-2018-1000861-vendor-noble-V1,V1,not_affected,not_affected,True,False,False,first_pass,0.0,True,2,236,31,1.0,1.0,1.0,0.0,0.0
D7-CVE-2020-1747-pypi-jammy-V2|DCv21b|granite41_8b|blind|P3|60.0|0.0|0|||0|d7|v3,granite41_8b,DCv21b,blind,CVE-2020-1747,D7-CVE-2020-1747-pypi-jammy-V2,V2,under_investigation,affected,False,False,False,first_pass,0.0,True,2,399,57,1.0,1.0,1.0,0.0,0.0
D7-CVE-2020-1747-pypi-jammy-V2|DCv21b|granite41_8b|tracker|P3|60.0|0.0|0|||0|d7|v3,granite41_8b,DCv21b,tracker,CVE-2020-1747,D7-CVE-2020-1747-pypi-jammy-V2,V2,affected,affected,True,False,False,first_pass,0.0,True,5,323,50,1.0,1.0,1.0,0.0,0.0
D7-CVE-2020-1747-pypi-jammy-V2|DCv21b|granite41_8b|withheld|P3|60.0|0.0|0|||0|d7|v3,granite41_8b,DCv21b,withheld,CVE-2020-1747,D7-CVE-2020-1747-pypi-jammy-V2,V2,under_investigation,affected,False,False,False,first_pass,0.0,True,2,397,57,1.0,1.0,1.0,0.0,0.0
D7-CVE-2020-9484-vendor-jammy-V3|DCv21b|llama31_8b|blind|P3|60.0|0.0|0|||0|d7|v3,llama31_8b,DCv21b,blind,CVE-2020-9484,D7-CVE-2020-9484-vendor-jammy-V3,V3,under_investigation,fixed,False,False,False,repaired,0.0,True,2,397,52,1.0,1.0,1.0,0.0,0.0
D7-CVE-2020-9484-vendor-jammy-V3|DCv21b|llama31_8b|tracker|P3|60.0|0.0|0|||0|d7|v3,llama31_8b,DCv21b,tracker,CVE-2020-9484,D7-CVE-2020-9484-vendor-jammy-V3,V3,fixed,fixed,True,False,False,first_pass,0.0,True,6,485,78,1.0,1.0,1.0,0.0,0.0
D7-CVE-2020-9484-vendor-jammy-V3|DCv21b|llama31_8b|withheld|P3|60.0|0.0|0|||0|d7|v3,llama31_8b,DCv21b,withheld,CVE-2020-9484,D7-CVE-2020-9484-vendor-jammy-V3,V3,under_investigation,fixed,False,False,False,repaired,0.0,True,3,397,52,1.0,1.0,1.0,0.0,0.0
D7-CVE-2020-9484-vendor-jammy-V5|DCv21b|qwen3_4b|blind|P3|60.0|0.0|0|||0|d7|v3,qwen3_4b,DCv21b,blind,CVE-2020-9484,D7-CVE-2020-9484-vendor-jammy-V5,V5,under_investigation,not_affected,False,False,False,first_pass,0.0,True,4,347,47,1.0,1.0,1.0,0.0,0.0
D7-CVE-2020-9484-vendor-jammy-V5|DCv21b|qwen3_4b|tracker|P3|60.0|0.0|0|||0|d7|v3,qwen3_4b,DCv21b,tracker,CVE-2020-9484,D7-CVE-2020-9484-vendor-jammy-V5,V5,not_affected,not_affected,True,False,False,first_pass,0.0,True,5,453,58,1.0,1.0,1.0,0.0,0.0
D7-CVE-2020-9484-vendor-jammy-V5|DCv21b|qwen3_4b|withheld|P3|60.0|0.0|0|||0|d7|v3,qwen3_4b,DCv21b,withheld,CVE-2020-9484,D7-CVE-2020-9484-vendor-jammy-V5,V5,under_investigation,not_affected,False,False,False,first_pass,0.0,True,5,347,47,1.0,1.0,1.0,0.0,0.0
D7-CVE-2020-9484-vendor-jammy-V6|DCv21b|mistral_small_24b|blind|P3|60.0|0.0|0|||0|d7|v3,mistral_small_24b,DCv21b,blind,CVE-2020-9484,D7-CVE-2020-9484-vendor-jammy-V6,V6,not_affected,not_affected,True,False,False,first_pass,0.0,True,2,381,52,1.0,1.0,1.0,0.0,0.0
D7-CVE-2020-9484-vendor-jammy-V6|DCv21b|mistral_small_24b|tracker|P3|60.0|0.0|0|||0|d7|v3,mistral_small_24b,DCv21b,tracker,CVE-2020-9484,D7-CVE-2020-9484-vendor-jammy-V6,V6,not_affected,not_affected,True,False,False,fallback,1.0,True,1,90,9,1.0,1.0,1.0,0.0,0.0
D7-CVE-2020-9484-vendor-jammy-V6|DCv21b|mistral_small_24b|withheld|P3|60.0|0.0|0|||0|d7|v3,mistral_small_24b,DCv21b,withheld,CVE-2020-9484,D7-CVE-2020-9484-vendor-jammy-V6,V6,not_affected,not_affected,True,False,False,first_pass,0.0,True,2,381,52,1.0,1.0,1.0,0.0,0.0
D7-CVE-2020-9484-vendor-jammy-V8|DCv21b|qwen3_4b|blind|P3|60.0|0.0|0|||0|d7|v3,qwen3_4b,DCv21b,blind,CVE-2020-9484,D7-CVE-2020-9484-vendor-jammy-V8,V8,under_investigation,affected,False,False,False,first_pass,0.0,True,3,309,41,1.0,1.0,1.0,0.0,0.0
D7-CVE-2020-9484-vendor-jammy-V8|DCv21b|qwen3_4b|tracker|P3|60.0|0.0|0|||0|d7|v3,qwen3_4b,DCv21b,tracker,CVE-2020-9484,D7-CVE-2020-9484-vendor-jammy-V8,V8,affected,affected,True,False,False,first_pass,0.0,True,5,357,47,1.0,1.0,1.0,0.0,0.0
D7-CVE-2020-9484-vendor-jammy-V8|DCv21b|qwen3_4b|withheld|P3|60.0|0.0|0|||0|d7|v3,qwen3_4b,DCv21b,withheld,CVE-2020-9484,D7-CVE-2020-9484-vendor-jammy-V8,V8,under_investigation,affected,False,False,False,first_pass,0.0,True,3,309,41,1.0,1.0,1.0,0.0,0.0
D7-CVE-2021-40438-vendor-noble-V1|DCv21b|mistral_small_24b|blind|P3|60.0|0.0|0|||0|d7|v3,mistral_small_24b,DCv21b,blind,CVE-2021-40438,D7-CVE-2021-40438-vendor-noble-V1,V1,not_affected,not_affected,True,False,False,first_pass,0.0,True,3,465,68,1.0,1.0,1.0,0.0,0.0
D7-CVE-2021-40438-vendor-noble-V1|DCv21b|mistral_small_24b|tracker|P3|60.0|0.0|0|||0|d7|v3,mistral_small_24b,DCv21b,tracker,CVE-2021-40438,D7-CVE-2021-40438-vendor-noble-V1,V1,not_affected,not_affected,True,False,False,first_pass,0.0,True,6,412,56,1.0,1.0,1.0,0.0,0.0
D7-CVE-2021-40438-vendor-noble-V1|DCv21b|mistral_small_24b|withheld|P3|60.0|0.0|0|||0|d7|v3,mistral_small_24b,DCv21b,withheld,CVE-2021-40438,D7-CVE-2021-40438-vendor-noble-V1,V1,not_affected,not_affected,True,False,False,first_pass,0.0,True,3,465,68,1.0,1.0,1.0,0.0,0.0
D7-CVE-2021-4104-maven-jammy-V7|DCv21b|qwen3_4b|blind|P3|60.0|0.0|0|||0|d7|v3,qwen3_4b,DCv21b,blind,CVE-2021-4104,D7-CVE-2021-4104-maven-jammy-V7,V7,under_investigation,affected,False,False,False,first_pass,0.0,True,3,261,35,1.0,1.0,1.0,0.0,0.0
D7-CVE-2021-4104-maven-jammy-V7|DCv21b|qwen3_4b|tracker|P3|60.0|0.0|0|||0|d7|v3,qwen3_4b,DCv21b,tracker,CVE-2021-4104,D7-CVE-2021-4104-maven-jammy-V7,V7,affected,affected,True,False,False,first_pass,0.0,True,4,300,37,1.0,1.0,1.0,0.0,0.0
D7-CVE-2021-4104-maven-jammy-V7|DCv21b|qwen3_4b|withheld|P3|60.0|0.0|0|||0|d7|v3,qwen3_4b,DCv21b,withheld,CVE-2021-4104,D7-CVE-2021-4104-maven-jammy-V7,V7,under_investigation,affected,False,False,False,first_pass,0.0,True,3,261,35,1.0,1.0,1.0,0.0,0.0
D7-CVE-2021-44228-maven-jammy-V5|DCv21b|qwen3_14b|blind|P3|60.0|0.0|0|||0|d7|v3,qwen3_14b,DCv21b,blind,CVE-2021-44228,D7-CVE-2021-44228-maven-jammy-V5,V5,under_investigation,not_affected,False,False,False,first_pass,0.0,True,4,345,39,1.0,1.0,1.0,0.0,0.0
D7-CVE-2021-44228-maven-jammy-V5|DCv21b|qwen3_14b|tracker|P3|60.0|0.0|0|||0|d7|v3,qwen3_14b,DCv21b,tracker,CVE-2021-44228,D7-CVE-2021-44228-maven-jammy-V5,V5,not_affected,not_affected,True,False,False,first_pass,0.0,True,6,411,47,1.0,1.0,1.0,0.0,0.0
D7-CVE-2021-44228-maven-jammy-V5|DCv21b|qwen3_14b|withheld|P3|60.0|0.0|0|||0|d7|v3,qwen3_14b,DCv21b,withheld,CVE-2021-44228,D7-CVE-2021-44228-maven-jammy-V5,V5,under_investigation,not_affected,False,False,False,first_pass,0.0,True,3,303,37,1.0,1.0,1.0,0.0,0.0
D7-CVE-2021-44228-maven-noble-V2-b2|DCv21b|qwen3_14b|blind|P3|60.0|0.0|0|||0|d7|v3,qwen3_14b,DCv21b,blind,CVE-2021-44228,D7-CVE-2021-44228-maven-noble-V2-b2,V2,under_investigation,affected,False,False,False,first_pass,0.0,True,4,309,39,1.0,1.0,1.0,0.0,0.0
D7-CVE-2021-44228-maven-noble-V2-b2|DCv21b|qwen3_14b|tracker|P3|60.0|0.0|0|||0|d7|v3,qwen3_14b,DCv21b,tracker,CVE-2021-44228,D7-CVE-2021-44228-maven-noble-V2-b2,V2,affected,affected,True,False,False,fallback,1.0,True,4,301,17,1.0,1.0,1.0,0.0,0.0
D7-CVE-2021-44228-maven-noble-V2-b2|DCv21b|qwen3_14b|withheld|P3|60.0|0.0|0|||0|d7|v3,qwen3_14b,DCv21b,withheld,CVE-2021-44228,D7-CVE-2021-44228-maven-noble-V2-b2,V2,under_investigation,affected,False,False,False,first_pass,0.0,True,4,309,39,1.0,1.0,1.0,0.0,0.0
D7-CVE-2021-44228-maven-noble-V7|DCv21b|granite41_30b|blind|P3|60.0|0.0|0|||0|d7|v3,granite41_30b,DCv21b,blind,CVE-2021-44228,D7-CVE-2021-44228-maven-noble-V7,V7,under_investigation,affected,False,False,False,first_pass,0.0,True,4,451,54,1.0,1.0,1.0,0.0,0.0
D7-CVE-2021-44228-maven-noble-V7|DCv21b|granite41_30b|tracker|P3|60.0|0.0|0|||0|d7|v3,granite41_30b,DCv21b,tracker,CVE-2021-44228,D7-CVE-2021-44228-maven-noble-V7,V7,affected,affected,True,False,False,first_pass,0.0,True,5,416,60,1.0,1.0,1.0,0.0,0.0
D7-CVE-2021-44228-maven-noble-V7|DCv21b|granite41_30b|withheld|P3|60.0|0.0|0|||0|d7|v3,granite41_30b,DCv21b,withheld,CVE-2021-44228,D7-CVE-2021-44228-maven-noble-V7,V7,under_investigation,affected,False,False,False,first_pass,0.0,True,4,451,54,1.0,1.0,1.0,0.0,0.0
D7-CVE-2021-45046-maven-jammy-V3|DCv21b|granite41_30b|blind|P3|60.0|0.0|0|||0|d7|v3,granite41_30b,DCv21b,blind,CVE-2021-45046,D7-CVE-2021-45046-maven-jammy-V3,V3,under_investigation,fixed,False,False,False,first_pass,0.0,True,6,539,71,1.0,1.0,1.0,0.0,0.0
D7-CVE-2021-45046-maven-jammy-V3|DCv21b|granite41_30b|tracker|P3|60.0|0.0|0|||0|d7|v3,granite41_30b,DCv21b,tracker,CVE-2021-45046,D7-CVE-2021-45046-maven-jammy-V3,V3,fixed,fixed,True,False,False,first_pass,0.0,True,5,404,56,1.0,1.0,1.0,0.0,0.0
D7-CVE-2021-45046-maven-jammy-V3|DCv21b|granite41_30b|withheld|P3|60.0|0.0|0|||0|d7|v3,granite41_30b,DCv21b,withheld,CVE-2021-45046,D7-CVE-2021-45046-maven-jammy-V3,V3,under_investigation,fixed,False,False,False,first_pass,0.0,True,6,539,71,1.0,1.0,1.0,0.0,0.0
D7-CVE-2021-45046-maven-noble-V4|DCv21b|qwen3_4b|blind|P3|60.0|0.0|0|||0|d7|v3,qwen3_4b,DCv21b,blind,CVE-2021-45046,D7-CVE-2021-45046-maven-noble-V4,V4,under_investigation,fixed,False,False,False,first_pass,0.0,True,2,300,38,1.0,1.0,1.0,0.0,0.0
D7-CVE-2021-45046-maven-noble-V4|DCv21b|qwen3_4b|tracker|P3|60.0|0.0|0|||0|d7|v3,qwen3_4b,DCv21b,tracker,CVE-2021-45046,D7-CVE-2021-45046-maven-noble-V4,V4,fixed,fixed,True,False,False,first_pass,0.0,True,3,327,48,1.0,1.0,1.0,0.0,0.0
D7-CVE-2021-45046-maven-noble-V4|DCv21b|qwen3_4b|withheld|P3|60.0|0.0|0|||0|d7|v3,qwen3_4b,DCv21b,withheld,CVE-2021-45046,D7-CVE-2021-45046-maven-noble-V4,V4,under_investigation,fixed,False,False,False,first_pass,0.0,True,2,300,38,1.0,1.0,1.0,0.0,0.0
D7-CVE-2021-45105-maven-jammy-V3|DCv21b|granite41_30b|blind|P3|60.0|0.0|0|||0|d7|v3,granite41_30b,DCv21b,blind,CVE-2021-45105,D7-CVE-2021-45105-maven-jammy-V3,V3,under_investigation,fixed,False,False,False,first_pass,0.0,True,6,455,64,1.0,0.0,0.0,0.5,0.0
D7-CVE-2021-45105-maven-jammy-V3|DCv21b|granite41_30b|tracker|P3|60.0|0.0|0|||0|d7|v3,granite41_30b,DCv21b,tracker,CVE-2021-45105,D7-CVE-2021-45105-maven-jammy-V3,V3,fixed,fixed,True,False,False,first_pass,0.0,True,7,429,59,1.0,1.0,1.0,0.0,0.0
D7-CVE-2021-45105-maven-jammy-V3|DCv21b|granite41_30b|withheld|P3|60.0|0.0|0|||0|d7|v3,granite41_30b,DCv21b,withheld,CVE-2021-45105,D7-CVE-2021-45105-maven-jammy-V3,V3,under_investigation,fixed,False,False,False,first_pass,0.0,True,6,455,64,1.0,0.0,0.0,0.5,0.0
D7-CVE-2021-45105-maven-jammy-V4|DCv21b|granite41_30b|blind|P3|60.0|0.0|0|||0|d7|v3,granite41_30b,DCv21b,blind,CVE-2021-45105,D7-CVE-2021-45105-maven-jammy-V4,V4,under_investigation,fixed,False,False,False,first_pass,0.0,True,6,467,67,1.0,0.0,0.0,0.5,0.0
D7-CVE-2021-45105-maven-jammy-V4|DCv21b|granite41_30b|tracker|P3|60.0|0.0|0|||0|d7|v3,granite41_30b,DCv21b,tracker,CVE-2021-45105,D7-CVE-2021-45105-maven-jammy-V4,V4,fixed,fixed,True,False,False,first_pass,0.0,True,6,369,47,1.0,1.0,1.0,0.0,0.0
D7-CVE-2021-45105-maven-jammy-V4|DCv21b|granite41_30b|withheld|P3|60.0|0.0|0|||0|d7|v3,granite41_30b,DCv21b,withheld,CVE-2021-45105,D7-CVE-2021-45105-maven-jammy-V4,V4,under_investigation,fixed,False,False,False,first_pass,0.0,True,6,467,67,1.0,0.0,0.0,0.5,0.0
D7-CVE-2021-45105-maven-jammy-V7|DCv21b|qwen3_14b|blind|P3|60.0|0.0|0|||0|d7|v3,qwen3_14b,DCv21b,blind,CVE-2021-45105,D7-CVE-2021-45105-maven-jammy-V7,V7,under_investigation,affected,False,False,False,first_pass,0.0,True,6,328,43,1.0,1.0,1.0,0.0,0.0
D7-CVE-2021-45105-maven-jammy-V7|DCv21b|qwen3_14b|tracker|P3|60.0|0.0|0|||0|d7|v3,qwen3_14b,DCv21b,tracker,CVE-2021-45105,D7-CVE-2021-45105-maven-jammy-V7,V7,affected,affected,True,False,False,fallback,1.0,True,5,330,21,1.0,1.0,1.0,0.0,0.0
D7-CVE-2021-45105-maven-jammy-V7|DCv21b|qwen3_14b|withheld|P3|60.0|0.0|0|||0|d7|v3,qwen3_14b,DCv21b,withheld,CVE-2021-45105,D7-CVE-2021-45105-maven-jammy-V7,V7,under_investigation,affected,False,False,False,first_pass,0.0,True,6,328,43,1.0,1.0,1.0,0.0,0.0
D7-CVE-2021-45105-maven-noble-V1|DCv21b|llama31_8b|blind|P3|60.0|0.0|0|||0|d7|v3,llama31_8b,DCv21b,blind,CVE-2021-45105,D7-CVE-2021-45105-maven-noble-V1,V1,not_affected,not_affected,True,False,False,first_pass,0.0,True,3,392,56,1.0,1.0,1.0,0.0,0.0
D7-CVE-2021-45105-maven-noble-V1|DCv21b|llama31_8b|tracker|P3|60.0|0.0|0|||0|d7|v3,llama31_8b,DCv21b,tracker,CVE-2021-45105,D7-CVE-2021-45105-maven-noble-V1,V1,not_affected,not_affected,True,False,False,repaired,0.0,True,4,322,44,1.0,1.0,1.0,0.0,0.0
D7-CVE-2021-45105-maven-noble-V1|DCv21b|llama31_8b|withheld|P3|60.0|0.0|0|||0|d7|v3,llama31_8b,DCv21b,withheld,CVE-2021-45105,D7-CVE-2021-45105-maven-noble-V1,V1,not_affected,not_affected,True,False,False,first_pass,0.0,True,2,392,56,1.0,1.0,1.0,0.0,0.0
D7-CVE-2021-45105-maven-noble-V2-b2|DCv21b|granite41_8b|blind|P3|60.0|0.0|0|||0|d7|v3,granite41_8b,DCv21b,blind,CVE-2021-45105,D7-CVE-2021-45105-maven-noble-V2-b2,V2,under_investigation,affected,False,False,False,first_pass,0.0,True,5,378,55,1.0,1.0,1.0,0.0,0.0
D7-CVE-2021-45105-maven-noble-V2-b2|DCv21b|granite41_8b|tracker|P3|60.0|0.0|0|||0|d7|v3,granite41_8b,DCv21b,tracker,CVE-2021-45105,D7-CVE-2021-45105-maven-noble-V2-b2,V2,affected,affected,True,False,False,first_pass,0.0,True,8,671,92,1.0,1.0,1.0,0.0,0.0
D7-CVE-2021-45105-maven-noble-V2-b2|DCv21b|granite41_8b|withheld|P3|60.0|0.0|0|||0|d7|v3,granite41_8b,DCv21b,withheld,CVE-2021-45105,D7-CVE-2021-45105-maven-noble-V2-b2,V2,under_investigation,affected,False,False,False,first_pass,0.0,True,5,375,59,1.0,1.0,1.0,0.0,0.0
D7-CVE-2021-45105-maven-noble-V2|DCv21b|qwen3_14b|blind|P3|60.0|0.0|0|||0|d7|v3,qwen3_14b,DCv21b,blind,CVE-2021-45105,D7-CVE-2021-45105-maven-noble-V2,V2,under_investigation,affected,False,False,False,first_pass,0.0,True,4,332,41,1.0,1.0,1.0,0.0,0.0
D7-CVE-2021-45105-maven-noble-V2|DCv21b|qwen3_14b|tracker|P3|60.0|0.0|0|||0|d7|v3,qwen3_14b,DCv21b,tracker,CVE-2021-45105,D7-CVE-2021-45105-maven-noble-V2,V2,affected,affected,True,False,False,fallback,1.0,True,4,314,22,1.0,1.0,1.0,0.0,0.0
D7-CVE-2021-45105-maven-noble-V2|DCv21b|qwen3_14b|withheld|P3|60.0|0.0|0|||0|d7|v3,qwen3_14b,DCv21b,withheld,CVE-2021-45105,D7-CVE-2021-45105-maven-noble-V2,V2,under_investigation,affected,False,False,False,first_pass,0.0,True,4,332,41,1.0,1.0,1.0,0.0,0.0
D7-CVE-2022-1471-maven-noble-V1|DCv21b|qwen3_14b|blind|P3|60.0|0.0|0|||0|d7|v3,qwen3_14b,DCv21b,blind,CVE-2022-1471,D7-CVE-2022-1471-maven-noble-V1,V1,not_affected,not_affected,True,False,False,first_pass,0.0,True,5,328,44,1.0,1.0,1.0,0.0,0.0
D7-CVE-2022-1471-maven-noble-V1|DCv21b|qwen3_14b|tracker|P3|60.0|0.0|0|||0|d7|v3,qwen3_14b,DCv21b,tracker,CVE-2022-1471,D7-CVE-2022-1471-maven-noble-V1,V1,not_affected,not_affected,True,False,False,first_pass,0.0,True,4,330,43,1.0,1.0,1.0,0.0,0.0
D7-CVE-2022-1471-maven-noble-V1|DCv21b|qwen3_14b|withheld|P3|60.0|0.0|0|||0|d7|v3,qwen3_14b,DCv21b,withheld,CVE-2022-1471,D7-CVE-2022-1471-maven-noble-V1,V1,not_affected,not_affected,True,False,False,first_pass,0.0,True,5,328,44,1.0,1.0,1.0,0.0,0.0
D7-CVE-2022-1471-maven-noble-V2-b2|DCv21b|qwen3_4b|blind|P3|60.0|0.0|0|||0|d7|v3,qwen3_4b,DCv21b,blind,CVE-2022-1471,D7-CVE-2022-1471-maven-noble-V2-b2,V2,under_investigation,affected,False,False,False,first_pass,0.0,True,4,302,43,1.0,1.0,1.0,0.0,0.0
D7-CVE-2022-1471-maven-noble-V2-b2|DCv21b|qwen3_4b|tracker|P3|60.0|0.0|0|||0|d7|v3,qwen3_4b,DCv21b,tracker,CVE-2022-1471,D7-CVE-2022-1471-maven-noble-V2-b2,V2,affected,affected,True,False,False,first_pass,0.0,True,5,296,43,1.0,1.0,1.0,0.0,0.0
D7-CVE-2022-1471-maven-noble-V2-b2|DCv21b|qwen3_4b|withheld|P3|60.0|0.0|0|||0|d7|v3,qwen3_4b,DCv21b,withheld,CVE-2022-1471,D7-CVE-2022-1471-maven-noble-V2-b2,V2,under_investigation,affected,False,False,False,first_pass,0.0,True,4,302,43,1.0,1.0,1.0,0.0,0.0
D7-CVE-2022-1471-maven-noble-V6|DCv21b|llama31_8b|blind|P3|60.0|0.0|0|||0|d7|v3,llama31_8b,DCv21b,blind,CVE-2022-1471,D7-CVE-2022-1471-maven-noble-V6,V6,not_affected,not_affected,True,False,False,first_pass,0.0,True,3,277,39,1.0,1.0,1.0,0.0,0.0
D7-CVE-2022-1471-maven-noble-V6|DCv21b|llama31_8b|tracker|P3|60.0|0.0|0|||0|d7|v3,llama31_8b,DCv21b,tracker,CVE-2022-1471,D7-CVE-2022-1471-maven-noble-V6,V6,not_affected,not_affected,True,False,False,first_pass,0.0,True,4,436,62,1.0,1.0,1.0,0.0,0.0
D7-CVE-2022-1471-maven-noble-V6|DCv21b|llama31_8b|withheld|P3|60.0|0.0|0|||0|d7|v3,llama31_8b,DCv21b,withheld,CVE-2022-1471,D7-CVE-2022-1471-maven-noble-V6,V6,not_affected,not_affected,True,False,False,first_pass,0.0,True,3,277,39,1.0,1.0,1.0,0.0,0.0
D7-CVE-2022-22963-maven-jammy-V4|DCv21b|mistral_small_24b|blind|P3|60.0|0.0|0|||0|d7|v3,mistral_small_24b,DCv21b,blind,CVE-2022-22963,D7-CVE-2022-22963-maven-jammy-V4,V4,under_investigation,fixed,False,False,False,first_pass,0.0,True,4,273,29,1.0,1.0,1.0,0.0,0.0
D7-CVE-2022-22963-maven-jammy-V4|DCv21b|mistral_small_24b|tracker|P3|60.0|0.0|0|||0|d7|v3,mistral_small_24b,DCv21b,tracker,CVE-2022-22963,D7-CVE-2022-22963-maven-jammy-V4,V4,fixed,fixed,True,False,False,first_pass,0.0,True,4,250,28,1.0,1.0,1.0,0.0,0.0
D7-CVE-2022-22963-maven-jammy-V4|DCv21b|mistral_small_24b|withheld|P3|60.0|0.0|0|||0|d7|v3,mistral_small_24b,DCv21b,withheld,CVE-2022-22963,D7-CVE-2022-22963-maven-jammy-V4,V4,under_investigation,fixed,False,False,False,first_pass,0.0,True,4,273,29,1.0,1.0,1.0,0.0,0.0
D7-CVE-2022-22963-maven-jammy-V7|DCv21b|granite41_30b|blind|P3|60.0|0.0|0|||0|d7|v3,granite41_30b,DCv21b,blind,CVE-2022-22963,D7-CVE-2022-22963-maven-jammy-V7,V7,under_investigation,affected,False,False,False,first_pass,0.0,True,5,423,49,1.0,1.0,1.0,0.0,0.0
D7-CVE-2022-22963-maven-jammy-V7|DCv21b|granite41_30b|tracker|P3|60.0|0.0|0|||0|d7|v3,granite41_30b,DCv21b,tracker,CVE-2022-22963,D7-CVE-2022-22963-maven-jammy-V7,V7,affected,affected,True,False,False,first_pass,0.0,True,3,335,41,1.0,1.0,1.0,0.0,0.0
D7-CVE-2022-22963-maven-jammy-V7|DCv21b|granite41_30b|withheld|P3|60.0|0.0|0|||0|d7|v3,granite41_30b,DCv21b,withheld,CVE-2022-22963,D7-CVE-2022-22963-maven-jammy-V7,V7,under_investigation,affected,False,False,False,first_pass,0.0,True,4,356,38,1.0,1.0,1.0,0.0,0.0
D7-CVE-2022-22963-maven-noble-V3|DCv21b|qwen3_4b|blind|P3|60.0|0.0|0|||0|d7|v3,qwen3_4b,DCv21b,blind,CVE-2022-22963,D7-CVE-2022-22963-maven-noble-V3,V3,under_investigation,fixed,False,False,False,first_pass,0.0,True,2,338,37,1.0,1.0,1.0,0.0,0.0
D7-CVE-2022-22963-maven-noble-V3|DCv21b|qwen3_4b|tracker|P3|60.0|0.0|0|||0|d7|v3,qwen3_4b,DCv21b,tracker,CVE-2022-22963,D7-CVE-2022-22963-maven-noble-V3,V3,fixed,fixed,True,False,False,first_pass,0.0,True,4,343,44,1.0,1.0,1.0,0.0,0.0
D7-CVE-2022-22963-maven-noble-V3|DCv21b|qwen3_4b|withheld|P3|60.0|0.0|0|||0|d7|v3,qwen3_4b,DCv21b,withheld,CVE-2022-22963,D7-CVE-2022-22963-maven-noble-V3,V3,under_investigation,fixed,False,False,False,first_pass,0.0,True,2,338,37,1.0,1.0,1.0,0.0,0.0
D7-CVE-2022-41741-deb-ubuntu-jammy-V2|DCv21b|granite41_8b|blind|P3|60.0|0.0|0|||0|d7|v3,granite41_8b,DCv21b,blind,CVE-2022-41741,D7-CVE-2022-41741-deb-ubuntu-jammy-V2,V2,under_investigation,affected,False,False,False,first_pass,0.0,True,5,495,65,1.0,0.0,0.0,0.0,0.0
D7-CVE-2022-41741-deb-ubuntu-jammy-V2|DCv21b|granite41_8b|tracker|P3|60.0|0.0|0|||0|d7|v3,granite41_8b,DCv21b,tracker,CVE-2022-41741,D7-CVE-2022-41741-deb-ubuntu-jammy-V2,V2,affected,affected,True,False,False,first_pass,0.0,True,6,546,71,1.0,1.0,1.0,0.0,0.0
D7-CVE-2022-41741-deb-ubuntu-jammy-V2|DCv21b|granite41_8b|withheld|P3|60.0|0.0|0|||0|d7|v3,granite41_8b,DCv21b,withheld,CVE-2022-41741,D7-CVE-2022-41741-deb-ubuntu-jammy-V2,V2,under_investigation,affected,False,False,False,first_pass,0.0,True,8,686,91,1.0,1.0,1.0,0.0,0.0
D7-CVE-2022-41741-deb-ubuntu-jammy-V4|DCv21b|mistral_small_24b|blind|P3|60.0|0.0|0|||0|d7|v3,mistral_small_24b,DCv21b,blind,CVE-2022-41741,D7-CVE-2022-41741-deb-ubuntu-jammy-V4,V4,under_investigation,fixed,False,False,False,first_pass,0.0,True,4,374,45,1.0,1.0,1.0,0.0,0.0
D7-CVE-2022-41741-deb-ubuntu-jammy-V4|DCv21b|mistral_small_24b|tracker|P3|60.0|0.0|0|||0|d7|v3,mistral_small_24b,DCv21b,tracker,CVE-2022-41741,D7-CVE-2022-41741-deb-ubuntu-jammy-V4,V4,fixed,fixed,True,False,False,first_pass,0.0,True,5,388,45,1.0,0.3333333333333333,0.3333333333333333,0.6666666666666666,0.0
D7-CVE-2022-41741-deb-ubuntu-jammy-V4|DCv21b|mistral_small_24b|withheld|P3|60.0|0.0|0|||0|d7|v3,mistral_small_24b,DCv21b,withheld,CVE-2022-41741,D7-CVE-2022-41741-deb-ubuntu-jammy-V4,V4,under_investigation,fixed,False,False,False,first_pass,0.0,True,4,408,48,1.0,1.0,1.0,0.0,0.0
D7-CVE-2022-41741-deb-ubuntu-jammy-V5|DCv21b|llama31_8b|blind|P3|60.0|0.0|0|||0|d7|v3,llama31_8b,DCv21b,blind,CVE-2022-41741,D7-CVE-2022-41741-deb-ubuntu-jammy-V5,V5,under_investigation,not_affected,False,False,False,repaired,0.0,True,5,456,71,1.0,1.0,1.0,0.0,0.0
D7-CVE-2022-41741-deb-ubuntu-jammy-V5|DCv21b|llama31_8b|tracker|P3|60.0|0.0|0|||0|d7|v3,llama31_8b,DCv21b,tracker,CVE-2022-41741,D7-CVE-2022-41741-deb-ubuntu-jammy-V5,V5,not_affected,not_affected,True,False,False,first_pass,0.0,True,5,434,61,1.0,1.0,1.0,0.0,0.0
D7-CVE-2022-41741-deb-ubuntu-jammy-V5|DCv21b|llama31_8b|withheld|P3|60.0|0.0|0|||0|d7|v3,llama31_8b,DCv21b,withheld,CVE-2022-41741,D7-CVE-2022-41741-deb-ubuntu-jammy-V5,V5,under_investigation,not_affected,False,False,False,repaired,0.0,True,5,449,70,1.0,1.0,1.0,0.0,0.0
D7-CVE-2022-41741-deb-ubuntu-noble-V1|DCv21b|granite41_8b|blind|P3|60.0|0.0|0|||0|d7|v3,granite41_8b,DCv21b,blind,CVE-2022-41741,D7-CVE-2022-41741-deb-ubuntu-noble-V1,V1,not_affected,not_affected,True,False,False,first_pass,0.0,True,5,609,83,1.0,1.0,1.0,0.0,0.0
D7-CVE-2022-41741-deb-ubuntu-noble-V1|DCv21b|granite41_8b|tracker|P3|60.0|0.0|0|||0|d7|v3,granite41_8b,DCv21b,tracker,CVE-2022-41741,D7-CVE-2022-41741-deb-ubuntu-noble-V1,V1,not_affected,not_affected,True,False,False,first_pass,0.0,True,5,609,83,1.0,1.0,1.0,0.0,0.0
D7-CVE-2022-41741-deb-ubuntu-noble-V1|DCv21b|granite41_8b|withheld|P3|60.0|0.0|0|||0|d7|v3,granite41_8b,DCv21b,withheld,CVE-2022-41741,D7-CVE-2022-41741-deb-ubuntu-noble-V1,V1,not_affected,not_affected,True,False,False,first_pass,0.0,True,5,609,83,1.0,1.0,1.0,0.0,0.0
D7-CVE-2023-25690-deb-ubuntu-jammy-V5|DCv21b|qwen3_4b|blind|P3|60.0|0.0|0|||0|d7|v3,qwen3_4b,DCv21b,blind,CVE-2023-25690,D7-CVE-2023-25690-deb-ubuntu-jammy-V5,V5,under_investigation,not_affected,False,False,False,first_pass,0.0,True,5,356,47,1.0,1.0,1.0,0.0,0.0
D7-CVE-2023-25690-deb-ubuntu-jammy-V5|DCv21b|qwen3_4b|tracker|P3|60.0|0.0|0|||0|d7|v3,qwen3_4b,DCv21b,tracker,CVE-2023-25690,D7-CVE-2023-25690-deb-ubuntu-jammy-V5,V5,not_affected,not_affected,True,False,False,first_pass,0.0,True,6,394,52,1.0,1.0,1.0,0.0,0.0
D7-CVE-2023-25690-deb-ubuntu-jammy-V5|DCv21b|qwen3_4b|withheld|P3|60.0|0.0|0|||0|d7|v3,qwen3_4b,DCv21b,withheld,CVE-2023-25690,D7-CVE-2023-25690-deb-ubuntu-jammy-V5,V5,under_investigation,not_affected,False,False,False,first_pass,0.0,True,5,356,47,1.0,1.0,1.0,0.0,0.0
D7-CVE-2023-25690-deb-ubuntu-jammy-V6|DCv21b|llama31_8b|blind|P3|60.0|0.0|0|||0|d7|v3,llama31_8b,DCv21b,blind,CVE-2023-25690,D7-CVE-2023-25690-deb-ubuntu-jammy-V6,V6,not_affected,not_affected,True,False,False,first_pass,0.0,True,3,322,49,1.0,1.0,1.0,0.0,0.0
D7-CVE-2023-25690-deb-ubuntu-jammy-V6|DCv21b|llama31_8b|tracker|P3|60.0|0.0|0|||0|d7|v3,llama31_8b,DCv21b,tracker,CVE-2023-25690,D7-CVE-2023-25690-deb-ubuntu-jammy-V6,V6,not_affected,not_affected,True,False,False,first_pass,0.0,True,4,431,61,1.0,1.0,1.0,0.0,0.0
D7-CVE-2023-25690-deb-ubuntu-jammy-V6|DCv21b|llama31_8b|withheld|P3|60.0|0.0|0|||0|d7|v3,llama31_8b,DCv21b,withheld,CVE-2023-25690,D7-CVE-2023-25690-deb-ubuntu-jammy-V6,V6,not_affected,not_affected,True,False,False,first_pass,0.0,True,3,335,48,1.0,1.0,1.0,0.0,0.0
D7-CVE-2023-25690-deb-ubuntu-noble-V3|DCv21b|qwen3_14b|blind|P3|60.0|0.0|0|||0|d7|v3,qwen3_14b,DCv21b,blind,CVE-2023-25690,D7-CVE-2023-25690-deb-ubuntu-noble-V3,V3,under_investigation,fixed,False,False,False,first_pass,0.0,True,4,372,47,1.0,1.0,1.0,0.0,0.0
D7-CVE-2023-25690-deb-ubuntu-noble-V3|DCv21b|qwen3_14b|tracker|P3|60.0|0.0|0|||0|d7|v3,qwen3_14b,DCv21b,tracker,CVE-2023-25690,D7-CVE-2023-25690-deb-ubuntu-noble-V3,V3,fixed,fixed,True,False,False,first_pass,0.0,True,4,331,47,1.0,1.0,1.0,0.0,0.0
D7-CVE-2023-25690-deb-ubuntu-noble-V3|DCv21b|qwen3_14b|withheld|P3|60.0|0.0|0|||0|d7|v3,qwen3_14b,DCv21b,withheld,CVE-2023-25690,D7-CVE-2023-25690-deb-ubuntu-noble-V3,V3,under_investigation,fixed,False,False,False,first_pass,0.0,True,4,372,47,1.0,1.0,1.0,0.0,0.0
D7-CVE-2023-30861-pypi-jammy-V6|DCv21b|gemma4_31b|blind|P3|60.0|0.0|0|||0|d7|v3,gemma4_31b,DCv21b,blind,CVE-2023-30861,D7-CVE-2023-30861-pypi-jammy-V6,V6,not_affected,not_affected,True,False,False,first_pass,0.0,True,3,212,29,1.0,1.0,1.0,0.0,0.0
D7-CVE-2023-30861-pypi-jammy-V6|DCv21b|gemma4_31b|tracker|P3|60.0|0.0|0|||0|d7|v3,gemma4_31b,DCv21b,tracker,CVE-2023-30861,D7-CVE-2023-30861-pypi-jammy-V6,V6,not_affected,not_affected,True,False,False,first_pass,0.0,True,3,212,29,1.0,1.0,1.0,0.0,0.0
D7-CVE-2023-30861-pypi-jammy-V6|DCv21b|gemma4_31b|withheld|P3|60.0|0.0|0|||0|d7|v3,gemma4_31b,DCv21b,withheld,CVE-2023-30861,D7-CVE-2023-30861-pypi-jammy-V6,V6,not_affected,not_affected,True,False,False,first_pass,0.0,True,3,212,29,1.0,1.0,1.0,0.0,0.0
D7-CVE-2023-30861-pypi-noble-V3|DCv21b|granite41_30b|blind|P3|60.0|0.0|0|||0|d7|v3,granite41_30b,DCv21b,blind,CVE-2023-30861,D7-CVE-2023-30861-pypi-noble-V3,V3,under_investigation,fixed,False,False,False,first_pass,0.0,True,4,303,37,1.0,1.0,1.0,0.0,0.0
D7-CVE-2023-30861-pypi-noble-V3|DCv21b|granite41_30b|tracker|P3|60.0|0.0|0|||0|d7|v3,granite41_30b,DCv21b,tracker,CVE-2023-30861,D7-CVE-2023-30861-pypi-noble-V3,V3,fixed,fixed,True,False,False,first_pass,0.0,True,6,340,52,1.0,1.0,1.0,0.0,0.0
D7-CVE-2023-30861-pypi-noble-V3|DCv21b|granite41_30b|withheld|P3|60.0|0.0|0|||0|d7|v3,granite41_30b,DCv21b,withheld,CVE-2023-30861,D7-CVE-2023-30861-pypi-noble-V3,V3,under_investigation,fixed,False,False,False,first_pass,0.0,True,4,303,37,1.0,1.0,1.0,0.0,0.0
D7-CVE-2023-42116-deb-ubuntu-jammy-V1|DCv21b|gemma4_31b|blind|P3|60.0|0.0|0|||0|d7|v3,gemma4_31b,DCv21b,blind,CVE-2023-42116,D7-CVE-2023-42116-deb-ubuntu-jammy-V1,V1,not_affected,not_affected,True,False,False,first_pass,0.0,True,3,227,30,1.0,1.0,1.0,0.0,0.0
D7-CVE-2023-42116-deb-ubuntu-jammy-V1|DCv21b|gemma4_31b|tracker|P3|60.0|0.0|0|||0|d7|v3,gemma4_31b,DCv21b,tracker,CVE-2023-42116,D7-CVE-2023-42116-deb-ubuntu-jammy-V1,V1,not_affected,not_affected,True,False,False,first_pass,0.0,True,3,243,32,1.0,1.0,1.0,0.0,0.0
D7-CVE-2023-42116-deb-ubuntu-jammy-V1|DCv21b|gemma4_31b|withheld|P3|60.0|0.0|0|||0|d7|v3,gemma4_31b,DCv21b,withheld,CVE-2023-42116,D7-CVE-2023-42116-deb-ubuntu-jammy-V1,V1,not_affected,not_affected,True,False,False,first_pass,0.0,True,3,227,30,1.0,1.0,1.0,0.0,0.0
D7-CVE-2023-42116-deb-ubuntu-noble-V6|DCv21b|mistral_small_24b|blind|P3|60.0|0.0|0|||0|d7|v3,mistral_small_24b,DCv21b,blind,CVE-2023-42116,D7-CVE-2023-42116-deb-ubuntu-noble-V6,V6,not_affected,not_affected,True,False,False,first_pass,0.0,True,2,355,49,1.0,1.0,1.0,0.0,0.0
D7-CVE-2023-42116-deb-ubuntu-noble-V6|DCv21b|mistral_small_24b|tracker|P3|60.0|0.0|0|||0|d7|v3,mistral_small_24b,DCv21b,tracker,CVE-2023-42116,D7-CVE-2023-42116-deb-ubuntu-noble-V6,V6,not_affected,not_affected,True,False,False,first_pass,0.0,True,2,355,49,1.0,1.0,1.0,0.0,0.0
D7-CVE-2023-42116-deb-ubuntu-noble-V6|DCv21b|mistral_small_24b|withheld|P3|60.0|0.0|0|||0|d7|v3,mistral_small_24b,DCv21b,withheld,CVE-2023-42116,D7-CVE-2023-42116-deb-ubuntu-noble-V6,V6,not_affected,not_affected,True,False,False,first_pass,0.0,True,2,355,49,1.0,1.0,1.0,0.0,0.0
D7-CVE-2023-43770-vendor-jammy-V1|DCv21b|mistral_small_24b|blind|P3|60.0|0.0|0|||0|d7|v3,mistral_small_24b,DCv21b,blind,CVE-2023-43770,D7-CVE-2023-43770-vendor-jammy-V1,V1,not_affected,not_affected,True,False,False,first_pass,0.0,True,3,460,68,1.0,1.0,1.0,0.0,0.0
D7-CVE-2023-43770-vendor-jammy-V1|DCv21b|mistral_small_24b|tracker|P3|60.0|0.0|0|||0|d7|v3,mistral_small_24b,DCv21b,tracker,CVE-2023-43770,D7-CVE-2023-43770-vendor-jammy-V1,V1,not_affected,not_affected,True,False,False,first_pass,0.0,True,4,325,41,1.0,1.0,1.0,0.0,0.0
D7-CVE-2023-43770-vendor-jammy-V1|DCv21b|mistral_small_24b|withheld|P3|60.0|0.0|0|||0|d7|v3,mistral_small_24b,DCv21b,withheld,CVE-2023-43770,D7-CVE-2023-43770-vendor-jammy-V1,V1,not_affected,not_affected,True,False,False,first_pass,0.0,True,3,460,68,1.0,1.0,1.0,0.0,0.0
D7-CVE-2023-43770-vendor-noble-V3|DCv21b|qwen3_4b|blind|P3|60.0|0.0|0|||0|d7|v3,qwen3_4b,DCv21b,blind,CVE-2023-43770,D7-CVE-2023-43770-vendor-noble-V3,V3,under_investigation,fixed,False,False,False,first_pass,0.0,True,5,304,39,1.0,1.0,1.0,0.0,0.0
D7-CVE-2023-43770-vendor-noble-V3|DCv21b|qwen3_4b|tracker|P3|60.0|0.0|0|||0|d7|v3,qwen3_4b,DCv21b,tracker,CVE-2023-43770,D7-CVE-2023-43770-vendor-noble-V3,V3,under_investigation,fixed,False,False,False,first_pass,0.0,True,4,320,42,1.0,0.6666666666666666,0.6666666666666666,0.0,0.0
D7-CVE-2023-43770-vendor-noble-V3|DCv21b|qwen3_4b|withheld|P3|60.0|0.0|0|||0|d7|v3,qwen3_4b,DCv21b,withheld,CVE-2023-43770,D7-CVE-2023-43770-vendor-noble-V3,V3,under_investigation,fixed,False,False,False,first_pass,0.0,True,5,304,39,1.0,1.0,1.0,0.0,0.0
D7-CVE-2023-48795-deb-ubuntu-jammy-V1|DCv21b|gemma4_31b|blind|P3|60.0|0.0|0|||0|d7|v3,gemma4_31b,DCv21b,blind,CVE-2023-48795,D7-CVE-2023-48795-deb-ubuntu-jammy-V1,V1,not_affected,not_affected,True,False,False,first_pass,0.0,True,3,196,26,1.0,1.0,1.0,0.0,0.0
D7-CVE-2023-48795-deb-ubuntu-jammy-V1|DCv21b|gemma4_31b|tracker|P3|60.0|0.0|0|||0|d7|v3,gemma4_31b,DCv21b,tracker,CVE-2023-48795,D7-CVE-2023-48795-deb-ubuntu-jammy-V1,V1,not_affected,not_affected,True,False,False,first_pass,0.0,True,4,248,32,1.0,1.0,1.0,0.0,0.0
D7-CVE-2023-48795-deb-ubuntu-jammy-V1|DCv21b|gemma4_31b|withheld|P3|60.0|0.0|0|||0|d7|v3,gemma4_31b,DCv21b,withheld,CVE-2023-48795,D7-CVE-2023-48795-deb-ubuntu-jammy-V1,V1,not_affected,not_affected,True,False,False,first_pass,0.0,True,3,196,26,1.0,1.0,1.0,0.0,0.0
D7-CVE-2023-48795-deb-ubuntu-noble-V3|DCv21b|gemma4_31b|blind|P3|60.0|0.0|0|||0|d7|v3,gemma4_31b,DCv21b,blind,CVE-2023-48795,D7-CVE-2023-48795-deb-ubuntu-noble-V3,V3,under_investigation,fixed,False,False,False,first_pass,0.0,True,3,315,40,1.0,1.0,1.0,0.0,0.0
D7-CVE-2023-48795-deb-ubuntu-noble-V3|DCv21b|gemma4_31b|tracker|P3|60.0|0.0|0|||0|d7|v3,gemma4_31b,DCv21b,tracker,CVE-2023-48795,D7-CVE-2023-48795-deb-ubuntu-noble-V3,V3,fixed,fixed,True,False,False,first_pass,0.0,True,4,216,26,1.0,1.0,1.0,0.0,0.0
D7-CVE-2023-48795-deb-ubuntu-noble-V3|DCv21b|gemma4_31b|withheld|P3|60.0|0.0|0|||0|d7|v3,gemma4_31b,DCv21b,withheld,CVE-2023-48795,D7-CVE-2023-48795-deb-ubuntu-noble-V3,V3,under_investigation,fixed,False,False,False,first_pass,0.0,True,3,315,40,1.0,1.0,1.0,0.0,0.0
D7-CVE-2023-50447-pypi-jammy-V1|DCv21b|qwen3_4b|blind|P3|60.0|0.0|0|||0|d7|v3,qwen3_4b,DCv21b,blind,CVE-2023-50447,D7-CVE-2023-50447-pypi-jammy-V1,V1,not_affected,not_affected,True,False,False,first_pass,0.0,True,3,298,42,1.0,1.0,1.0,0.0,0.0
D7-CVE-2023-50447-pypi-jammy-V1|DCv21b|qwen3_4b|tracker|P3|60.0|0.0|0|||0|d7|v3,qwen3_4b,DCv21b,tracker,CVE-2023-50447,D7-CVE-2023-50447-pypi-jammy-V1,V1,not_affected,not_affected,True,False,False,first_pass,0.0,True,4,256,36,1.0,1.0,1.0,0.0,0.0
D7-CVE-2023-50447-pypi-jammy-V1|DCv21b|qwen3_4b|withheld|P3|60.0|0.0|0|||0|d7|v3,qwen3_4b,DCv21b,withheld,CVE-2023-50447,D7-CVE-2023-50447-pypi-jammy-V1,V1,not_affected,not_affected,True,False,False,first_pass,0.0,True,3,268,42,1.0,1.0,1.0,0.0,0.0
D7-CVE-2023-50447-pypi-jammy-V2-b2|DCv21b|qwen3_4b|blind|P3|60.0|0.0|0|||0|d7|v3,qwen3_4b,DCv21b,blind,CVE-2023-50447,D7-CVE-2023-50447-pypi-jammy-V2-b2,V2,under_investigation,affected,False,False,False,first_pass,0.0,True,4,352,37,1.0,1.0,1.0,0.0,0.0
D7-CVE-2023-50447-pypi-jammy-V2-b2|DCv21b|qwen3_4b|tracker|P3|60.0|0.0|0|||0|d7|v3,qwen3_4b,DCv21b,tracker,CVE-2023-50447,D7-CVE-2023-50447-pypi-jammy-V2-b2,V2,affected,affected,True,False,False,fallback,1.0,True,2,74,9,1.0,1.0,1.0,0.0,0.0
D7-CVE-2023-50447-pypi-jammy-V2-b2|DCv21b|qwen3_4b|withheld|P3|60.0|0.0|0|||0|d7|v3,qwen3_4b,DCv21b,withheld,CVE-2023-50447,D7-CVE-2023-50447-pypi-jammy-V2-b2,V2,under_investigation,affected,False,False,False,first_pass,0.0,True,5,364,38,1.0,1.0,1.0,0.0,0.0
D7-CVE-2023-7104-deb-ubuntu-jammy-V4|DCv21b|llama31_8b|blind|P3|60.0|0.0|0|||0|d7|v3,llama31_8b,DCv21b,blind,CVE-2023-7104,D7-CVE-2023-7104-deb-ubuntu-jammy-V4,V4,under_investigation,fixed,False,False,False,first_pass,0.0,True,4,648,89,1.0,1.0,1.0,0.0,0.0
D7-CVE-2023-7104-deb-ubuntu-jammy-V4|DCv21b|llama31_8b|tracker|P3|60.0|0.0|0|||0|d7|v3,llama31_8b,DCv21b,tracker,CVE-2023-7104,D7-CVE-2023-7104-deb-ubuntu-jammy-V4,V4,fixed,fixed,True,False,False,first_pass,0.0,True,5,462,69,1.0,1.0,1.0,0.0,0.0
D7-CVE-2023-7104-deb-ubuntu-jammy-V4|DCv21b|llama31_8b|withheld|P3|60.0|0.0|0|||0|d7|v3,llama31_8b,DCv21b,withheld,CVE-2023-7104,D7-CVE-2023-7104-deb-ubuntu-jammy-V4,V4,under_investigation,fixed,False,False,False,first_pass,0.0,True,7,606,86,1.0,1.0,1.0,0.0,0.0
D7-CVE-2023-7104-deb-ubuntu-noble-V1|DCv21b|mistral_small_24b|blind|P3|60.0|0.0|0|||0|d7|v3,mistral_small_24b,DCv21b,blind,CVE-2023-7104,D7-CVE-2023-7104-deb-ubuntu-noble-V1,V1,not_affected,not_affected,True,False,False,first_pass,0.0,True,2,323,43,1.0,1.0,1.0,0.0,0.0
D7-CVE-2023-7104-deb-ubuntu-noble-V1|DCv21b|mistral_small_24b|tracker|P3|60.0|0.0|0|||0|d7|v3,mistral_small_24b,DCv21b,tracker,CVE-2023-7104,D7-CVE-2023-7104-deb-ubuntu-noble-V1,V1,not_affected,not_affected,True,False,False,first_pass,0.0,True,4,366,50,1.0,1.0,1.0,0.0,0.0
D7-CVE-2023-7104-deb-ubuntu-noble-V1|DCv21b|mistral_small_24b|withheld|P3|60.0|0.0|0|||0|d7|v3,mistral_small_24b,DCv21b,withheld,CVE-2023-7104,D7-CVE-2023-7104-deb-ubuntu-noble-V1,V1,not_affected,not_affected,True,False,False,first_pass,0.0,True,2,295,40,1.0,1.0,1.0,0.0,0.0
D7-CVE-2024-1597-maven-jammy-V2-b2|DCv21b|granite41_8b|blind|P3|60.0|0.0|0|||0|d7|v3,granite41_8b,DCv21b,blind,CVE-2024-1597,D7-CVE-2024-1597-maven-jammy-V2-b2,V2,under_investigation,affected,False,False,False,first_pass,0.0,True,5,486,61,1.0,1.0,1.0,0.0,0.0
D7-CVE-2024-1597-maven-jammy-V2-b2|DCv21b|granite41_8b|tracker|P3|60.0|0.0|0|||0|d7|v3,granite41_8b,DCv21b,tracker,CVE-2024-1597,D7-CVE-2024-1597-maven-jammy-V2-b2,V2,affected,affected,True,False,False,first_pass,0.0,True,6,447,56,1.0,1.0,1.0,0.0,0.0
D7-CVE-2024-1597-maven-jammy-V2-b2|DCv21b|granite41_8b|withheld|P3|60.0|0.0|0|||0|d7|v3,granite41_8b,DCv21b,withheld,CVE-2024-1597,D7-CVE-2024-1597-maven-jammy-V2-b2,V2,under_investigation,affected,False,False,False,first_pass,0.0,True,5,486,61,1.0,1.0,1.0,0.0,0.0
D7-CVE-2024-1597-maven-jammy-V5|DCv21b|mistral_small_24b|blind|P3|60.0|0.0|0|||0|d7|v3,mistral_small_24b,DCv21b,blind,CVE-2024-1597,D7-CVE-2024-1597-maven-jammy-V5,V5,under_investigation,not_affected,False,False,False,first_pass,0.0,True,5,414,45,1.0,1.0,1.0,0.0,0.0
D7-CVE-2024-1597-maven-jammy-V5|DCv21b|mistral_small_24b|tracker|P3|60.0|0.0|0|||0|d7|v3,mistral_small_24b,DCv21b,tracker,CVE-2024-1597,D7-CVE-2024-1597-maven-jammy-V5,V5,not_affected,not_affected,True,False,False,first_pass,0.0,True,6,395,47,1.0,1.0,1.0,0.0,0.0
D7-CVE-2024-1597-maven-jammy-V5|DCv21b|mistral_small_24b|withheld|P3|60.0|0.0|0|||0|d7|v3,mistral_small_24b,DCv21b,withheld,CVE-2024-1597,D7-CVE-2024-1597-maven-jammy-V5,V5,under_investigation,not_affected,False,False,False,first_pass,0.0,True,5,414,45,1.0,1.0,1.0,0.0,0.0
D7-CVE-2024-1597-maven-noble-V3|DCv21b|granite41_8b|blind|P3|60.0|0.0|0|||0|d7|v3,granite41_8b,DCv21b,blind,CVE-2024-1597,D7-CVE-2024-1597-maven-noble-V3,V3,under_investigation,fixed,False,False,False,first_pass,0.0,True,5,350,46,1.0,1.0,1.0,0.0,0.0
D7-CVE-2024-1597-maven-noble-V3|DCv21b|granite41_8b|tracker|P3|60.0|0.0|0|||0|d7|v3,granite41_8b,DCv21b,tracker,CVE-2024-1597,D7-CVE-2024-1597-maven-noble-V3,V3,fixed,fixed,True,False,False,first_pass,0.0,True,6,553,72,1.0,1.0,1.0,0.0,0.0
D7-CVE-2024-1597-maven-noble-V3|DCv21b|granite41_8b|withheld|P3|60.0|0.0|0|||0|d7|v3,granite41_8b,DCv21b,withheld,CVE-2024-1597,D7-CVE-2024-1597-maven-noble-V3,V3,under_investigation,fixed,False,False,False,first_pass,0.0,True,6,485,66,1.0,1.0,1.0,0.0,0.0
D7-CVE-2024-22195-pypi-jammy-V1|DCv21b|granite41_30b|blind|P3|60.0|0.0|0|||0|d7|v3,granite41_30b,DCv21b,blind,CVE-2024-22195,D7-CVE-2024-22195-pypi-jammy-V1,V1,not_affected,not_affected,True,False,False,first_pass,0.0,True,3,238,32,1.0,1.0,1.0,0.0,0.0
D7-CVE-2024-22195-pypi-jammy-V1|DCv21b|granite41_30b|tracker|P3|60.0|0.0|0|||0|d7|v3,granite41_30b,DCv21b,tracker,CVE-2024-22195,D7-CVE-2024-22195-pypi-jammy-V1,V1,not_affected,not_affected,True,False,False,first_pass,0.0,True,4,305,40,1.0,1.0,1.0,0.0,0.0
D7-CVE-2024-22195-pypi-jammy-V1|DCv21b|granite41_30b|withheld|P3|60.0|0.0|0|||0|d7|v3,granite41_30b,DCv21b,withheld,CVE-2024-22195,D7-CVE-2024-22195-pypi-jammy-V1,V1,not_affected,not_affected,True,False,False,first_pass,0.0,True,3,238,32,1.0,1.0,1.0,0.0,0.0
D7-CVE-2024-22195-pypi-jammy-V3|DCv21b|qwen3_14b|blind|P3|60.0|0.0|0|||0|d7|v3,qwen3_14b,DCv21b,blind,CVE-2024-22195,D7-CVE-2024-22195-pypi-jammy-V3,V3,under_investigation,fixed,False,False,False,first_pass,0.0,True,1,260,31,1.0,1.0,1.0,0.0,0.0
D7-CVE-2024-22195-pypi-jammy-V3|DCv21b|qwen3_14b|tracker|P3|60.0|0.0|0|||0|d7|v3,qwen3_14b,DCv21b,tracker,CVE-2024-22195,D7-CVE-2024-22195-pypi-jammy-V3,V3,fixed,fixed,True,False,False,first_pass,0.0,True,4,301,47,1.0,1.0,1.0,0.0,0.0
D7-CVE-2024-22195-pypi-jammy-V3|DCv21b|qwen3_14b|withheld|P3|60.0|0.0|0|||0|d7|v3,qwen3_14b,DCv21b,withheld,CVE-2024-22195,D7-CVE-2024-22195-pypi-jammy-V3,V3,under_investigation,fixed,False,False,False,first_pass,0.0,True,2,260,31,1.0,1.0,1.0,0.0,0.0
D7-CVE-2024-23334-pypi-jammy-V1|DCv21b|granite41_30b|blind|P3|60.0|0.0|0|||0|d7|v3,granite41_30b,DCv21b,blind,CVE-2024-23334,D7-CVE-2024-23334-pypi-jammy-V1,V1,not_affected,not_affected,True,False,False,first_pass,0.0,True,3,269,36,1.0,1.0,1.0,0.0,0.0
D7-CVE-2024-23334-pypi-jammy-V1|DCv21b|granite41_30b|tracker|P3|60.0|0.0|0|||0|d7|v3,granite41_30b,DCv21b,tracker,CVE-2024-23334,D7-CVE-2024-23334-pypi-jammy-V1,V1,not_affected,not_affected,True,False,False,first_pass,0.0,True,4,471,69,1.0,1.0,1.0,0.0,0.0
D7-CVE-2024-23334-pypi-jammy-V1|DCv21b|granite41_30b|withheld|P3|60.0|0.0|0|||0|d7|v3,granite41_30b,DCv21b,withheld,CVE-2024-23334,D7-CVE-2024-23334-pypi-jammy-V1,V1,not_affected,not_affected,True,False,False,first_pass,0.0,True,3,269,36,1.0,1.0,1.0,0.0,0.0
D7-CVE-2024-23334-pypi-jammy-V6|DCv21b|mistral_small_24b|blind|P3|60.0|0.0|0|||0|d7|v3,mistral_small_24b,DCv21b,blind,CVE-2024-23334,D7-CVE-2024-23334-pypi-jammy-V6,V6,not_affected,not_affected,True,False,False,first_pass,0.0,True,3,300,40,1.0,1.0,1.0,0.0,0.0
D7-CVE-2024-23334-pypi-jammy-V6|DCv21b|mistral_small_24b|tracker|P3|60.0|0.0|0|||0|d7|v3,mistral_small_24b,DCv21b,tracker,CVE-2024-23334,D7-CVE-2024-23334-pypi-jammy-V6,V6,not_affected,not_affected,True,False,False,repaired,0.0,True,3,355,46,1.0,1.0,1.0,0.0,0.0
D7-CVE-2024-23334-pypi-jammy-V6|DCv21b|mistral_small_24b|withheld|P3|60.0|0.0|0|||0|d7|v3,mistral_small_24b,DCv21b,withheld,CVE-2024-23334,D7-CVE-2024-23334-pypi-jammy-V6,V6,not_affected,not_affected,True,False,False,first_pass,0.0,True,3,300,40,1.0,1.0,1.0,0.0,0.0
D7-CVE-2024-23334-pypi-noble-V2|DCv21b|qwen3_4b|blind|P3|60.0|0.0|0|||0|d7|v3,qwen3_4b,DCv21b,blind,CVE-2024-23334,D7-CVE-2024-23334-pypi-noble-V2,V2,under_investigation,affected,False,False,False,first_pass,0.0,True,5,217,31,1.0,1.0,1.0,0.0,0.0
D7-CVE-2024-23334-pypi-noble-V2|DCv21b|qwen3_4b|tracker|P3|60.0|0.0|0|||0|d7|v3,qwen3_4b,DCv21b,tracker,CVE-2024-23334,D7-CVE-2024-23334-pypi-noble-V2,V2,affected,affected,True,False,False,fallback,1.0,True,3,166,17,1.0,1.0,1.0,0.0,0.0
D7-CVE-2024-23334-pypi-noble-V2|DCv21b|qwen3_4b|withheld|P3|60.0|0.0|0|||0|d7|v3,qwen3_4b,DCv21b,withheld,CVE-2024-23334,D7-CVE-2024-23334-pypi-noble-V2,V2,under_investigation,affected,False,False,False,first_pass,0.0,True,5,217,31,1.0,1.0,1.0,0.0,0.0
D7-CVE-2024-23334-pypi-noble-V3|DCv21b|qwen3_4b|blind|P3|60.0|0.0|0|||0|d7|v3,qwen3_4b,DCv21b,blind,CVE-2024-23334,D7-CVE-2024-23334-pypi-noble-V3,V3,under_investigation,fixed,False,False,False,first_pass,0.0,True,4,364,38,1.0,1.0,1.0,0.0,0.0
D7-CVE-2024-23334-pypi-noble-V3|DCv21b|qwen3_4b|tracker|P3|60.0|0.0|0|||0|d7|v3,qwen3_4b,DCv21b,tracker,CVE-2024-23334,D7-CVE-2024-23334-pypi-noble-V3,V3,fixed,fixed,True,False,False,first_pass,0.0,True,5,280,44,1.0,1.0,1.0,0.0,0.0
D7-CVE-2024-23334-pypi-noble-V3|DCv21b|qwen3_4b|withheld|P3|60.0|0.0|0|||0|d7|v3,qwen3_4b,DCv21b,withheld,CVE-2024-23334,D7-CVE-2024-23334-pypi-noble-V3,V3,under_investigation,fixed,False,False,False,first_pass,0.0,True,4,364,38,1.0,1.0,1.0,0.0,0.0
D7-CVE-2024-37383-vendor-jammy-V1|DCv21b|qwen3_4b|blind|P3|60.0|0.0|0|||0|d7|v3,qwen3_4b,DCv21b,blind,CVE-2024-37383,D7-CVE-2024-37383-vendor-jammy-V1,V1,not_affected,not_affected,True,False,False,first_pass,0.0,True,3,332,49,1.0,1.0,1.0,0.0,0.0
D7-CVE-2024-37383-vendor-jammy-V1|DCv21b|qwen3_4b|tracker|P3|60.0|0.0|0|||0|d7|v3,qwen3_4b,DCv21b,tracker,CVE-2024-37383,D7-CVE-2024-37383-vendor-jammy-V1,V1,not_affected,not_affected,True,False,False,first_pass,0.0,True,4,362,54,1.0,1.0,1.0,0.0,0.0
D7-CVE-2024-37383-vendor-jammy-V1|DCv21b|qwen3_4b|withheld|P3|60.0|0.0|0|||0|d7|v3,qwen3_4b,DCv21b,withheld,CVE-2024-37383,D7-CVE-2024-37383-vendor-jammy-V1,V1,not_affected,not_affected,True,False,False,first_pass,0.0,True,3,332,49,1.0,1.0,1.0,0.0,0.0
D7-CVE-2024-37383-vendor-jammy-V3|DCv21b|llama31_8b|blind|P3|60.0|0.0|0|||0|d7|v3,llama31_8b,DCv21b,blind,CVE-2024-37383,D7-CVE-2024-37383-vendor-jammy-V3,V3,under_investigation,fixed,False,False,False,repaired,0.0,True,5,401,54,1.0,1.0,1.0,0.0,0.0
D7-CVE-2024-37383-vendor-jammy-V3|DCv21b|llama31_8b|tracker|P3|60.0|0.0|0|||0|d7|v3,llama31_8b,DCv21b,tracker,CVE-2024-37383,D7-CVE-2024-37383-vendor-jammy-V3,V3,under_investigation,fixed,False,False,False,first_pass,0.0,True,6,539,73,1.0,1.0,1.0,0.0,0.0
D7-CVE-2024-37383-vendor-jammy-V3|DCv21b|llama31_8b|withheld|P3|60.0|0.0|0|||0|d7|v3,llama31_8b,DCv21b,withheld,CVE-2024-37383,D7-CVE-2024-37383-vendor-jammy-V3,V3,under_investigation,fixed,False,False,False,first_pass,0.0,True,4,654,81,1.0,1.0,1.0,0.0,0.0
D7-CVE-2024-38475-deb-ubuntu-jammy-V2|DCv21b|granite41_8b|blind|P3|60.0|0.0|0|||0|d7|v3,granite41_8b,DCv21b,blind,CVE-2024-38475,D7-CVE-2024-38475-deb-ubuntu-jammy-V2,V2,under_investigation,affected,False,False,False,first_pass,0.0,True,8,754,99,1.0,1.0,1.0,0.0,0.0
D7-CVE-2024-38475-deb-ubuntu-jammy-V2|DCv21b|granite41_8b|tracker|P3|60.0|0.0|0|||0|d7|v3,granite41_8b,DCv21b,tracker,CVE-2024-38475,D7-CVE-2024-38475-deb-ubuntu-jammy-V2,V2,affected,affected,True,False,False,fallback,1.0,True,1,73,9,1.0,1.0,1.0,0.0,0.0
D7-CVE-2024-38475-deb-ubuntu-jammy-V2|DCv21b|granite41_8b|withheld|P3|60.0|0.0|0|||0|d7|v3,granite41_8b,DCv21b,withheld,CVE-2024-38475,D7-CVE-2024-38475-deb-ubuntu-jammy-V2,V2,under_investigation,affected,False,False,False,first_pass,0.0,True,8,754,99,1.0,1.0,1.0,0.0,0.0
D7-CVE-2024-38475-deb-ubuntu-jammy-V6|DCv21b|qwen3_14b|blind|P3|60.0|0.0|0|||0|d7|v3,qwen3_14b,DCv21b,blind,CVE-2024-38475,D7-CVE-2024-38475-deb-ubuntu-jammy-V6,V6,not_affected,not_affected,True,False,False,first_pass,0.0,True,3,250,32,1.0,1.0,1.0,0.0,0.0
D7-CVE-2024-38475-deb-ubuntu-jammy-V6|DCv21b|qwen3_14b|tracker|P3|60.0|0.0|0|||0|d7|v3,qwen3_14b,DCv21b,tracker,CVE-2024-38475,D7-CVE-2024-38475-deb-ubuntu-jammy-V6,V6,not_affected,not_affected,True,False,False,first_pass,0.0,True,4,377,52,1.0,1.0,1.0,0.0,0.0
D7-CVE-2024-38475-deb-ubuntu-jammy-V6|DCv21b|qwen3_14b|withheld|P3|60.0|0.0|0|||0|d7|v3,qwen3_14b,DCv21b,withheld,CVE-2024-38475,D7-CVE-2024-38475-deb-ubuntu-jammy-V6,V6,not_affected,not_affected,True,False,False,first_pass,0.0,True,3,250,32,1.0,1.0,1.0,0.0,0.0
D7-CVE-2024-38475-deb-ubuntu-noble-V2|DCv21b|llama31_8b|blind|P3|60.0|0.0|0|||0|d7|v3,llama31_8b,DCv21b,blind,CVE-2024-38475,D7-CVE-2024-38475-deb-ubuntu-noble-V2,V2,under_investigation,affected,False,False,False,first_pass,0.0,True,4,468,68,1.0,1.0,1.0,0.0,0.0
D7-CVE-2024-38475-deb-ubuntu-noble-V2|DCv21b|llama31_8b|tracker|P3|60.0|0.0|0|||0|d7|v3,llama31_8b,DCv21b,tracker,CVE-2024-38475,D7-CVE-2024-38475-deb-ubuntu-noble-V2,V2,affected,affected,True,False,False,first_pass,0.0,True,7,507,74,1.0,1.0,1.0,0.0,0.0
D7-CVE-2024-38475-deb-ubuntu-noble-V2|DCv21b|llama31_8b|withheld|P3|60.0|0.0|0|||0|d7|v3,llama31_8b,DCv21b,withheld,CVE-2024-38475,D7-CVE-2024-38475-deb-ubuntu-noble-V2,V2,under_investigation,affected,False,False,False,first_pass,0.0,True,5,468,68,1.0,1.0,1.0,0.0,0.0
D7-CVE-2024-45231-pypi-jammy-V1|DCv21b|gemma4_31b|blind|P3|60.0|0.0|0|||0|d7|v3,gemma4_31b,DCv21b,blind,CVE-2024-45231,D7-CVE-2024-45231-pypi-jammy-V1,V1,not_affected,not_affected,True,False,False,first_pass,0.0,True,3,220,30,1.0,1.0,1.0,0.0,0.0
D7-CVE-2024-45231-pypi-jammy-V1|DCv21b|gemma4_31b|tracker|P3|60.0|0.0|0|||0|d7|v3,gemma4_31b,DCv21b,tracker,CVE-2024-45231,D7-CVE-2024-45231-pypi-jammy-V1,V1,not_affected,not_affected,True,False,False,first_pass,0.0,True,3,214,29,1.0,1.0,1.0,0.0,0.0
D7-CVE-2024-45231-pypi-jammy-V1|DCv21b|gemma4_31b|withheld|P3|60.0|0.0|0|||0|d7|v3,gemma4_31b,DCv21b,withheld,CVE-2024-45231,D7-CVE-2024-45231-pypi-jammy-V1,V1,not_affected,not_affected,True,False,False,first_pass,0.0,True,3,215,29,1.0,1.0,1.0,0.0,0.0
D7-CVE-2024-45231-pypi-jammy-V4|DCv21b|mistral_small_24b|blind|P3|60.0|0.0|0|||0|d7|v3,mistral_small_24b,DCv21b,blind,CVE-2024-45231,D7-CVE-2024-45231-pypi-jammy-V4,V4,under_investigation,fixed,False,False,False,first_pass,0.0,True,5,421,47,1.0,1.0,1.0,0.0,0.0
D7-CVE-2024-45231-pypi-jammy-V4|DCv21b|mistral_small_24b|tracker|P3|60.0|0.0|0|||0|d7|v3,mistral_small_24b,DCv21b,tracker,CVE-2024-45231,D7-CVE-2024-45231-pypi-jammy-V4,V4,fixed,fixed,True,False,False,first_pass,0.0,True,5,258,38,1.0,1.0,1.0,0.0,0.0
D7-CVE-2024-45231-pypi-jammy-V4|DCv21b|mistral_small_24b|withheld|P3|60.0|0.0|0|||0|d7|v3,mistral_small_24b,DCv21b,withheld,CVE-2024-45231,D7-CVE-2024-45231-pypi-jammy-V4,V4,under_investigation,fixed,False,False,False,first_pass,0.0,True,5,421,47,1.0,1.0,1.0,0.0,0.0
D7-CVE-2024-45231-pypi-noble-V6|DCv21b|granite41_30b|blind|P3|60.0|0.0|0|||0|d7|v3,granite41_30b,DCv21b,blind,CVE-2024-45231,D7-CVE-2024-45231-pypi-noble-V6,V6,not_affected,not_affected,True,False,False,first_pass,0.0,True,3,318,45,1.0,1.0,1.0,0.0,0.0
D7-CVE-2024-45231-pypi-noble-V6|DCv21b|granite41_30b|tracker|P3|60.0|0.0|0|||0|d7|v3,granite41_30b,DCv21b,tracker,CVE-2024-45231,D7-CVE-2024-45231-pypi-noble-V6,V6,not_affected,not_affected,True,False,False,first_pass,0.0,True,3,436,65,1.0,1.0,1.0,0.0,0.0
D7-CVE-2024-45231-pypi-noble-V6|DCv21b|granite41_30b|withheld|P3|60.0|0.0|0|||0|d7|v3,granite41_30b,DCv21b,withheld,CVE-2024-45231,D7-CVE-2024-45231-pypi-noble-V6,V6,not_affected,not_affected,True,False,False,first_pass,0.0,True,4,292,38,1.0,1.0,1.0,0.0,0.0
D7-CVE-2024-52804-pypi-jammy-V2|DCv21b|granite41_30b|blind|P3|60.0|0.0|0|||0|d7|v3,granite41_30b,DCv21b,blind,CVE-2024-52804,D7-CVE-2024-52804-pypi-jammy-V2,V2,under_investigation,affected,False,False,False,first_pass,0.0,True,6,450,58,1.0,1.0,1.0,0.0,0.0
D7-CVE-2024-52804-pypi-jammy-V2|DCv21b|granite41_30b|tracker|P3|60.0|0.0|0|||0|d7|v3,granite41_30b,DCv21b,tracker,CVE-2024-52804,D7-CVE-2024-52804-pypi-jammy-V2,V2,affected,affected,True,False,False,first_pass,0.0,True,4,253,37,1.0,1.0,1.0,0.0,0.0
D7-CVE-2024-52804-pypi-jammy-V2|DCv21b|granite41_30b|withheld|P3|60.0|0.0|0|||0|d7|v3,granite41_30b,DCv21b,withheld,CVE-2024-52804,D7-CVE-2024-52804-pypi-jammy-V2,V2,under_investigation,affected,False,False,False,first_pass,0.0,True,6,432,61,1.0,1.0,1.0,0.0,0.0
D7-CVE-2024-56171-deb-ubuntu-jammy-V2|DCv21b|qwen3_4b|blind|P3|60.0|0.0|0|||0|d7|v3,qwen3_4b,DCv21b,blind,CVE-2024-56171,D7-CVE-2024-56171-deb-ubuntu-jammy-V2,V2,under_investigation,affected,False,False,False,first_pass,0.0,True,4,337,43,1.0,1.0,1.0,0.0,0.0
D7-CVE-2024-56171-deb-ubuntu-jammy-V2|DCv21b|qwen3_4b|tracker|P3|60.0|0.0|0|||0|d7|v3,qwen3_4b,DCv21b,tracker,CVE-2024-56171,D7-CVE-2024-56171-deb-ubuntu-jammy-V2,V2,affected,affected,True,False,False,first_pass,0.0,True,5,360,50,1.0,1.0,1.0,0.0,0.0
D7-CVE-2024-56171-deb-ubuntu-jammy-V2|DCv21b|qwen3_4b|withheld|P3|60.0|0.0|0|||0|d7|v3,qwen3_4b,DCv21b,withheld,CVE-2024-56171,D7-CVE-2024-56171-deb-ubuntu-jammy-V2,V2,under_investigation,affected,False,False,False,first_pass,0.0,True,4,326,41,1.0,1.0,1.0,0.0,0.0
D7-CVE-2024-56171-deb-ubuntu-noble-V4|DCv21b|llama31_8b|blind|P3|60.0|0.0|0|||0|d7|v3,llama31_8b,DCv21b,blind,CVE-2024-56171,D7-CVE-2024-56171-deb-ubuntu-noble-V4,V4,under_investigation,fixed,False,False,False,first_pass,0.0,True,5,442,64,1.0,1.0,1.0,0.0,0.0
D7-CVE-2024-56171-deb-ubuntu-noble-V4|DCv21b|llama31_8b|tracker|P3|60.0|0.0|0|||0|d7|v3,llama31_8b,DCv21b,tracker,CVE-2024-56171,D7-CVE-2024-56171-deb-ubuntu-noble-V4,V4,fixed,fixed,True,False,False,first_pass,0.0,True,5,495,71,1.0,1.0,1.0,0.0,0.0
D7-CVE-2024-56171-deb-ubuntu-noble-V4|DCv21b|llama31_8b|withheld|P3|60.0|0.0|0|||0|d7|v3,llama31_8b,DCv21b,withheld,CVE-2024-56171,D7-CVE-2024-56171-deb-ubuntu-noble-V4,V4,under_investigation,fixed,False,False,False,repaired,0.0,True,4,288,42,1.0,1.0,1.0,0.0,0.0
D7-CVE-2024-7347-deb-ubuntu-jammy-V3|DCv21b|mistral_small_24b|blind|P3|60.0|0.0|0|||0|d7|v3,mistral_small_24b,DCv21b,blind,CVE-2024-7347,D7-CVE-2024-7347-deb-ubuntu-jammy-V3,V3,under_investigation,fixed,False,False,False,first_pass,0.0,True,5,364,43,1.0,1.0,1.0,0.0,0.0
D7-CVE-2024-7347-deb-ubuntu-jammy-V3|DCv21b|mistral_small_24b|tracker|P3|60.0|0.0|0|||0|d7|v3,mistral_small_24b,DCv21b,tracker,CVE-2024-7347,D7-CVE-2024-7347-deb-ubuntu-jammy-V3,V3,fixed,fixed,True,False,False,first_pass,0.0,True,5,386,45,1.0,0.3333333333333333,0.3333333333333333,0.6666666666666666,0.0
D7-CVE-2024-7347-deb-ubuntu-jammy-V3|DCv21b|mistral_small_24b|withheld|P3|60.0|0.0|0|||0|d7|v3,mistral_small_24b,DCv21b,withheld,CVE-2024-7347,D7-CVE-2024-7347-deb-ubuntu-jammy-V3,V3,under_investigation,fixed,False,False,False,first_pass,0.0,True,5,364,43,1.0,1.0,1.0,0.0,0.0
D7-CVE-2024-7347-deb-ubuntu-jammy-V5|DCv21b|qwen3_14b|blind|P3|60.0|0.0|0|||0|d7|v3,qwen3_14b,DCv21b,blind,CVE-2024-7347,D7-CVE-2024-7347-deb-ubuntu-jammy-V5,V5,under_investigation,not_affected,False,False,False,first_pass,0.0,True,3,362,48,1.0,1.0,1.0,0.0,0.0
D7-CVE-2024-7347-deb-ubuntu-jammy-V5|DCv21b|qwen3_14b|tracker|P3|60.0|0.0|0|||0|d7|v3,qwen3_14b,DCv21b,tracker,CVE-2024-7347,D7-CVE-2024-7347-deb-ubuntu-jammy-V5,V5,not_affected,not_affected,True,False,False,fallback,1.0,True,3,193,18,1.0,1.0,1.0,0.0,0.0
D7-CVE-2024-7347-deb-ubuntu-jammy-V5|DCv21b|qwen3_14b|withheld|P3|60.0|0.0|0|||0|d7|v3,qwen3_14b,DCv21b,withheld,CVE-2024-7347,D7-CVE-2024-7347-deb-ubuntu-jammy-V5,V5,under_investigation,not_affected,False,False,False,first_pass,0.0,True,3,366,49,1.0,1.0,1.0,0.0,0.0
D7-CVE-2024-7347-deb-ubuntu-noble-V2|DCv21b|granite41_30b|blind|P3|60.0|0.0|0|||0|d7|v3,granite41_30b,DCv21b,blind,CVE-2024-7347,D7-CVE-2024-7347-deb-ubuntu-noble-V2,V2,under_investigation,affected,False,False,False,first_pass,0.0,True,4,426,55,1.0,1.0,1.0,0.0,0.0
D7-CVE-2024-7347-deb-ubuntu-noble-V2|DCv21b|granite41_30b|tracker|P3|60.0|0.0|0|||0|d7|v3,granite41_30b,DCv21b,tracker,CVE-2024-7347,D7-CVE-2024-7347-deb-ubuntu-noble-V2,V2,affected,affected,True,False,False,first_pass,0.0,True,5,306,39,1.0,1.0,1.0,0.0,0.0
D7-CVE-2024-7347-deb-ubuntu-noble-V2|DCv21b|granite41_30b|withheld|P3|60.0|0.0|0|||0|d7|v3,granite41_30b,DCv21b,withheld,CVE-2024-7347,D7-CVE-2024-7347-deb-ubuntu-noble-V2,V2,under_investigation,affected,False,False,False,first_pass,0.0,True,4,434,56,1.0,1.0,1.0,0.0,0.0
D7-CVE-2024-7347-deb-ubuntu-noble-V5|DCv21b|qwen3_14b|blind|P3|60.0|0.0|0|||0|d7|v3,qwen3_14b,DCv21b,blind,CVE-2024-7347,D7-CVE-2024-7347-deb-ubuntu-noble-V5,V5,under_investigation,not_affected,False,False,False,first_pass,0.0,True,3,366,48,1.0,1.0,1.0,0.0,0.0
D7-CVE-2024-7347-deb-ubuntu-noble-V5|DCv21b|qwen3_14b|tracker|P3|60.0|0.0|0|||0|d7|v3,qwen3_14b,DCv21b,tracker,CVE-2024-7347,D7-CVE-2024-7347-deb-ubuntu-noble-V5,V5,not_affected,not_affected,True,False,False,first_pass,0.0,True,7,384,51,1.0,1.0,1.0,0.0,0.0
D7-CVE-2024-7347-deb-ubuntu-noble-V5|DCv21b|qwen3_14b|withheld|P3|60.0|0.0|0|||0|d7|v3,qwen3_14b,DCv21b,withheld,CVE-2024-7347,D7-CVE-2024-7347-deb-ubuntu-noble-V5,V5,under_investigation,not_affected,False,False,False,first_pass,0.0,True,3,354,49,1.0,1.0,1.0,0.0,0.0
D7-CVE-2025-23419-deb-ubuntu-jammy-V4|DCv21b|llama31_8b|blind|P3|60.0|0.0|0|||0|d7|v3,llama31_8b,DCv21b,blind,CVE-2025-23419,D7-CVE-2025-23419-deb-ubuntu-jammy-V4,V4,under_investigation,fixed,False,False,False,repaired,0.0,True,3,413,57,1.0,1.0,1.0,0.0,0.0
D7-CVE-2025-23419-deb-ubuntu-jammy-V4|DCv21b|llama31_8b|tracker|P3|60.0|0.0|0|||0|d7|v3,llama31_8b,DCv21b,tracker,CVE-2025-23419,D7-CVE-2025-23419-deb-ubuntu-jammy-V4,V4,fixed,fixed,True,False,False,first_pass,0.0,True,7,515,73,1.0,1.0,1.0,0.0,0.0
D7-CVE-2025-23419-deb-ubuntu-jammy-V4|DCv21b|llama31_8b|withheld|P3|60.0|0.0|0|||0|d7|v3,llama31_8b,DCv21b,withheld,CVE-2025-23419,D7-CVE-2025-23419-deb-ubuntu-jammy-V4,V4,under_investigation,fixed,False,False,False,repaired,0.0,True,7,559,76,1.0,1.0,1.0,0.0,0.0
D7-CVE-2025-23419-deb-ubuntu-noble-V1|DCv21b|qwen3_14b|blind|P3|60.0|0.0|0|||0|d7|v3,qwen3_14b,DCv21b,blind,CVE-2025-23419,D7-CVE-2025-23419-deb-ubuntu-noble-V1,V1,not_affected,not_affected,True,False,False,first_pass,0.0,True,4,311,46,1.0,1.0,1.0,0.0,0.0
D7-CVE-2025-23419-deb-ubuntu-noble-V1|DCv21b|qwen3_14b|tracker|P3|60.0|0.0|0|||0|d7|v3,qwen3_14b,DCv21b,tracker,CVE-2025-23419,D7-CVE-2025-23419-deb-ubuntu-noble-V1,V1,not_affected,not_affected,True,False,False,first_pass,0.0,True,4,365,50,1.0,1.0,1.0,0.0,0.0
D7-CVE-2025-23419-deb-ubuntu-noble-V1|DCv21b|qwen3_14b|withheld|P3|60.0|0.0|0|||0|d7|v3,qwen3_14b,DCv21b,withheld,CVE-2025-23419,D7-CVE-2025-23419-deb-ubuntu-noble-V1,V1,not_affected,not_affected,True,False,False,first_pass,0.0,True,3,311,46,1.0,1.0,1.0,0.0,0.0
D7-CVE-2025-23419-deb-ubuntu-noble-V2|DCv21b|granite41_8b|blind|P3|60.0|0.0|0|||0|d7|v3,granite41_8b,DCv21b,blind,CVE-2025-23419,D7-CVE-2025-23419-deb-ubuntu-noble-V2,V2,under_investigation,affected,False,False,False,first_pass,0.0,True,8,793,101,1.0,1.0,1.0,0.0,0.0
D7-CVE-2025-23419-deb-ubuntu-noble-V2|DCv21b|granite41_8b|tracker|P3|60.0|0.0|0|||0|d7|v3,granite41_8b,DCv21b,tracker,CVE-2025-23419,D7-CVE-2025-23419-deb-ubuntu-noble-V2,V2,affected,affected,True,False,False,first_pass,0.0,True,5,436,62,1.0,1.0,1.0,0.0,0.0
D7-CVE-2025-23419-deb-ubuntu-noble-V2|DCv21b|granite41_8b|withheld|P3|60.0|0.0|0|||0|d7|v3,granite41_8b,DCv21b,withheld,CVE-2025-23419,D7-CVE-2025-23419-deb-ubuntu-noble-V2,V2,under_investigation,affected,False,False,False,first_pass,0.0,True,6,630,81,1.0,1.0,1.0,0.0,0.0
D7-CVE-2025-24813-vendor-jammy-V8-b2|DCv21b|qwen3_14b|blind|P3|60.0|0.0|0|||0|d7|v3,qwen3_14b,DCv21b,blind,CVE-2025-24813,D7-CVE-2025-24813-vendor-jammy-V8-b2,V8,under_investigation,affected,False,False,False,first_pass,0.0,True,5,332,42,1.0,1.0,1.0,0.0,0.0
D7-CVE-2025-24813-vendor-jammy-V8-b2|DCv21b|qwen3_14b|tracker|P3|60.0|0.0|0|||0|d7|v3,qwen3_14b,DCv21b,tracker,CVE-2025-24813,D7-CVE-2025-24813-vendor-jammy-V8-b2,V8,affected,affected,True,False,False,fallback,1.0,True,3,182,20,1.0,1.0,1.0,0.0,0.0
D7-CVE-2025-24813-vendor-jammy-V8-b2|DCv21b|qwen3_14b|withheld|P3|60.0|0.0|0|||0|d7|v3,qwen3_14b,DCv21b,withheld,CVE-2025-24813,D7-CVE-2025-24813-vendor-jammy-V8-b2,V8,under_investigation,affected,False,False,False,first_pass,0.0,True,5,332,42,1.0,1.0,1.0,0.0,0.0
D7-CVE-2025-24813-vendor-jammy-V8|DCv21b|granite41_30b|blind|P3|60.0|0.0|0|||0|d7|v3,granite41_30b,DCv21b,blind,CVE-2025-24813,D7-CVE-2025-24813-vendor-jammy-V8,V8,under_investigation,affected,False,False,False,first_pass,0.0,True,5,347,46,1.0,1.0,1.0,0.0,0.0
D7-CVE-2025-24813-vendor-jammy-V8|DCv21b|granite41_30b|tracker|P3|60.0|0.0|0|||0|d7|v3,granite41_30b,DCv21b,tracker,CVE-2025-24813,D7-CVE-2025-24813-vendor-jammy-V8,V8,affected,affected,True,False,False,first_pass,0.0,True,5,485,61,1.0,1.0,1.0,0.0,0.0
D7-CVE-2025-24813-vendor-jammy-V8|DCv21b|granite41_30b|withheld|P3|60.0|0.0|0|||0|d7|v3,granite41_30b,DCv21b,withheld,CVE-2025-24813,D7-CVE-2025-24813-vendor-jammy-V8,V8,under_investigation,affected,False,False,False,first_pass,0.0,True,5,347,46,1.0,1.0,1.0,0.0,0.0
D7-CVE-2025-24813-vendor-noble-V3|DCv21b|llama31_8b|blind|P3|60.0|0.0|0|||0|d7|v3,llama31_8b,DCv21b,blind,CVE-2025-24813,D7-CVE-2025-24813-vendor-noble-V3,V3,under_investigation,fixed,False,False,False,fallback,1.0,True,2,224,13,1.0,1.0,1.0,0.0,0.0
D7-CVE-2025-24813-vendor-noble-V3|DCv21b|llama31_8b|tracker|P3|60.0|0.0|0|||0|d7|v3,llama31_8b,DCv21b,tracker,CVE-2025-24813,D7-CVE-2025-24813-vendor-noble-V3,V3,fixed,fixed,True,False,False,first_pass,0.0,True,7,534,80,1.0,1.0,1.0,0.0,0.0
D7-CVE-2025-24813-vendor-noble-V3|DCv21b|llama31_8b|withheld|P3|60.0|0.0|0|||0|d7|v3,llama31_8b,DCv21b,withheld,CVE-2025-24813,D7-CVE-2025-24813-vendor-noble-V3,V3,under_investigation,fixed,False,False,False,first_pass,0.0,True,5,504,76,1.0,1.0,1.0,0.0,0.0
D7-CVE-2025-32462-deb-ubuntu-jammy-V1|DCv21b|mistral_small_24b|blind|P3|60.0|0.0|0|||0|d7|v3,mistral_small_24b,DCv21b,blind,CVE-2025-32462,D7-CVE-2025-32462-deb-ubuntu-jammy-V1,V1,not_affected,not_affected,True,False,False,first_pass,0.0,True,4,372,51,1.0,1.0,1.0,0.0,0.0
D7-CVE-2025-32462-deb-ubuntu-jammy-V1|DCv21b|mistral_small_24b|tracker|P3|60.0|0.0|0|||0|d7|v3,mistral_small_24b,DCv21b,tracker,CVE-2025-32462,D7-CVE-2025-32462-deb-ubuntu-jammy-V1,V1,not_affected,not_affected,True,False,False,first_pass,0.0,True,4,437,61,1.0,1.0,1.0,0.0,0.0
D7-CVE-2025-32462-deb-ubuntu-jammy-V1|DCv21b|mistral_small_24b|withheld|P3|60.0|0.0|0|||0|d7|v3,mistral_small_24b,DCv21b,withheld,CVE-2025-32462,D7-CVE-2025-32462-deb-ubuntu-jammy-V1,V1,not_affected,not_affected,True,False,False,first_pass,0.0,True,3,372,51,1.0,1.0,1.0,0.0,0.0
D7-CVE-2025-32462-deb-ubuntu-jammy-V4|DCv21b|gemma4_31b|blind|P3|60.0|0.0|0|||0|d7|v3,gemma4_31b,DCv21b,blind,CVE-2025-32462,D7-CVE-2025-32462-deb-ubuntu-jammy-V4,V4,under_investigation,fixed,False,False,False,first_pass,0.0,True,6,337,39,1.0,1.0,1.0,0.0,0.0
D7-CVE-2025-32462-deb-ubuntu-jammy-V4|DCv21b|gemma4_31b|tracker|P3|60.0|0.0|0|||0|d7|v3,gemma4_31b,DCv21b,tracker,CVE-2025-32462,D7-CVE-2025-32462-deb-ubuntu-jammy-V4,V4,fixed,fixed,True,False,False,first_pass,0.0,True,5,204,27,1.0,1.0,1.0,0.0,0.0
D7-CVE-2025-32462-deb-ubuntu-jammy-V4|DCv21b|gemma4_31b|withheld|P3|60.0|0.0|0|||0|d7|v3,gemma4_31b,DCv21b,withheld,CVE-2025-32462,D7-CVE-2025-32462-deb-ubuntu-jammy-V4,V4,under_investigation,fixed,False,False,False,first_pass,0.0,True,6,337,39,1.0,1.0,1.0,0.0,0.0
D7-CVE-2025-32462-deb-ubuntu-jammy-V5|DCv21b|granite41_8b|blind|P3|60.0|0.0|0|||0|d7|v3,granite41_8b,DCv21b,blind,CVE-2025-32462,D7-CVE-2025-32462-deb-ubuntu-jammy-V5,V5,under_investigation,not_affected,False,False,False,first_pass,0.0,True,7,478,64,1.0,1.0,1.0,0.0,0.0
D7-CVE-2025-32462-deb-ubuntu-jammy-V5|DCv21b|granite41_8b|tracker|P3|60.0|0.0|0|||0|d7|v3,granite41_8b,DCv21b,tracker,CVE-2025-32462,D7-CVE-2025-32462-deb-ubuntu-jammy-V5,V5,not_affected,not_affected,True,False,False,first_pass,0.0,True,8,699,94,1.0,1.0,1.0,0.0,0.0
D7-CVE-2025-32462-deb-ubuntu-jammy-V5|DCv21b|granite41_8b|withheld|P3|60.0|0.0|0|||0|d7|v3,granite41_8b,DCv21b,withheld,CVE-2025-32462,D7-CVE-2025-32462-deb-ubuntu-jammy-V5,V5,under_investigation,not_affected,False,False,False,first_pass,0.0,True,8,478,64,1.0,1.0,1.0,0.0,0.0
D7-CVE-2025-32462-deb-ubuntu-noble-V4|DCv21b|gemma4_31b|blind|P3|60.0|0.0|0|||0|d7|v3,gemma4_31b,DCv21b,blind,CVE-2025-32462,D7-CVE-2025-32462-deb-ubuntu-noble-V4,V4,under_investigation,fixed,False,False,False,first_pass,0.0,True,5,356,44,1.0,1.0,1.0,0.0,0.0
D7-CVE-2025-32462-deb-ubuntu-noble-V4|DCv21b|gemma4_31b|tracker|P3|60.0|0.0|0|||0|d7|v3,gemma4_31b,DCv21b,tracker,CVE-2025-32462,D7-CVE-2025-32462-deb-ubuntu-noble-V4,V4,fixed,fixed,True,False,False,first_pass,0.0,True,5,223,27,1.0,1.0,1.0,0.0,0.0
D7-CVE-2025-32462-deb-ubuntu-noble-V4|DCv21b|gemma4_31b|withheld|P3|60.0|0.0|0|||0|d7|v3,gemma4_31b,DCv21b,withheld,CVE-2025-32462,D7-CVE-2025-32462-deb-ubuntu-noble-V4,V4,under_investigation,fixed,False,False,False,first_pass,0.0,True,3,297,36,1.0,1.0,1.0,0.0,0.0
D7-CVE-2025-48384-deb-ubuntu-jammy-V2|DCv21b|granite41_8b|blind|P3|60.0|0.0|0|||0|d7|v3,granite41_8b,DCv21b,blind,CVE-2025-48384,D7-CVE-2025-48384-deb-ubuntu-jammy-V2,V2,under_investigation,affected,False,False,False,first_pass,0.0,True,6,849,107,1.0,1.0,1.0,0.0,0.0
D7-CVE-2025-48384-deb-ubuntu-jammy-V2|DCv21b|granite41_8b|tracker|P3|60.0|0.0|0|||0|d7|v3,granite41_8b,DCv21b,tracker,CVE-2025-48384,D7-CVE-2025-48384-deb-ubuntu-jammy-V2,V2,affected,affected,True,False,False,first_pass,0.0,True,5,350,46,1.0,1.0,1.0,0.0,0.0
D7-CVE-2025-48384-deb-ubuntu-jammy-V2|DCv21b|granite41_8b|withheld|P3|60.0|0.0|0|||0|d7|v3,granite41_8b,DCv21b,withheld,CVE-2025-48384,D7-CVE-2025-48384-deb-ubuntu-jammy-V2,V2,under_investigation,affected,False,False,False,first_pass,0.0,True,6,851,108,1.0,1.0,1.0,0.0,0.0
D7-CVE-2025-48384-deb-ubuntu-jammy-V4|DCv21b|qwen3_14b|blind|P3|60.0|0.0|0|||0|d7|v3,qwen3_14b,DCv21b,blind,CVE-2025-48384,D7-CVE-2025-48384-deb-ubuntu-jammy-V4,V4,under_investigation,fixed,False,False,False,first_pass,0.0,True,3,328,39,1.0,1.0,1.0,0.0,0.0
D7-CVE-2025-48384-deb-ubuntu-jammy-V4|DCv21b|qwen3_14b|tracker|P3|60.0|0.0|0|||0|d7|v3,qwen3_14b,DCv21b,tracker,CVE-2025-48384,D7-CVE-2025-48384-deb-ubuntu-jammy-V4,V4,fixed,fixed,True,False,False,fallback,1.0,True,1,66,9,1.0,1.0,1.0,0.0,0.0
D7-CVE-2025-48384-deb-ubuntu-jammy-V4|DCv21b|qwen3_14b|withheld|P3|60.0|0.0|0|||0|d7|v3,qwen3_14b,DCv21b,withheld,CVE-2025-48384,D7-CVE-2025-48384-deb-ubuntu-jammy-V4,V4,under_investigation,fixed,False,False,False,first_pass,0.0,True,3,328,39,1.0,1.0,1.0,0.0,0.0
D7-CVE-2025-49113-vendor-jammy-V4|DCv21b|gemma4_31b|blind|P3|60.0|0.0|0|||0|d7|v3,gemma4_31b,DCv21b,blind,CVE-2025-49113,D7-CVE-2025-49113-vendor-jammy-V4,V4,under_investigation,fixed,False,False,False,first_pass,0.0,True,4,276,34,1.0,1.0,1.0,0.0,0.0
D7-CVE-2025-49113-vendor-jammy-V4|DCv21b|gemma4_31b|tracker|P3|60.0|0.0|0|||0|d7|v3,gemma4_31b,DCv21b,tracker,CVE-2025-49113,D7-CVE-2025-49113-vendor-jammy-V4,V4,under_investigation,fixed,False,False,False,first_pass,0.0,True,3,260,33,1.0,1.0,1.0,0.0,0.0
D7-CVE-2025-49113-vendor-jammy-V4|DCv21b|gemma4_31b|withheld|P3|60.0|0.0|0|||0|d7|v3,gemma4_31b,DCv21b,withheld,CVE-2025-49113,D7-CVE-2025-49113-vendor-jammy-V4,V4,under_investigation,fixed,False,False,False,first_pass,0.0,True,4,276,34,1.0,1.0,1.0,0.0,0.0
D7-CVE-2025-49113-vendor-noble-V6|DCv21b|llama31_8b|blind|P3|60.0|0.0|0|||0|d7|v3,llama31_8b,DCv21b,blind,CVE-2025-49113,D7-CVE-2025-49113-vendor-noble-V6,V6,not_affected,not_affected,True,False,False,first_pass,0.0,True,3,426,65,1.0,1.0,1.0,0.0,0.0
D7-CVE-2025-49113-vendor-noble-V6|DCv21b|llama31_8b|tracker|P3|60.0|0.0|0|||0|d7|v3,llama31_8b,DCv21b,tracker,CVE-2025-49113,D7-CVE-2025-49113-vendor-noble-V6,V6,not_affected,not_affected,True,False,False,first_pass,0.0,True,5,557,76,1.0,1.0,1.0,0.0,0.0
D7-CVE-2025-49113-vendor-noble-V6|DCv21b|llama31_8b|withheld|P3|60.0|0.0|0|||0|d7|v3,llama31_8b,DCv21b,withheld,CVE-2025-49113,D7-CVE-2025-49113-vendor-noble-V6,V6,not_affected,not_affected,True,False,False,first_pass,0.0,True,3,426,65,1.0,1.0,1.0,0.0,0.0
D7-CVE-2025-49630-deb-ubuntu-jammy-V4|DCv21b|gemma4_31b|blind|P3|60.0|0.0|0|||0|d7|v3,gemma4_31b,DCv21b,blind,CVE-2025-49630,D7-CVE-2025-49630-deb-ubuntu-jammy-V4,V4,under_investigation,fixed,False,False,False,first_pass,0.0,True,3,309,38,1.0,1.0,1.0,0.0,0.0
D7-CVE-2025-49630-deb-ubuntu-jammy-V4|DCv21b|gemma4_31b|tracker|P3|60.0|0.0|0|||0|d7|v3,gemma4_31b,DCv21b,tracker,CVE-2025-49630,D7-CVE-2025-49630-deb-ubuntu-jammy-V4,V4,fixed,fixed,True,False,False,first_pass,0.0,True,5,212,27,1.0,1.0,1.0,0.0,0.0
D7-CVE-2025-49630-deb-ubuntu-jammy-V4|DCv21b|gemma4_31b|withheld|P3|60.0|0.0|0|||0|d7|v3,gemma4_31b,DCv21b,withheld,CVE-2025-49630,D7-CVE-2025-49630-deb-ubuntu-jammy-V4,V4,under_investigation,fixed,False,False,False,first_pass,0.0,True,3,309,38,1.0,1.0,1.0,0.0,0.0
D7-CVE-2025-49630-deb-ubuntu-noble-V1|DCv21b|qwen3_14b|blind|P3|60.0|0.0|0|||0|d7|v3,qwen3_14b,DCv21b,blind,CVE-2025-49630,D7-CVE-2025-49630-deb-ubuntu-noble-V1,V1,not_affected,not_affected,True,False,False,first_pass,0.0,True,3,295,41,1.0,1.0,1.0,0.0,0.0
D7-CVE-2025-49630-deb-ubuntu-noble-V1|DCv21b|qwen3_14b|tracker|P3|60.0|0.0|0|||0|d7|v3,qwen3_14b,DCv21b,tracker,CVE-2025-49630,D7-CVE-2025-49630-deb-ubuntu-noble-V1,V1,not_affected,not_affected,True,False,False,first_pass,0.0,True,3,395,55,1.0,1.0,1.0,0.0,0.0
D7-CVE-2025-49630-deb-ubuntu-noble-V1|DCv21b|qwen3_14b|withheld|P3|60.0|0.0|0|||0|d7|v3,qwen3_14b,DCv21b,withheld,CVE-2025-49630,D7-CVE-2025-49630-deb-ubuntu-noble-V1,V1,not_affected,not_affected,True,False,False,first_pass,0.0,True,3,295,41,1.0,1.0,1.0,0.0,0.0
D7-CVE-2025-49630-deb-ubuntu-noble-V4|DCv21b|granite41_30b|blind|P3|60.0|0.0|0|||0|d7|v3,granite41_30b,DCv21b,blind,CVE-2025-49630,D7-CVE-2025-49630-deb-ubuntu-noble-V4,V4,under_investigation,fixed,False,False,False,first_pass,0.0,True,3,489,66,1.0,1.0,1.0,0.0,0.0
D7-CVE-2025-49630-deb-ubuntu-noble-V4|DCv21b|granite41_30b|tracker|P3|60.0|0.0|0|||0|d7|v3,granite41_30b,DCv21b,tracker,CVE-2025-49630,D7-CVE-2025-49630-deb-ubuntu-noble-V4,V4,fixed,fixed,True,False,False,first_pass,0.0,True,6,398,56,1.0,1.0,1.0,0.0,0.0
D7-CVE-2025-49630-deb-ubuntu-noble-V4|DCv21b|granite41_30b|withheld|P3|60.0|0.0|0|||0|d7|v3,granite41_30b,DCv21b,withheld,CVE-2025-49630,D7-CVE-2025-49630-deb-ubuntu-noble-V4,V4,under_investigation,fixed,False,False,False,first_pass,0.0,True,3,489,66,1.0,1.0,1.0,0.0,0.0
D7-CVE-2025-49812-deb-ubuntu-noble-V2|DCv21b|gemma4_31b|blind|P3|60.0|0.0|0|||0|d7|v3,gemma4_31b,DCv21b,blind,CVE-2025-49812,D7-CVE-2025-49812-deb-ubuntu-noble-V2,V2,under_investigation,affected,False,False,False,fallback,1.0,True,6,239,20,1.0,1.0,1.0,0.0,0.0
D7-CVE-2025-49812-deb-ubuntu-noble-V2|DCv21b|gemma4_31b|tracker|P3|60.0|0.0|0|||0|d7|v3,gemma4_31b,DCv21b,tracker,CVE-2025-49812,D7-CVE-2025-49812-deb-ubuntu-noble-V2,V2,affected,affected,True,False,False,first_pass,0.0,True,5,279,37,1.0,1.0,1.0,0.0,0.0
D7-CVE-2025-49812-deb-ubuntu-noble-V2|DCv21b|gemma4_31b|withheld|P3|60.0|0.0|0|||0|d7|v3,gemma4_31b,DCv21b,withheld,CVE-2025-49812,D7-CVE-2025-49812-deb-ubuntu-noble-V2,V2,under_investigation,affected,False,False,False,fallback,1.0,True,8,239,20,1.0,1.0,1.0,0.0,0.0
D7-CVE-2025-49812-deb-ubuntu-noble-V6|DCv21b|granite41_8b|blind|P3|60.0|0.0|0|||0|d7|v3,granite41_8b,DCv21b,blind,CVE-2025-49812,D7-CVE-2025-49812-deb-ubuntu-noble-V6,V6,not_affected,not_affected,True,False,False,first_pass,0.0,True,4,469,65,1.0,1.0,1.0,0.0,0.0
D7-CVE-2025-49812-deb-ubuntu-noble-V6|DCv21b|granite41_8b|tracker|P3|60.0|0.0|0|||0|d7|v3,granite41_8b,DCv21b,tracker,CVE-2025-49812,D7-CVE-2025-49812-deb-ubuntu-noble-V6,V6,not_affected,not_affected,True,False,False,first_pass,0.0,True,5,428,57,1.0,1.0,1.0,0.0,0.0
D7-CVE-2025-49812-deb-ubuntu-noble-V6|DCv21b|granite41_8b|withheld|P3|60.0|0.0|0|||0|d7|v3,granite41_8b,DCv21b,withheld,CVE-2025-49812,D7-CVE-2025-49812-deb-ubuntu-noble-V6,V6,not_affected,not_affected,True,False,False,first_pass,0.0,True,4,469,65,1.0,1.0,1.0,0.0,0.0
D7-CVE-2025-8714-deb-ubuntu-jammy-V2|DCv21b|granite41_8b|blind|P3|60.0|0.0|0|||0|d7|v3,granite41_8b,DCv21b,blind,CVE-2025-8714,D7-CVE-2025-8714-deb-ubuntu-jammy-V2,V2,under_investigation,affected,False,False,False,first_pass,0.0,True,5,455,58,1.0,1.0,1.0,0.0,0.0
D7-CVE-2025-8714-deb-ubuntu-jammy-V2|DCv21b|granite41_8b|tracker|P3|60.0|0.0|0|||0|d7|v3,granite41_8b,DCv21b,tracker,CVE-2025-8714,D7-CVE-2025-8714-deb-ubuntu-jammy-V2,V2,affected,affected,True,False,False,first_pass,0.0,True,5,450,60,1.0,1.0,1.0,0.0,0.0
D7-CVE-2025-8714-deb-ubuntu-jammy-V2|DCv21b|granite41_8b|withheld|P3|60.0|0.0|0|||0|d7|v3,granite41_8b,DCv21b,withheld,CVE-2025-8714,D7-CVE-2025-8714-deb-ubuntu-jammy-V2,V2,under_investigation,affected,False,False,False,first_pass,0.0,True,6,802,101,1.0,1.0,1.0,0.0,0.0
D7-CVE-2026-10051-maven-jammy-V7|DCv21b|gemma4_31b|blind|P3|60.0|0.0|0|||0|d7|v3,gemma4_31b,DCv21b,blind,CVE-2026-10051,D7-CVE-2026-10051-maven-jammy-V7,V7,under_investigation,affected,False,False,False,first_pass,0.0,True,6,314,43,1.0,1.0,1.0,0.0,0.0
D7-CVE-2026-10051-maven-jammy-V7|DCv21b|gemma4_31b|tracker|P3|60.0|0.0|0|||0|d7|v3,gemma4_31b,DCv21b,tracker,CVE-2026-10051,D7-CVE-2026-10051-maven-jammy-V7,V7,affected,affected,True,False,False,first_pass,0.0,True,3,196,26,1.0,1.0,1.0,0.0,0.0
D7-CVE-2026-10051-maven-jammy-V7|DCv21b|gemma4_31b|withheld|P3|60.0|0.0|0|||0|d7|v3,gemma4_31b,DCv21b,withheld,CVE-2026-10051,D7-CVE-2026-10051-maven-jammy-V7,V7,under_investigation,affected,False,False,False,first_pass,0.0,True,4,307,38,1.0,1.0,1.0,0.0,0.0
D7-CVE-2026-10051-maven-noble-V1|DCv21b|qwen3_14b|blind|P3|60.0|0.0|0|||0|d7|v3,qwen3_14b,DCv21b,blind,CVE-2026-10051,D7-CVE-2026-10051-maven-noble-V1,V1,not_affected,not_affected,True,False,False,first_pass,0.0,True,5,352,47,1.0,1.0,1.0,0.0,0.0
D7-CVE-2026-10051-maven-noble-V1|DCv21b|qwen3_14b|tracker|P3|60.0|0.0|0|||0|d7|v3,qwen3_14b,DCv21b,tracker,CVE-2026-10051,D7-CVE-2026-10051-maven-noble-V1,V1,not_affected,not_affected,True,False,False,fallback,1.0,True,2,179,20,1.0,1.0,1.0,0.0,0.0
D7-CVE-2026-10051-maven-noble-V1|DCv21b|qwen3_14b|withheld|P3|60.0|0.0|0|||0|d7|v3,qwen3_14b,DCv21b,withheld,CVE-2026-10051,D7-CVE-2026-10051-maven-noble-V1,V1,not_affected,not_affected,True,False,False,first_pass,0.0,True,5,352,47,1.0,1.0,1.0,0.0,0.0
D7-CVE-2026-10051-maven-noble-V6|DCv21b|granite41_8b|blind|P3|60.0|0.0|0|||0|d7|v3,granite41_8b,DCv21b,blind,CVE-2026-10051,D7-CVE-2026-10051-maven-noble-V6,V6,not_affected,not_affected,True,False,False,first_pass,0.0,True,5,396,52,1.0,1.0,1.0,0.0,0.0
D7-CVE-2026-10051-maven-noble-V6|DCv21b|granite41_8b|tracker|P3|60.0|0.0|0|||0|d7|v3,granite41_8b,DCv21b,tracker,CVE-2026-10051,D7-CVE-2026-10051-maven-noble-V6,V6,not_affected,not_affected,True,False,False,repaired,0.0,True,4,512,67,1.0,1.0,1.0,0.0,0.0
D7-CVE-2026-10051-maven-noble-V6|DCv21b|granite41_8b|withheld|P3|60.0|0.0|0|||0|d7|v3,granite41_8b,DCv21b,withheld,CVE-2026-10051,D7-CVE-2026-10051-maven-noble-V6,V6,not_affected,not_affected,True,False,False,first_pass,0.0,True,5,396,52,1.0,1.0,1.0,0.0,0.0
D7-CVE-2026-12969-deb-ubuntu-jammy-V2|DCv21b|mistral_small_24b|blind|P3|60.0|0.0|0|||0|d7|v3,mistral_small_24b,DCv21b,blind,CVE-2026-12969,D7-CVE-2026-12969-deb-ubuntu-jammy-V2,V2,under_investigation,affected,False,False,False,first_pass,0.0,True,6,456,49,1.0,1.0,1.0,0.0,0.0
D7-CVE-2026-12969-deb-ubuntu-jammy-V2|DCv21b|mistral_small_24b|tracker|P3|60.0|0.0|0|||0|d7|v3,mistral_small_24b,DCv21b,tracker,CVE-2026-12969,D7-CVE-2026-12969-deb-ubuntu-jammy-V2,V2,affected,affected,True,False,False,first_pass,0.0,True,5,261,34,1.0,1.0,1.0,0.0,0.0
D7-CVE-2026-12969-deb-ubuntu-jammy-V2|DCv21b|mistral_small_24b|withheld|P3|60.0|0.0|0|||0|d7|v3,mistral_small_24b,DCv21b,withheld,CVE-2026-12969,D7-CVE-2026-12969-deb-ubuntu-jammy-V2,V2,under_investigation,affected,False,False,False,first_pass,0.0,True,6,481,54,1.0,1.0,1.0,0.0,0.0
D7-CVE-2026-12969-deb-ubuntu-jammy-V6|DCv21b|llama31_8b|blind|P3|60.0|0.0|0|||0|d7|v3,llama31_8b,DCv21b,blind,CVE-2026-12969,D7-CVE-2026-12969-deb-ubuntu-jammy-V6,V6,not_affected,not_affected,True,False,False,first_pass,0.0,True,3,425,62,1.0,1.0,1.0,0.0,0.0
D7-CVE-2026-12969-deb-ubuntu-jammy-V6|DCv21b|llama31_8b|tracker|P3|60.0|0.0|0|||0|d7|v3,llama31_8b,DCv21b,tracker,CVE-2026-12969,D7-CVE-2026-12969-deb-ubuntu-jammy-V6,V6,not_affected,not_affected,True,False,False,first_pass,0.0,True,5,427,60,1.0,1.0,1.0,0.0,0.0
D7-CVE-2026-12969-deb-ubuntu-jammy-V6|DCv21b|llama31_8b|withheld|P3|60.0|0.0|0|||0|d7|v3,llama31_8b,DCv21b,withheld,CVE-2026-12969,D7-CVE-2026-12969-deb-ubuntu-jammy-V6,V6,not_affected,not_affected,True,False,False,first_pass,0.0,True,3,423,62,1.0,1.0,1.0,0.0,0.0
D7-CVE-2026-12969-deb-ubuntu-noble-V2|DCv21b|qwen3_4b|blind|P3|60.0|0.0|0|||0|d7|v3,qwen3_4b,DCv21b,blind,CVE-2026-12969,D7-CVE-2026-12969-deb-ubuntu-noble-V2,V2,under_investigation,affected,False,False,False,first_pass,0.0,True,5,385,49,1.0,1.0,1.0,0.0,0.0
D7-CVE-2026-12969-deb-ubuntu-noble-V2|DCv21b|qwen3_4b|tracker|P3|60.0|0.0|0|||0|d7|v3,qwen3_4b,DCv21b,tracker,CVE-2026-12969,D7-CVE-2026-12969-deb-ubuntu-noble-V2,V2,affected,affected,True,False,False,fallback,1.0,True,1,73,9,1.0,1.0,1.0,0.0,0.0
D7-CVE-2026-12969-deb-ubuntu-noble-V2|DCv21b|qwen3_4b|withheld|P3|60.0|0.0|0|||0|d7|v3,qwen3_4b,DCv21b,withheld,CVE-2026-12969,D7-CVE-2026-12969-deb-ubuntu-noble-V2,V2,under_investigation,affected,False,False,False,first_pass,0.0,True,6,456,60,1.0,0.6666666666666666,0.6666666666666666,0.3333333333333333,0.0
D7-CVE-2026-13221-deb-ubuntu-noble-V2|DCv21b|granite41_8b|blind|P3|60.0|0.0|0|||0|d7|v3,granite41_8b,DCv21b,blind,CVE-2026-13221,D7-CVE-2026-13221-deb-ubuntu-noble-V2,V2,under_investigation,affected,False,False,False,first_pass,0.0,True,9,673,88,1.0,1.0,1.0,0.0,0.0
D7-CVE-2026-13221-deb-ubuntu-noble-V2|DCv21b|granite41_8b|tracker|P3|60.0|0.0|0|||0|d7|v3,granite41_8b,DCv21b,tracker,CVE-2026-13221,D7-CVE-2026-13221-deb-ubuntu-noble-V2,V2,affected,affected,True,False,False,first_pass,0.0,True,5,448,64,1.0,1.0,1.0,0.0,0.0
D7-CVE-2026-13221-deb-ubuntu-noble-V2|DCv21b|granite41_8b|withheld|P3|60.0|0.0|0|||0|d7|v3,granite41_8b,DCv21b,withheld,CVE-2026-13221,D7-CVE-2026-13221-deb-ubuntu-noble-V2,V2,under_investigation,affected,False,False,False,first_pass,0.0,True,9,673,88,1.0,1.0,1.0,0.0,0.0
D7-CVE-2026-13221-deb-ubuntu-noble-V4|DCv21b|qwen3_14b|blind|P3|60.0|0.0|0|||0|d7|v3,qwen3_14b,DCv21b,blind,CVE-2026-13221,D7-CVE-2026-13221-deb-ubuntu-noble-V4,V4,under_investigation,fixed,False,False,False,first_pass,0.0,True,4,421,51,1.0,0.6666666666666666,0.6666666666666666,0.3333333333333333,0.0
D7-CVE-2026-13221-deb-ubuntu-noble-V4|DCv21b|qwen3_14b|tracker|P3|60.0|0.0|0|||0|d7|v3,qwen3_14b,DCv21b,tracker,CVE-2026-13221,D7-CVE-2026-13221-deb-ubuntu-noble-V4,V4,fixed,fixed,True,False,False,fallback,1.0,True,1,67,9,1.0,1.0,1.0,0.0,0.0
D7-CVE-2026-13221-deb-ubuntu-noble-V4|DCv21b|qwen3_14b|withheld|P3|60.0|0.0|0|||0|d7|v3,qwen3_14b,DCv21b,withheld,CVE-2026-13221,D7-CVE-2026-13221-deb-ubuntu-noble-V4,V4,under_investigation,fixed,False,False,False,first_pass,0.0,True,3,421,51,1.0,0.6666666666666666,0.6666666666666666,0.3333333333333333,0.0
D7-CVE-2026-2340-deb-ubuntu-jammy-V6|DCv21b|mistral_small_24b|blind|P3|60.0|0.0|0|||0|d7|v3,mistral_small_24b,DCv21b,blind,CVE-2026-2340,D7-CVE-2026-2340-deb-ubuntu-jammy-V6,V6,not_affected,not_affected,True,False,False,first_pass,0.0,True,2,380,52,1.0,1.0,1.0,0.0,0.0
D7-CVE-2026-2340-deb-ubuntu-jammy-V6|DCv21b|mistral_small_24b|tracker|P3|60.0|0.0|0|||0|d7|v3,mistral_small_24b,DCv21b,tracker,CVE-2026-2340,D7-CVE-2026-2340-deb-ubuntu-jammy-V6,V6,not_affected,not_affected,True,False,False,first_pass,0.0,True,4,331,42,1.0,1.0,1.0,0.0,0.0
D7-CVE-2026-2340-deb-ubuntu-jammy-V6|DCv21b|mistral_small_24b|withheld|P3|60.0|0.0|0|||0|d7|v3,mistral_small_24b,DCv21b,withheld,CVE-2026-2340,D7-CVE-2026-2340-deb-ubuntu-jammy-V6,V6,not_affected,not_affected,True,False,False,first_pass,0.0,True,2,380,52,1.0,1.0,1.0,0.0,0.0
D7-CVE-2026-2340-deb-ubuntu-noble-V1|DCv21b|granite41_30b|blind|P3|60.0|0.0|0|||0|d7|v3,granite41_30b,DCv21b,blind,CVE-2026-2340,D7-CVE-2026-2340-deb-ubuntu-noble-V1,V1,not_affected,not_affected,True,False,False,first_pass,0.0,True,4,276,36,1.0,1.0,1.0,0.0,0.0
D7-CVE-2026-2340-deb-ubuntu-noble-V1|DCv21b|granite41_30b|tracker|P3|60.0|0.0|0|||0|d7|v3,granite41_30b,DCv21b,tracker,CVE-2026-2340,D7-CVE-2026-2340-deb-ubuntu-noble-V1,V1,not_affected,not_affected,True,False,False,first_pass,0.0,True,3,416,58,1.0,1.0,1.0,0.0,0.0
D7-CVE-2026-2340-deb-ubuntu-noble-V1|DCv21b|granite41_30b|withheld|P3|60.0|0.0|0|||0|d7|v3,granite41_30b,DCv21b,withheld,CVE-2026-2340,D7-CVE-2026-2340-deb-ubuntu-noble-V1,V1,not_affected,not_affected,True,False,False,first_pass,0.0,True,4,276,36,1.0,1.0,1.0,0.0,0.0
D7-CVE-2026-24072-deb-ubuntu-noble-V1|DCv21b|qwen3_4b|blind|P3|60.0|0.0|0|||0|d7|v3,qwen3_4b,DCv21b,blind,CVE-2026-24072,D7-CVE-2026-24072-deb-ubuntu-noble-V1,V1,not_affected,not_affected,True,False,False,first_pass,0.0,True,2,244,38,1.0,1.0,1.0,0.0,0.0
D7-CVE-2026-24072-deb-ubuntu-noble-V1|DCv21b|qwen3_4b|tracker|P3|60.0|0.0|0|||0|d7|v3,qwen3_4b,DCv21b,tracker,CVE-2026-24072,D7-CVE-2026-24072-deb-ubuntu-noble-V1,V1,not_affected,not_affected,True,False,False,first_pass,0.0,True,4,296,43,1.0,1.0,1.0,0.0,0.0
D7-CVE-2026-24072-deb-ubuntu-noble-V1|DCv21b|qwen3_4b|withheld|P3|60.0|0.0|0|||0|d7|v3,qwen3_4b,DCv21b,withheld,CVE-2026-24072,D7-CVE-2026-24072-deb-ubuntu-noble-V1,V1,not_affected,not_affected,True,False,False,first_pass,0.0,True,2,244,38,1.0,1.0,1.0,0.0,0.0
D7-CVE-2026-29167-vendor-jammy-V3|DCv21b|gemma4_31b|blind|P3|60.0|0.0|0|||0|d7|v3,gemma4_31b,DCv21b,blind,CVE-2026-29167,D7-CVE-2026-29167-vendor-jammy-V3,V3,under_investigation,fixed,False,False,False,first_pass,0.0,True,3,250,33,1.0,1.0,1.0,0.0,0.0
D7-CVE-2026-29167-vendor-jammy-V3|DCv21b|gemma4_31b|tracker|P3|60.0|0.0|0|||0|d7|v3,gemma4_31b,DCv21b,tracker,CVE-2026-29167,D7-CVE-2026-29167-vendor-jammy-V3,V3,under_investigation,fixed,False,False,False,first_pass,0.0,True,3,312,43,1.0,1.0,1.0,0.0,0.0
D7-CVE-2026-29167-vendor-jammy-V3|DCv21b|gemma4_31b|withheld|P3|60.0|0.0|0|||0|d7|v3,gemma4_31b,DCv21b,withheld,CVE-2026-29167,D7-CVE-2026-29167-vendor-jammy-V3,V3,under_investigation,fixed,False,False,False,first_pass,0.0,True,3,250,33,1.0,1.0,1.0,0.0,0.0
D7-CVE-2026-29167-vendor-noble-V8|DCv21b|llama31_8b|blind|P3|60.0|0.0|0|||0|d7|v3,llama31_8b,DCv21b,blind,CVE-2026-29167,D7-CVE-2026-29167-vendor-noble-V8,V8,under_investigation,affected,False,False,False,repaired,0.0,True,3,356,56,1.0,1.0,1.0,0.0,0.0
D7-CVE-2026-29167-vendor-noble-V8|DCv21b|llama31_8b|tracker|P3|60.0|0.0|0|||0|d7|v3,llama31_8b,DCv21b,tracker,CVE-2026-29167,D7-CVE-2026-29167-vendor-noble-V8,V8,affected,affected,True,False,False,first_pass,0.0,True,7,459,75,1.0,1.0,1.0,0.0,0.0
D7-CVE-2026-29167-vendor-noble-V8|DCv21b|llama31_8b|withheld|P3|60.0|0.0|0|||0|d7|v3,llama31_8b,DCv21b,withheld,CVE-2026-29167,D7-CVE-2026-29167-vendor-noble-V8,V8,under_investigation,affected,False,False,False,fallback,1.0,True,3,147,13,1.0,1.0,1.0,0.0,0.0
D7-CVE-2026-40110-pypi-jammy-V2|DCv21b|qwen3_4b|blind|P3|60.0|0.0|0|||0|d7|v3,qwen3_4b,DCv21b,blind,CVE-2026-40110,D7-CVE-2026-40110-pypi-jammy-V2,V2,under_investigation,affected,False,False,False,first_pass,0.0,True,5,389,37,1.0,1.0,1.0,0.0,0.0
D7-CVE-2026-40110-pypi-jammy-V2|DCv21b|qwen3_4b|tracker|P3|60.0|0.0|0|||0|d7|v3,qwen3_4b,DCv21b,tracker,CVE-2026-40110,D7-CVE-2026-40110-pypi-jammy-V2,V2,affected,affected,True,False,False,fallback,1.0,True,1,82,9,1.0,1.0,1.0,0.0,0.0
D7-CVE-2026-40110-pypi-jammy-V2|DCv21b|qwen3_4b|withheld|P3|60.0|0.0|0|||0|d7|v3,qwen3_4b,DCv21b,withheld,CVE-2026-40110,D7-CVE-2026-40110-pypi-jammy-V2,V2,under_investigation,affected,False,False,False,first_pass,0.0,True,4,300,35,1.0,1.0,1.0,0.0,0.0
D7-CVE-2026-40110-pypi-noble-V2-b2|DCv21b|granite41_30b|blind|P3|60.0|0.0|0|||0|d7|v3,granite41_30b,DCv21b,blind,CVE-2026-40110,D7-CVE-2026-40110-pypi-noble-V2-b2,V2,under_investigation,affected,False,False,False,first_pass,0.0,True,5,287,31,1.0,1.0,1.0,0.0,0.0
D7-CVE-2026-40110-pypi-noble-V2-b2|DCv21b|granite41_30b|tracker|P3|60.0|0.0|0|||0|d7|v3,granite41_30b,DCv21b,tracker,CVE-2026-40110,D7-CVE-2026-40110-pypi-noble-V2-b2,V2,affected,affected,True,False,False,first_pass,0.0,True,6,371,52,1.0,1.0,1.0,0.0,0.0
D7-CVE-2026-40110-pypi-noble-V2-b2|DCv21b|granite41_30b|withheld|P3|60.0|0.0|0|||0|d7|v3,granite41_30b,DCv21b,withheld,CVE-2026-40110,D7-CVE-2026-40110-pypi-noble-V2-b2,V2,under_investigation,affected,False,False,False,first_pass,0.0,True,5,287,31,1.0,1.0,1.0,0.0,0.0
D7-CVE-2026-41848-maven-jammy-V1|DCv21b|qwen3_14b|blind|P3|60.0|0.0|0|||0|d7|v3,qwen3_14b,DCv21b,blind,CVE-2026-41848,D7-CVE-2026-41848-maven-jammy-V1,V1,not_affected,not_affected,True,False,False,first_pass,0.0,True,4,304,40,1.0,1.0,1.0,0.0,0.0
D7-CVE-2026-41848-maven-jammy-V1|DCv21b|qwen3_14b|tracker|P3|60.0|0.0|0|||0|d7|v3,qwen3_14b,DCv21b,tracker,CVE-2026-41848,D7-CVE-2026-41848-maven-jammy-V1,V1,not_affected,not_affected,True,False,False,first_pass,0.0,True,4,336,39,1.0,1.0,1.0,0.0,0.0
D7-CVE-2026-41848-maven-jammy-V1|DCv21b|qwen3_14b|withheld|P3|60.0|0.0|0|||0|d7|v3,qwen3_14b,DCv21b,withheld,CVE-2026-41848,D7-CVE-2026-41848-maven-jammy-V1,V1,not_affected,not_affected,True,False,False,first_pass,0.0,True,3,304,40,1.0,1.0,1.0,0.0,0.0
D7-CVE-2026-41848-maven-jammy-V6|DCv21b|llama31_8b|blind|P3|60.0|0.0|0|||0|d7|v3,llama31_8b,DCv21b,blind,CVE-2026-41848,D7-CVE-2026-41848-maven-jammy-V6,V6,not_affected,not_affected,True,False,False,first_pass,0.0,True,3,493,69,1.0,1.0,1.0,0.0,0.0
D7-CVE-2026-41848-maven-jammy-V6|DCv21b|llama31_8b|tracker|P3|60.0|0.0|0|||0|d7|v3,llama31_8b,DCv21b,tracker,CVE-2026-41848,D7-CVE-2026-41848-maven-jammy-V6,V6,not_affected,not_affected,True,False,False,first_pass,0.0,True,7,455,67,1.0,1.0,1.0,0.0,0.0
D7-CVE-2026-41848-maven-jammy-V6|DCv21b|llama31_8b|withheld|P3|60.0|0.0|0|||0|d7|v3,llama31_8b,DCv21b,withheld,CVE-2026-41848,D7-CVE-2026-41848-maven-jammy-V6,V6,not_affected,not_affected,True,False,False,first_pass,0.0,True,4,507,70,1.0,1.0,1.0,0.0,0.0
D7-CVE-2026-41848-maven-noble-V2-b2|DCv21b|gemma4_31b|blind|P3|60.0|0.0|0|||0|d7|v3,gemma4_31b,DCv21b,blind,CVE-2026-41848,D7-CVE-2026-41848-maven-noble-V2-b2,V2,under_investigation,affected,False,False,False,first_pass,0.0,True,6,315,43,1.0,1.0,1.0,0.0,0.0
D7-CVE-2026-41848-maven-noble-V2-b2|DCv21b|gemma4_31b|tracker|P3|60.0|0.0|0|||0|d7|v3,gemma4_31b,DCv21b,tracker,CVE-2026-41848,D7-CVE-2026-41848-maven-noble-V2-b2,V2,affected,affected,True,False,False,first_pass,0.0,True,3,197,26,1.0,1.0,1.0,0.0,0.0
D7-CVE-2026-41848-maven-noble-V2-b2|DCv21b|gemma4_31b|withheld|P3|60.0|0.0|0|||0|d7|v3,gemma4_31b,DCv21b,withheld,CVE-2026-41848,D7-CVE-2026-41848-maven-noble-V2-b2,V2,under_investigation,affected,False,False,False,first_pass,0.0,True,6,315,43,1.0,1.0,1.0,0.0,0.0
D7-CVE-2026-41848-maven-noble-V7|DCv21b|gemma4_31b|blind|P3|60.0|0.0|0|||0|d7|v3,gemma4_31b,DCv21b,blind,CVE-2026-41848,D7-CVE-2026-41848-maven-noble-V7,V7,under_investigation,affected,False,False,False,first_pass,0.0,True,5,278,37,1.0,1.0,1.0,0.0,0.0
D7-CVE-2026-41848-maven-noble-V7|DCv21b|gemma4_31b|tracker|P3|60.0|0.0|0|||0|d7|v3,gemma4_31b,DCv21b,tracker,CVE-2026-41848,D7-CVE-2026-41848-maven-noble-V7,V7,affected,affected,True,False,False,first_pass,0.0,True,3,195,26,1.0,1.0,1.0,0.0,0.0
D7-CVE-2026-41848-maven-noble-V7|DCv21b|gemma4_31b|withheld|P3|60.0|0.0|0|||0|d7|v3,gemma4_31b,DCv21b,withheld,CVE-2026-41848,D7-CVE-2026-41848-maven-noble-V7,V7,under_investigation,affected,False,False,False,first_pass,0.0,True,5,278,37,1.0,1.0,1.0,0.0,0.0
D7-CVE-2026-42198-maven-jammy-V2-b2|DCv21b|granite41_30b|blind|P3|60.0|0.0|0|||0|d7|v3,granite41_30b,DCv21b,blind,CVE-2026-42198,D7-CVE-2026-42198-maven-jammy-V2-b2,V2,under_investigation,affected,False,False,False,first_pass,0.0,True,4,253,31,1.0,1.0,1.0,0.0,0.0
D7-CVE-2026-42198-maven-jammy-V2-b2|DCv21b|granite41_30b|tracker|P3|60.0|0.0|0|||0|d7|v3,granite41_30b,DCv21b,tracker,CVE-2026-42198,D7-CVE-2026-42198-maven-jammy-V2-b2,V2,affected,affected,True,False,False,first_pass,0.0,True,5,442,57,1.0,1.0,1.0,0.0,0.0
D7-CVE-2026-42198-maven-jammy-V2-b2|DCv21b|granite41_30b|withheld|P3|60.0|0.0|0|||0|d7|v3,granite41_30b,DCv21b,withheld,CVE-2026-42198,D7-CVE-2026-42198-maven-jammy-V2-b2,V2,under_investigation,affected,False,False,False,first_pass,0.0,True,4,253,31,1.0,1.0,1.0,0.0,0.0
D7-CVE-2026-42198-maven-noble-V1|DCv21b|mistral_small_24b|blind|P3|60.0|0.0|0|||0|d7|v3,mistral_small_24b,DCv21b,blind,CVE-2026-42198,D7-CVE-2026-42198-maven-noble-V1,V1,not_affected,not_affected,True,False,False,first_pass,0.0,True,2,436,61,1.0,1.0,1.0,0.0,0.0
D7-CVE-2026-42198-maven-noble-V1|DCv21b|mistral_small_24b|tracker|P3|60.0|0.0|0|||0|d7|v3,mistral_small_24b,DCv21b,tracker,CVE-2026-42198,D7-CVE-2026-42198-maven-noble-V1,V1,not_affected,not_affected,True,False,False,first_pass,0.0,True,3,368,48,1.0,1.0,1.0,0.0,0.0
D7-CVE-2026-42198-maven-noble-V1|DCv21b|mistral_small_24b|withheld|P3|60.0|0.0|0|||0|d7|v3,mistral_small_24b,DCv21b,withheld,CVE-2026-42198,D7-CVE-2026-42198-maven-noble-V1,V1,not_affected,not_affected,True,False,False,first_pass,0.0,True,2,436,61,1.0,1.0,1.0,0.0,0.0
D7-CVE-2026-42198-maven-noble-V2|DCv21b|qwen3_4b|blind|P3|60.0|0.0|0|||0|d7|v3,qwen3_4b,DCv21b,blind,CVE-2026-42198,D7-CVE-2026-42198-maven-noble-V2,V2,under_investigation,affected,False,False,False,first_pass,0.0,True,5,376,42,1.0,1.0,1.0,0.0,0.0
D7-CVE-2026-42198-maven-noble-V2|DCv21b|qwen3_4b|tracker|P3|60.0|0.0|0|||0|d7|v3,qwen3_4b,DCv21b,tracker,CVE-2026-42198,D7-CVE-2026-42198-maven-noble-V2,V2,affected,affected,True,False,False,fallback,1.0,True,5,200,13,1.0,1.0,1.0,0.0,0.0
D7-CVE-2026-42198-maven-noble-V2|DCv21b|qwen3_4b|withheld|P3|60.0|0.0|0|||0|d7|v3,qwen3_4b,DCv21b,withheld,CVE-2026-42198,D7-CVE-2026-42198-maven-noble-V2,V2,under_investigation,affected,False,False,False,first_pass,0.0,True,5,376,42,1.0,1.0,1.0,0.0,0.0
D7-CVE-2026-42308-pypi-jammy-V1|DCv21b|llama31_8b|blind|P3|60.0|0.0|0|||0|d7|v3,llama31_8b,DCv21b,blind,CVE-2026-42308,D7-CVE-2026-42308-pypi-jammy-V1,V1,not_affected,not_affected,True,False,False,repaired,0.0,True,3,305,39,1.0,1.0,1.0,0.0,0.0
D7-CVE-2026-42308-pypi-jammy-V1|DCv21b|llama31_8b|tracker|P3|60.0|0.0|0|||0|d7|v3,llama31_8b,DCv21b,tracker,CVE-2026-42308,D7-CVE-2026-42308-pypi-jammy-V1,V1,not_affected,not_affected,True,False,False,first_pass,0.0,True,5,492,79,1.0,1.0,1.0,0.0,0.0
D7-CVE-2026-42308-pypi-jammy-V1|DCv21b|llama31_8b|withheld|P3|60.0|0.0|0|||0|d7|v3,llama31_8b,DCv21b,withheld,CVE-2026-42308,D7-CVE-2026-42308-pypi-jammy-V1,V1,not_affected,not_affected,True,False,False,repaired,0.0,True,3,305,39,1.0,1.0,1.0,0.0,0.0
D7-CVE-2026-42308-pypi-noble-V2-b2|DCv21b|qwen3_4b|blind|P3|60.0|0.0|0|||0|d7|v3,qwen3_4b,DCv21b,blind,CVE-2026-42308,D7-CVE-2026-42308-pypi-noble-V2-b2,V2,under_investigation,affected,False,False,False,first_pass,0.0,True,3,225,28,1.0,1.0,1.0,0.0,0.0
D7-CVE-2026-42308-pypi-noble-V2-b2|DCv21b|qwen3_4b|tracker|P3|60.0|0.0|0|||0|d7|v3,qwen3_4b,DCv21b,tracker,CVE-2026-42308,D7-CVE-2026-42308-pypi-noble-V2-b2,V2,affected,affected,True,False,False,fallback,1.0,True,1,74,9,1.0,1.0,1.0,0.0,0.0
D7-CVE-2026-42308-pypi-noble-V2-b2|DCv21b|qwen3_4b|withheld|P3|60.0|0.0|0|||0|d7|v3,qwen3_4b,DCv21b,withheld,CVE-2026-42308,D7-CVE-2026-42308-pypi-noble-V2-b2,V2,under_investigation,affected,False,False,False,first_pass,0.0,True,3,225,28,1.0,1.0,1.0,0.0,0.0
D7-CVE-2026-42308-pypi-noble-V6|DCv21b|qwen3_14b|blind|P3|60.0|0.0|0|||0|d7|v3,qwen3_14b,DCv21b,blind,CVE-2026-42308,D7-CVE-2026-42308-pypi-noble-V6,V6,not_affected,not_affected,True,False,False,first_pass,0.0,True,3,336,47,1.0,1.0,1.0,0.0,0.0
D7-CVE-2026-42308-pypi-noble-V6|DCv21b|qwen3_14b|tracker|P3|60.0|0.0|0|||0|d7|v3,qwen3_14b,DCv21b,tracker,CVE-2026-42308,D7-CVE-2026-42308-pypi-noble-V6,V6,not_affected,not_affected,True,False,False,first_pass,0.0,True,5,375,57,1.0,1.0,1.0,0.0,0.0
D7-CVE-2026-42308-pypi-noble-V6|DCv21b|qwen3_14b|withheld|P3|60.0|0.0|0|||0|d7|v3,qwen3_14b,DCv21b,withheld,CVE-2026-42308,D7-CVE-2026-42308-pypi-noble-V6,V6,not_affected,not_affected,True,False,False,first_pass,0.0,True,3,336,47,1.0,1.0,1.0,0.0,0.0
D7-CVE-2026-42533-deb-ubuntu-noble-V2|DCv21b|llama31_8b|blind|P3|60.0|0.0|0|||0|d7|v3,llama31_8b,DCv21b,blind,CVE-2026-42533,D7-CVE-2026-42533-deb-ubuntu-noble-V2,V2,under_investigation,affected,False,False,False,first_pass,0.0,True,6,450,65,1.0,1.0,1.0,0.0,0.0
D7-CVE-2026-42533-deb-ubuntu-noble-V2|DCv21b|llama31_8b|tracker|P3|60.0|0.0|0|||0|d7|v3,llama31_8b,DCv21b,tracker,CVE-2026-42533,D7-CVE-2026-42533-deb-ubuntu-noble-V2,V2,affected,affected,True,False,False,fallback,1.0,True,1,71,9,1.0,1.0,1.0,0.0,0.0
D7-CVE-2026-42533-deb-ubuntu-noble-V2|DCv21b|llama31_8b|withheld|P3|60.0|0.0|0|||0|d7|v3,llama31_8b,DCv21b,withheld,CVE-2026-42533,D7-CVE-2026-42533-deb-ubuntu-noble-V2,V2,under_investigation,affected,False,False,False,first_pass,0.0,True,6,450,65,1.0,1.0,1.0,0.0,0.0
D7-CVE-2026-42533-deb-ubuntu-noble-V3|DCv21b|qwen3_14b|blind|P3|60.0|0.0|0|||0|d7|v3,qwen3_14b,DCv21b,blind,CVE-2026-42533,D7-CVE-2026-42533-deb-ubuntu-noble-V3,V3,under_investigation,fixed,False,False,False,first_pass,0.0,True,3,380,49,1.0,1.0,1.0,0.0,0.0
D7-CVE-2026-42533-deb-ubuntu-noble-V3|DCv21b|qwen3_14b|tracker|P3|60.0|0.0|0|||0|d7|v3,qwen3_14b,DCv21b,tracker,CVE-2026-42533,D7-CVE-2026-42533-deb-ubuntu-noble-V3,V3,fixed,fixed,True,False,False,first_pass,0.0,True,4,355,52,1.0,1.0,1.0,0.0,0.0
D7-CVE-2026-42533-deb-ubuntu-noble-V3|DCv21b|qwen3_14b|withheld|P3|60.0|0.0|0|||0|d7|v3,qwen3_14b,DCv21b,withheld,CVE-2026-42533,D7-CVE-2026-42533-deb-ubuntu-noble-V3,V3,under_investigation,fixed,False,False,False,first_pass,0.0,True,3,380,49,1.0,1.0,1.0,0.0,0.0
D7-CVE-2026-42533-deb-ubuntu-noble-V6|DCv21b|qwen3_4b|blind|P3|60.0|0.0|0|||0|d7|v3,qwen3_4b,DCv21b,blind,CVE-2026-42533,D7-CVE-2026-42533-deb-ubuntu-noble-V6,V6,not_affected,not_affected,True,False,False,first_pass,0.0,True,3,220,31,1.0,1.0,1.0,0.0,0.0
D7-CVE-2026-42533-deb-ubuntu-noble-V6|DCv21b|qwen3_4b|tracker|P3|60.0|0.0|0|||0|d7|v3,qwen3_4b,DCv21b,tracker,CVE-2026-42533,D7-CVE-2026-42533-deb-ubuntu-noble-V6,V6,not_affected,not_affected,True,False,False,first_pass,0.0,True,3,265,35,1.0,1.0,1.0,0.0,0.0
D7-CVE-2026-42533-deb-ubuntu-noble-V6|DCv21b|qwen3_4b|withheld|P3|60.0|0.0|0|||0|d7|v3,qwen3_4b,DCv21b,withheld,CVE-2026-42533,D7-CVE-2026-42533-deb-ubuntu-noble-V6,V6,not_affected,not_affected,True,False,False,first_pass,0.0,True,3,220,31,1.0,1.0,1.0,0.0,0.0
D7-CVE-2026-42561-pypi-jammy-V2|DCv21b|gemma4_31b|blind|P3|60.0|0.0|0|||0|d7|v3,gemma4_31b,DCv21b,blind,CVE-2026-42561,D7-CVE-2026-42561-pypi-jammy-V2,V2,under_investigation,affected,False,False,False,first_pass,0.0,True,9,299,43,1.0,1.0,1.0,0.0,0.0
D7-CVE-2026-42561-pypi-jammy-V2|DCv21b|gemma4_31b|tracker|P3|60.0|0.0|0|||0|d7|v3,gemma4_31b,DCv21b,tracker,CVE-2026-42561,D7-CVE-2026-42561-pypi-jammy-V2,V2,affected,affected,True,False,False,first_pass,0.0,True,3,196,28,1.0,1.0,1.0,0.0,0.0
D7-CVE-2026-42561-pypi-jammy-V2|DCv21b|gemma4_31b|withheld|P3|60.0|0.0|0|||0|d7|v3,gemma4_31b,DCv21b,withheld,CVE-2026-42561,D7-CVE-2026-42561-pypi-jammy-V2,V2,under_investigation,affected,False,False,False,first_pass,0.0,True,6,302,36,1.0,1.0,1.0,0.0,0.0
D7-CVE-2026-42561-pypi-jammy-V3|DCv21b|granite41_8b|blind|P3|60.0|0.0|0|||0|d7|v3,granite41_8b,DCv21b,blind,CVE-2026-42561,D7-CVE-2026-42561-pypi-jammy-V3,V3,under_investigation,fixed,False,False,False,first_pass,0.0,True,4,423,60,1.0,1.0,1.0,0.0,0.0
D7-CVE-2026-42561-pypi-jammy-V3|DCv21b|granite41_8b|tracker|P3|60.0|0.0|0|||0|d7|v3,granite41_8b,DCv21b,tracker,CVE-2026-42561,D7-CVE-2026-42561-pypi-jammy-V3,V3,fixed,fixed,True,False,False,fallback,1.0,True,2,81,9,1.0,1.0,1.0,0.0,0.0
D7-CVE-2026-42561-pypi-jammy-V3|DCv21b|granite41_8b|withheld|P3|60.0|0.0|0|||0|d7|v3,granite41_8b,DCv21b,withheld,CVE-2026-42561,D7-CVE-2026-42561-pypi-jammy-V3,V3,under_investigation,fixed,False,False,False,first_pass,0.0,True,4,423,60,1.0,1.0,1.0,0.0,0.0
D7-CVE-2026-42561-pypi-noble-V1|DCv21b|granite41_8b|blind|P3|60.0|0.0|0|||0|d7|v3,granite41_8b,DCv21b,blind,CVE-2026-42561,D7-CVE-2026-42561-pypi-noble-V1,V1,not_affected,not_affected,True,False,False,first_pass,0.0,True,3,541,64,1.0,1.0,1.0,0.0,0.0
D7-CVE-2026-42561-pypi-noble-V1|DCv21b|granite41_8b|tracker|P3|60.0|0.0|0|||0|d7|v3,granite41_8b,DCv21b,tracker,CVE-2026-42561,D7-CVE-2026-42561-pypi-noble-V1,V1,not_affected,not_affected,True,False,False,first_pass,0.0,True,5,475,64,1.0,1.0,1.0,0.0,0.0
D7-CVE-2026-42561-pypi-noble-V1|DCv21b|granite41_8b|withheld|P3|60.0|0.0|0|||0|d7|v3,granite41_8b,DCv21b,withheld,CVE-2026-42561,D7-CVE-2026-42561-pypi-noble-V1,V1,not_affected,not_affected,True,False,False,first_pass,0.0,True,3,541,64,1.0,1.0,1.0,0.0,0.0
D7-CVE-2026-42561-pypi-noble-V2-b2|DCv21b|mistral_small_24b|blind|P3|60.0|0.0|0|||0|d7|v3,mistral_small_24b,DCv21b,blind,CVE-2026-42561,D7-CVE-2026-42561-pypi-noble-V2-b2,V2,under_investigation,affected,False,False,False,first_pass,0.0,True,3,344,44,1.0,1.0,1.0,0.0,0.0
D7-CVE-2026-42561-pypi-noble-V2-b2|DCv21b|mistral_small_24b|tracker|P3|60.0|0.0|0|||0|d7|v3,mistral_small_24b,DCv21b,tracker,CVE-2026-42561,D7-CVE-2026-42561-pypi-noble-V2-b2,V2,affected,affected,True,False,False,first_pass,0.0,True,5,380,47,1.0,1.0,1.0,0.0,0.0
D7-CVE-2026-42561-pypi-noble-V2-b2|DCv21b|mistral_small_24b|withheld|P3|60.0|0.0|0|||0|d7|v3,mistral_small_24b,DCv21b,withheld,CVE-2026-42561,D7-CVE-2026-42561-pypi-noble-V2-b2,V2,under_investigation,affected,False,False,False,first_pass,0.0,True,4,344,44,1.0,1.0,1.0,0.0,0.0
D7-CVE-2026-43617-deb-ubuntu-jammy-V2|DCv21b|granite41_8b|blind|P3|60.0|0.0|0|||0|d7|v3,granite41_8b,DCv21b,blind,CVE-2026-43617,D7-CVE-2026-43617-deb-ubuntu-jammy-V2,V2,under_investigation,affected,False,False,False,first_pass,0.0,True,4,564,70,1.0,1.0,1.0,0.0,0.0
D7-CVE-2026-43617-deb-ubuntu-jammy-V2|DCv21b|granite41_8b|tracker|P3|60.0|0.0|0|||0|d7|v3,granite41_8b,DCv21b,tracker,CVE-2026-43617,D7-CVE-2026-43617-deb-ubuntu-jammy-V2,V2,affected,affected,True,False,False,first_pass,0.0,True,6,311,41,1.0,1.0,1.0,0.0,0.0
D7-CVE-2026-43617-deb-ubuntu-jammy-V2|DCv21b|granite41_8b|withheld|P3|60.0|0.0|0|||0|d7|v3,granite41_8b,DCv21b,withheld,CVE-2026-43617,D7-CVE-2026-43617-deb-ubuntu-jammy-V2,V2,under_investigation,affected,False,False,False,first_pass,0.0,True,6,696,85,1.0,1.0,1.0,0.0,0.0
D7-CVE-2026-43617-deb-ubuntu-jammy-V4|DCv21b|llama31_8b|blind|P3|60.0|0.0|0|||0|d7|v3,llama31_8b,DCv21b,blind,CVE-2026-43617,D7-CVE-2026-43617-deb-ubuntu-jammy-V4,V4,under_investigation,fixed,False,False,False,first_pass,0.0,True,4,558,77,1.0,1.0,1.0,0.0,0.0
D7-CVE-2026-43617-deb-ubuntu-jammy-V4|DCv21b|llama31_8b|tracker|P3|60.0|0.0|0|||0|d7|v3,llama31_8b,DCv21b,tracker,CVE-2026-43617,D7-CVE-2026-43617-deb-ubuntu-jammy-V4,V4,fixed,fixed,True,False,False,first_pass,0.0,True,4,489,67,1.0,1.0,1.0,0.0,0.0
D7-CVE-2026-43617-deb-ubuntu-jammy-V4|DCv21b|llama31_8b|withheld|P3|60.0|0.0|0|||0|d7|v3,llama31_8b,DCv21b,withheld,CVE-2026-43617,D7-CVE-2026-43617-deb-ubuntu-jammy-V4,V4,under_investigation,fixed,False,False,False,first_pass,0.0,True,5,888,124,1.0,1.0,1.0,0.0,0.0
D7-CVE-2026-43617-deb-ubuntu-noble-V4|DCv21b|qwen3_4b|blind|P3|60.0|0.0|0|||0|d7|v3,qwen3_4b,DCv21b,blind,CVE-2026-43617,D7-CVE-2026-43617-deb-ubuntu-noble-V4,V4,under_investigation,fixed,False,False,False,first_pass,0.0,True,4,345,43,1.0,0.6666666666666666,0.6666666666666666,0.0,0.0
D7-CVE-2026-43617-deb-ubuntu-noble-V4|DCv21b|qwen3_4b|tracker|P3|60.0|0.0|0|||0|d7|v3,qwen3_4b,DCv21b,tracker,CVE-2026-43617,D7-CVE-2026-43617-deb-ubuntu-noble-V4,V4,fixed,fixed,True,False,False,first_pass,0.0,True,7,417,59,1.0,1.0,1.0,0.0,0.0
D7-CVE-2026-43617-deb-ubuntu-noble-V4|DCv21b|qwen3_4b|withheld|P3|60.0|0.0|0|||0|d7|v3,qwen3_4b,DCv21b,withheld,CVE-2026-43617,D7-CVE-2026-43617-deb-ubuntu-noble-V4,V4,under_investigation,fixed,False,False,False,first_pass,0.0,True,5,345,43,1.0,0.6666666666666666,0.6666666666666666,0.0,0.0
D7-CVE-2026-45409-pypi-jammy-V2|DCv21b|gemma4_31b|blind|P3|60.0|0.0|0|||0|d7|v3,gemma4_31b,DCv21b,blind,CVE-2026-45409,D7-CVE-2026-45409-pypi-jammy-V2,V2,under_investigation,affected,False,False,False,first_pass,0.0,True,6,296,42,1.0,1.0,1.0,0.0,0.0
D7-CVE-2026-45409-pypi-jammy-V2|DCv21b|gemma4_31b|tracker|P3|60.0|0.0|0|||0|d7|v3,gemma4_31b,DCv21b,tracker,CVE-2026-45409,D7-CVE-2026-45409-pypi-jammy-V2,V2,affected,affected,True,False,False,first_pass,0.0,True,3,188,29,1.0,1.0,1.0,0.0,0.0
D7-CVE-2026-45409-pypi-jammy-V2|DCv21b|gemma4_31b|withheld|P3|60.0|0.0|0|||0|d7|v3,gemma4_31b,DCv21b,withheld,CVE-2026-45409,D7-CVE-2026-45409-pypi-jammy-V2,V2,under_investigation,affected,False,False,False,first_pass,0.0,True,6,296,42,1.0,1.0,1.0,0.0,0.0
D7-CVE-2026-48522-pypi-jammy-V2-b2|DCv21b|gemma4_31b|blind|P3|60.0|0.0|0|||0|d7|v3,gemma4_31b,DCv21b,blind,CVE-2026-48522,D7-CVE-2026-48522-pypi-jammy-V2-b2,V2,under_investigation,affected,False,False,False,first_pass,0.0,True,7,244,31,1.0,1.0,1.0,0.0,0.0
D7-CVE-2026-48522-pypi-jammy-V2-b2|DCv21b|gemma4_31b|tracker|P3|60.0|0.0|0|||0|d7|v3,gemma4_31b,DCv21b,tracker,CVE-2026-48522,D7-CVE-2026-48522-pypi-jammy-V2-b2,V2,affected,affected,True,False,False,first_pass,0.0,True,3,188,28,1.0,1.0,1.0,0.0,0.0
D7-CVE-2026-48522-pypi-jammy-V2-b2|DCv21b|gemma4_31b|withheld|P3|60.0|0.0|0|||0|d7|v3,gemma4_31b,DCv21b,withheld,CVE-2026-48522,D7-CVE-2026-48522-pypi-jammy-V2-b2,V2,under_investigation,affected,False,False,False,first_pass,0.0,True,5,242,35,1.0,1.0,1.0,0.0,0.0
D7-CVE-2026-49268-maven-jammy-V6|DCv21b|granite41_30b|blind|P3|60.0|0.0|0|||0|d7|v3,granite41_30b,DCv21b,blind,CVE-2026-49268,D7-CVE-2026-49268-maven-jammy-V6,V6,not_affected,not_affected,True,False,False,first_pass,0.0,True,3,297,33,1.0,1.0,1.0,0.0,0.0
D7-CVE-2026-49268-maven-jammy-V6|DCv21b|granite41_30b|tracker|P3|60.0|0.0|0|||0|d7|v3,granite41_30b,DCv21b,tracker,CVE-2026-49268,D7-CVE-2026-49268-maven-jammy-V6,V6,not_affected,not_affected,True,False,False,first_pass,0.0,True,3,447,66,1.0,1.0,1.0,0.0,0.0
D7-CVE-2026-49268-maven-jammy-V6|DCv21b|granite41_30b|withheld|P3|60.0|0.0|0|||0|d7|v3,granite41_30b,DCv21b,withheld,CVE-2026-49268,D7-CVE-2026-49268-maven-jammy-V6,V6,not_affected,not_affected,True,False,False,first_pass,0.0,True,3,297,33,1.0,1.0,1.0,0.0,0.0
D7-CVE-2026-53435-vendor-jammy-V4|DCv21b|mistral_small_24b|blind|P3|60.0|0.0|0|||0|d7|v3,mistral_small_24b,DCv21b,blind,CVE-2026-53435,D7-CVE-2026-53435-vendor-jammy-V4,V4,under_investigation,fixed,False,False,False,first_pass,0.0,True,5,404,48,1.0,1.0,1.0,0.0,0.0
D7-CVE-2026-53435-vendor-jammy-V4|DCv21b|mistral_small_24b|tracker|P3|60.0|0.0|0|||0|d7|v3,mistral_small_24b,DCv21b,tracker,CVE-2026-53435,D7-CVE-2026-53435-vendor-jammy-V4,V4,under_investigation,fixed,False,False,False,first_pass,0.0,True,4,424,54,1.0,1.0,1.0,0.0,0.0
D7-CVE-2026-53435-vendor-jammy-V4|DCv21b|mistral_small_24b|withheld|P3|60.0|0.0|0|||0|d7|v3,mistral_small_24b,DCv21b,withheld,CVE-2026-53435,D7-CVE-2026-53435-vendor-jammy-V4,V4,under_investigation,fixed,False,False,False,first_pass,0.0,True,5,369,49,1.0,1.0,1.0,0.0,0.0
D7-CVE-2026-53435-vendor-jammy-V6|DCv21b|qwen3_14b|blind|P3|60.0|0.0|0|||0|d7|v3,qwen3_14b,DCv21b,blind,CVE-2026-53435,D7-CVE-2026-53435-vendor-jammy-V6,V6,under_investigation,not_affected,False,False,False,first_pass,0.0,True,4,457,61,1.0,1.0,1.0,0.0,0.0
D7-CVE-2026-53435-vendor-jammy-V6|DCv21b|qwen3_14b|tracker|P3|60.0|0.0|0|||0|d7|v3,qwen3_14b,DCv21b,tracker,CVE-2026-53435,D7-CVE-2026-53435-vendor-jammy-V6,V6,under_investigation,not_affected,False,False,False,first_pass,0.0,True,6,400,54,1.0,1.0,1.0,0.0,0.0
D7-CVE-2026-53435-vendor-jammy-V6|DCv21b|qwen3_14b|withheld|P3|60.0|0.0|0|||0|d7|v3,qwen3_14b,DCv21b,withheld,CVE-2026-53435,D7-CVE-2026-53435-vendor-jammy-V6,V6,under_investigation,not_affected,False,False,False,first_pass,0.0,True,3,457,61,1.0,1.0,1.0,0.0,0.0
D7-CVE-2026-53435-vendor-noble-V1|DCv21b|qwen3_4b|blind|P3|60.0|0.0|0|||0|d7|v3,qwen3_4b,DCv21b,blind,CVE-2026-53435,D7-CVE-2026-53435-vendor-noble-V1,V1,not_affected,not_affected,True,False,False,first_pass,0.0,True,2,201,29,1.0,1.0,1.0,0.0,0.0
D7-CVE-2026-53435-vendor-noble-V1|DCv21b|qwen3_4b|tracker|P3|60.0|0.0|0|||0|d7|v3,qwen3_4b,DCv21b,tracker,CVE-2026-53435,D7-CVE-2026-53435-vendor-noble-V1,V1,not_affected,not_affected,True,False,False,repaired,0.0,True,4,375,59,1.0,1.0,1.0,0.0,0.0
D7-CVE-2026-53435-vendor-noble-V1|DCv21b|qwen3_4b|withheld|P3|60.0|0.0|0|||0|d7|v3,qwen3_4b,DCv21b,withheld,CVE-2026-53435,D7-CVE-2026-53435-vendor-noble-V1,V1,not_affected,not_affected,True,False,False,first_pass,0.0,True,2,201,29,1.0,1.0,1.0,0.0,0.0
D7-CVE-2026-53435-vendor-noble-V8-b2|DCv21b|granite41_8b|blind|P3|60.0|0.0|0|||0|d7|v3,granite41_8b,DCv21b,blind,CVE-2026-53435,D7-CVE-2026-53435-vendor-noble-V8-b2,V8,under_investigation,affected,False,False,False,first_pass,0.0,True,5,542,69,1.0,0.5,0.5,0.0,0.0
D7-CVE-2026-53435-vendor-noble-V8-b2|DCv21b|granite41_8b|tracker|P3|60.0|0.0|0|||0|d7|v3,granite41_8b,DCv21b,tracker,CVE-2026-53435,D7-CVE-2026-53435-vendor-noble-V8-b2,V8,affected,affected,True,False,False,first_pass,0.0,True,6,442,67,1.0,1.0,1.0,0.0,0.0
D7-CVE-2026-53435-vendor-noble-V8-b2|DCv21b|granite41_8b|withheld|P3|60.0|0.0|0|||0|d7|v3,granite41_8b,DCv21b,withheld,CVE-2026-53435,D7-CVE-2026-53435-vendor-noble-V8-b2,V8,under_investigation,affected,False,False,False,first_pass,0.0,True,4,421,48,1.0,1.0,1.0,0.0,0.0
D7-CVE-2026-55203-deb-ubuntu-jammy-V2|DCv21b|granite41_8b|blind|P3|60.0|0.0|0|||0|d7|v3,granite41_8b,DCv21b,blind,CVE-2026-55203,D7-CVE-2026-55203-deb-ubuntu-jammy-V2,V2,under_investigation,affected,False,False,False,first_pass,0.0,True,7,525,62,1.0,1.0,1.0,0.0,0.0
D7-CVE-2026-55203-deb-ubuntu-jammy-V2|DCv21b|granite41_8b|tracker|P3|60.0|0.0|0|||0|d7|v3,granite41_8b,DCv21b,tracker,CVE-2026-55203,D7-CVE-2026-55203-deb-ubuntu-jammy-V2,V2,affected,affected,True,False,False,first_pass,0.0,True,4,355,45,1.0,1.0,1.0,0.0,0.0
D7-CVE-2026-55203-deb-ubuntu-jammy-V2|DCv21b|granite41_8b|withheld|P3|60.0|0.0|0|||0|d7|v3,granite41_8b,DCv21b,withheld,CVE-2026-55203,D7-CVE-2026-55203-deb-ubuntu-jammy-V2,V2,under_investigation,affected,False,False,False,first_pass,0.0,True,7,525,62,1.0,1.0,1.0,0.0,0.0
D7-CVE-2026-55203-deb-ubuntu-jammy-V4|DCv21b|granite41_8b|blind|P3|60.0|0.0|0|||0|d7|v3,granite41_8b,DCv21b,blind,CVE-2026-55203,D7-CVE-2026-55203-deb-ubuntu-jammy-V4,V4,under_investigation,fixed,False,False,False,first_pass,0.0,True,7,612,80,1.0,1.0,1.0,0.0,0.0
D7-CVE-2026-55203-deb-ubuntu-jammy-V4|DCv21b|granite41_8b|tracker|P3|60.0|0.0|0|||0|d7|v3,granite41_8b,DCv21b,tracker,CVE-2026-55203,D7-CVE-2026-55203-deb-ubuntu-jammy-V4,V4,fixed,fixed,True,False,False,first_pass,0.0,True,6,430,57,1.0,1.0,1.0,0.0,0.0
D7-CVE-2026-55203-deb-ubuntu-jammy-V4|DCv21b|granite41_8b|withheld|P3|60.0|0.0|0|||0|d7|v3,granite41_8b,DCv21b,withheld,CVE-2026-55203,D7-CVE-2026-55203-deb-ubuntu-jammy-V4,V4,under_investigation,fixed,False,False,False,first_pass,0.0,True,7,606,79,1.0,1.0,1.0,0.0,0.0
D7-CVE-2026-55203-deb-ubuntu-noble-V4|DCv21b|granite41_30b|blind|P3|60.0|0.0|0|||0|d7|v3,granite41_30b,DCv21b,blind,CVE-2026-55203,D7-CVE-2026-55203-deb-ubuntu-noble-V4,V4,under_investigation,fixed,False,False,False,first_pass,0.0,True,4,449,56,1.0,1.0,1.0,0.0,0.0
D7-CVE-2026-55203-deb-ubuntu-noble-V4|DCv21b|granite41_30b|tracker|P3|60.0|0.0|0|||0|d7|v3,granite41_30b,DCv21b,tracker,CVE-2026-55203,D7-CVE-2026-55203-deb-ubuntu-noble-V4,V4,fixed,fixed,True,False,False,first_pass,0.0,True,4,388,52,1.0,1.0,1.0,0.0,0.0
D7-CVE-2026-55203-deb-ubuntu-noble-V4|DCv21b|granite41_30b|withheld|P3|60.0|0.0|0|||0|d7|v3,granite41_30b,DCv21b,withheld,CVE-2026-55203,D7-CVE-2026-55203-deb-ubuntu-noble-V4,V4,under_investigation,fixed,False,False,False,first_pass,0.0,True,4,449,56,1.0,1.0,1.0,0.0,0.0
D7-CVE-2026-55276-vendor-jammy-V4|DCv21b|llama31_8b|blind|P3|60.0|0.0|0|||0|d7|v3,llama31_8b,DCv21b,blind,CVE-2026-55276,D7-CVE-2026-55276-vendor-jammy-V4,V4,under_investigation,fixed,False,False,False,first_pass,0.0,True,7,582,89,1.0,0.5,0.5,0.5,0.0
D7-CVE-2026-55276-vendor-jammy-V4|DCv21b|llama31_8b|tracker|P3|60.0|0.0|0|||0|d7|v3,llama31_8b,DCv21b,tracker,CVE-2026-55276,D7-CVE-2026-55276-vendor-jammy-V4,V4,fixed,fixed,True,False,False,first_pass,0.0,True,5,464,68,1.0,1.0,1.0,0.0,0.0
D7-CVE-2026-55276-vendor-jammy-V4|DCv21b|llama31_8b|withheld|P3|60.0|0.0|0|||0|d7|v3,llama31_8b,DCv21b,withheld,CVE-2026-55276,D7-CVE-2026-55276-vendor-jammy-V4,V4,under_investigation,fixed,False,False,False,first_pass,0.0,True,6,582,89,1.0,0.5,0.5,0.5,0.0
D7-CVE-2026-55956-vendor-jammy-V8-b2|DCv21b|mistral_small_24b|blind|P3|60.0|0.0|0|||0|d7|v3,mistral_small_24b,DCv21b,blind,CVE-2026-55956,D7-CVE-2026-55956-vendor-jammy-V8-b2,V8,under_investigation,affected,False,False,False,first_pass,0.0,True,5,363,46,1.0,1.0,1.0,0.0,0.0
D7-CVE-2026-55956-vendor-jammy-V8-b2|DCv21b|mistral_small_24b|tracker|P3|60.0|0.0|0|||0|d7|v3,mistral_small_24b,DCv21b,tracker,CVE-2026-55956,D7-CVE-2026-55956-vendor-jammy-V8-b2,V8,affected,affected,True,False,False,first_pass,0.0,True,8,486,71,1.0,1.0,1.0,0.0,0.0
D7-CVE-2026-55956-vendor-jammy-V8-b2|DCv21b|mistral_small_24b|withheld|P3|60.0|0.0|0|||0|d7|v3,mistral_small_24b,DCv21b,withheld,CVE-2026-55956,D7-CVE-2026-55956-vendor-jammy-V8-b2,V8,under_investigation,affected,False,False,False,first_pass,0.0,True,5,363,46,1.0,1.0,1.0,0.0,0.0
D7-CVE-2026-55956-vendor-noble-V8|DCv21b|granite41_8b|blind|P3|60.0|0.0|0|||0|d7|v3,granite41_8b,DCv21b,blind,CVE-2026-55956,D7-CVE-2026-55956-vendor-noble-V8,V8,under_investigation,affected,False,False,False,first_pass,0.0,True,9,893,115,1.0,1.0,1.0,0.0,0.0
D7-CVE-2026-55956-vendor-noble-V8|DCv21b|granite41_8b|tracker|P3|60.0|0.0|0|||0|d7|v3,granite41_8b,DCv21b,tracker,CVE-2026-55956,D7-CVE-2026-55956-vendor-noble-V8,V8,affected,affected,True,False,False,first_pass,0.0,True,6,402,61,1.0,1.0,1.0,0.0,0.0
D7-CVE-2026-55956-vendor-noble-V8|DCv21b|granite41_8b|withheld|P3|60.0|0.0|0|||0|d7|v3,granite41_8b,DCv21b,withheld,CVE-2026-55956,D7-CVE-2026-55956-vendor-noble-V8,V8,under_investigation,affected,False,False,False,first_pass,0.0,True,10,890,116,1.0,1.0,1.0,0.0,0.0
D7-CVE-2026-56153-vendor-noble-V1|DCv21b|mistral_small_24b|blind|P3|60.0|0.0|0|||0|d7|v3,mistral_small_24b,DCv21b,blind,CVE-2026-56153,D7-CVE-2026-56153-vendor-noble-V1,V1,not_affected,not_affected,True,False,False,first_pass,0.0,True,3,336,44,1.0,1.0,1.0,0.0,0.0
D7-CVE-2026-56153-vendor-noble-V1|DCv21b|mistral_small_24b|tracker|P3|60.0|0.0|0|||0|d7|v3,mistral_small_24b,DCv21b,tracker,CVE-2026-56153,D7-CVE-2026-56153-vendor-noble-V1,V1,not_affected,not_affected,True,False,False,repaired,0.0,True,6,361,50,1.0,1.0,1.0,0.0,0.0
D7-CVE-2026-56153-vendor-noble-V1|DCv21b|mistral_small_24b|withheld|P3|60.0|0.0|0|||0|d7|v3,mistral_small_24b,DCv21b,withheld,CVE-2026-56153,D7-CVE-2026-56153-vendor-noble-V1,V1,not_affected,not_affected,True,False,False,first_pass,0.0,True,3,336,44,1.0,1.0,1.0,0.0,0.0
D7-CVE-2026-56153-vendor-noble-V8|DCv21b|llama31_8b|blind|P3|60.0|0.0|0|||0|d7|v3,llama31_8b,DCv21b,blind,CVE-2026-56153,D7-CVE-2026-56153-vendor-noble-V8,V8,under_investigation,affected,False,False,False,fallback,1.0,True,3,147,13,1.0,1.0,1.0,0.0,0.0
D7-CVE-2026-56153-vendor-noble-V8|DCv21b|llama31_8b|tracker|P3|60.0|0.0|0|||0|d7|v3,llama31_8b,DCv21b,tracker,CVE-2026-56153,D7-CVE-2026-56153-vendor-noble-V8,V8,affected,affected,True,False,False,first_pass,0.0,True,5,538,82,1.0,1.0,1.0,0.0,0.0
D7-CVE-2026-56153-vendor-noble-V8|DCv21b|llama31_8b|withheld|P3|60.0|0.0|0|||0|d7|v3,llama31_8b,DCv21b,withheld,CVE-2026-56153,D7-CVE-2026-56153-vendor-noble-V8,V8,under_investigation,affected,False,False,False,fallback,1.0,True,3,147,13,1.0,1.0,1.0,0.0,0.0
D7-CVE-2026-59998-deb-ubuntu-noble-V2|DCv21b|mistral_small_24b|blind|P3|60.0|0.0|0|||0|d7|v3,mistral_small_24b,DCv21b,blind,CVE-2026-59998,D7-CVE-2026-59998-deb-ubuntu-noble-V2,V2,under_investigation,affected,False,False,False,first_pass,0.0,True,6,415,48,1.0,1.0,1.0,0.0,0.0
D7-CVE-2026-59998-deb-ubuntu-noble-V2|DCv21b|mistral_small_24b|tracker|P3|60.0|0.0|0|||0|d7|v3,mistral_small_24b,DCv21b,tracker,CVE-2026-59998,D7-CVE-2026-59998-deb-ubuntu-noble-V2,V2,affected,affected,True,False,False,first_pass,0.0,True,5,309,40,1.0,1.0,1.0,0.0,0.0
D7-CVE-2026-59998-deb-ubuntu-noble-V2|DCv21b|mistral_small_24b|withheld|P3|60.0|0.0|0|||0|d7|v3,mistral_small_24b,DCv21b,withheld,CVE-2026-59998,D7-CVE-2026-59998-deb-ubuntu-noble-V2,V2,under_investigation,affected,False,False,False,first_pass,0.0,True,6,415,48,1.0,1.0,1.0,0.0,0.0
D7-CVE-2026-59998-deb-ubuntu-noble-V4|DCv21b|gemma4_31b|blind|P3|60.0|0.0|0|||0|d7|v3,gemma4_31b,DCv21b,blind,CVE-2026-59998,D7-CVE-2026-59998-deb-ubuntu-noble-V4,V4,under_investigation,fixed,False,False,False,first_pass,0.0,True,3,310,37,1.0,1.0,1.0,0.0,0.0
D7-CVE-2026-59998-deb-ubuntu-noble-V4|DCv21b|gemma4_31b|tracker|P3|60.0|0.0|0|||0|d7|v3,gemma4_31b,DCv21b,tracker,CVE-2026-59998,D7-CVE-2026-59998-deb-ubuntu-noble-V4,V4,fixed,fixed,True,False,False,first_pass,0.0,True,4,223,26,1.0,1.0,1.0,0.0,0.0
D7-CVE-2026-59998-deb-ubuntu-noble-V4|DCv21b|gemma4_31b|withheld|P3|60.0|0.0|0|||0|d7|v3,gemma4_31b,DCv21b,withheld,CVE-2026-59998,D7-CVE-2026-59998-deb-ubuntu-noble-V4,V4,under_investigation,fixed,False,False,False,first_pass,0.0,True,3,310,37,1.0,1.0,1.0,0.0,0.0
D7-CVE-2026-59998-deb-ubuntu-noble-V6|DCv21b|granite41_30b|blind|P3|60.0|0.0|0|||0|d7|v3,granite41_30b,DCv21b,blind,CVE-2026-59998,D7-CVE-2026-59998-deb-ubuntu-noble-V6,V6,not_affected,not_affected,True,False,False,first_pass,0.0,True,4,278,36,1.0,1.0,1.0,0.0,0.0
D7-CVE-2026-59998-deb-ubuntu-noble-V6|DCv21b|granite41_30b|tracker|P3|60.0|0.0|0|||0|d7|v3,granite41_30b,DCv21b,tracker,CVE-2026-59998,D7-CVE-2026-59998-deb-ubuntu-noble-V6,V6,not_affected,not_affected,True,False,False,first_pass,0.0,True,3,360,52,1.0,1.0,1.0,0.0,0.0
D7-CVE-2026-59998-deb-ubuntu-noble-V6|DCv21b|granite41_30b|withheld|P3|60.0|0.0|0|||0|d7|v3,granite41_30b,DCv21b,withheld,CVE-2026-59998,D7-CVE-2026-59998-deb-ubuntu-noble-V6,V6,not_affected,not_affected,True,False,False,first_pass,0.0,True,4,278,36,1.0,1.0,1.0,0.0,0.0
D7-CVE-2026-64849-pypi-jammy-V2-b2|DCv21b|granite41_30b|blind|P3|60.0|0.0|0|||0|d7|v3,granite41_30b,DCv21b,blind,CVE-2026-64849,D7-CVE-2026-64849-pypi-jammy-V2-b2,V2,under_investigation,affected,False,False,False,first_pass,0.0,True,3,256,29,1.0,1.0,1.0,0.0,0.0
D7-CVE-2026-64849-pypi-jammy-V2-b2|DCv21b|granite41_30b|tracker|P3|60.0|0.0|0|||0|d7|v3,granite41_30b,DCv21b,tracker,CVE-2026-64849,D7-CVE-2026-64849-pypi-jammy-V2-b2,V2,affected,affected,True,False,False,first_pass,0.0,True,4,323,47,1.0,1.0,1.0,0.0,0.0
D7-CVE-2026-64849-pypi-jammy-V2-b2|DCv21b|granite41_30b|withheld|P3|60.0|0.0|0|||0|d7|v3,granite41_30b,DCv21b,withheld,CVE-2026-64849,D7-CVE-2026-64849-pypi-jammy-V2-b2,V2,under_investigation,affected,False,False,False,first_pass,0.0,True,5,450,59,1.0,1.0,1.0,0.0,0.0
D7-CVE-2026-64849-pypi-jammy-V3|DCv21b|granite41_30b|blind|P3|60.0|0.0|0|||0|d7|v3,granite41_30b,DCv21b,blind,CVE-2026-64849,D7-CVE-2026-64849-pypi-jammy-V3,V3,under_investigation,fixed,False,False,False,first_pass,0.0,True,4,284,33,1.0,1.0,1.0,0.0,0.0
D7-CVE-2026-64849-pypi-jammy-V3|DCv21b|granite41_30b|tracker|P3|60.0|0.0|0|||0|d7|v3,granite41_30b,DCv21b,tracker,CVE-2026-64849,D7-CVE-2026-64849-pypi-jammy-V3,V3,fixed,fixed,True,False,False,first_pass,0.0,True,5,267,40,1.0,1.0,1.0,0.0,0.0
D7-CVE-2026-64849-pypi-jammy-V3|DCv21b|granite41_30b|withheld|P3|60.0|0.0|0|||0|d7|v3,granite41_30b,DCv21b,withheld,CVE-2026-64849,D7-CVE-2026-64849-pypi-jammy-V3,V3,under_investigation,fixed,False,False,False,first_pass,0.0,True,4,284,33,1.0,1.0,1.0,0.0,0.0
D7-CVE-2026-65183-vendor-jammy-V3|DCv21b|llama31_8b|blind|P3|60.0|0.0|0|||0|d7|v3,llama31_8b,DCv21b,blind,CVE-2026-65183,D7-CVE-2026-65183-vendor-jammy-V3,V3,under_investigation,fixed,False,False,False,first_pass,0.0,True,4,563,78,1.0,1.0,1.0,0.0,0.0
D7-CVE-2026-65183-vendor-jammy-V3|DCv21b|llama31_8b|tracker|P3|60.0|0.0|0|||0|d7|v3,llama31_8b,DCv21b,tracker,CVE-2026-65183,D7-CVE-2026-65183-vendor-jammy-V3,V3,fixed,fixed,True,False,False,first_pass,0.0,True,5,429,63,1.0,1.0,1.0,0.0,0.0
D7-CVE-2026-65183-vendor-jammy-V3|DCv21b|llama31_8b|withheld|P3|60.0|0.0|0|||0|d7|v3,llama31_8b,DCv21b,withheld,CVE-2026-65183,D7-CVE-2026-65183-vendor-jammy-V3,V3,under_investigation,fixed,False,False,False,first_pass,0.0,True,4,563,78,1.0,1.0,1.0,0.0,0.0
D7-CVE-2026-65183-vendor-jammy-V6|DCv21b|mistral_small_24b|blind|P3|60.0|0.0|0|||0|d7|v3,mistral_small_24b,DCv21b,blind,CVE-2026-65183,D7-CVE-2026-65183-vendor-jammy-V6,V6,not_affected,not_affected,True,False,False,first_pass,0.0,True,2,390,53,1.0,1.0,1.0,0.0,0.0
D7-CVE-2026-65183-vendor-jammy-V6|DCv21b|mistral_small_24b|tracker|P3|60.0|0.0|0|||0|d7|v3,mistral_small_24b,DCv21b,tracker,CVE-2026-65183,D7-CVE-2026-65183-vendor-jammy-V6,V6,not_affected,not_affected,True,False,False,first_pass,0.0,True,4,348,42,1.0,1.0,1.0,0.0,0.0
D7-CVE-2026-65183-vendor-jammy-V6|DCv21b|mistral_small_24b|withheld|P3|60.0|0.0|0|||0|d7|v3,mistral_small_24b,DCv21b,withheld,CVE-2026-65183,D7-CVE-2026-65183-vendor-jammy-V6,V6,not_affected,not_affected,True,False,False,first_pass,0.0,True,2,390,53,1.0,1.0,1.0,0.0,0.0
D7-CVE-2026-65183-vendor-jammy-V8-b2|DCv21b|qwen3_14b|blind|P3|60.0|0.0|0|||0|d7|v3,qwen3_14b,DCv21b,blind,CVE-2026-65183,D7-CVE-2026-65183-vendor-jammy-V8-b2,V8,under_investigation,affected,False,False,False,first_pass,0.0,True,5,438,58,1.0,1.0,1.0,0.0,0.0
D7-CVE-2026-65183-vendor-jammy-V8-b2|DCv21b|qwen3_14b|tracker|P3|60.0|0.0|0|||0|d7|v3,qwen3_14b,DCv21b,tracker,CVE-2026-65183,D7-CVE-2026-65183-vendor-jammy-V8-b2,V8,affected,affected,True,False,False,fallback,1.0,True,1,137,8,1.0,1.0,1.0,0.0,0.0
D7-CVE-2026-65183-vendor-jammy-V8-b2|DCv21b|qwen3_14b|withheld|P3|60.0|0.0|0|||0|d7|v3,qwen3_14b,DCv21b,withheld,CVE-2026-65183,D7-CVE-2026-65183-vendor-jammy-V8-b2,V8,under_investigation,affected,False,False,False,first_pass,0.0,True,5,438,58,1.0,1.0,1.0,0.0,0.0
D7-CVE-2026-65183-vendor-noble-V8|DCv21b|granite41_30b|blind|P3|60.0|0.0|0|||0|d7|v3,granite41_30b,DCv21b,blind,CVE-2026-65183,D7-CVE-2026-65183-vendor-noble-V8,V8,under_investigation,affected,False,False,False,first_pass,0.0,True,4,261,31,1.0,1.0,1.0,0.0,0.0
D7-CVE-2026-65183-vendor-noble-V8|DCv21b|granite41_30b|tracker|P3|60.0|0.0|0|||0|d7|v3,granite41_30b,DCv21b,tracker,CVE-2026-65183,D7-CVE-2026-65183-vendor-noble-V8,V8,affected,affected,True,False,False,first_pass,0.0,True,3,299,47,1.0,1.0,1.0,0.0,0.0
D7-CVE-2026-65183-vendor-noble-V8|DCv21b|granite41_30b|withheld|P3|60.0|0.0|0|||0|d7|v3,granite41_30b,DCv21b,withheld,CVE-2026-65183,D7-CVE-2026-65183-vendor-noble-V8,V8,under_investigation,affected,False,False,False,first_pass,0.0,True,4,261,31,1.0,1.0,1.0,0.0,0.0
D7-CVE-2026-8404-pypi-noble-V3|DCv21b|qwen3_14b|blind|P3|60.0|0.0|0|||0|d7|v3,qwen3_14b,DCv21b,blind,CVE-2026-8404,D7-CVE-2026-8404-pypi-noble-V3,V3,under_investigation,fixed,False,False,False,first_pass,0.0,True,5,380,51,1.0,1.0,1.0,0.0,0.0
D7-CVE-2026-8404-pypi-noble-V3|DCv21b|qwen3_14b|tracker|P3|60.0|0.0|0|||0|d7|v3,qwen3_14b,DCv21b,tracker,CVE-2026-8404,D7-CVE-2026-8404-pypi-noble-V3,V3,fixed,fixed,True,False,False,fallback,1.0,True,2,71,9,1.0,1.0,1.0,0.0,0.0
D7-CVE-2026-8404-pypi-noble-V3|DCv21b|qwen3_14b|withheld|P3|60.0|0.0|0|||0|d7|v3,qwen3_14b,DCv21b,withheld,CVE-2026-8404,D7-CVE-2026-8404-pypi-noble-V3,V3,under_investigation,fixed,False,False,False,first_pass,0.0,True,5,380,51,1.0,1.0,1.0,0.0,0.0
D7-CVE-2026-8404-pypi-noble-V4|DCv21b|qwen3_14b|blind|P3|60.0|0.0|0|||0|d7|v3,qwen3_14b,DCv21b,blind,CVE-2026-8404,D7-CVE-2026-8404-pypi-noble-V4,V4,under_investigation,fixed,False,False,False,first_pass,0.0,True,2,288,37,1.0,1.0,1.0,0.0,0.0
D7-CVE-2026-8404-pypi-noble-V4|DCv21b|qwen3_14b|tracker|P3|60.0|0.0|0|||0|d7|v3,qwen3_14b,DCv21b,tracker,CVE-2026-8404,D7-CVE-2026-8404-pypi-noble-V4,V4,fixed,fixed,True,False,False,fallback,1.0,True,2,71,9,1.0,1.0,1.0,0.0,0.0
D7-CVE-2026-8404-pypi-noble-V4|DCv21b|qwen3_14b|withheld|P3|60.0|0.0|0|||0|d7|v3,qwen3_14b,DCv21b,withheld,CVE-2026-8404,D7-CVE-2026-8404-pypi-noble-V4,V4,under_investigation,fixed,False,False,False,first_pass,0.0,True,1,288,37,1.0,1.0,1.0,0.0,0.0
D7-CVE-2026-8404-pypi-noble-V6|DCv21b|gemma4_31b|blind|P3|60.0|0.0|0|||0|d7|v3,gemma4_31b,DCv21b,blind,CVE-2026-8404,D7-CVE-2026-8404-pypi-noble-V6,V6,not_affected,not_affected,True,False,False,first_pass,0.0,True,3,293,40,1.0,1.0,1.0,0.0,0.0
D7-CVE-2026-8404-pypi-noble-V6|DCv21b|gemma4_31b|tracker|P3|60.0|0.0|0|||0|d7|v3,gemma4_31b,DCv21b,tracker,CVE-2026-8404,D7-CVE-2026-8404-pypi-noble-V6,V6,not_affected,not_affected,True,False,False,first_pass,0.0,True,3,200,26,1.0,1.0,1.0,0.0,0.0
D7-CVE-2026-8404-pypi-noble-V6|DCv21b|gemma4_31b|withheld|P3|60.0|0.0|0|||0|d7|v3,gemma4_31b,DCv21b,withheld,CVE-2026-8404,D7-CVE-2026-8404-pypi-noble-V6,V6,not_affected,not_affected,True,False,False,first_pass,0.0,True,3,293,40,1.0,1.0,1.0,0.0,0.0
D7-CVE-2026-84645-vendor-jammy-V4|DCv21b|granite41_30b|blind|P3|60.0|0.0|0|||0|d7|v3,granite41_30b,DCv21b,blind,CVE-2026-84645,D7-CVE-2026-84645-vendor-jammy-V4,V4,under_investigation,fixed,False,False,False,first_pass,0.0,True,3,284,37,1.0,1.0,1.0,0.0,0.0
D7-CVE-2026-84645-vendor-jammy-V4|DCv21b|granite41_30b|tracker|P3|60.0|0.0|0|||0|d7|v3,granite41_30b,DCv21b,tracker,CVE-2026-84645,D7-CVE-2026-84645-vendor-jammy-V4,V4,under_investigation,fixed,False,False,False,first_pass,0.0,True,4,444,54,1.0,1.0,1.0,0.0,0.0
D7-CVE-2026-84645-vendor-jammy-V4|DCv21b|granite41_30b|withheld|P3|60.0|0.0|0|||0|d7|v3,granite41_30b,DCv21b,withheld,CVE-2026-84645,D7-CVE-2026-84645-vendor-jammy-V4,V4,under_investigation,fixed,False,False,False,first_pass,0.0,True,3,358,41,1.0,1.0,1.0,0.0,0.0
D7-CVE-2026-84645-vendor-jammy-V6|DCv21b|gemma4_31b|blind|P3|60.0|0.0|0|||0|d7|v3,gemma4_31b,DCv21b,blind,CVE-2026-84645,D7-CVE-2026-84645-vendor-jammy-V6,V6,under_investigation,not_affected,False,False,False,first_pass,0.0,True,6,253,31,1.0,1.0,1.0,0.0,0.0
D7-CVE-2026-84645-vendor-jammy-V6|DCv21b|gemma4_31b|tracker|P3|60.0|0.0|0|||0|d7|v3,gemma4_31b,DCv21b,tracker,CVE-2026-84645,D7-CVE-2026-84645-vendor-jammy-V6,V6,under_investigation,not_affected,False,False,False,first_pass,0.0,True,5,206,27,1.0,1.0,1.0,0.0,0.0
D7-CVE-2026-84645-vendor-jammy-V6|DCv21b|gemma4_31b|withheld|P3|60.0|0.0|0|||0|d7|v3,gemma4_31b,DCv21b,withheld,CVE-2026-84645,D7-CVE-2026-84645-vendor-jammy-V6,V6,under_investigation,not_affected,False,False,False,first_pass,0.0,True,3,253,31,1.0,1.0,1.0,0.0,0.0
D7-CVE-2026-90698-deb-ubuntu-jammy-V2|DCv21b|granite41_8b|blind|P3|60.0|0.0|0|||0|d7|v3,granite41_8b,DCv21b,blind,CVE-2026-90698,D7-CVE-2026-90698-deb-ubuntu-jammy-V2,V2,under_investigation,affected,False,False,False,first_pass,0.0,True,5,622,71,1.0,1.0,1.0,0.0,0.0
D7-CVE-2026-90698-deb-ubuntu-jammy-V2|DCv21b|granite41_8b|tracker|P3|60.0|0.0|0|||0|d7|v3,granite41_8b,DCv21b,tracker,CVE-2026-90698,D7-CVE-2026-90698-deb-ubuntu-jammy-V2,V2,affected,affected,True,False,False,first_pass,0.0,True,5,375,50,1.0,1.0,1.0,0.0,0.0
D7-CVE-2026-90698-deb-ubuntu-jammy-V2|DCv21b|granite41_8b|withheld|P3|60.0|0.0|0|||0|d7|v3,granite41_8b,DCv21b,withheld,CVE-2026-90698,D7-CVE-2026-90698-deb-ubuntu-jammy-V2,V2,under_investigation,affected,False,False,False,first_pass,0.0,True,5,622,71,1.0,1.0,1.0,0.0,0.0
D7-CVE-2026-90698-deb-ubuntu-jammy-V6|DCv21b|gemma4_31b|blind|P3|60.0|0.0|0|||0|d7|v3,gemma4_31b,DCv21b,blind,CVE-2026-90698,D7-CVE-2026-90698-deb-ubuntu-jammy-V6,V6,not_affected,not_affected,True,False,False,first_pass,0.0,True,3,198,26,1.0,1.0,1.0,0.0,0.0
D7-CVE-2026-90698-deb-ubuntu-jammy-V6|DCv21b|gemma4_31b|tracker|P3|60.0|0.0|0|||0|d7|v3,gemma4_31b,DCv21b,tracker,CVE-2026-90698,D7-CVE-2026-90698-deb-ubuntu-jammy-V6,V6,not_affected,not_affected,True,False,False,first_pass,0.0,True,4,235,29,1.0,1.0,1.0,0.0,0.0
D7-CVE-2026-90698-deb-ubuntu-jammy-V6|DCv21b|gemma4_31b|withheld|P3|60.0|0.0|0|||0|d7|v3,gemma4_31b,DCv21b,withheld,CVE-2026-90698,D7-CVE-2026-90698-deb-ubuntu-jammy-V6,V6,not_affected,not_affected,True,False,False,first_pass,0.0,True,3,198,26,1.0,1.0,1.0,0.0,0.0
D7-CVE-2026-90698-deb-ubuntu-noble-V1|DCv21b|qwen3_4b|blind|P3|60.0|0.0|0|||0|d7|v3,qwen3_4b,DCv21b,blind,CVE-2026-90698,D7-CVE-2026-90698-deb-ubuntu-noble-V1,V1,not_affected,not_affected,True,False,False,first_pass,0.0,True,3,228,31,1.0,1.0,1.0,0.0,0.0
D7-CVE-2026-90698-deb-ubuntu-noble-V1|DCv21b|qwen3_4b|tracker|P3|60.0|0.0|0|||0|d7|v3,qwen3_4b,DCv21b,tracker,CVE-2026-90698,D7-CVE-2026-90698-deb-ubuntu-noble-V1,V1,not_affected,not_affected,True,False,False,first_pass,0.0,True,4,287,41,1.0,1.0,1.0,0.0,0.0
D7-CVE-2026-90698-deb-ubuntu-noble-V1|DCv21b|qwen3_4b|withheld|P3|60.0|0.0|0|||0|d7|v3,qwen3_4b,DCv21b,withheld,CVE-2026-90698,D7-CVE-2026-90698-deb-ubuntu-noble-V1,V1,not_affected,not_affected,True,False,False,first_pass,0.0,True,3,228,31,1.0,1.0,1.0,0.0,0.0
D7-CVE-2026-90698-deb-ubuntu-noble-V2|DCv21b|llama31_8b|blind|P3|60.0|0.0|0|||0|d7|v3,llama31_8b,DCv21b,blind,CVE-2026-90698,D7-CVE-2026-90698-deb-ubuntu-noble-V2,V2,under_investigation,affected,False,False,False,first_pass,0.0,True,4,472,70,1.0,1.0,1.0,0.0,0.0
D7-CVE-2026-90698-deb-ubuntu-noble-V2|DCv21b|llama31_8b|tracker|P3|60.0|0.0|0|||0|d7|v3,llama31_8b,DCv21b,tracker,CVE-2026-90698,D7-CVE-2026-90698-deb-ubuntu-noble-V2,V2,affected,affected,True,False,False,first_pass,0.0,True,7,450,65,1.0,0.5,0.5,0.0,0.0
D7-CVE-2026-90698-deb-ubuntu-noble-V2|DCv21b|llama31_8b|withheld|P3|60.0|0.0|0|||0|d7|v3,llama31_8b,DCv21b,withheld,CVE-2026-90698,D7-CVE-2026-90698-deb-ubuntu-noble-V2,V2,under_investigation,affected,False,False,False,first_pass,0.0,True,4,472,70,1.0,1.0,1.0,0.0,0.0
D7-CVE-2026-94054-deb-ubuntu-jammy-V2|DCv21b|mistral_small_24b|blind|P3|60.0|0.0|0|||0|d7|v3,mistral_small_24b,DCv21b,blind,CVE-2026-94054,D7-CVE-2026-94054-deb-ubuntu-jammy-V2,V2,under_investigation,affected,False,False,False,first_pass,0.0,True,4,414,52,1.0,1.0,1.0,0.0,0.0
D7-CVE-2026-94054-deb-ubuntu-jammy-V2|DCv21b|mistral_small_24b|tracker|P3|60.0|0.0|0|||0|d7|v3,mistral_small_24b,DCv21b,tracker,CVE-2026-94054,D7-CVE-2026-94054-deb-ubuntu-jammy-V2,V2,affected,affected,True,False,False,first_pass,0.0,True,5,354,48,1.0,1.0,1.0,0.0,0.0
D7-CVE-2026-94054-deb-ubuntu-jammy-V2|DCv21b|mistral_small_24b|withheld|P3|60.0|0.0|0|||0|d7|v3,mistral_small_24b,DCv21b,withheld,CVE-2026-94054,D7-CVE-2026-94054-deb-ubuntu-jammy-V2,V2,under_investigation,affected,False,False,False,first_pass,0.0,True,4,414,52,1.0,1.0,1.0,0.0,0.0
D7-CVE-2026-94054-deb-ubuntu-noble-V4|DCv21b|gemma4_31b|blind|P3|60.0|0.0|0|||0|d7|v3,gemma4_31b,DCv21b,blind,CVE-2026-94054,D7-CVE-2026-94054-deb-ubuntu-noble-V4,V4,under_investigation,fixed,False,False,False,first_pass,0.0,True,3,264,29,1.0,1.0,1.0,0.0,0.0
D7-CVE-2026-94054-deb-ubuntu-noble-V4|DCv21b|gemma4_31b|tracker|P3|60.0|0.0|0|||0|d7|v3,gemma4_31b,DCv21b,tracker,CVE-2026-94054,D7-CVE-2026-94054-deb-ubuntu-noble-V4,V4,fixed,fixed,True,False,False,first_pass,0.0,True,5,263,34,1.0,1.0,1.0,0.0,0.0
D7-CVE-2026-94054-deb-ubuntu-noble-V4|DCv21b|gemma4_31b|withheld|P3|60.0|0.0|0|||0|d7|v3,gemma4_31b,DCv21b,withheld,CVE-2026-94054,D7-CVE-2026-94054-deb-ubuntu-noble-V4,V4,under_investigation,fixed,False,False,False,first_pass,0.0,True,3,264,29,1.0,1.0,1.0,0.0,0.0
D7-CVE-2026-94054-deb-ubuntu-noble-V6|DCv21b|granite41_30b|blind|P3|60.0|0.0|0|||0|d7|v3,granite41_30b,DCv21b,blind,CVE-2026-94054,D7-CVE-2026-94054-deb-ubuntu-noble-V6,V6,not_affected,not_affected,True,False,False,first_pass,0.0,True,4,305,39,1.0,1.0,1.0,0.0,0.0
D7-CVE-2026-94054-deb-ubuntu-noble-V6|DCv21b|granite41_30b|tracker|P3|60.0|0.0|0|||0|d7|v3,granite41_30b,DCv21b,tracker,CVE-2026-94054,D7-CVE-2026-94054-deb-ubuntu-noble-V6,V6,not_affected,not_affected,True,False,False,first_pass,0.0,True,4,512,79,1.0,1.0,1.0,0.0,0.0
D7-CVE-2026-94054-deb-ubuntu-noble-V6|DCv21b|granite41_30b|withheld|P3|60.0|0.0|0|||0|d7|v3,granite41_30b,DCv21b,withheld,CVE-2026-94054,D7-CVE-2026-94054-deb-ubuntu-noble-V6,V6,not_affected,not_affected,True,False,False,first_pass,0.0,True,4,301,39,1.0,1.0,1.0,0.0,0.0
D7-CVE-2026-9828-maven-jammy-V2-b2|DCv21b|granite41_8b|blind|P3|60.0|0.0|0|||0|d7|v3,granite41_8b,DCv21b,blind,CVE-2026-9828,D7-CVE-2026-9828-maven-jammy-V2-b2,V2,under_investigation,affected,False,False,False,first_pass,0.0,True,7,558,70,1.0,1.0,1.0,0.0,0.0
D7-CVE-2026-9828-maven-jammy-V2-b2|DCv21b|granite41_8b|tracker|P3|60.0|0.0|0|||0|d7|v3,granite41_8b,DCv21b,tracker,CVE-2026-9828,D7-CVE-2026-9828-maven-jammy-V2-b2,V2,affected,affected,True,False,False,first_pass,0.0,True,4,445,62,1.0,1.0,1.0,0.0,0.0
D7-CVE-2026-9828-maven-jammy-V2-b2|DCv21b|granite41_8b|withheld|P3|60.0|0.0|0|||0|d7|v3,granite41_8b,DCv21b,withheld,CVE-2026-9828,D7-CVE-2026-9828-maven-jammy-V2-b2,V2,under_investigation,affected,False,False,False,first_pass,0.0,True,7,558,70,1.0,1.0,1.0,0.0,0.0
D7-CVE-2026-9828-maven-noble-V2|DCv21b|gemma4_31b|blind|P3|60.0|0.0|0|||0|d7|v3,gemma4_31b,DCv21b,blind,CVE-2026-9828,D7-CVE-2026-9828-maven-noble-V2,V2,under_investigation,affected,False,False,False,first_pass,0.0,True,5,272,29,1.0,1.0,1.0,0.0,0.0
D7-CVE-2026-9828-maven-noble-V2|DCv21b|gemma4_31b|tracker|P3|60.0|0.0|0|||0|d7|v3,gemma4_31b,DCv21b,tracker,CVE-2026-9828,D7-CVE-2026-9828-maven-noble-V2,V2,affected,affected,True,False,False,first_pass,0.0,True,4,216,28,1.0,1.0,1.0,0.0,0.0
D7-CVE-2026-9828-maven-noble-V2|DCv21b|gemma4_31b|withheld|P3|60.0|0.0|0|||0|d7|v3,gemma4_31b,DCv21b,withheld,CVE-2026-9828,D7-CVE-2026-9828-maven-noble-V2,V2,under_investigation,affected,False,False,False,first_pass,0.0,True,5,272,29,1.0,1.0,1.0,0.0,0.0
D7-CVE-2026-9828-maven-noble-V6|DCv21b|mistral_small_24b|blind|P3|60.0|0.0|0|||0|d7|v3,mistral_small_24b,DCv21b,blind,CVE-2026-9828,D7-CVE-2026-9828-maven-noble-V6,V6,not_affected,not_affected,True,False,False,first_pass,0.0,True,2,336,42,1.0,1.0,1.0,0.0,0.0
D7-CVE-2026-9828-maven-noble-V6|DCv21b|mistral_small_24b|tracker|P3|60.0|0.0|0|||0|d7|v3,mistral_small_24b,DCv21b,tracker,CVE-2026-9828,D7-CVE-2026-9828-maven-noble-V6,V6,not_affected,not_affected,True,False,False,first_pass,0.0,True,4,357,46,1.0,1.0,1.0,0.0,0.0
D7-CVE-2026-9828-maven-noble-V6|DCv21b|mistral_small_24b|withheld|P3|60.0|0.0|0|||0|d7|v3,mistral_small_24b,DCv21b,withheld,CVE-2026-9828,D7-CVE-2026-9828-maven-noble-V6,V6,not_affected,not_affected,True,False,False,first_pass,0.0,True,2,336,42,1.0,1.0,1.0,0.0,0.0
