key,model,system,arm,cve,case_id,variant,status,gold,correct,error,replay_mismatch,vs_outcome,fallback,has_expl,n_claims,n_chars,n_words,one,consistent,consistent_coarse,asserted_none,no_claim
D7-CVE-2016-4437-maven-jammy-V7|DCv21b|granite41_8b|blind|P3|60.0|0.0|0|||0|d7|v3,granite41_8b,DCv21,blind,CVE-2016-4437,D7-CVE-2016-4437-maven-jammy-V7,V7,under_investigation,affected,False,False,False,first_pass,0.0,True,5,630,74,1.0,1.0,1.0,0.0,0.0
D7-CVE-2016-4437-maven-jammy-V7|DCv21b|granite41_8b|tracker|P3|60.0|0.0|0|||0|d7|v3,granite41_8b,DCv21,tracker,CVE-2016-4437,D7-CVE-2016-4437-maven-jammy-V7,V7,affected,affected,True,False,False,first_pass,0.0,True,6,451,53,1.0,1.0,1.0,0.0,0.0
D7-CVE-2016-4437-maven-jammy-V7|DCv21b|granite41_8b|withheld|P3|60.0|0.0|0|||0|d7|v3,granite41_8b,DCv21,withheld,CVE-2016-4437,D7-CVE-2016-4437-maven-jammy-V7,V7,under_investigation,affected,False,False,False,first_pass,0.0,True,7,510,64,1.0,1.0,1.0,0.0,0.0
D7-CVE-2016-4437-maven-jammy-V7|DC|granite41_8b|blind|P3|60.0|0.0|0|||0|d7|v3,granite41_8b,DC,blind,CVE-2016-4437,D7-CVE-2016-4437-maven-jammy-V7,V7,under_investigation,affected,False,False,False,n/a,0.0,True,4,410,54,1.0,1.0,1.0,0.0,0.0
D7-CVE-2016-4437-maven-jammy-V7|DC|granite41_8b|tracker|P3|60.0|0.0|0|||0|d7|v3,granite41_8b,DC,tracker,CVE-2016-4437,D7-CVE-2016-4437-maven-jammy-V7,V7,affected,affected,True,False,False,n/a,0.0,True,5,346,50,1.0,1.0,1.0,0.0,0.0
D7-CVE-2016-4437-maven-jammy-V7|DC|granite41_8b|withheld|P3|60.0|0.0|0|||0|d7|v3,granite41_8b,DC,withheld,CVE-2016-4437,D7-CVE-2016-4437-maven-jammy-V7,V7,under_investigation,affected,False,False,False,n/a,0.0,True,4,410,54,1.0,1.0,1.0,0.0,0.0
D7-CVE-2016-4437-maven-noble-V2|DCv21b|granite41_30b|blind|P3|60.0|0.0|0|||0|d7|v3,granite41_30b,DCv21,blind,CVE-2016-4437,D7-CVE-2016-4437-maven-noble-V2,V2,under_investigation,affected,False,False,False,first_pass,0.0,True,3,361,48,1.0,1.0,1.0,0.0,0.0
D7-CVE-2016-4437-maven-noble-V2|DCv21b|granite41_30b|tracker|P3|60.0|0.0|0|||0|d7|v3,granite41_30b,DCv21,tracker,CVE-2016-4437,D7-CVE-2016-4437-maven-noble-V2,V2,affected,affected,True,False,False,first_pass,0.0,True,5,375,44,1.0,1.0,1.0,0.0,0.0
D7-CVE-2016-4437-maven-noble-V2|DCv21b|granite41_30b|withheld|P3|60.0|0.0|0|||0|d7|v3,granite41_30b,DCv21,withheld,CVE-2016-4437,D7-CVE-2016-4437-maven-noble-V2,V2,under_investigation,affected,False,False,False,first_pass,0.0,True,4,361,48,1.0,1.0,1.0,0.0,0.0
D7-CVE-2016-4437-maven-noble-V2|DC|granite41_30b|blind|P3|60.0|0.0|0|||0|d7|v3,granite41_30b,DC,blind,CVE-2016-4437,D7-CVE-2016-4437-maven-noble-V2,V2,under_investigation,affected,False,False,False,n/a,0.0,True,6,408,61,1.0,1.0,1.0,0.0,0.0
D7-CVE-2016-4437-maven-noble-V2|DC|granite41_30b|tracker|P3|60.0|0.0|0|||0|d7|v3,granite41_30b,DC,tracker,CVE-2016-4437,D7-CVE-2016-4437-maven-noble-V2,V2,affected,affected,True,False,False,n/a,0.0,True,5,366,55,1.0,1.0,1.0,0.0,0.0
D7-CVE-2016-4437-maven-noble-V2|DC|granite41_30b|withheld|P3|60.0|0.0|0|||0|d7|v3,granite41_30b,DC,withheld,CVE-2016-4437,D7-CVE-2016-4437-maven-noble-V2,V2,under_investigation,affected,False,False,False,n/a,0.0,True,4,471,67,1.0,1.0,1.0,0.0,0.0
D7-CVE-2018-1000861-vendor-jammy-V3|DCv21b|granite41_8b|blind|P3|60.0|0.0|0|||0|d7|v3,granite41_8b,DCv21,blind,CVE-2018-1000861,D7-CVE-2018-1000861-vendor-jammy-V3,V3,under_investigation,fixed,False,False,False,first_pass,0.0,True,3,353,42,1.0,1.0,1.0,0.0,0.0
D7-CVE-2018-1000861-vendor-jammy-V3|DCv21b|granite41_8b|tracker|P3|60.0|0.0|0|||0|d7|v3,granite41_8b,DCv21,tracker,CVE-2018-1000861,D7-CVE-2018-1000861-vendor-jammy-V3,V3,under_investigation,fixed,False,False,False,fallback,1.0,True,5,115,9,1.0,1.0,1.0,0.0,0.0
D7-CVE-2018-1000861-vendor-jammy-V3|DCv21b|granite41_8b|withheld|P3|60.0|0.0|0|||0|d7|v3,granite41_8b,DCv21,withheld,CVE-2018-1000861,D7-CVE-2018-1000861-vendor-jammy-V3,V3,under_investigation,fixed,False,False,False,first_pass,0.0,True,3,333,39,1.0,1.0,1.0,0.0,0.0
D7-CVE-2018-1000861-vendor-jammy-V3|DC|granite41_8b|blind|P3|60.0|0.0|0|||0|d7|v3,granite41_8b,DC,blind,CVE-2018-1000861,D7-CVE-2018-1000861-vendor-jammy-V3,V3,under_investigation,fixed,False,False,False,n/a,0.0,True,4,434,55,1.0,1.0,1.0,0.0,0.0
D7-CVE-2018-1000861-vendor-jammy-V3|DC|granite41_8b|tracker|P3|60.0|0.0|0|||0|d7|v3,granite41_8b,DC,tracker,CVE-2018-1000861,D7-CVE-2018-1000861-vendor-jammy-V3,V3,under_investigation,fixed,False,False,False,n/a,0.0,True,5,551,69,1.0,1.0,1.0,0.0,0.0
D7-CVE-2018-1000861-vendor-jammy-V3|DC|granite41_8b|withheld|P3|60.0|0.0|0|||0|d7|v3,granite41_8b,DC,withheld,CVE-2018-1000861,D7-CVE-2018-1000861-vendor-jammy-V3,V3,under_investigation,fixed,False,False,False,n/a,0.0,True,4,434,55,1.0,1.0,1.0,0.0,0.0
D7-CVE-2018-1000861-vendor-noble-V8-b2|DCv21b|granite41_8b|blind|P3|60.0|0.0|0|||0|d7|v3,granite41_8b,DCv21,blind,CVE-2018-1000861,D7-CVE-2018-1000861-vendor-noble-V8-b2,V8,under_investigation,affected,False,False,False,first_pass,0.0,True,5,439,62,1.0,1.0,1.0,0.0,0.0
D7-CVE-2018-1000861-vendor-noble-V8-b2|DCv21b|granite41_8b|tracker|P3|60.0|0.0|0|||0|d7|v3,granite41_8b,DCv21,tracker,CVE-2018-1000861,D7-CVE-2018-1000861-vendor-noble-V8-b2,V8,affected,affected,True,False,False,first_pass,0.0,True,8,445,67,1.0,1.0,1.0,0.0,0.0
D7-CVE-2018-1000861-vendor-noble-V8-b2|DCv21b|granite41_8b|withheld|P3|60.0|0.0|0|||0|d7|v3,granite41_8b,DCv21,withheld,CVE-2018-1000861,D7-CVE-2018-1000861-vendor-noble-V8-b2,V8,under_investigation,affected,False,False,False,first_pass,0.0,True,5,439,62,1.0,1.0,1.0,0.0,0.0
D7-CVE-2018-1000861-vendor-noble-V8-b2|DC|granite41_8b|blind|P3|60.0|0.0|0|||0|d7|v3,granite41_8b,DC,blind,CVE-2018-1000861,D7-CVE-2018-1000861-vendor-noble-V8-b2,V8,under_investigation,affected,False,False,False,n/a,0.0,True,4,450,59,1.0,1.0,1.0,0.0,0.0
D7-CVE-2018-1000861-vendor-noble-V8-b2|DC|granite41_8b|tracker|P3|60.0|0.0|0|||0|d7|v3,granite41_8b,DC,tracker,CVE-2018-1000861,D7-CVE-2018-1000861-vendor-noble-V8-b2,V8,under_investigation,affected,False,False,False,n/a,0.0,True,4,571,75,1.0,1.0,1.0,0.0,0.0
D7-CVE-2018-1000861-vendor-noble-V8-b2|DC|granite41_8b|withheld|P3|60.0|0.0|0|||0|d7|v3,granite41_8b,DC,withheld,CVE-2018-1000861,D7-CVE-2018-1000861-vendor-noble-V8-b2,V8,under_investigation,affected,False,False,False,n/a,0.0,True,4,578,76,1.0,1.0,1.0,0.0,0.0
D7-CVE-2020-1747-pypi-noble-V1|DCv21b|qwen3_14b|blind|P3|60.0|0.0|0|||0|d7|v3,qwen3_14b,DCv21,blind,CVE-2020-1747,D7-CVE-2020-1747-pypi-noble-V1,V1,not_affected,not_affected,True,False,False,first_pass,0.0,True,4,381,53,1.0,1.0,1.0,0.0,0.0
D7-CVE-2020-1747-pypi-noble-V1|DCv21b|qwen3_14b|tracker|P3|60.0|0.0|0|||0|d7|v3,qwen3_14b,DCv21,tracker,CVE-2020-1747,D7-CVE-2020-1747-pypi-noble-V1,V1,not_affected,not_affected,True,False,False,fallback,1.0,True,2,127,13,1.0,1.0,1.0,0.0,0.0
D7-CVE-2020-1747-pypi-noble-V1|DCv21b|qwen3_14b|withheld|P3|60.0|0.0|0|||0|d7|v3,qwen3_14b,DCv21,withheld,CVE-2020-1747,D7-CVE-2020-1747-pypi-noble-V1,V1,not_affected,not_affected,True,False,False,first_pass,0.0,True,4,381,53,1.0,1.0,1.0,0.0,0.0
D7-CVE-2020-1747-pypi-noble-V1|DC|qwen3_14b|blind|P3|60.0|0.0|0|||0|d7|v3,qwen3_14b,DC,blind,CVE-2020-1747,D7-CVE-2020-1747-pypi-noble-V1,V1,not_affected,not_affected,True,False,False,n/a,0.0,True,4,374,58,1.0,1.0,1.0,0.0,0.0
D7-CVE-2020-1747-pypi-noble-V1|DC|qwen3_14b|tracker|P3|60.0|0.0|0|||0|d7|v3,qwen3_14b,DC,tracker,CVE-2020-1747,D7-CVE-2020-1747-pypi-noble-V1,V1,not_affected,not_affected,True,False,False,n/a,0.0,True,3,385,61,1.0,1.0,1.0,0.0,0.0
D7-CVE-2020-1747-pypi-noble-V1|DC|qwen3_14b|withheld|P3|60.0|0.0|0|||0|d7|v3,qwen3_14b,DC,withheld,CVE-2020-1747,D7-CVE-2020-1747-pypi-noble-V1,V1,not_affected,not_affected,True,False,False,n/a,0.0,True,4,374,58,1.0,1.0,1.0,0.0,0.0
D7-CVE-2020-1747-pypi-noble-V2-b2|DCv21b|granite41_8b|blind|P3|60.0|0.0|0|||0|d7|v3,granite41_8b,DCv21,blind,CVE-2020-1747,D7-CVE-2020-1747-pypi-noble-V2-b2,V2,under_investigation,affected,False,False,False,first_pass,0.0,True,2,397,57,1.0,1.0,1.0,0.0,0.0
D7-CVE-2020-1747-pypi-noble-V2-b2|DCv21b|granite41_8b|tracker|P3|60.0|0.0|0|||0|d7|v3,granite41_8b,DCv21,tracker,CVE-2020-1747,D7-CVE-2020-1747-pypi-noble-V2-b2,V2,affected,affected,True,False,False,first_pass,0.0,True,5,351,52,1.0,1.0,1.0,0.0,0.0
D7-CVE-2020-1747-pypi-noble-V2-b2|DCv21b|granite41_8b|withheld|P3|60.0|0.0|0|||0|d7|v3,granite41_8b,DCv21,withheld,CVE-2020-1747,D7-CVE-2020-1747-pypi-noble-V2-b2,V2,under_investigation,affected,False,False,False,first_pass,0.0,True,2,397,57,1.0,1.0,1.0,0.0,0.0
D7-CVE-2020-1747-pypi-noble-V2-b2|DC|granite41_8b|blind|P3|60.0|0.0|0|||0|d7|v3,granite41_8b,DC,blind,CVE-2020-1747,D7-CVE-2020-1747-pypi-noble-V2-b2,V2,under_investigation,affected,False,False,False,n/a,0.0,True,4,462,64,1.0,1.0,1.0,0.0,0.0
D7-CVE-2020-1747-pypi-noble-V2-b2|DC|granite41_8b|tracker|P3|60.0|0.0|0|||0|d7|v3,granite41_8b,DC,tracker,CVE-2020-1747,D7-CVE-2020-1747-pypi-noble-V2-b2,V2,affected,affected,True,False,False,n/a,0.0,True,6,522,79,1.0,1.0,1.0,0.0,0.0
D7-CVE-2020-1747-pypi-noble-V2-b2|DC|granite41_8b|withheld|P3|60.0|0.0|0|||0|d7|v3,granite41_8b,DC,withheld,CVE-2020-1747,D7-CVE-2020-1747-pypi-noble-V2-b2,V2,under_investigation,affected,False,False,False,n/a,0.0,True,4,462,64,1.0,1.0,1.0,0.0,0.0
D7-CVE-2020-9484-vendor-jammy-V4|DCv21b|granite41_30b|blind|P3|60.0|0.0|0|||0|d7|v3,granite41_30b,DCv21,blind,CVE-2020-9484,D7-CVE-2020-9484-vendor-jammy-V4,V4,under_investigation,fixed,False,False,False,first_pass,0.0,True,2,354,47,1.0,1.0,1.0,0.0,0.0
D7-CVE-2020-9484-vendor-jammy-V4|DCv21b|granite41_30b|tracker|P3|60.0|0.0|0|||0|d7|v3,granite41_30b,DCv21,tracker,CVE-2020-9484,D7-CVE-2020-9484-vendor-jammy-V4,V4,fixed,fixed,True,False,False,first_pass,0.0,True,5,335,45,1.0,1.0,1.0,0.0,0.0
D7-CVE-2020-9484-vendor-jammy-V4|DCv21b|granite41_30b|withheld|P3|60.0|0.0|0|||0|d7|v3,granite41_30b,DCv21,withheld,CVE-2020-9484,D7-CVE-2020-9484-vendor-jammy-V4,V4,under_investigation,fixed,False,False,False,first_pass,0.0,True,2,366,49,1.0,1.0,1.0,0.0,0.0
D7-CVE-2020-9484-vendor-jammy-V4|DC|granite41_30b|blind|P3|60.0|0.0|0|||0|d7|v3,granite41_30b,DC,blind,CVE-2020-9484,D7-CVE-2020-9484-vendor-jammy-V4,V4,under_investigation,fixed,False,False,False,n/a,0.0,True,4,315,48,1.0,1.0,1.0,0.0,0.0
D7-CVE-2020-9484-vendor-jammy-V4|DC|granite41_30b|tracker|P3|60.0|0.0|0|||0|d7|v3,granite41_30b,DC,tracker,CVE-2020-9484,D7-CVE-2020-9484-vendor-jammy-V4,V4,under_investigation,fixed,False,False,False,n/a,0.0,True,2,241,30,1.0,1.0,1.0,0.0,0.0
D7-CVE-2020-9484-vendor-jammy-V4|DC|granite41_30b|withheld|P3|60.0|0.0|0|||0|d7|v3,granite41_30b,DC,withheld,CVE-2020-9484,D7-CVE-2020-9484-vendor-jammy-V4,V4,under_investigation,fixed,False,False,False,n/a,0.0,True,4,315,48,1.0,1.0,1.0,0.0,0.0
D7-CVE-2020-9484-vendor-jammy-V8-b2|DCv21b|mistral_medium_128b|blind|P3|60.0|0.0|0|||0|d7|v3,mistral_medium_128b,DCv21,blind,CVE-2020-9484,D7-CVE-2020-9484-vendor-jammy-V8-b2,V8,under_investigation,affected,False,False,False,first_pass,0.0,True,6,259,35,1.0,1.0,1.0,0.0,0.0
D7-CVE-2020-9484-vendor-jammy-V8-b2|DCv21b|mistral_medium_128b|tracker|P3|60.0|0.0|0|||0|d7|v3,mistral_medium_128b,DCv21,tracker,CVE-2020-9484,D7-CVE-2020-9484-vendor-jammy-V8-b2,V8,affected,affected,True,False,False,first_pass,0.0,True,5,261,36,1.0,1.0,1.0,0.0,0.0
D7-CVE-2020-9484-vendor-jammy-V8-b2|DCv21b|mistral_medium_128b|withheld|P3|60.0|0.0|0|||0|d7|v3,mistral_medium_128b,DCv21,withheld,CVE-2020-9484,D7-CVE-2020-9484-vendor-jammy-V8-b2,V8,under_investigation,affected,False,False,False,first_pass,0.0,True,6,259,35,1.0,1.0,1.0,0.0,0.0
D7-CVE-2020-9484-vendor-jammy-V8-b2|DC|mistral_medium_128b|blind|P3|60.0|0.0|0|||0|d7|v3,mistral_medium_128b,DC,blind,CVE-2020-9484,D7-CVE-2020-9484-vendor-jammy-V8-b2,V8,under_investigation,affected,False,False,False,n/a,0.0,True,3,283,44,1.0,1.0,1.0,0.0,0.0
D7-CVE-2020-9484-vendor-jammy-V8-b2|DC|mistral_medium_128b|tracker|P3|60.0|0.0|0|||0|d7|v3,mistral_medium_128b,DC,tracker,CVE-2020-9484,D7-CVE-2020-9484-vendor-jammy-V8-b2,V8,affected,affected,True,False,False,n/a,0.0,True,5,284,42,1.0,1.0,1.0,0.0,0.0
D7-CVE-2020-9484-vendor-jammy-V8-b2|DC|mistral_medium_128b|withheld|P3|60.0|0.0|0|||0|d7|v3,mistral_medium_128b,DC,withheld,CVE-2020-9484,D7-CVE-2020-9484-vendor-jammy-V8-b2,V8,under_investigation,affected,False,False,False,n/a,0.0,True,3,283,44,1.0,1.0,1.0,0.0,0.0
D7-CVE-2020-9484-vendor-noble-V1|DCv21b|qwen3_4b|blind|P3|60.0|0.0|0|||0|d7|v3,qwen3_4b,DCv21,blind,CVE-2020-9484,D7-CVE-2020-9484-vendor-noble-V1,V1,not_affected,not_affected,True,False,False,first_pass,0.0,True,3,219,31,1.0,1.0,1.0,0.0,0.0
D7-CVE-2020-9484-vendor-noble-V1|DCv21b|qwen3_4b|tracker|P3|60.0|0.0|0|||0|d7|v3,qwen3_4b,DCv21,tracker,CVE-2020-9484,D7-CVE-2020-9484-vendor-noble-V1,V1,not_affected,not_affected,True,False,False,first_pass,0.0,True,4,371,46,1.0,1.0,1.0,0.0,0.0
D7-CVE-2020-9484-vendor-noble-V1|DCv21b|qwen3_4b|withheld|P3|60.0|0.0|0|||0|d7|v3,qwen3_4b,DCv21,withheld,CVE-2020-9484,D7-CVE-2020-9484-vendor-noble-V1,V1,not_affected,not_affected,True,False,False,first_pass,0.0,True,3,219,31,1.0,1.0,1.0,0.0,0.0
D7-CVE-2020-9484-vendor-noble-V1|DC|qwen3_4b|blind|P3|60.0|0.0|0|||0|d7|v3,qwen3_4b,DC,blind,CVE-2020-9484,D7-CVE-2020-9484-vendor-noble-V1,V1,not_affected,not_affected,True,False,False,n/a,0.0,True,4,272,41,1.0,1.0,1.0,0.0,0.0
D7-CVE-2020-9484-vendor-noble-V1|DC|qwen3_4b|tracker|P3|60.0|0.0|0|||0|d7|v3,qwen3_4b,DC,tracker,CVE-2020-9484,D7-CVE-2020-9484-vendor-noble-V1,V1,under_investigation,not_affected,False,False,False,n/a,0.0,True,2,244,36,1.0,1.0,1.0,0.0,0.0
D7-CVE-2020-9484-vendor-noble-V1|DC|qwen3_4b|withheld|P3|60.0|0.0|0|||0|d7|v3,qwen3_4b,DC,withheld,CVE-2020-9484,D7-CVE-2020-9484-vendor-noble-V1,V1,not_affected,not_affected,True,False,False,n/a,0.0,True,3,278,41,1.0,1.0,1.0,0.0,0.0
D7-CVE-2021-40438-vendor-jammy-V5|DCv21b|llama31_8b|blind|P3|60.0|0.0|0|||0|d7|v3,llama31_8b,DCv21,blind,CVE-2021-40438,D7-CVE-2021-40438-vendor-jammy-V5,V5,under_investigation,not_affected,False,False,False,first_pass,0.0,True,3,507,74,1.0,1.0,1.0,0.0,0.0
D7-CVE-2021-40438-vendor-jammy-V5|DCv21b|llama31_8b|tracker|P3|60.0|0.0|0|||0|d7|v3,llama31_8b,DCv21,tracker,CVE-2021-40438,D7-CVE-2021-40438-vendor-jammy-V5,V5,not_affected,not_affected,True,False,False,fallback,1.0,True,3,222,22,1.0,1.0,1.0,0.0,0.0
D7-CVE-2021-40438-vendor-jammy-V5|DCv21b|llama31_8b|withheld|P3|60.0|0.0|0|||0|d7|v3,llama31_8b,DCv21,withheld,CVE-2021-40438,D7-CVE-2021-40438-vendor-jammy-V5,V5,under_investigation,not_affected,False,False,False,first_pass,0.0,True,4,509,76,1.0,1.0,1.0,0.0,0.0
D7-CVE-2021-40438-vendor-jammy-V5|DC|llama31_8b|blind|P3|60.0|0.0|0|||0|d7|v3,llama31_8b,DC,blind,CVE-2021-40438,D7-CVE-2021-40438-vendor-jammy-V5,V5,under_investigation,not_affected,False,False,False,n/a,0.0,True,5,478,69,1.0,1.0,1.0,0.0,0.0
D7-CVE-2021-40438-vendor-jammy-V5|DC|llama31_8b|tracker|P3|60.0|0.0|0|||0|d7|v3,llama31_8b,DC,tracker,CVE-2021-40438,D7-CVE-2021-40438-vendor-jammy-V5,V5,not_affected,not_affected,True,False,False,n/a,0.0,True,4,397,58,1.0,0.5,1.0,0.0,0.0
D7-CVE-2021-40438-vendor-jammy-V5|DC|llama31_8b|withheld|P3|60.0|0.0|0|||0|d7|v3,llama31_8b,DC,withheld,CVE-2021-40438,D7-CVE-2021-40438-vendor-jammy-V5,V5,under_investigation,not_affected,False,False,False,n/a,0.0,True,5,475,70,1.0,1.0,1.0,0.0,0.0
D7-CVE-2021-40438-vendor-jammy-V8-b2|DCv21b|granite41_30b|blind|P3|60.0|0.0|0|||0|d7|v3,granite41_30b,DCv21,blind,CVE-2021-40438,D7-CVE-2021-40438-vendor-jammy-V8-b2,V8,under_investigation,affected,False,False,False,first_pass,0.0,True,5,332,42,1.0,0.5,0.5,0.5,0.0
D7-CVE-2021-40438-vendor-jammy-V8-b2|DCv21b|granite41_30b|tracker|P3|60.0|0.0|0|||0|d7|v3,granite41_30b,DCv21,tracker,CVE-2021-40438,D7-CVE-2021-40438-vendor-jammy-V8-b2,V8,affected,affected,True,False,False,first_pass,0.0,True,7,461,67,1.0,1.0,1.0,0.0,0.0
D7-CVE-2021-40438-vendor-jammy-V8-b2|DCv21b|granite41_30b|withheld|P3|60.0|0.0|0|||0|d7|v3,granite41_30b,DCv21,withheld,CVE-2021-40438,D7-CVE-2021-40438-vendor-jammy-V8-b2,V8,under_investigation,affected,False,False,False,first_pass,0.0,True,4,332,42,1.0,0.5,0.5,0.5,0.0
D7-CVE-2021-40438-vendor-jammy-V8-b2|DC|granite41_30b|blind|P3|60.0|0.0|0|||0|d7|v3,granite41_30b,DC,blind,CVE-2021-40438,D7-CVE-2021-40438-vendor-jammy-V8-b2,V8,under_investigation,affected,False,False,False,n/a,0.0,True,5,345,51,1.0,0.0,0.0,1.0,0.0
D7-CVE-2021-40438-vendor-jammy-V8-b2|DC|granite41_30b|tracker|P3|60.0|0.0|0|||0|d7|v3,granite41_30b,DC,tracker,CVE-2021-40438,D7-CVE-2021-40438-vendor-jammy-V8-b2,V8,affected,affected,True,False,False,n/a,0.0,True,5,260,39,1.0,1.0,1.0,0.0,0.0
D7-CVE-2021-40438-vendor-jammy-V8-b2|DC|granite41_30b|withheld|P3|60.0|0.0|0|||0|d7|v3,granite41_30b,DC,withheld,CVE-2021-40438,D7-CVE-2021-40438-vendor-jammy-V8-b2,V8,under_investigation,affected,False,False,False,n/a,0.0,True,3,285,42,1.0,0.0,0.0,1.0,0.0
D7-CVE-2021-40438-vendor-noble-V6|DCv21b|mistral_medium_128b|blind|P3|60.0|0.0|0|||0|d7|v3,mistral_medium_128b,DCv21,blind,CVE-2021-40438,D7-CVE-2021-40438-vendor-noble-V6,V6,not_affected,not_affected,True,False,False,first_pass,0.0,True,3,258,34,1.0,1.0,1.0,0.0,0.0
D7-CVE-2021-40438-vendor-noble-V6|DCv21b|mistral_medium_128b|tracker|P3|60.0|0.0|0|||0|d7|v3,mistral_medium_128b,DCv21,tracker,CVE-2021-40438,D7-CVE-2021-40438-vendor-noble-V6,V6,not_affected,not_affected,True,False,False,first_pass,0.0,True,6,366,49,1.0,1.0,1.0,0.0,0.0
D7-CVE-2021-40438-vendor-noble-V6|DCv21b|mistral_medium_128b|withheld|P3|60.0|0.0|0|||0|d7|v3,mistral_medium_128b,DCv21,withheld,CVE-2021-40438,D7-CVE-2021-40438-vendor-noble-V6,V6,not_affected,not_affected,True,False,False,first_pass,0.0,True,2,258,34,1.0,1.0,1.0,0.0,0.0
D7-CVE-2021-40438-vendor-noble-V6|DC|mistral_medium_128b|blind|P3|60.0|0.0|0|||0|d7|v3,mistral_medium_128b,DC,blind,CVE-2021-40438,D7-CVE-2021-40438-vendor-noble-V6,V6,not_affected,not_affected,True,False,False,n/a,0.0,True,2,272,33,1.0,1.0,1.0,0.0,0.0
D7-CVE-2021-40438-vendor-noble-V6|DC|mistral_medium_128b|tracker|P3|60.0|0.0|0|||0|d7|v3,mistral_medium_128b,DC,tracker,CVE-2021-40438,D7-CVE-2021-40438-vendor-noble-V6,V6,under_investigation,not_affected,False,False,False,n/a,0.0,True,3,227,29,1.0,1.0,1.0,0.0,0.0
D7-CVE-2021-40438-vendor-noble-V6|DC|mistral_medium_128b|withheld|P3|60.0|0.0|0|||0|d7|v3,mistral_medium_128b,DC,withheld,CVE-2021-40438,D7-CVE-2021-40438-vendor-noble-V6,V6,not_affected,not_affected,True,False,False,n/a,0.0,True,2,272,33,1.0,1.0,1.0,0.0,0.0
D7-CVE-2021-40438-vendor-noble-V8|DCv21b|mistral_small_24b|blind|P3|60.0|0.0|0|||0|d7|v3,mistral_small_24b,DCv21,blind,CVE-2021-40438,D7-CVE-2021-40438-vendor-noble-V8,V8,under_investigation,affected,False,False,False,fallback,1.0,True,3,147,13,1.0,1.0,1.0,0.0,0.0
D7-CVE-2021-40438-vendor-noble-V8|DCv21b|mistral_small_24b|tracker|P3|60.0|0.0|0|||0|d7|v3,mistral_small_24b,DCv21,tracker,CVE-2021-40438,D7-CVE-2021-40438-vendor-noble-V8,V8,affected,affected,True,False,False,first_pass,0.0,True,6,459,57,1.0,1.0,1.0,0.0,0.0
D7-CVE-2021-40438-vendor-noble-V8|DCv21b|mistral_small_24b|withheld|P3|60.0|0.0|0|||0|d7|v3,mistral_small_24b,DCv21,withheld,CVE-2021-40438,D7-CVE-2021-40438-vendor-noble-V8,V8,under_investigation,affected,False,False,False,repaired,0.0,True,4,281,33,1.0,1.0,1.0,0.0,0.0
D7-CVE-2021-40438-vendor-noble-V8|DC|mistral_small_24b|blind|P3|60.0|0.0|0|||0|d7|v3,mistral_small_24b,DC,blind,CVE-2021-40438,D7-CVE-2021-40438-vendor-noble-V8,V8,under_investigation,affected,False,False,False,n/a,0.0,True,4,473,70,1.0,1.0,1.0,0.0,0.0
D7-CVE-2021-40438-vendor-noble-V8|DC|mistral_small_24b|tracker|P3|60.0|0.0|0|||0|d7|v3,mistral_small_24b,DC,tracker,CVE-2021-40438,D7-CVE-2021-40438-vendor-noble-V8,V8,affected,affected,True,False,False,n/a,0.0,True,4,384,57,1.0,1.0,1.0,0.0,0.0
D7-CVE-2021-40438-vendor-noble-V8|DC|mistral_small_24b|withheld|P3|60.0|0.0|0|||0|d7|v3,mistral_small_24b,DC,withheld,CVE-2021-40438,D7-CVE-2021-40438-vendor-noble-V8,V8,under_investigation,affected,False,False,False,n/a,0.0,True,4,473,70,1.0,1.0,1.0,0.0,0.0
D7-CVE-2021-4104-maven-noble-V1|DCv21b|gemma4_31b|blind|P3|60.0|0.0|0|||0|d7|v3,gemma4_31b,DCv21,blind,CVE-2021-4104,D7-CVE-2021-4104-maven-noble-V1,V1,not_affected,not_affected,True,False,False,first_pass,0.0,True,3,247,33,1.0,1.0,1.0,0.0,0.0
D7-CVE-2021-4104-maven-noble-V1|DCv21b|gemma4_31b|tracker|P3|60.0|0.0|0|||0|d7|v3,gemma4_31b,DCv21,tracker,CVE-2021-4104,D7-CVE-2021-4104-maven-noble-V1,V1,not_affected,not_affected,True,False,False,first_pass,0.0,True,3,189,23,1.0,1.0,1.0,0.0,0.0
D7-CVE-2021-4104-maven-noble-V1|DCv21b|gemma4_31b|withheld|P3|60.0|0.0|0|||0|d7|v3,gemma4_31b,DCv21,withheld,CVE-2021-4104,D7-CVE-2021-4104-maven-noble-V1,V1,not_affected,not_affected,True,False,False,first_pass,0.0,True,3,247,33,1.0,1.0,1.0,0.0,0.0
D7-CVE-2021-4104-maven-noble-V1|DC|gemma4_31b|blind|P3|60.0|0.0|0|||0|d7|v3,gemma4_31b,DC,blind,CVE-2021-4104,D7-CVE-2021-4104-maven-noble-V1,V1,not_affected,not_affected,True,False,False,n/a,0.0,True,3,207,26,1.0,1.0,1.0,0.0,0.0
D7-CVE-2021-4104-maven-noble-V1|DC|gemma4_31b|tracker|P3|60.0|0.0|0|||0|d7|v3,gemma4_31b,DC,tracker,CVE-2021-4104,D7-CVE-2021-4104-maven-noble-V1,V1,not_affected,not_affected,True,False,False,n/a,0.0,True,3,207,26,1.0,1.0,1.0,0.0,0.0
D7-CVE-2021-4104-maven-noble-V1|DC|gemma4_31b|withheld|P3|60.0|0.0|0|||0|d7|v3,gemma4_31b,DC,withheld,CVE-2021-4104,D7-CVE-2021-4104-maven-noble-V1,V1,not_affected,not_affected,True,False,False,n/a,0.0,True,3,207,26,1.0,1.0,1.0,0.0,0.0
D7-CVE-2021-4104-maven-noble-V2-b2|DCv21b|gemma4_31b|blind|P3|60.0|0.0|0|||0|d7|v3,gemma4_31b,DCv21,blind,CVE-2021-4104,D7-CVE-2021-4104-maven-noble-V2-b2,V2,under_investigation,affected,False,False,False,first_pass,0.0,True,4,270,34,1.0,1.0,1.0,0.0,0.0
D7-CVE-2021-4104-maven-noble-V2-b2|DCv21b|gemma4_31b|tracker|P3|60.0|0.0|0|||0|d7|v3,gemma4_31b,DCv21,tracker,CVE-2021-4104,D7-CVE-2021-4104-maven-noble-V2-b2,V2,affected,affected,True,False,False,first_pass,0.0,True,4,315,43,1.0,1.0,1.0,0.0,0.0
D7-CVE-2021-4104-maven-noble-V2-b2|DCv21b|gemma4_31b|withheld|P3|60.0|0.0|0|||0|d7|v3,gemma4_31b,DCv21,withheld,CVE-2021-4104,D7-CVE-2021-4104-maven-noble-V2-b2,V2,under_investigation,affected,False,False,False,first_pass,0.0,True,4,270,34,1.0,1.0,1.0,0.0,0.0
D7-CVE-2021-4104-maven-noble-V2-b2|DC|gemma4_31b|blind|P3|60.0|0.0|0|||0|d7|v3,gemma4_31b,DC,blind,CVE-2021-4104,D7-CVE-2021-4104-maven-noble-V2-b2,V2,under_investigation,affected,False,False,False,n/a,0.0,True,2,259,38,1.0,1.0,1.0,0.0,0.0
D7-CVE-2021-4104-maven-noble-V2-b2|DC|gemma4_31b|tracker|P3|60.0|0.0|0|||0|d7|v3,gemma4_31b,DC,tracker,CVE-2021-4104,D7-CVE-2021-4104-maven-noble-V2-b2,V2,affected,affected,True,False,False,n/a,0.0,True,5,261,39,1.0,1.0,1.0,0.0,0.0
D7-CVE-2021-4104-maven-noble-V2-b2|DC|gemma4_31b|withheld|P3|60.0|0.0|0|||0|d7|v3,gemma4_31b,DC,withheld,CVE-2021-4104,D7-CVE-2021-4104-maven-noble-V2-b2,V2,under_investigation,affected,False,False,False,n/a,0.0,True,2,259,38,1.0,1.0,1.0,0.0,0.0
D7-CVE-2021-4104-maven-noble-V5|DCv21b|qwen3_14b|blind|P3|60.0|0.0|0|||0|d7|v3,qwen3_14b,DCv21,blind,CVE-2021-4104,D7-CVE-2021-4104-maven-noble-V5,V5,under_investigation,not_affected,False,False,False,first_pass,0.0,True,3,306,39,1.0,1.0,1.0,0.0,0.0
D7-CVE-2021-4104-maven-noble-V5|DCv21b|qwen3_14b|tracker|P3|60.0|0.0|0|||0|d7|v3,qwen3_14b,DCv21,tracker,CVE-2021-4104,D7-CVE-2021-4104-maven-noble-V5,V5,not_affected,not_affected,True,False,False,first_pass,0.0,True,4,313,43,1.0,1.0,1.0,0.0,0.0
D7-CVE-2021-4104-maven-noble-V5|DCv21b|qwen3_14b|withheld|P3|60.0|0.0|0|||0|d7|v3,qwen3_14b,DCv21,withheld,CVE-2021-4104,D7-CVE-2021-4104-maven-noble-V5,V5,under_investigation,not_affected,False,False,False,first_pass,0.0,True,3,306,39,1.0,1.0,1.0,0.0,0.0
D7-CVE-2021-4104-maven-noble-V5|DC|qwen3_14b|blind|P3|60.0|0.0|0|||0|d7|v3,qwen3_14b,DC,blind,CVE-2021-4104,D7-CVE-2021-4104-maven-noble-V5,V5,under_investigation,not_affected,False,False,False,n/a,0.0,True,3,353,51,1.0,1.0,1.0,0.0,0.0
D7-CVE-2021-4104-maven-noble-V5|DC|qwen3_14b|tracker|P3|60.0|0.0|0|||0|d7|v3,qwen3_14b,DC,tracker,CVE-2021-4104,D7-CVE-2021-4104-maven-noble-V5,V5,not_affected,not_affected,True,False,False,n/a,0.0,True,5,401,56,1.0,1.0,1.0,0.0,0.0
D7-CVE-2021-4104-maven-noble-V5|DC|qwen3_14b|withheld|P3|60.0|0.0|0|||0|d7|v3,qwen3_14b,DC,withheld,CVE-2021-4104,D7-CVE-2021-4104-maven-noble-V5,V5,under_investigation,not_affected,False,False,False,n/a,0.0,True,3,353,51,1.0,1.0,1.0,0.0,0.0
D7-CVE-2021-4104-maven-noble-V6|DCv21b|llama31_8b|blind|P3|60.0|0.0|0|||0|d7|v3,llama31_8b,DCv21,blind,CVE-2021-4104,D7-CVE-2021-4104-maven-noble-V6,V6,not_affected,not_affected,True,False,False,first_pass,0.0,True,3,285,41,1.0,1.0,1.0,0.0,0.0
D7-CVE-2021-4104-maven-noble-V6|DCv21b|llama31_8b|tracker|P3|60.0|0.0|0|||0|d7|v3,llama31_8b,DCv21,tracker,CVE-2021-4104,D7-CVE-2021-4104-maven-noble-V6,V6,not_affected,not_affected,True,False,False,first_pass,0.0,True,4,377,55,1.0,1.0,1.0,0.0,0.0
D7-CVE-2021-4104-maven-noble-V6|DCv21b|llama31_8b|withheld|P3|60.0|0.0|0|||0|d7|v3,llama31_8b,DCv21,withheld,CVE-2021-4104,D7-CVE-2021-4104-maven-noble-V6,V6,not_affected,not_affected,True,False,False,first_pass,0.0,True,3,285,41,1.0,1.0,1.0,0.0,0.0
D7-CVE-2021-4104-maven-noble-V6|DC|llama31_8b|blind|P3|60.0|0.0|0|||0|d7|v3,llama31_8b,DC,blind,CVE-2021-4104,D7-CVE-2021-4104-maven-noble-V6,V6,not_affected,not_affected,True,False,False,n/a,0.0,True,3,360,56,1.0,1.0,1.0,0.0,0.0
D7-CVE-2021-4104-maven-noble-V6|DC|llama31_8b|tracker|P3|60.0|0.0|0|||0|d7|v3,llama31_8b,DC,tracker,CVE-2021-4104,D7-CVE-2021-4104-maven-noble-V6,V6,not_affected,not_affected,True,False,False,n/a,0.0,True,3,362,58,1.0,1.0,1.0,0.0,0.0
D7-CVE-2021-4104-maven-noble-V6|DC|llama31_8b|withheld|P3|60.0|0.0|0|||0|d7|v3,llama31_8b,DC,withheld,CVE-2021-4104,D7-CVE-2021-4104-maven-noble-V6,V6,not_affected,not_affected,True,False,False,n/a,0.0,True,3,360,56,1.0,1.0,1.0,0.0,0.0
D7-CVE-2021-44228-maven-jammy-V2|DCv21b|qwen3_4b|blind|P3|60.0|0.0|0|||0|d7|v3,qwen3_4b,DCv21,blind,CVE-2021-44228,D7-CVE-2021-44228-maven-jammy-V2,V2,under_investigation,affected,False,False,False,first_pass,0.0,True,1,284,34,1.0,1.0,1.0,0.0,0.0
D7-CVE-2021-44228-maven-jammy-V2|DCv21b|qwen3_4b|tracker|P3|60.0|0.0|0|||0|d7|v3,qwen3_4b,DCv21,tracker,CVE-2021-44228,D7-CVE-2021-44228-maven-jammy-V2,V2,affected,affected,True,False,False,fallback,1.0,True,4,301,17,1.0,1.0,1.0,0.0,0.0
D7-CVE-2021-44228-maven-jammy-V2|DCv21b|qwen3_4b|withheld|P3|60.0|0.0|0|||0|d7|v3,qwen3_4b,DCv21,withheld,CVE-2021-44228,D7-CVE-2021-44228-maven-jammy-V2,V2,under_investigation,affected,False,False,False,first_pass,0.0,True,1,284,34,1.0,1.0,1.0,0.0,0.0
D7-CVE-2021-44228-maven-jammy-V2|DC|qwen3_4b|blind|P3|60.0|0.0|0|||0|d7|v3,qwen3_4b,DC,blind,CVE-2021-44228,D7-CVE-2021-44228-maven-jammy-V2,V2,under_investigation,affected,False,False,False,n/a,0.0,True,3,239,36,1.0,1.0,1.0,0.0,0.0
D7-CVE-2021-44228-maven-jammy-V2|DC|qwen3_4b|tracker|P3|60.0|0.0|0|||0|d7|v3,qwen3_4b,DC,tracker,CVE-2021-44228,D7-CVE-2021-44228-maven-jammy-V2,V2,affected,affected,True,False,False,n/a,0.0,True,4,326,51,1.0,1.0,1.0,0.0,0.0
D7-CVE-2021-44228-maven-jammy-V2|DC|qwen3_4b|withheld|P3|60.0|0.0|0|||0|d7|v3,qwen3_4b,DC,withheld,CVE-2021-44228,D7-CVE-2021-44228-maven-jammy-V2,V2,under_investigation,affected,False,False,False,n/a,0.0,True,5,321,50,1.0,1.0,1.0,0.0,0.0
D7-CVE-2021-44228-maven-noble-V3|DCv21b|gemma4_31b|blind|P3|60.0|0.0|0|||0|d7|v3,gemma4_31b,DCv21,blind,CVE-2021-44228,D7-CVE-2021-44228-maven-noble-V3,V3,under_investigation,fixed,False,False,False,first_pass,0.0,True,4,243,29,1.0,1.0,1.0,0.0,0.0
D7-CVE-2021-44228-maven-noble-V3|DCv21b|gemma4_31b|tracker|P3|60.0|0.0|0|||0|d7|v3,gemma4_31b,DCv21,tracker,CVE-2021-44228,D7-CVE-2021-44228-maven-noble-V3,V3,fixed,fixed,True,False,False,first_pass,0.0,True,4,241,31,1.0,1.0,1.0,0.0,0.0
D7-CVE-2021-44228-maven-noble-V3|DCv21b|gemma4_31b|withheld|P3|60.0|0.0|0|||0|d7|v3,gemma4_31b,DCv21,withheld,CVE-2021-44228,D7-CVE-2021-44228-maven-noble-V3,V3,under_investigation,fixed,False,False,False,first_pass,0.0,True,4,243,29,1.0,1.0,1.0,0.0,0.0
D7-CVE-2021-44228-maven-noble-V3|DC|gemma4_31b|blind|P3|60.0|0.0|0|||0|d7|v3,gemma4_31b,DC,blind,CVE-2021-44228,D7-CVE-2021-44228-maven-noble-V3,V3,under_investigation,fixed,False,False,False,n/a,0.0,True,2,273,40,1.0,1.0,1.0,0.0,0.0
D7-CVE-2021-44228-maven-noble-V3|DC|gemma4_31b|tracker|P3|60.0|0.0|0|||0|d7|v3,gemma4_31b,DC,tracker,CVE-2021-44228,D7-CVE-2021-44228-maven-noble-V3,V3,fixed,fixed,True,False,False,n/a,0.0,True,4,210,33,1.0,1.0,1.0,0.0,0.0
D7-CVE-2021-44228-maven-noble-V3|DC|gemma4_31b|withheld|P3|60.0|0.0|0|||0|d7|v3,gemma4_31b,DC,withheld,CVE-2021-44228,D7-CVE-2021-44228-maven-noble-V3,V3,under_investigation,fixed,False,False,False,n/a,0.0,True,2,273,40,1.0,1.0,1.0,0.0,0.0
D7-CVE-2021-44228-maven-noble-V4|DCv21b|llama31_8b|blind|P3|60.0|0.0|0|||0|d7|v3,llama31_8b,DCv21,blind,CVE-2021-44228,D7-CVE-2021-44228-maven-noble-V4,V4,under_investigation,fixed,False,False,False,first_pass,0.0,True,4,550,81,1.0,1.0,1.0,0.0,0.0
D7-CVE-2021-44228-maven-noble-V4|DCv21b|llama31_8b|tracker|P3|60.0|0.0|0|||0|d7|v3,llama31_8b,DCv21,tracker,CVE-2021-44228,D7-CVE-2021-44228-maven-noble-V4,V4,fixed,fixed,True,False,False,first_pass,0.0,True,5,444,64,1.0,0.0,0.0,1.0,0.0
D7-CVE-2021-44228-maven-noble-V4|DCv21b|llama31_8b|withheld|P3|60.0|0.0|0|||0|d7|v3,llama31_8b,DCv21,withheld,CVE-2021-44228,D7-CVE-2021-44228-maven-noble-V4,V4,under_investigation,fixed,False,False,False,first_pass,0.0,True,4,550,81,1.0,1.0,1.0,0.0,0.0
D7-CVE-2021-44228-maven-noble-V4|DC|llama31_8b|blind|P3|60.0|0.0|0|||0|d7|v3,llama31_8b,DC,blind,CVE-2021-44228,D7-CVE-2021-44228-maven-noble-V4,V4,under_investigation,fixed,False,False,False,n/a,0.0,True,2,446,67,1.0,1.0,1.0,0.0,0.0
D7-CVE-2021-44228-maven-noble-V4|DC|llama31_8b|tracker|P3|60.0|0.0|0|||0|d7|v3,llama31_8b,DC,tracker,CVE-2021-44228,D7-CVE-2021-44228-maven-noble-V4,V4,fixed,fixed,True,False,False,n/a,0.0,True,5,406,61,1.0,1.0,1.0,0.0,0.0
D7-CVE-2021-44228-maven-noble-V4|DC|llama31_8b|withheld|P3|60.0|0.0|0|||0|d7|v3,llama31_8b,DC,withheld,CVE-2021-44228,D7-CVE-2021-44228-maven-noble-V4,V4,under_investigation,fixed,False,False,False,n/a,0.0,True,3,423,63,1.0,1.0,1.0,0.0,0.0
D7-CVE-2021-45046-maven-jammy-V1|DCv21b|qwen3_4b|blind|P3|60.0|0.0|0|||0|d7|v3,qwen3_4b,DCv21,blind,CVE-2021-45046,D7-CVE-2021-45046-maven-jammy-V1,V1,not_affected,not_affected,True,False,False,first_pass,0.0,True,3,307,40,1.0,1.0,1.0,0.0,0.0
D7-CVE-2021-45046-maven-jammy-V1|DCv21b|qwen3_4b|tracker|P3|60.0|0.0|0|||0|d7|v3,qwen3_4b,DCv21,tracker,CVE-2021-45046,D7-CVE-2021-45046-maven-jammy-V1,V1,not_affected,not_affected,True,False,False,first_pass,0.0,True,4,387,58,1.0,1.0,1.0,0.0,0.0
D7-CVE-2021-45046-maven-jammy-V1|DCv21b|qwen3_4b|withheld|P3|60.0|0.0|0|||0|d7|v3,qwen3_4b,DCv21,withheld,CVE-2021-45046,D7-CVE-2021-45046-maven-jammy-V1,V1,not_affected,not_affected,True,False,False,first_pass,0.0,True,3,307,40,1.0,1.0,1.0,0.0,0.0
D7-CVE-2021-45046-maven-jammy-V1|DC|qwen3_4b|blind|P3|60.0|0.0|0|||0|d7|v3,qwen3_4b,DC,blind,CVE-2021-45046,D7-CVE-2021-45046-maven-jammy-V1,V1,not_affected,not_affected,True,False,False,n/a,0.0,True,2,274,41,1.0,1.0,1.0,0.0,0.0
D7-CVE-2021-45046-maven-jammy-V1|DC|qwen3_4b|tracker|P3|60.0|0.0|0|||0|d7|v3,qwen3_4b,DC,tracker,CVE-2021-45046,D7-CVE-2021-45046-maven-jammy-V1,V1,not_affected,not_affected,True,False,False,n/a,0.0,True,2,235,35,1.0,1.0,1.0,0.0,0.0
D7-CVE-2021-45046-maven-jammy-V1|DC|qwen3_4b|withheld|P3|60.0|0.0|0|||0|d7|v3,qwen3_4b,DC,withheld,CVE-2021-45046,D7-CVE-2021-45046-maven-jammy-V1,V1,not_affected,not_affected,True,False,False,n/a,0.0,True,2,274,41,1.0,1.0,1.0,0.0,0.0
D7-CVE-2021-45046-maven-jammy-V2|DCv21b|qwen3_4b|blind|P3|60.0|0.0|0|||0|d7|v3,qwen3_4b,DCv21,blind,CVE-2021-45046,D7-CVE-2021-45046-maven-jammy-V2,V2,under_investigation,affected,False,False,False,first_pass,0.0,True,2,300,38,1.0,1.0,1.0,0.0,0.0
D7-CVE-2021-45046-maven-jammy-V2|DCv21b|qwen3_4b|tracker|P3|60.0|0.0|0|||0|d7|v3,qwen3_4b,DCv21,tracker,CVE-2021-45046,D7-CVE-2021-45046-maven-jammy-V2,V2,affected,affected,True,False,False,repaired,0.0,True,6,373,54,1.0,1.0,1.0,0.0,0.0
D7-CVE-2021-45046-maven-jammy-V2|DCv21b|qwen3_4b|withheld|P3|60.0|0.0|0|||0|d7|v3,qwen3_4b,DCv21,withheld,CVE-2021-45046,D7-CVE-2021-45046-maven-jammy-V2,V2,under_investigation,affected,False,False,False,first_pass,0.0,True,5,405,58,1.0,1.0,1.0,0.0,0.0
D7-CVE-2021-45046-maven-jammy-V2|DC|qwen3_4b|blind|P3|60.0|0.0|0|||0|d7|v3,qwen3_4b,DC,blind,CVE-2021-45046,D7-CVE-2021-45046-maven-jammy-V2,V2,under_investigation,affected,False,False,False,n/a,0.0,True,4,299,45,1.0,1.0,1.0,0.0,0.0
D7-CVE-2021-45046-maven-jammy-V2|DC|qwen3_4b|tracker|P3|60.0|0.0|0|||0|d7|v3,qwen3_4b,DC,tracker,CVE-2021-45046,D7-CVE-2021-45046-maven-jammy-V2,V2,affected,affected,True,False,False,n/a,0.0,True,4,255,39,1.0,1.0,1.0,0.0,0.0
D7-CVE-2021-45046-maven-jammy-V2|DC|qwen3_4b|withheld|P3|60.0|0.0|0|||0|d7|v3,qwen3_4b,DC,withheld,CVE-2021-45046,D7-CVE-2021-45046-maven-jammy-V2,V2,under_investigation,affected,False,False,False,n/a,0.0,True,4,299,45,1.0,1.0,1.0,0.0,0.0
D7-CVE-2021-45046-maven-jammy-V5|DCv21b|mistral_medium_128b|blind|P3|60.0|0.0|0|||0|d7|v3,mistral_medium_128b,DCv21,blind,CVE-2021-45046,D7-CVE-2021-45046-maven-jammy-V5,V5,under_investigation,not_affected,False,False,False,first_pass,0.0,True,4,309,37,1.0,0.6666666666666666,0.6666666666666666,0.0,0.0
D7-CVE-2021-45046-maven-jammy-V5|DCv21b|mistral_medium_128b|tracker|P3|60.0|0.0|0|||0|d7|v3,mistral_medium_128b,DCv21,tracker,CVE-2021-45046,D7-CVE-2021-45046-maven-jammy-V5,V5,not_affected,not_affected,True,False,False,first_pass,0.0,True,4,276,30,1.0,1.0,1.0,0.0,0.0
D7-CVE-2021-45046-maven-jammy-V5|DCv21b|mistral_medium_128b|withheld|P3|60.0|0.0|0|||0|d7|v3,mistral_medium_128b,DCv21,withheld,CVE-2021-45046,D7-CVE-2021-45046-maven-jammy-V5,V5,under_investigation,not_affected,False,False,False,first_pass,0.0,True,4,309,37,1.0,0.6666666666666666,0.6666666666666666,0.0,0.0
D7-CVE-2021-45046-maven-jammy-V5|DC|mistral_medium_128b|blind|P3|60.0|0.0|0|||0|d7|v3,mistral_medium_128b,DC,blind,CVE-2021-45046,D7-CVE-2021-45046-maven-jammy-V5,V5,under_investigation,not_affected,False,False,False,n/a,0.0,True,4,408,58,1.0,1.0,1.0,0.0,0.0
D7-CVE-2021-45046-maven-jammy-V5|DC|mistral_medium_128b|tracker|P3|60.0|0.0|0|||0|d7|v3,mistral_medium_128b,DC,tracker,CVE-2021-45046,D7-CVE-2021-45046-maven-jammy-V5,V5,not_affected,not_affected,True,False,False,n/a,0.0,True,6,328,42,1.0,1.0,1.0,0.0,0.0
D7-CVE-2021-45046-maven-jammy-V5|DC|mistral_medium_128b|withheld|P3|60.0|0.0|0|||0|d7|v3,mistral_medium_128b,DC,withheld,CVE-2021-45046,D7-CVE-2021-45046-maven-jammy-V5,V5,under_investigation,not_affected,False,False,False,n/a,0.0,True,4,408,58,1.0,1.0,1.0,0.0,0.0
D7-CVE-2021-45046-maven-noble-V6|DCv21b|llama31_8b|blind|P3|60.0|0.0|0|||0|d7|v3,llama31_8b,DCv21,blind,CVE-2021-45046,D7-CVE-2021-45046-maven-noble-V6,V6,not_affected,not_affected,True,False,False,first_pass,0.0,True,3,280,38,1.0,1.0,1.0,0.0,0.0
D7-CVE-2021-45046-maven-noble-V6|DCv21b|llama31_8b|tracker|P3|60.0|0.0|0|||0|d7|v3,llama31_8b,DCv21,tracker,CVE-2021-45046,D7-CVE-2021-45046-maven-noble-V6,V6,not_affected,not_affected,True,False,False,first_pass,0.0,True,3,420,61,1.0,1.0,1.0,0.0,0.0
D7-CVE-2021-45046-maven-noble-V6|DCv21b|llama31_8b|withheld|P3|60.0|0.0|0|||0|d7|v3,llama31_8b,DCv21,withheld,CVE-2021-45046,D7-CVE-2021-45046-maven-noble-V6,V6,not_affected,not_affected,True,False,False,first_pass,0.0,True,2,280,38,1.0,1.0,1.0,0.0,0.0
D7-CVE-2021-45046-maven-noble-V6|DC|llama31_8b|blind|P3|60.0|0.0|0|||0|d7|v3,llama31_8b,DC,blind,CVE-2021-45046,D7-CVE-2021-45046-maven-noble-V6,V6,not_affected,not_affected,True,False,False,n/a,0.0,True,3,490,72,1.0,1.0,1.0,0.0,0.0
D7-CVE-2021-45046-maven-noble-V6|DC|llama31_8b|tracker|P3|60.0|0.0|0|||0|d7|v3,llama31_8b,DC,tracker,CVE-2021-45046,D7-CVE-2021-45046-maven-noble-V6,V6,not_affected,not_affected,True,False,False,n/a,0.0,True,4,470,71,1.0,1.0,1.0,0.0,0.0
D7-CVE-2021-45046-maven-noble-V6|DC|llama31_8b|withheld|P3|60.0|0.0|0|||0|d7|v3,llama31_8b,DC,withheld,CVE-2021-45046,D7-CVE-2021-45046-maven-noble-V6,V6,not_affected,not_affected,True,False,False,n/a,0.0,True,4,490,72,1.0,1.0,1.0,0.0,0.0
D7-CVE-2021-45105-maven-jammy-V5|DCv21b|mistral_small_24b|blind|P3|60.0|0.0|0|||0|d7|v3,mistral_small_24b,DCv21,blind,CVE-2021-45105,D7-CVE-2021-45105-maven-jammy-V5,V5,under_investigation,not_affected,False,False,False,first_pass,0.0,True,4,257,31,1.0,1.0,1.0,0.0,0.0
D7-CVE-2021-45105-maven-jammy-V5|DCv21b|mistral_small_24b|tracker|P3|60.0|0.0|0|||0|d7|v3,mistral_small_24b,DCv21,tracker,CVE-2021-45105,D7-CVE-2021-45105-maven-jammy-V5,V5,not_affected,not_affected,True,False,False,fallback,1.0,True,3,339,23,1.0,1.0,1.0,0.0,0.0
D7-CVE-2021-45105-maven-jammy-V5|DCv21b|mistral_small_24b|withheld|P3|60.0|0.0|0|||0|d7|v3,mistral_small_24b,DCv21,withheld,CVE-2021-45105,D7-CVE-2021-45105-maven-jammy-V5,V5,under_investigation,not_affected,False,False,False,fallback,1.0,True,3,236,11,1.0,1.0,1.0,0.0,0.0
D7-CVE-2021-45105-maven-jammy-V5|DC|mistral_small_24b|blind|P3|60.0|0.0|0|||0|d7|v3,mistral_small_24b,DC,blind,CVE-2021-45105,D7-CVE-2021-45105-maven-jammy-V5,V5,under_investigation,not_affected,False,False,False,n/a,0.0,True,4,425,60,1.0,1.0,1.0,0.0,0.0
D7-CVE-2021-45105-maven-jammy-V5|DC|mistral_small_24b|tracker|P3|60.0|0.0|0|||0|d7|v3,mistral_small_24b,DC,tracker,CVE-2021-45105,D7-CVE-2021-45105-maven-jammy-V5,V5,not_affected,not_affected,True,False,False,n/a,0.0,True,5,354,50,1.0,1.0,1.0,0.0,0.0
D7-CVE-2021-45105-maven-jammy-V5|DC|mistral_small_24b|withheld|P3|60.0|0.0|0|||0|d7|v3,mistral_small_24b,DC,withheld,CVE-2021-45105,D7-CVE-2021-45105-maven-jammy-V5,V5,under_investigation,not_affected,False,False,False,n/a,0.0,True,4,425,60,1.0,1.0,1.0,0.0,0.0
D7-CVE-2021-45105-maven-jammy-V6|DCv21b|mistral_medium_128b|blind|P3|60.0|0.0|0|||0|d7|v3,mistral_medium_128b,DCv21,blind,CVE-2021-45105,D7-CVE-2021-45105-maven-jammy-V6,V6,not_affected,not_affected,True,False,False,first_pass,0.0,True,2,280,33,1.0,1.0,1.0,0.0,0.0
D7-CVE-2021-45105-maven-jammy-V6|DCv21b|mistral_medium_128b|tracker|P3|60.0|0.0|0|||0|d7|v3,mistral_medium_128b,DCv21,tracker,CVE-2021-45105,D7-CVE-2021-45105-maven-jammy-V6,V6,not_affected,not_affected,True,False,False,fallback,1.0,True,2,184,20,1.0,1.0,1.0,0.0,0.0
D7-CVE-2021-45105-maven-jammy-V6|DCv21b|mistral_medium_128b|withheld|P3|60.0|0.0|0|||0|d7|v3,mistral_medium_128b,DCv21,withheld,CVE-2021-45105,D7-CVE-2021-45105-maven-jammy-V6,V6,not_affected,not_affected,True,False,False,first_pass,0.0,True,2,280,33,1.0,1.0,1.0,0.0,0.0
D7-CVE-2021-45105-maven-jammy-V6|DC|mistral_medium_128b|blind|P3|60.0|0.0|0|||0|d7|v3,mistral_medium_128b,DC,blind,CVE-2021-45105,D7-CVE-2021-45105-maven-jammy-V6,V6,not_affected,not_affected,True,False,False,n/a,0.0,True,3,251,33,1.0,1.0,1.0,0.0,0.0
D7-CVE-2021-45105-maven-jammy-V6|DC|mistral_medium_128b|tracker|P3|60.0|0.0|0|||0|d7|v3,mistral_medium_128b,DC,tracker,CVE-2021-45105,D7-CVE-2021-45105-maven-jammy-V6,V6,not_affected,not_affected,True,False,False,n/a,0.0,True,3,255,33,1.0,1.0,1.0,0.0,0.0
D7-CVE-2021-45105-maven-jammy-V6|DC|mistral_medium_128b|withheld|P3|60.0|0.0|0|||0|d7|v3,mistral_medium_128b,DC,withheld,CVE-2021-45105,D7-CVE-2021-45105-maven-jammy-V6,V6,not_affected,not_affected,True,False,False,n/a,0.0,True,3,251,33,1.0,1.0,1.0,0.0,0.0
D7-CVE-2022-1471-maven-jammy-V3|DCv21b|granite41_8b|blind|P3|60.0|0.0|0|||0|d7|v3,granite41_8b,DCv21,blind,CVE-2022-1471,D7-CVE-2022-1471-maven-jammy-V3,V3,under_investigation,fixed,False,False,False,first_pass,0.0,True,4,446,54,1.0,1.0,1.0,0.0,0.0
D7-CVE-2022-1471-maven-jammy-V3|DCv21b|granite41_8b|tracker|P3|60.0|0.0|0|||0|d7|v3,granite41_8b,DCv21,tracker,CVE-2022-1471,D7-CVE-2022-1471-maven-jammy-V3,V3,fixed,fixed,True,False,False,first_pass,0.0,True,5,446,60,1.0,1.0,1.0,0.0,0.0
D7-CVE-2022-1471-maven-jammy-V3|DCv21b|granite41_8b|withheld|P3|60.0|0.0|0|||0|d7|v3,granite41_8b,DCv21,withheld,CVE-2022-1471,D7-CVE-2022-1471-maven-jammy-V3,V3,under_investigation,fixed,False,False,False,first_pass,0.0,True,4,446,54,1.0,1.0,1.0,0.0,0.0
D7-CVE-2022-1471-maven-jammy-V3|DC|granite41_8b|blind|P3|60.0|0.0|0|||0|d7|v3,granite41_8b,DC,blind,CVE-2022-1471,D7-CVE-2022-1471-maven-jammy-V3,V3,under_investigation,fixed,False,False,False,n/a,0.0,True,4,415,56,1.0,1.0,1.0,0.0,0.0
D7-CVE-2022-1471-maven-jammy-V3|DC|granite41_8b|tracker|P3|60.0|0.0|0|||0|d7|v3,granite41_8b,DC,tracker,CVE-2022-1471,D7-CVE-2022-1471-maven-jammy-V3,V3,fixed,fixed,True,False,False,n/a,0.0,True,5,351,54,1.0,1.0,1.0,0.0,0.0
D7-CVE-2022-1471-maven-jammy-V3|DC|granite41_8b|withheld|P3|60.0|0.0|0|||0|d7|v3,granite41_8b,DC,withheld,CVE-2022-1471,D7-CVE-2022-1471-maven-jammy-V3,V3,under_investigation,fixed,False,False,False,n/a,0.0,True,4,410,54,1.0,1.0,1.0,0.0,0.0
D7-CVE-2022-22963-maven-jammy-V2|DCv21b|mistral_medium_128b|blind|P3|60.0|0.0|0|||0|d7|v3,mistral_medium_128b,DCv21,blind,CVE-2022-22963,D7-CVE-2022-22963-maven-jammy-V2,V2,under_investigation,affected,False,False,False,first_pass,0.0,True,4,362,43,1.0,1.0,1.0,0.0,0.0
D7-CVE-2022-22963-maven-jammy-V2|DCv21b|mistral_medium_128b|tracker|P3|60.0|0.0|0|||0|d7|v3,mistral_medium_128b,DCv21,tracker,CVE-2022-22963,D7-CVE-2022-22963-maven-jammy-V2,V2,affected,affected,True,False,False,first_pass,0.0,True,3,246,32,1.0,1.0,1.0,0.0,0.0
D7-CVE-2022-22963-maven-jammy-V2|DCv21b|mistral_medium_128b|withheld|P3|60.0|0.0|0|||0|d7|v3,mistral_medium_128b,DCv21,withheld,CVE-2022-22963,D7-CVE-2022-22963-maven-jammy-V2,V2,under_investigation,affected,False,False,False,first_pass,0.0,True,4,362,43,1.0,1.0,1.0,0.0,0.0
D7-CVE-2022-22963-maven-jammy-V2|DC|mistral_medium_128b|blind|P3|60.0|0.0|0|||0|d7|v3,mistral_medium_128b,DC,blind,CVE-2022-22963,D7-CVE-2022-22963-maven-jammy-V2,V2,under_investigation,affected,False,False,False,n/a,0.0,True,4,349,50,1.0,1.0,1.0,0.0,0.0
D7-CVE-2022-22963-maven-jammy-V2|DC|mistral_medium_128b|tracker|P3|60.0|0.0|0|||0|d7|v3,mistral_medium_128b,DC,tracker,CVE-2022-22963,D7-CVE-2022-22963-maven-jammy-V2,V2,affected,affected,True,False,False,n/a,0.0,True,4,308,46,1.0,1.0,1.0,0.0,0.0
D7-CVE-2022-22963-maven-jammy-V2|DC|mistral_medium_128b|withheld|P3|60.0|0.0|0|||0|d7|v3,mistral_medium_128b,DC,withheld,CVE-2022-22963,D7-CVE-2022-22963-maven-jammy-V2,V2,under_investigation,affected,False,False,False,n/a,0.0,True,4,349,50,1.0,1.0,1.0,0.0,0.0
D7-CVE-2022-22963-maven-noble-V1|DCv21b|mistral_small_24b|blind|P3|60.0|0.0|0|||0|d7|v3,mistral_small_24b,DCv21,blind,CVE-2022-22963,D7-CVE-2022-22963-maven-noble-V1,V1,not_affected,not_affected,True,False,False,first_pass,0.0,True,3,433,52,1.0,1.0,1.0,0.0,0.0
D7-CVE-2022-22963-maven-noble-V1|DCv21b|mistral_small_24b|tracker|P3|60.0|0.0|0|||0|d7|v3,mistral_small_24b,DCv21,tracker,CVE-2022-22963,D7-CVE-2022-22963-maven-noble-V1,V1,not_affected,not_affected,True,False,False,fallback,1.0,True,2,204,20,1.0,1.0,1.0,0.0,0.0
D7-CVE-2022-22963-maven-noble-V1|DCv21b|mistral_small_24b|withheld|P3|60.0|0.0|0|||0|d7|v3,mistral_small_24b,DCv21,withheld,CVE-2022-22963,D7-CVE-2022-22963-maven-noble-V1,V1,not_affected,not_affected,True,False,False,first_pass,0.0,True,3,433,52,1.0,1.0,1.0,0.0,0.0
D7-CVE-2022-22963-maven-noble-V1|DC|mistral_small_24b|blind|P3|60.0|0.0|0|||0|d7|v3,mistral_small_24b,DC,blind,CVE-2022-22963,D7-CVE-2022-22963-maven-noble-V1,V1,not_affected,not_affected,True,False,False,n/a,0.0,True,2,374,50,1.0,1.0,1.0,0.0,0.0
D7-CVE-2022-22963-maven-noble-V1|DC|mistral_small_24b|tracker|P3|60.0|0.0|0|||0|d7|v3,mistral_small_24b,DC,tracker,CVE-2022-22963,D7-CVE-2022-22963-maven-noble-V1,V1,not_affected,not_affected,True,False,False,n/a,0.0,True,2,335,44,1.0,1.0,1.0,0.0,0.0
D7-CVE-2022-22963-maven-noble-V1|DC|mistral_small_24b|withheld|P3|60.0|0.0|0|||0|d7|v3,mistral_small_24b,DC,withheld,CVE-2022-22963,D7-CVE-2022-22963-maven-noble-V1,V1,not_affected,not_affected,True,False,False,n/a,0.0,True,2,374,50,1.0,1.0,1.0,0.0,0.0
D7-CVE-2022-22963-maven-noble-V6|DCv21b|qwen3_4b|blind|P3|60.0|0.0|0|||0|d7|v3,qwen3_4b,DCv21,blind,CVE-2022-22963,D7-CVE-2022-22963-maven-noble-V6,V6,not_affected,not_affected,True,False,False,first_pass,0.0,True,2,324,44,1.0,1.0,1.0,0.0,0.0
D7-CVE-2022-22963-maven-noble-V6|DCv21b|qwen3_4b|tracker|P3|60.0|0.0|0|||0|d7|v3,qwen3_4b,DCv21,tracker,CVE-2022-22963,D7-CVE-2022-22963-maven-noble-V6,V6,not_affected,not_affected,True,False,False,first_pass,0.0,True,3,385,42,1.0,1.0,1.0,0.0,0.0
D7-CVE-2022-22963-maven-noble-V6|DCv21b|qwen3_4b|withheld|P3|60.0|0.0|0|||0|d7|v3,qwen3_4b,DCv21,withheld,CVE-2022-22963,D7-CVE-2022-22963-maven-noble-V6,V6,not_affected,not_affected,True,False,False,first_pass,0.0,True,2,324,44,1.0,1.0,1.0,0.0,0.0
D7-CVE-2022-22963-maven-noble-V6|DC|qwen3_4b|blind|P3|60.0|0.0|0|||0|d7|v3,qwen3_4b,DC,blind,CVE-2022-22963,D7-CVE-2022-22963-maven-noble-V6,V6,not_affected,not_affected,True,False,False,n/a,0.0,True,5,339,53,1.0,1.0,1.0,0.0,0.0
D7-CVE-2022-22963-maven-noble-V6|DC|qwen3_4b|tracker|P3|60.0|0.0|0|||0|d7|v3,qwen3_4b,DC,tracker,CVE-2022-22963,D7-CVE-2022-22963-maven-noble-V6,V6,not_affected,not_affected,True,False,False,n/a,0.0,True,5,367,56,1.0,1.0,1.0,0.0,0.0
D7-CVE-2022-22963-maven-noble-V6|DC|qwen3_4b|withheld|P3|60.0|0.0|0|||0|d7|v3,qwen3_4b,DC,withheld,CVE-2022-22963,D7-CVE-2022-22963-maven-noble-V6,V6,not_affected,not_affected,True,False,False,n/a,0.0,True,5,339,53,1.0,1.0,1.0,0.0,0.0
D7-CVE-2022-41741-deb-ubuntu-jammy-V6|DCv21b|mistral_small_24b|blind|P3|60.0|0.0|0|||0|d7|v3,mistral_small_24b,DCv21,blind,CVE-2022-41741,D7-CVE-2022-41741-deb-ubuntu-jammy-V6,V6,not_affected,not_affected,True,False,False,first_pass,0.0,True,4,327,44,1.0,1.0,1.0,0.0,0.0
D7-CVE-2022-41741-deb-ubuntu-jammy-V6|DCv21b|mistral_small_24b|tracker|P3|60.0|0.0|0|||0|d7|v3,mistral_small_24b,DCv21,tracker,CVE-2022-41741,D7-CVE-2022-41741-deb-ubuntu-jammy-V6,V6,not_affected,not_affected,True,False,False,first_pass,0.0,True,3,346,47,1.0,1.0,1.0,0.0,0.0
D7-CVE-2022-41741-deb-ubuntu-jammy-V6|DCv21b|mistral_small_24b|withheld|P3|60.0|0.0|0|||0|d7|v3,mistral_small_24b,DCv21,withheld,CVE-2022-41741,D7-CVE-2022-41741-deb-ubuntu-jammy-V6,V6,not_affected,not_affected,True,False,False,first_pass,0.0,True,4,327,44,1.0,1.0,1.0,0.0,0.0
D7-CVE-2022-41741-deb-ubuntu-jammy-V6|DC|mistral_small_24b|blind|P3|60.0|0.0|0|||0|d7|v3,mistral_small_24b,DC,blind,CVE-2022-41741,D7-CVE-2022-41741-deb-ubuntu-jammy-V6,V6,not_affected,not_affected,True,False,False,n/a,0.0,True,3,335,44,1.0,1.0,1.0,0.0,0.0
D7-CVE-2022-41741-deb-ubuntu-jammy-V6|DC|mistral_small_24b|tracker|P3|60.0|0.0|0|||0|d7|v3,mistral_small_24b,DC,tracker,CVE-2022-41741,D7-CVE-2022-41741-deb-ubuntu-jammy-V6,V6,not_affected,not_affected,True,False,False,n/a,0.0,True,3,337,44,1.0,1.0,1.0,0.0,0.0
D7-CVE-2022-41741-deb-ubuntu-jammy-V6|DC|mistral_small_24b|withheld|P3|60.0|0.0|0|||0|d7|v3,mistral_small_24b,DC,withheld,CVE-2022-41741,D7-CVE-2022-41741-deb-ubuntu-jammy-V6,V6,not_affected,not_affected,True,False,False,n/a,0.0,True,3,337,44,1.0,1.0,1.0,0.0,0.0
D7-CVE-2023-25690-deb-ubuntu-jammy-V2|DCv21b|qwen3_14b|blind|P3|60.0|0.0|0|||0|d7|v3,qwen3_14b,DCv21,blind,CVE-2023-25690,D7-CVE-2023-25690-deb-ubuntu-jammy-V2,V2,under_investigation,affected,False,False,False,first_pass,0.0,True,3,399,53,1.0,1.0,1.0,0.0,0.0
D7-CVE-2023-25690-deb-ubuntu-jammy-V2|DCv21b|qwen3_14b|tracker|P3|60.0|0.0|0|||0|d7|v3,qwen3_14b,DCv21,tracker,CVE-2023-25690,D7-CVE-2023-25690-deb-ubuntu-jammy-V2,V2,affected,affected,True,False,False,fallback,1.0,True,3,181,15,1.0,1.0,1.0,0.0,0.0
D7-CVE-2023-25690-deb-ubuntu-jammy-V2|DCv21b|qwen3_14b|withheld|P3|60.0|0.0|0|||0|d7|v3,qwen3_14b,DCv21,withheld,CVE-2023-25690,D7-CVE-2023-25690-deb-ubuntu-jammy-V2,V2,under_investigation,affected,False,False,False,first_pass,0.0,True,3,399,53,1.0,1.0,1.0,0.0,0.0
D7-CVE-2023-25690-deb-ubuntu-jammy-V2|DC|qwen3_14b|blind|P3|60.0|0.0|0|||0|d7|v3,qwen3_14b,DC,blind,CVE-2023-25690,D7-CVE-2023-25690-deb-ubuntu-jammy-V2,V2,under_investigation,affected,False,False,False,n/a,0.0,True,3,340,53,1.0,1.0,1.0,0.0,0.0
D7-CVE-2023-25690-deb-ubuntu-jammy-V2|DC|qwen3_14b|tracker|P3|60.0|0.0|0|||0|d7|v3,qwen3_14b,DC,tracker,CVE-2023-25690,D7-CVE-2023-25690-deb-ubuntu-jammy-V2,V2,affected,affected,True,False,False,n/a,0.0,True,5,316,47,1.0,1.0,1.0,0.0,0.0
D7-CVE-2023-25690-deb-ubuntu-jammy-V2|DC|qwen3_14b|withheld|P3|60.0|0.0|0|||0|d7|v3,qwen3_14b,DC,withheld,CVE-2023-25690,D7-CVE-2023-25690-deb-ubuntu-jammy-V2,V2,under_investigation,affected,False,False,False,n/a,0.0,True,4,340,53,1.0,1.0,1.0,0.0,0.0
D7-CVE-2023-25690-deb-ubuntu-jammy-V4|DCv21b|qwen3_4b|blind|P3|60.0|0.0|0|||0|d7|v3,qwen3_4b,DCv21,blind,CVE-2023-25690,D7-CVE-2023-25690-deb-ubuntu-jammy-V4,V4,under_investigation,fixed,False,False,False,first_pass,0.0,True,4,344,46,1.0,1.0,1.0,0.0,0.0
D7-CVE-2023-25690-deb-ubuntu-jammy-V4|DCv21b|qwen3_4b|tracker|P3|60.0|0.0|0|||0|d7|v3,qwen3_4b,DCv21,tracker,CVE-2023-25690,D7-CVE-2023-25690-deb-ubuntu-jammy-V4,V4,fixed,fixed,True,False,False,first_pass,0.0,True,5,376,54,1.0,0.0,0.0,0.0,0.0
D7-CVE-2023-25690-deb-ubuntu-jammy-V4|DCv21b|qwen3_4b|withheld|P3|60.0|0.0|0|||0|d7|v3,qwen3_4b,DCv21,withheld,CVE-2023-25690,D7-CVE-2023-25690-deb-ubuntu-jammy-V4,V4,under_investigation,fixed,False,False,False,first_pass,0.0,True,4,344,46,1.0,0.6666666666666666,0.6666666666666666,0.0,0.0
D7-CVE-2023-25690-deb-ubuntu-jammy-V4|DC|qwen3_4b|blind|P3|60.0|0.0|0|||0|d7|v3,qwen3_4b,DC,blind,CVE-2023-25690,D7-CVE-2023-25690-deb-ubuntu-jammy-V4,V4,under_investigation,fixed,False,False,False,n/a,0.0,True,7,370,54,1.0,1.0,1.0,0.0,0.0
D7-CVE-2023-25690-deb-ubuntu-jammy-V4|DC|qwen3_4b|tracker|P3|60.0|0.0|0|||0|d7|v3,qwen3_4b,DC,tracker,CVE-2023-25690,D7-CVE-2023-25690-deb-ubuntu-jammy-V4,V4,fixed,fixed,True,False,False,n/a,0.0,True,3,213,35,1.0,1.0,1.0,0.0,0.0
D7-CVE-2023-25690-deb-ubuntu-jammy-V4|DC|qwen3_4b|withheld|P3|60.0|0.0|0|||0|d7|v3,qwen3_4b,DC,withheld,CVE-2023-25690,D7-CVE-2023-25690-deb-ubuntu-jammy-V4,V4,under_investigation,fixed,False,False,False,n/a,0.0,True,7,370,54,1.0,1.0,1.0,0.0,0.0
D7-CVE-2023-30861-pypi-jammy-V2|DCv21b|granite41_30b|blind|P3|60.0|0.0|0|||0|d7|v3,granite41_30b,DCv21,blind,CVE-2023-30861,D7-CVE-2023-30861-pypi-jammy-V2,V2,under_investigation,affected,False,False,False,first_pass,0.0,True,4,303,37,1.0,1.0,1.0,0.0,0.0
D7-CVE-2023-30861-pypi-jammy-V2|DCv21b|granite41_30b|tracker|P3|60.0|0.0|0|||0|d7|v3,granite41_30b,DCv21,tracker,CVE-2023-30861,D7-CVE-2023-30861-pypi-jammy-V2,V2,affected,affected,True,False,False,first_pass,0.0,True,4,339,52,1.0,1.0,1.0,0.0,0.0
D7-CVE-2023-30861-pypi-jammy-V2|DCv21b|granite41_30b|withheld|P3|60.0|0.0|0|||0|d7|v3,granite41_30b,DCv21,withheld,CVE-2023-30861,D7-CVE-2023-30861-pypi-jammy-V2,V2,under_investigation,affected,False,False,False,first_pass,0.0,True,4,325,40,1.0,1.0,1.0,0.0,0.0
D7-CVE-2023-30861-pypi-jammy-V2|DC|granite41_30b|blind|P3|60.0|0.0|0|||0|d7|v3,granite41_30b,DC,blind,CVE-2023-30861,D7-CVE-2023-30861-pypi-jammy-V2,V2,under_investigation,affected,False,False,False,n/a,0.0,True,4,387,58,1.0,1.0,1.0,0.0,0.0
D7-CVE-2023-30861-pypi-jammy-V2|DC|granite41_30b|tracker|P3|60.0|0.0|0|||0|d7|v3,granite41_30b,DC,tracker,CVE-2023-30861,D7-CVE-2023-30861-pypi-jammy-V2,V2,affected,affected,True,False,False,n/a,0.0,True,5,341,51,1.0,1.0,1.0,0.0,0.0
D7-CVE-2023-30861-pypi-jammy-V2|DC|granite41_30b|withheld|P3|60.0|0.0|0|||0|d7|v3,granite41_30b,DC,withheld,CVE-2023-30861,D7-CVE-2023-30861-pypi-jammy-V2,V2,under_investigation,affected,False,False,False,n/a,0.0,True,5,387,58,1.0,1.0,1.0,0.0,0.0
D7-CVE-2023-30861-pypi-noble-V4|DCv21b|mistral_small_24b|blind|P3|60.0|0.0|0|||0|d7|v3,mistral_small_24b,DCv21,blind,CVE-2023-30861,D7-CVE-2023-30861-pypi-noble-V4,V4,under_investigation,fixed,False,False,False,first_pass,0.0,True,4,273,36,1.0,1.0,1.0,0.0,0.0
D7-CVE-2023-30861-pypi-noble-V4|DCv21b|mistral_small_24b|tracker|P3|60.0|0.0|0|||0|d7|v3,mistral_small_24b,DCv21,tracker,CVE-2023-30861,D7-CVE-2023-30861-pypi-noble-V4,V4,fixed,fixed,True,False,False,first_pass,0.0,True,4,266,38,1.0,1.0,1.0,0.0,0.0
D7-CVE-2023-30861-pypi-noble-V4|DCv21b|mistral_small_24b|withheld|P3|60.0|0.0|0|||0|d7|v3,mistral_small_24b,DCv21,withheld,CVE-2023-30861,D7-CVE-2023-30861-pypi-noble-V4,V4,under_investigation,fixed,False,False,False,first_pass,0.0,True,3,273,36,1.0,1.0,1.0,0.0,0.0
D7-CVE-2023-30861-pypi-noble-V4|DC|mistral_small_24b|blind|P3|60.0|0.0|0|||0|d7|v3,mistral_small_24b,DC,blind,CVE-2023-30861,D7-CVE-2023-30861-pypi-noble-V4,V4,under_investigation,fixed,False,False,False,n/a,0.0,True,2,437,63,1.0,1.0,1.0,0.0,0.0
D7-CVE-2023-30861-pypi-noble-V4|DC|mistral_small_24b|tracker|P3|60.0|0.0|0|||0|d7|v3,mistral_small_24b,DC,tracker,CVE-2023-30861,D7-CVE-2023-30861-pypi-noble-V4,V4,fixed,fixed,True,False,False,n/a,0.0,True,5,344,51,1.0,1.0,1.0,0.0,0.0
D7-CVE-2023-30861-pypi-noble-V4|DC|mistral_small_24b|withheld|P3|60.0|0.0|0|||0|d7|v3,mistral_small_24b,DC,withheld,CVE-2023-30861,D7-CVE-2023-30861-pypi-noble-V4,V4,under_investigation,fixed,False,False,False,n/a,0.0,True,2,437,63,1.0,1.0,1.0,0.0,0.0
D7-CVE-2023-42116-deb-ubuntu-jammy-V2|DCv21b|mistral_medium_128b|blind|P3|60.0|0.0|0|||0|d7|v3,mistral_medium_128b,DCv21,blind,CVE-2023-42116,D7-CVE-2023-42116-deb-ubuntu-jammy-V2,V2,under_investigation,affected,False,False,False,first_pass,0.0,True,5,334,42,1.0,1.0,1.0,0.0,0.0
D7-CVE-2023-42116-deb-ubuntu-jammy-V2|DCv21b|mistral_medium_128b|tracker|P3|60.0|0.0|0|||0|d7|v3,mistral_medium_128b,DCv21,tracker,CVE-2023-42116,D7-CVE-2023-42116-deb-ubuntu-jammy-V2,V2,affected,affected,True,False,False,first_pass,0.0,True,5,277,38,1.0,1.0,1.0,0.0,0.0
D7-CVE-2023-42116-deb-ubuntu-jammy-V2|DCv21b|mistral_medium_128b|withheld|P3|60.0|0.0|0|||0|d7|v3,mistral_medium_128b,DCv21,withheld,CVE-2023-42116,D7-CVE-2023-42116-deb-ubuntu-jammy-V2,V2,under_investigation,affected,False,False,False,first_pass,0.0,True,5,321,39,1.0,1.0,1.0,0.0,0.0
D7-CVE-2023-42116-deb-ubuntu-jammy-V2|DC|mistral_medium_128b|blind|P3|60.0|0.0|0|||0|d7|v3,mistral_medium_128b,DC,blind,CVE-2023-42116,D7-CVE-2023-42116-deb-ubuntu-jammy-V2,V2,under_investigation,affected,False,False,False,n/a,0.0,True,4,300,37,1.0,1.0,1.0,0.0,0.0
D7-CVE-2023-42116-deb-ubuntu-jammy-V2|DC|mistral_medium_128b|tracker|P3|60.0|0.0|0|||0|d7|v3,mistral_medium_128b,DC,tracker,CVE-2023-42116,D7-CVE-2023-42116-deb-ubuntu-jammy-V2,V2,affected,affected,True,False,False,n/a,0.0,True,5,269,39,1.0,1.0,1.0,0.0,0.0
D7-CVE-2023-42116-deb-ubuntu-jammy-V2|DC|mistral_medium_128b|withheld|P3|60.0|0.0|0|||0|d7|v3,mistral_medium_128b,DC,withheld,CVE-2023-42116,D7-CVE-2023-42116-deb-ubuntu-jammy-V2,V2,under_investigation,affected,False,False,False,n/a,0.0,True,4,300,37,1.0,1.0,1.0,0.0,0.0
D7-CVE-2023-42116-deb-ubuntu-jammy-V4|DCv21b|granite41_8b|blind|P3|60.0|0.0|0|||0|d7|v3,granite41_8b,DCv21,blind,CVE-2023-42116,D7-CVE-2023-42116-deb-ubuntu-jammy-V4,V4,under_investigation,fixed,False,False,False,first_pass,0.0,True,8,611,81,1.0,1.0,1.0,0.0,0.0
D7-CVE-2023-42116-deb-ubuntu-jammy-V4|DCv21b|granite41_8b|tracker|P3|60.0|0.0|0|||0|d7|v3,granite41_8b,DCv21,tracker,CVE-2023-42116,D7-CVE-2023-42116-deb-ubuntu-jammy-V4,V4,fixed,fixed,True,False,False,first_pass,0.0,True,6,390,56,1.0,1.0,1.0,0.0,0.0
D7-CVE-2023-42116-deb-ubuntu-jammy-V4|DCv21b|granite41_8b|withheld|P3|60.0|0.0|0|||0|d7|v3,granite41_8b,DCv21,withheld,CVE-2023-42116,D7-CVE-2023-42116-deb-ubuntu-jammy-V4,V4,under_investigation,fixed,False,False,False,first_pass,0.0,True,8,611,81,1.0,1.0,1.0,0.0,0.0
D7-CVE-2023-42116-deb-ubuntu-jammy-V4|DC|granite41_8b|blind|P3|60.0|0.0|0|||0|d7|v3,granite41_8b,DC,blind,CVE-2023-42116,D7-CVE-2023-42116-deb-ubuntu-jammy-V4,V4,under_investigation,fixed,False,False,False,n/a,0.0,True,5,460,64,1.0,1.0,1.0,0.0,0.0
D7-CVE-2023-42116-deb-ubuntu-jammy-V4|DC|granite41_8b|tracker|P3|60.0|0.0|0|||0|d7|v3,granite41_8b,DC,tracker,CVE-2023-42116,D7-CVE-2023-42116-deb-ubuntu-jammy-V4,V4,fixed,fixed,True,False,False,n/a,0.0,True,5,416,66,1.0,1.0,1.0,0.0,0.0
D7-CVE-2023-42116-deb-ubuntu-jammy-V4|DC|granite41_8b|withheld|P3|60.0|0.0|0|||0|d7|v3,granite41_8b,DC,withheld,CVE-2023-42116,D7-CVE-2023-42116-deb-ubuntu-jammy-V4,V4,under_investigation,fixed,False,False,False,n/a,0.0,True,4,460,61,1.0,1.0,1.0,0.0,0.0
D7-CVE-2023-42116-deb-ubuntu-jammy-V5|DCv21b|granite41_30b|blind|P3|60.0|0.0|0|||0|d7|v3,granite41_30b,DCv21,blind,CVE-2023-42116,D7-CVE-2023-42116-deb-ubuntu-jammy-V5,V5,under_investigation,not_affected,False,False,False,first_pass,0.0,True,4,274,28,1.0,1.0,1.0,0.0,0.0
D7-CVE-2023-42116-deb-ubuntu-jammy-V5|DCv21b|granite41_30b|tracker|P3|60.0|0.0|0|||0|d7|v3,granite41_30b,DCv21,tracker,CVE-2023-42116,D7-CVE-2023-42116-deb-ubuntu-jammy-V5,V5,not_affected,not_affected,True,False,False,first_pass,0.0,True,5,584,87,1.0,1.0,1.0,0.0,0.0
D7-CVE-2023-42116-deb-ubuntu-jammy-V5|DCv21b|granite41_30b|withheld|P3|60.0|0.0|0|||0|d7|v3,granite41_30b,DCv21,withheld,CVE-2023-42116,D7-CVE-2023-42116-deb-ubuntu-jammy-V5,V5,under_investigation,not_affected,False,False,False,first_pass,0.0,True,4,355,40,1.0,1.0,1.0,0.0,0.0
D7-CVE-2023-42116-deb-ubuntu-jammy-V5|DC|granite41_30b|blind|P3|60.0|0.0|0|||0|d7|v3,granite41_30b,DC,blind,CVE-2023-42116,D7-CVE-2023-42116-deb-ubuntu-jammy-V5,V5,under_investigation,not_affected,False,False,False,n/a,0.0,True,5,317,47,1.0,1.0,1.0,0.0,0.0
D7-CVE-2023-42116-deb-ubuntu-jammy-V5|DC|granite41_30b|tracker|P3|60.0|0.0|0|||0|d7|v3,granite41_30b,DC,tracker,CVE-2023-42116,D7-CVE-2023-42116-deb-ubuntu-jammy-V5,V5,not_affected,not_affected,True,False,False,n/a,0.0,True,3,320,40,1.0,1.0,1.0,0.0,0.0
D7-CVE-2023-42116-deb-ubuntu-jammy-V5|DC|granite41_30b|withheld|P3|60.0|0.0|0|||0|d7|v3,granite41_30b,DC,withheld,CVE-2023-42116,D7-CVE-2023-42116-deb-ubuntu-jammy-V5,V5,under_investigation,not_affected,False,False,False,n/a,0.0,True,5,317,47,1.0,1.0,1.0,0.0,0.0
D7-CVE-2023-43770-vendor-jammy-V8-b2|DCv21b|qwen3_4b|blind|P3|60.0|0.0|0|||0|d7|v3,qwen3_4b,DCv21,blind,CVE-2023-43770,D7-CVE-2023-43770-vendor-jammy-V8-b2,V8,under_investigation,affected,False,False,False,first_pass,0.0,True,5,317,42,1.0,1.0,1.0,0.0,0.0
D7-CVE-2023-43770-vendor-jammy-V8-b2|DCv21b|qwen3_4b|tracker|P3|60.0|0.0|0|||0|d7|v3,qwen3_4b,DCv21,tracker,CVE-2023-43770,D7-CVE-2023-43770-vendor-jammy-V8-b2,V8,affected,affected,True,False,False,first_pass,0.0,True,8,370,56,1.0,1.0,1.0,0.0,0.0
D7-CVE-2023-43770-vendor-jammy-V8-b2|DCv21b|qwen3_4b|withheld|P3|60.0|0.0|0|||0|d7|v3,qwen3_4b,DCv21,withheld,CVE-2023-43770,D7-CVE-2023-43770-vendor-jammy-V8-b2,V8,under_investigation,affected,False,False,False,first_pass,0.0,True,5,317,42,1.0,1.0,1.0,0.0,0.0
D7-CVE-2023-43770-vendor-jammy-V8-b2|DC|qwen3_4b|blind|P3|60.0|0.0|0|||0|d7|v3,qwen3_4b,DC,blind,CVE-2023-43770,D7-CVE-2023-43770-vendor-jammy-V8-b2,V8,under_investigation,affected,False,False,False,n/a,0.0,True,5,287,45,1.0,1.0,1.0,0.0,0.0
D7-CVE-2023-43770-vendor-jammy-V8-b2|DC|qwen3_4b|tracker|P3|60.0|0.0|0|||0|d7|v3,qwen3_4b,DC,tracker,CVE-2023-43770,D7-CVE-2023-43770-vendor-jammy-V8-b2,V8,affected,affected,True,False,False,n/a,0.0,True,5,262,42,1.0,1.0,1.0,0.0,0.0
D7-CVE-2023-43770-vendor-jammy-V8-b2|DC|qwen3_4b|withheld|P3|60.0|0.0|0|||0|d7|v3,qwen3_4b,DC,withheld,CVE-2023-43770,D7-CVE-2023-43770-vendor-jammy-V8-b2,V8,under_investigation,affected,False,False,False,n/a,0.0,True,4,287,45,1.0,1.0,1.0,0.0,0.0
D7-CVE-2023-43770-vendor-noble-V4|DCv21b|gemma4_31b|blind|P3|60.0|0.0|0|||0|d7|v3,gemma4_31b,DCv21,blind,CVE-2023-43770,D7-CVE-2023-43770-vendor-noble-V4,V4,under_investigation,fixed,False,False,False,first_pass,0.0,True,3,263,31,1.0,1.0,1.0,0.0,0.0
D7-CVE-2023-43770-vendor-noble-V4|DCv21b|gemma4_31b|tracker|P3|60.0|0.0|0|||0|d7|v3,gemma4_31b,DCv21,tracker,CVE-2023-43770,D7-CVE-2023-43770-vendor-noble-V4,V4,under_investigation,fixed,False,False,False,first_pass,0.0,True,3,281,35,1.0,1.0,1.0,0.0,0.0
D7-CVE-2023-43770-vendor-noble-V4|DCv21b|gemma4_31b|withheld|P3|60.0|0.0|0|||0|d7|v3,gemma4_31b,DCv21,withheld,CVE-2023-43770,D7-CVE-2023-43770-vendor-noble-V4,V4,under_investigation,fixed,False,False,False,first_pass,0.0,True,3,263,31,1.0,1.0,1.0,0.0,0.0
D7-CVE-2023-43770-vendor-noble-V4|DC|gemma4_31b|blind|P3|60.0|0.0|0|||0|d7|v3,gemma4_31b,DC,blind,CVE-2023-43770,D7-CVE-2023-43770-vendor-noble-V4,V4,under_investigation,fixed,False,False,False,n/a,0.0,True,4,281,41,1.0,1.0,1.0,0.0,0.0
D7-CVE-2023-43770-vendor-noble-V4|DC|gemma4_31b|tracker|P3|60.0|0.0|0|||0|d7|v3,gemma4_31b,DC,tracker,CVE-2023-43770,D7-CVE-2023-43770-vendor-noble-V4,V4,fixed,fixed,True,False,False,n/a,0.0,True,4,286,44,1.0,1.0,1.0,0.0,0.0
D7-CVE-2023-43770-vendor-noble-V4|DC|gemma4_31b|withheld|P3|60.0|0.0|0|||0|d7|v3,gemma4_31b,DC,withheld,CVE-2023-43770,D7-CVE-2023-43770-vendor-noble-V4,V4,under_investigation,fixed,False,False,False,n/a,0.0,True,4,281,41,1.0,1.0,1.0,0.0,0.0
D7-CVE-2023-43770-vendor-noble-V6|DCv21b|gemma4_31b|blind|P3|60.0|0.0|0|||0|d7|v3,gemma4_31b,DCv21,blind,CVE-2023-43770,D7-CVE-2023-43770-vendor-noble-V6,V6,not_affected,not_affected,True,False,False,first_pass,0.0,True,3,257,35,1.0,1.0,1.0,0.0,0.0
D7-CVE-2023-43770-vendor-noble-V6|DCv21b|gemma4_31b|tracker|P3|60.0|0.0|0|||0|d7|v3,gemma4_31b,DCv21,tracker,CVE-2023-43770,D7-CVE-2023-43770-vendor-noble-V6,V6,not_affected,not_affected,True,False,False,first_pass,0.0,True,3,210,26,1.0,1.0,1.0,0.0,0.0
D7-CVE-2023-43770-vendor-noble-V6|DCv21b|gemma4_31b|withheld|P3|60.0|0.0|0|||0|d7|v3,gemma4_31b,DCv21,withheld,CVE-2023-43770,D7-CVE-2023-43770-vendor-noble-V6,V6,not_affected,not_affected,True,False,False,first_pass,0.0,True,3,257,35,1.0,1.0,1.0,0.0,0.0
D7-CVE-2023-43770-vendor-noble-V6|DC|gemma4_31b|blind|P3|60.0|0.0|0|||0|d7|v3,gemma4_31b,DC,blind,CVE-2023-43770,D7-CVE-2023-43770-vendor-noble-V6,V6,not_affected,not_affected,True,False,False,n/a,0.0,True,3,174,22,1.0,1.0,1.0,0.0,0.0
D7-CVE-2023-43770-vendor-noble-V6|DC|gemma4_31b|tracker|P3|60.0|0.0|0|||0|d7|v3,gemma4_31b,DC,tracker,CVE-2023-43770,D7-CVE-2023-43770-vendor-noble-V6,V6,not_affected,not_affected,True,False,False,n/a,0.0,True,3,174,22,1.0,1.0,1.0,0.0,0.0
D7-CVE-2023-43770-vendor-noble-V6|DC|gemma4_31b|withheld|P3|60.0|0.0|0|||0|d7|v3,gemma4_31b,DC,withheld,CVE-2023-43770,D7-CVE-2023-43770-vendor-noble-V6,V6,not_affected,not_affected,True,False,False,n/a,0.0,True,3,174,22,1.0,1.0,1.0,0.0,0.0
D7-CVE-2023-43770-vendor-noble-V8|DCv21b|qwen3_14b|blind|P3|60.0|0.0|0|||0|d7|v3,qwen3_14b,DCv21,blind,CVE-2023-43770,D7-CVE-2023-43770-vendor-noble-V8,V8,under_investigation,affected,False,False,False,first_pass,0.0,True,4,365,47,1.0,1.0,1.0,0.0,0.0
D7-CVE-2023-43770-vendor-noble-V8|DCv21b|qwen3_14b|tracker|P3|60.0|0.0|0|||0|d7|v3,qwen3_14b,DCv21,tracker,CVE-2023-43770,D7-CVE-2023-43770-vendor-noble-V8,V8,affected,affected,True,False,False,first_pass,0.0,True,5,297,43,1.0,1.0,1.0,0.0,0.0
D7-CVE-2023-43770-vendor-noble-V8|DCv21b|qwen3_14b|withheld|P3|60.0|0.0|0|||0|d7|v3,qwen3_14b,DCv21,withheld,CVE-2023-43770,D7-CVE-2023-43770-vendor-noble-V8,V8,under_investigation,affected,False,False,False,first_pass,0.0,True,4,365,47,1.0,1.0,1.0,0.0,0.0
D7-CVE-2023-43770-vendor-noble-V8|DC|qwen3_14b|blind|P3|60.0|0.0|0|||0|d7|v3,qwen3_14b,DC,blind,CVE-2023-43770,D7-CVE-2023-43770-vendor-noble-V8,V8,under_investigation,affected,False,False,False,n/a,0.0,True,4,340,53,1.0,1.0,1.0,0.0,0.0
D7-CVE-2023-43770-vendor-noble-V8|DC|qwen3_14b|tracker|P3|60.0|0.0|0|||0|d7|v3,qwen3_14b,DC,tracker,CVE-2023-43770,D7-CVE-2023-43770-vendor-noble-V8,V8,affected,affected,True,False,False,n/a,0.0,True,5,384,55,1.0,1.0,1.0,0.0,0.0
D7-CVE-2023-43770-vendor-noble-V8|DC|qwen3_14b|withheld|P3|60.0|0.0|0|||0|d7|v3,qwen3_14b,DC,withheld,CVE-2023-43770,D7-CVE-2023-43770-vendor-noble-V8,V8,under_investigation,affected,False,False,False,n/a,0.0,True,4,340,53,1.0,1.0,1.0,0.0,0.0
D7-CVE-2023-46604-maven-jammy-V2-b2|DCv21b|qwen3_14b|blind|P3|60.0|0.0|0|||0|d7|v3,qwen3_14b,DCv21,blind,CVE-2023-46604,D7-CVE-2023-46604-maven-jammy-V2-b2,V2,under_investigation,affected,False,False,False,first_pass,0.0,True,3,361,44,1.0,1.0,1.0,0.0,0.0
D7-CVE-2023-46604-maven-jammy-V2-b2|DCv21b|qwen3_14b|tracker|P3|60.0|0.0|0|||0|d7|v3,qwen3_14b,DCv21,tracker,CVE-2023-46604,D7-CVE-2023-46604-maven-jammy-V2-b2,V2,affected,affected,True,False,False,fallback,1.0,True,5,214,13,1.0,1.0,1.0,0.0,0.0
D7-CVE-2023-46604-maven-jammy-V2-b2|DCv21b|qwen3_14b|withheld|P3|60.0|0.0|0|||0|d7|v3,qwen3_14b,DCv21,withheld,CVE-2023-46604,D7-CVE-2023-46604-maven-jammy-V2-b2,V2,under_investigation,affected,False,False,False,first_pass,0.0,True,3,361,44,1.0,1.0,1.0,0.0,0.0
D7-CVE-2023-46604-maven-jammy-V2-b2|DC|qwen3_14b|blind|P3|60.0|0.0|0|||0|d7|v3,qwen3_14b,DC,blind,CVE-2023-46604,D7-CVE-2023-46604-maven-jammy-V2-b2,V2,under_investigation,affected,False,False,False,n/a,0.0,True,6,437,65,1.0,1.0,1.0,0.0,0.0
D7-CVE-2023-46604-maven-jammy-V2-b2|DC|qwen3_14b|tracker|P3|60.0|0.0|0|||0|d7|v3,qwen3_14b,DC,tracker,CVE-2023-46604,D7-CVE-2023-46604-maven-jammy-V2-b2,V2,affected,affected,True,False,False,n/a,0.0,True,3,290,42,1.0,1.0,1.0,0.0,0.0
D7-CVE-2023-46604-maven-jammy-V2-b2|DC|qwen3_14b|withheld|P3|60.0|0.0|0|||0|d7|v3,qwen3_14b,DC,withheld,CVE-2023-46604,D7-CVE-2023-46604-maven-jammy-V2-b2,V2,under_investigation,affected,False,False,False,n/a,0.0,True,5,379,54,1.0,1.0,1.0,0.0,0.0
D7-CVE-2023-46604-maven-jammy-V2|DCv21b|granite41_30b|blind|P3|60.0|0.0|0|||0|d7|v3,granite41_30b,DCv21,blind,CVE-2023-46604,D7-CVE-2023-46604-maven-jammy-V2,V2,under_investigation,affected,False,False,False,first_pass,0.0,True,6,471,62,1.0,1.0,1.0,0.0,0.0
D7-CVE-2023-46604-maven-jammy-V2|DCv21b|granite41_30b|tracker|P3|60.0|0.0|0|||0|d7|v3,granite41_30b,DCv21,tracker,CVE-2023-46604,D7-CVE-2023-46604-maven-jammy-V2,V2,affected,affected,True,False,False,first_pass,0.0,True,4,349,48,1.0,1.0,1.0,0.0,0.0
D7-CVE-2023-46604-maven-jammy-V2|DCv21b|granite41_30b|withheld|P3|60.0|0.0|0|||0|d7|v3,granite41_30b,DCv21,withheld,CVE-2023-46604,D7-CVE-2023-46604-maven-jammy-V2,V2,under_investigation,affected,False,False,False,first_pass,0.0,True,6,471,62,1.0,1.0,1.0,0.0,0.0
D7-CVE-2023-46604-maven-jammy-V2|DC|granite41_30b|blind|P3|60.0|0.0|0|||0|d7|v3,granite41_30b,DC,blind,CVE-2023-46604,D7-CVE-2023-46604-maven-jammy-V2,V2,under_investigation,affected,False,False,False,n/a,0.0,True,3,323,44,1.0,1.0,1.0,0.0,0.0
D7-CVE-2023-46604-maven-jammy-V2|DC|granite41_30b|tracker|P3|60.0|0.0|0|||0|d7|v3,granite41_30b,DC,tracker,CVE-2023-46604,D7-CVE-2023-46604-maven-jammy-V2,V2,affected,affected,True,False,False,n/a,0.0,True,5,391,60,1.0,1.0,1.0,0.0,0.0
D7-CVE-2023-46604-maven-jammy-V2|DC|granite41_30b|withheld|P3|60.0|0.0|0|||0|d7|v3,granite41_30b,DC,withheld,CVE-2023-46604,D7-CVE-2023-46604-maven-jammy-V2,V2,under_investigation,affected,False,False,False,n/a,0.0,True,3,323,44,1.0,1.0,1.0,0.0,0.0
D7-CVE-2023-46604-maven-jammy-V3|DCv21b|gemma4_31b|blind|P3|60.0|0.0|0|||0|d7|v3,gemma4_31b,DCv21,blind,CVE-2023-46604,D7-CVE-2023-46604-maven-jammy-V3,V3,under_investigation,fixed,False,False,False,first_pass,0.0,True,5,283,33,1.0,1.0,1.0,0.0,0.0
D7-CVE-2023-46604-maven-jammy-V3|DCv21b|gemma4_31b|tracker|P3|60.0|0.0|0|||0|d7|v3,gemma4_31b,DCv21,tracker,CVE-2023-46604,D7-CVE-2023-46604-maven-jammy-V3,V3,fixed,fixed,True,False,False,first_pass,0.0,True,4,258,34,1.0,1.0,1.0,0.0,0.0
D7-CVE-2023-46604-maven-jammy-V3|DCv21b|gemma4_31b|withheld|P3|60.0|0.0|0|||0|d7|v3,gemma4_31b,DCv21,withheld,CVE-2023-46604,D7-CVE-2023-46604-maven-jammy-V3,V3,under_investigation,fixed,False,False,False,first_pass,0.0,True,5,283,33,1.0,1.0,1.0,0.0,0.0
D7-CVE-2023-46604-maven-jammy-V3|DC|gemma4_31b|blind|P3|60.0|0.0|0|||0|d7|v3,gemma4_31b,DC,blind,CVE-2023-46604,D7-CVE-2023-46604-maven-jammy-V3,V3,under_investigation,fixed,False,False,False,n/a,0.0,True,2,281,41,1.0,1.0,1.0,0.0,0.0
D7-CVE-2023-46604-maven-jammy-V3|DC|gemma4_31b|tracker|P3|60.0|0.0|0|||0|d7|v3,gemma4_31b,DC,tracker,CVE-2023-46604,D7-CVE-2023-46604-maven-jammy-V3,V3,fixed,fixed,True,False,False,n/a,0.0,True,4,221,34,1.0,1.0,1.0,0.0,0.0
D7-CVE-2023-46604-maven-jammy-V3|DC|gemma4_31b|withheld|P3|60.0|0.0|0|||0|d7|v3,gemma4_31b,DC,withheld,CVE-2023-46604,D7-CVE-2023-46604-maven-jammy-V3,V3,under_investigation,fixed,False,False,False,n/a,0.0,True,2,276,41,1.0,1.0,1.0,0.0,0.0
D7-CVE-2023-46604-maven-noble-V1|DCv21b|granite41_30b|blind|P3|60.0|0.0|0|||0|d7|v3,granite41_30b,DCv21,blind,CVE-2023-46604,D7-CVE-2023-46604-maven-noble-V1,V1,not_affected,not_affected,True,False,False,first_pass,0.0,True,4,344,44,1.0,1.0,1.0,0.0,0.0
D7-CVE-2023-46604-maven-noble-V1|DCv21b|granite41_30b|tracker|P3|60.0|0.0|0|||0|d7|v3,granite41_30b,DCv21,tracker,CVE-2023-46604,D7-CVE-2023-46604-maven-noble-V1,V1,not_affected,not_affected,True,False,False,first_pass,0.0,True,5,449,63,1.0,1.0,1.0,0.0,0.0
D7-CVE-2023-46604-maven-noble-V1|DCv21b|granite41_30b|withheld|P3|60.0|0.0|0|||0|d7|v3,granite41_30b,DCv21,withheld,CVE-2023-46604,D7-CVE-2023-46604-maven-noble-V1,V1,not_affected,not_affected,True,False,False,first_pass,0.0,True,4,344,44,1.0,1.0,1.0,0.0,0.0
D7-CVE-2023-46604-maven-noble-V1|DC|granite41_30b|blind|P3|60.0|0.0|0|||0|d7|v3,granite41_30b,DC,blind,CVE-2023-46604,D7-CVE-2023-46604-maven-noble-V1,V1,not_affected,not_affected,True,False,False,n/a,0.0,True,3,318,45,1.0,1.0,1.0,0.0,0.0
D7-CVE-2023-46604-maven-noble-V1|DC|granite41_30b|tracker|P3|60.0|0.0|0|||0|d7|v3,granite41_30b,DC,tracker,CVE-2023-46604,D7-CVE-2023-46604-maven-noble-V1,V1,not_affected,not_affected,True,False,False,n/a,0.0,True,3,318,45,1.0,1.0,1.0,0.0,0.0
D7-CVE-2023-46604-maven-noble-V1|DC|granite41_30b|withheld|P3|60.0|0.0|0|||0|d7|v3,granite41_30b,DC,withheld,CVE-2023-46604,D7-CVE-2023-46604-maven-noble-V1,V1,not_affected,not_affected,True,False,False,n/a,0.0,True,3,318,45,1.0,1.0,1.0,0.0,0.0
D7-CVE-2023-46604-maven-noble-V6|DCv21b|granite41_30b|blind|P3|60.0|0.0|0|||0|d7|v3,granite41_30b,DCv21,blind,CVE-2023-46604,D7-CVE-2023-46604-maven-noble-V6,V6,not_affected,not_affected,True,False,False,first_pass,0.0,True,4,357,49,1.0,1.0,1.0,0.0,0.0
D7-CVE-2023-46604-maven-noble-V6|DCv21b|granite41_30b|tracker|P3|60.0|0.0|0|||0|d7|v3,granite41_30b,DCv21,tracker,CVE-2023-46604,D7-CVE-2023-46604-maven-noble-V6,V6,not_affected,not_affected,True,False,False,first_pass,0.0,True,5,512,63,1.0,1.0,1.0,0.0,0.0
D7-CVE-2023-46604-maven-noble-V6|DCv21b|granite41_30b|withheld|P3|60.0|0.0|0|||0|d7|v3,granite41_30b,DCv21,withheld,CVE-2023-46604,D7-CVE-2023-46604-maven-noble-V6,V6,not_affected,not_affected,True,False,False,first_pass,0.0,True,3,357,49,1.0,1.0,1.0,0.0,0.0
D7-CVE-2023-46604-maven-noble-V6|DC|granite41_30b|blind|P3|60.0|0.0|0|||0|d7|v3,granite41_30b,DC,blind,CVE-2023-46604,D7-CVE-2023-46604-maven-noble-V6,V6,not_affected,not_affected,True,False,False,n/a,0.0,True,3,313,44,1.0,1.0,1.0,0.0,0.0
D7-CVE-2023-46604-maven-noble-V6|DC|granite41_30b|tracker|P3|60.0|0.0|0|||0|d7|v3,granite41_30b,DC,tracker,CVE-2023-46604,D7-CVE-2023-46604-maven-noble-V6,V6,not_affected,not_affected,True,False,False,n/a,0.0,True,3,298,43,1.0,1.0,1.0,0.0,0.0
D7-CVE-2023-46604-maven-noble-V6|DC|granite41_30b|withheld|P3|60.0|0.0|0|||0|d7|v3,granite41_30b,DC,withheld,CVE-2023-46604,D7-CVE-2023-46604-maven-noble-V6,V6,not_affected,not_affected,True,False,False,n/a,0.0,True,3,298,43,1.0,1.0,1.0,0.0,0.0
D7-CVE-2023-46604-maven-noble-V7|DCv21b|llama31_8b|blind|P3|60.0|0.0|0|||0|d7|v3,llama31_8b,DCv21,blind,CVE-2023-46604,D7-CVE-2023-46604-maven-noble-V7,V7,under_investigation,affected,False,False,False,first_pass,0.0,True,4,495,72,1.0,1.0,1.0,0.0,0.0
D7-CVE-2023-46604-maven-noble-V7|DCv21b|llama31_8b|tracker|P3|60.0|0.0|0|||0|d7|v3,llama31_8b,DCv21,tracker,CVE-2023-46604,D7-CVE-2023-46604-maven-noble-V7,V7,affected,affected,True,False,False,fallback,1.0,True,2,222,12,1.0,1.0,1.0,0.0,0.0
D7-CVE-2023-46604-maven-noble-V7|DCv21b|llama31_8b|withheld|P3|60.0|0.0|0|||0|d7|v3,llama31_8b,DCv21,withheld,CVE-2023-46604,D7-CVE-2023-46604-maven-noble-V7,V7,under_investigation,affected,False,False,False,first_pass,0.0,True,4,495,72,1.0,1.0,1.0,0.0,0.0
D7-CVE-2023-46604-maven-noble-V7|DC|llama31_8b|blind|P3|60.0|0.0|0|||0|d7|v3,llama31_8b,DC,blind,CVE-2023-46604,D7-CVE-2023-46604-maven-noble-V7,V7,under_investigation,affected,False,False,False,n/a,0.0,True,3,346,50,1.0,0.5,0.5,0.5,0.0
D7-CVE-2023-46604-maven-noble-V7|DC|llama31_8b|tracker|P3|60.0|0.0|0|||0|d7|v3,llama31_8b,DC,tracker,CVE-2023-46604,D7-CVE-2023-46604-maven-noble-V7,V7,affected,affected,True,False,False,n/a,0.0,True,2,383,57,1.0,0.0,0.0,0.5,0.0
D7-CVE-2023-46604-maven-noble-V7|DC|llama31_8b|withheld|P3|60.0|0.0|0|||0|d7|v3,llama31_8b,DC,withheld,CVE-2023-46604,D7-CVE-2023-46604-maven-noble-V7,V7,under_investigation,affected,False,False,False,n/a,0.0,True,3,433,66,1.0,1.0,1.0,0.0,0.0
D7-CVE-2023-48795-deb-ubuntu-jammy-V2|DCv21b|mistral_medium_128b|blind|P3|60.0|0.0|0|||0|d7|v3,mistral_medium_128b,DCv21,blind,CVE-2023-48795,D7-CVE-2023-48795-deb-ubuntu-jammy-V2,V2,under_investigation,affected,False,False,False,first_pass,0.0,True,5,347,40,1.0,1.0,1.0,0.0,0.0
D7-CVE-2023-48795-deb-ubuntu-jammy-V2|DCv21b|mistral_medium_128b|tracker|P3|60.0|0.0|0|||0|d7|v3,mistral_medium_128b,DCv21,tracker,CVE-2023-48795,D7-CVE-2023-48795-deb-ubuntu-jammy-V2,V2,affected,affected,True,False,False,first_pass,0.0,True,4,233,29,1.0,1.0,1.0,0.0,0.0
D7-CVE-2023-48795-deb-ubuntu-jammy-V2|DCv21b|mistral_medium_128b|withheld|P3|60.0|0.0|0|||0|d7|v3,mistral_medium_128b,DCv21,withheld,CVE-2023-48795,D7-CVE-2023-48795-deb-ubuntu-jammy-V2,V2,under_investigation,affected,False,False,False,first_pass,0.0,True,5,347,40,1.0,1.0,1.0,0.0,0.0
D7-CVE-2023-48795-deb-ubuntu-jammy-V2|DC|mistral_medium_128b|blind|P3|60.0|0.0|0|||0|d7|v3,mistral_medium_128b,DC,blind,CVE-2023-48795,D7-CVE-2023-48795-deb-ubuntu-jammy-V2,V2,under_investigation,affected,False,False,False,n/a,0.0,True,4,303,45,1.0,1.0,1.0,0.0,0.0
D7-CVE-2023-48795-deb-ubuntu-jammy-V2|DC|mistral_medium_128b|tracker|P3|60.0|0.0|0|||0|d7|v3,mistral_medium_128b,DC,tracker,CVE-2023-48795,D7-CVE-2023-48795-deb-ubuntu-jammy-V2,V2,affected,affected,True,False,False,n/a,0.0,True,4,213,32,1.0,1.0,1.0,0.0,0.0
D7-CVE-2023-48795-deb-ubuntu-jammy-V2|DC|mistral_medium_128b|withheld|P3|60.0|0.0|0|||0|d7|v3,mistral_medium_128b,DC,withheld,CVE-2023-48795,D7-CVE-2023-48795-deb-ubuntu-jammy-V2,V2,under_investigation,affected,False,False,False,n/a,0.0,True,4,303,45,1.0,1.0,1.0,0.0,0.0
D7-CVE-2023-48795-deb-ubuntu-jammy-V4|DCv21b|qwen3_14b|blind|P3|60.0|0.0|0|||0|d7|v3,qwen3_14b,DCv21,blind,CVE-2023-48795,D7-CVE-2023-48795-deb-ubuntu-jammy-V4,V4,under_investigation,fixed,False,False,False,first_pass,0.0,True,3,336,44,1.0,1.0,1.0,0.0,0.0
D7-CVE-2023-48795-deb-ubuntu-jammy-V4|DCv21b|qwen3_14b|tracker|P3|60.0|0.0|0|||0|d7|v3,qwen3_14b,DCv21,tracker,CVE-2023-48795,D7-CVE-2023-48795-deb-ubuntu-jammy-V4,V4,fixed,fixed,True,False,False,first_pass,0.0,True,6,388,55,1.0,1.0,1.0,0.0,0.0
D7-CVE-2023-48795-deb-ubuntu-jammy-V4|DCv21b|qwen3_14b|withheld|P3|60.0|0.0|0|||0|d7|v3,qwen3_14b,DCv21,withheld,CVE-2023-48795,D7-CVE-2023-48795-deb-ubuntu-jammy-V4,V4,under_investigation,fixed,False,False,False,first_pass,0.0,True,3,336,44,1.0,1.0,1.0,0.0,0.0
D7-CVE-2023-48795-deb-ubuntu-jammy-V4|DC|qwen3_14b|blind|P3|60.0|0.0|0|||0|d7|v3,qwen3_14b,DC,blind,CVE-2023-48795,D7-CVE-2023-48795-deb-ubuntu-jammy-V4,V4,under_investigation,fixed,False,False,False,n/a,0.0,True,4,363,55,1.0,1.0,1.0,0.0,0.0
D7-CVE-2023-48795-deb-ubuntu-jammy-V4|DC|qwen3_14b|tracker|P3|60.0|0.0|0|||0|d7|v3,qwen3_14b,DC,tracker,CVE-2023-48795,D7-CVE-2023-48795-deb-ubuntu-jammy-V4,V4,fixed,fixed,True,False,False,n/a,0.0,True,6,368,56,1.0,1.0,1.0,0.0,0.0
D7-CVE-2023-48795-deb-ubuntu-jammy-V4|DC|qwen3_14b|withheld|P3|60.0|0.0|0|||0|d7|v3,qwen3_14b,DC,withheld,CVE-2023-48795,D7-CVE-2023-48795-deb-ubuntu-jammy-V4,V4,under_investigation,fixed,False,False,False,n/a,0.0,True,4,414,61,1.0,1.0,1.0,0.0,0.0
D7-CVE-2023-48795-deb-ubuntu-noble-V6|DCv21b|mistral_medium_128b|blind|P3|60.0|0.0|0|||0|d7|v3,mistral_medium_128b,DCv21,blind,CVE-2023-48795,D7-CVE-2023-48795-deb-ubuntu-noble-V6,V6,not_affected,not_affected,True,False,False,first_pass,0.0,True,2,254,33,1.0,1.0,1.0,0.0,0.0
D7-CVE-2023-48795-deb-ubuntu-noble-V6|DCv21b|mistral_medium_128b|tracker|P3|60.0|0.0|0|||0|d7|v3,mistral_medium_128b,DCv21,tracker,CVE-2023-48795,D7-CVE-2023-48795-deb-ubuntu-noble-V6,V6,not_affected,not_affected,True,False,False,first_pass,0.0,True,4,233,28,1.0,1.0,1.0,0.0,0.0
D7-CVE-2023-48795-deb-ubuntu-noble-V6|DCv21b|mistral_medium_128b|withheld|P3|60.0|0.0|0|||0|d7|v3,mistral_medium_128b,DCv21,withheld,CVE-2023-48795,D7-CVE-2023-48795-deb-ubuntu-noble-V6,V6,not_affected,not_affected,True,False,False,first_pass,0.0,True,2,254,33,1.0,1.0,1.0,0.0,0.0
D7-CVE-2023-48795-deb-ubuntu-noble-V6|DC|mistral_medium_128b|blind|P3|60.0|0.0|0|||0|d7|v3,mistral_medium_128b,DC,blind,CVE-2023-48795,D7-CVE-2023-48795-deb-ubuntu-noble-V6,V6,not_affected,not_affected,True,False,False,n/a,0.0,True,4,300,39,1.0,1.0,1.0,0.0,0.0
D7-CVE-2023-48795-deb-ubuntu-noble-V6|DC|mistral_medium_128b|tracker|P3|60.0|0.0|0|||0|d7|v3,mistral_medium_128b,DC,tracker,CVE-2023-48795,D7-CVE-2023-48795-deb-ubuntu-noble-V6,V6,not_affected,not_affected,True,False,False,n/a,0.0,True,3,269,34,1.0,1.0,1.0,0.0,0.0
D7-CVE-2023-48795-deb-ubuntu-noble-V6|DC|mistral_medium_128b|withheld|P3|60.0|0.0|0|||0|d7|v3,mistral_medium_128b,DC,withheld,CVE-2023-48795,D7-CVE-2023-48795-deb-ubuntu-noble-V6,V6,not_affected,not_affected,True,False,False,n/a,0.0,True,4,300,39,1.0,1.0,1.0,0.0,0.0
D7-CVE-2023-50447-pypi-noble-V3|DCv21b|mistral_medium_128b|blind|P3|60.0|0.0|0|||0|d7|v3,mistral_medium_128b,DCv21,blind,CVE-2023-50447,D7-CVE-2023-50447-pypi-noble-V3,V3,under_investigation,fixed,False,False,False,first_pass,0.0,True,4,346,46,1.0,1.0,1.0,0.0,0.0
D7-CVE-2023-50447-pypi-noble-V3|DCv21b|mistral_medium_128b|tracker|P3|60.0|0.0|0|||0|d7|v3,mistral_medium_128b,DCv21,tracker,CVE-2023-50447,D7-CVE-2023-50447-pypi-noble-V3,V3,fixed,fixed,True,False,False,first_pass,0.0,True,3,189,28,1.0,1.0,1.0,0.0,0.0
D7-CVE-2023-50447-pypi-noble-V3|DCv21b|mistral_medium_128b|withheld|P3|60.0|0.0|0|||0|d7|v3,mistral_medium_128b,DCv21,withheld,CVE-2023-50447,D7-CVE-2023-50447-pypi-noble-V3,V3,under_investigation,fixed,False,False,False,first_pass,0.0,True,4,346,46,1.0,1.0,1.0,0.0,0.0
D7-CVE-2023-50447-pypi-noble-V3|DC|mistral_medium_128b|blind|P3|60.0|0.0|0|||0|d7|v3,mistral_medium_128b,DC,blind,CVE-2023-50447,D7-CVE-2023-50447-pypi-noble-V3,V3,under_investigation,fixed,False,False,False,n/a,0.0,True,3,346,38,1.0,1.0,1.0,0.0,0.0
D7-CVE-2023-50447-pypi-noble-V3|DC|mistral_medium_128b|tracker|P3|60.0|0.0|0|||0|d7|v3,mistral_medium_128b,DC,tracker,CVE-2023-50447,D7-CVE-2023-50447-pypi-noble-V3,V3,fixed,fixed,True,False,False,n/a,0.0,True,4,216,34,1.0,1.0,1.0,0.0,0.0
D7-CVE-2023-50447-pypi-noble-V3|DC|mistral_medium_128b|withheld|P3|60.0|0.0|0|||0|d7|v3,mistral_medium_128b,DC,withheld,CVE-2023-50447,D7-CVE-2023-50447-pypi-noble-V3,V3,under_investigation,fixed,False,False,False,n/a,0.0,True,3,346,38,1.0,1.0,1.0,0.0,0.0
D7-CVE-2023-7104-deb-ubuntu-jammy-V2|DCv21b|mistral_medium_128b|blind|P3|60.0|0.0|0|||0|d7|v3,mistral_medium_128b,DCv21,blind,CVE-2023-7104,D7-CVE-2023-7104-deb-ubuntu-jammy-V2,V2,under_investigation,affected,False,False,False,first_pass,0.0,True,6,378,44,1.0,1.0,1.0,0.0,0.0
D7-CVE-2023-7104-deb-ubuntu-jammy-V2|DCv21b|mistral_medium_128b|tracker|P3|60.0|0.0|0|||0|d7|v3,mistral_medium_128b,DCv21,tracker,CVE-2023-7104,D7-CVE-2023-7104-deb-ubuntu-jammy-V2,V2,affected,affected,True,False,False,first_pass,0.0,True,3,250,32,1.0,1.0,1.0,0.0,0.0
D7-CVE-2023-7104-deb-ubuntu-jammy-V2|DCv21b|mistral_medium_128b|withheld|P3|60.0|0.0|0|||0|d7|v3,mistral_medium_128b,DCv21,withheld,CVE-2023-7104,D7-CVE-2023-7104-deb-ubuntu-jammy-V2,V2,under_investigation,affected,False,False,False,first_pass,0.0,True,6,378,44,1.0,1.0,1.0,0.0,0.0
D7-CVE-2023-7104-deb-ubuntu-jammy-V2|DC|mistral_medium_128b|blind|P3|60.0|0.0|0|||0|d7|v3,mistral_medium_128b,DC,blind,CVE-2023-7104,D7-CVE-2023-7104-deb-ubuntu-jammy-V2,V2,under_investigation,affected,False,False,False,n/a,0.0,True,5,295,39,1.0,1.0,1.0,0.0,0.0
D7-CVE-2023-7104-deb-ubuntu-jammy-V2|DC|mistral_medium_128b|tracker|P3|60.0|0.0|0|||0|d7|v3,mistral_medium_128b,DC,tracker,CVE-2023-7104,D7-CVE-2023-7104-deb-ubuntu-jammy-V2,V2,affected,affected,True,False,False,n/a,0.0,True,4,174,25,1.0,1.0,1.0,0.0,0.0
D7-CVE-2023-7104-deb-ubuntu-jammy-V2|DC|mistral_medium_128b|withheld|P3|60.0|0.0|0|||0|d7|v3,mistral_medium_128b,DC,withheld,CVE-2023-7104,D7-CVE-2023-7104-deb-ubuntu-jammy-V2,V2,under_investigation,affected,False,False,False,n/a,0.0,True,4,295,39,1.0,1.0,1.0,0.0,0.0
D7-CVE-2024-1597-maven-jammy-V1|DCv21b|llama31_8b|blind|P3|60.0|0.0|0|||0|d7|v3,llama31_8b,DCv21,blind,CVE-2024-1597,D7-CVE-2024-1597-maven-jammy-V1,V1,not_affected,not_affected,True,False,False,repaired,0.0,True,2,388,51,1.0,1.0,1.0,0.0,0.0
D7-CVE-2024-1597-maven-jammy-V1|DCv21b|llama31_8b|tracker|P3|60.0|0.0|0|||0|d7|v3,llama31_8b,DCv21,tracker,CVE-2024-1597,D7-CVE-2024-1597-maven-jammy-V1,V1,not_affected,not_affected,True,False,False,first_pass,0.0,True,4,419,59,1.0,1.0,1.0,0.0,0.0
D7-CVE-2024-1597-maven-jammy-V1|DCv21b|llama31_8b|withheld|P3|60.0|0.0|0|||0|d7|v3,llama31_8b,DCv21,withheld,CVE-2024-1597,D7-CVE-2024-1597-maven-jammy-V1,V1,not_affected,not_affected,True,False,False,first_pass,0.0,True,3,536,71,1.0,1.0,1.0,0.0,0.0
D7-CVE-2024-1597-maven-jammy-V1|DC|llama31_8b|blind|P3|60.0|0.0|0|||0|d7|v3,llama31_8b,DC,blind,CVE-2024-1597,D7-CVE-2024-1597-maven-jammy-V1,V1,not_affected,not_affected,True,False,False,n/a,0.0,True,3,384,60,1.0,1.0,1.0,0.0,0.0
D7-CVE-2024-1597-maven-jammy-V1|DC|llama31_8b|tracker|P3|60.0|0.0|0|||0|d7|v3,llama31_8b,DC,tracker,CVE-2024-1597,D7-CVE-2024-1597-maven-jammy-V1,V1,not_affected,not_affected,True,False,False,n/a,0.0,True,3,386,63,1.0,1.0,1.0,0.0,0.0
D7-CVE-2024-1597-maven-jammy-V1|DC|llama31_8b|withheld|P3|60.0|0.0|0|||0|d7|v3,llama31_8b,DC,withheld,CVE-2024-1597,D7-CVE-2024-1597-maven-jammy-V1,V1,not_affected,not_affected,True,False,False,n/a,0.0,True,3,384,60,1.0,1.0,1.0,0.0,0.0
D7-CVE-2024-1597-maven-jammy-V2|DCv21b|gemma4_31b|blind|P3|60.0|0.0|0|||0|d7|v3,gemma4_31b,DCv21,blind,CVE-2024-1597,D7-CVE-2024-1597-maven-jammy-V2,V2,under_investigation,affected,False,False,False,first_pass,0.0,True,5,328,39,1.0,1.0,1.0,0.0,0.0
D7-CVE-2024-1597-maven-jammy-V2|DCv21b|gemma4_31b|tracker|P3|60.0|0.0|0|||0|d7|v3,gemma4_31b,DCv21,tracker,CVE-2024-1597,D7-CVE-2024-1597-maven-jammy-V2,V2,affected,affected,True,False,False,first_pass,0.0,True,5,360,45,1.0,1.0,1.0,0.0,0.0
D7-CVE-2024-1597-maven-jammy-V2|DCv21b|gemma4_31b|withheld|P3|60.0|0.0|0|||0|d7|v3,gemma4_31b,DCv21,withheld,CVE-2024-1597,D7-CVE-2024-1597-maven-jammy-V2,V2,under_investigation,affected,False,False,False,first_pass,0.0,True,5,328,39,1.0,1.0,1.0,0.0,0.0
D7-CVE-2024-1597-maven-jammy-V2|DC|gemma4_31b|blind|P3|60.0|0.0|0|||0|d7|v3,gemma4_31b,DC,blind,CVE-2024-1597,D7-CVE-2024-1597-maven-jammy-V2,V2,under_investigation,affected,False,False,False,n/a,0.0,True,4,297,44,1.0,1.0,1.0,0.0,0.0
D7-CVE-2024-1597-maven-jammy-V2|DC|gemma4_31b|tracker|P3|60.0|0.0|0|||0|d7|v3,gemma4_31b,DC,tracker,CVE-2024-1597,D7-CVE-2024-1597-maven-jammy-V2,V2,affected,affected,True,False,False,n/a,0.0,True,5,251,37,1.0,1.0,1.0,0.0,0.0
D7-CVE-2024-1597-maven-jammy-V2|DC|gemma4_31b|withheld|P3|60.0|0.0|0|||0|d7|v3,gemma4_31b,DC,withheld,CVE-2024-1597,D7-CVE-2024-1597-maven-jammy-V2,V2,under_investigation,affected,False,False,False,n/a,0.0,True,4,297,44,1.0,1.0,1.0,0.0,0.0
D7-CVE-2024-1597-maven-jammy-V6|DCv21b|gemma4_31b|blind|P3|60.0|0.0|0|||0|d7|v3,gemma4_31b,DCv21,blind,CVE-2024-1597,D7-CVE-2024-1597-maven-jammy-V6,V6,not_affected,not_affected,True,False,False,first_pass,0.0,True,3,249,32,1.0,1.0,1.0,0.0,0.0
D7-CVE-2024-1597-maven-jammy-V6|DCv21b|gemma4_31b|tracker|P3|60.0|0.0|0|||0|d7|v3,gemma4_31b,DCv21,tracker,CVE-2024-1597,D7-CVE-2024-1597-maven-jammy-V6,V6,not_affected,not_affected,True,False,False,first_pass,0.0,True,3,209,24,1.0,1.0,1.0,0.0,0.0
D7-CVE-2024-1597-maven-jammy-V6|DCv21b|gemma4_31b|withheld|P3|60.0|0.0|0|||0|d7|v3,gemma4_31b,DCv21,withheld,CVE-2024-1597,D7-CVE-2024-1597-maven-jammy-V6,V6,not_affected,not_affected,True,False,False,first_pass,0.0,True,3,249,32,1.0,1.0,1.0,0.0,0.0
D7-CVE-2024-1597-maven-jammy-V6|DC|gemma4_31b|blind|P3|60.0|0.0|0|||0|d7|v3,gemma4_31b,DC,blind,CVE-2024-1597,D7-CVE-2024-1597-maven-jammy-V6,V6,not_affected,not_affected,True,False,False,n/a,0.0,True,3,173,22,1.0,1.0,1.0,0.0,0.0
D7-CVE-2024-1597-maven-jammy-V6|DC|gemma4_31b|tracker|P3|60.0|0.0|0|||0|d7|v3,gemma4_31b,DC,tracker,CVE-2024-1597,D7-CVE-2024-1597-maven-jammy-V6,V6,not_affected,not_affected,True,False,False,n/a,0.0,True,3,187,25,1.0,1.0,1.0,0.0,0.0
D7-CVE-2024-1597-maven-jammy-V6|DC|gemma4_31b|withheld|P3|60.0|0.0|0|||0|d7|v3,gemma4_31b,DC,withheld,CVE-2024-1597,D7-CVE-2024-1597-maven-jammy-V6,V6,not_affected,not_affected,True,False,False,n/a,0.0,True,3,173,22,1.0,1.0,1.0,0.0,0.0
D7-CVE-2024-1597-maven-noble-V4|DCv21b|granite41_8b|blind|P3|60.0|0.0|0|||0|d7|v3,granite41_8b,DCv21,blind,CVE-2024-1597,D7-CVE-2024-1597-maven-noble-V4,V4,under_investigation,fixed,False,False,False,first_pass,0.0,True,4,502,63,1.0,1.0,1.0,0.0,0.0
D7-CVE-2024-1597-maven-noble-V4|DCv21b|granite41_8b|tracker|P3|60.0|0.0|0|||0|d7|v3,granite41_8b,DCv21,tracker,CVE-2024-1597,D7-CVE-2024-1597-maven-noble-V4,V4,fixed,fixed,True,False,False,first_pass,0.0,True,5,475,68,1.0,1.0,1.0,0.0,0.0
D7-CVE-2024-1597-maven-noble-V4|DCv21b|granite41_8b|withheld|P3|60.0|0.0|0|||0|d7|v3,granite41_8b,DCv21,withheld,CVE-2024-1597,D7-CVE-2024-1597-maven-noble-V4,V4,under_investigation,fixed,False,False,False,first_pass,0.0,True,4,502,63,1.0,1.0,1.0,0.0,0.0
D7-CVE-2024-1597-maven-noble-V4|DC|granite41_8b|blind|P3|60.0|0.0|0|||0|d7|v3,granite41_8b,DC,blind,CVE-2024-1597,D7-CVE-2024-1597-maven-noble-V4,V4,under_investigation,fixed,False,False,False,n/a,0.0,True,4,415,54,1.0,1.0,1.0,0.0,0.0
D7-CVE-2024-1597-maven-noble-V4|DC|granite41_8b|tracker|P3|60.0|0.0|0|||0|d7|v3,granite41_8b,DC,tracker,CVE-2024-1597,D7-CVE-2024-1597-maven-noble-V4,V4,fixed,fixed,True,False,False,n/a,0.0,True,5,376,58,1.0,1.0,1.0,0.0,0.0
D7-CVE-2024-1597-maven-noble-V4|DC|granite41_8b|withheld|P3|60.0|0.0|0|||0|d7|v3,granite41_8b,DC,withheld,CVE-2024-1597,D7-CVE-2024-1597-maven-noble-V4,V4,under_investigation,fixed,False,False,False,n/a,0.0,True,4,413,52,1.0,1.0,1.0,0.0,0.0
D7-CVE-2024-1597-maven-noble-V7|DCv21b|llama31_8b|blind|P3|60.0|0.0|0|||0|d7|v3,llama31_8b,DCv21,blind,CVE-2024-1597,D7-CVE-2024-1597-maven-noble-V7,V7,under_investigation,affected,False,False,False,first_pass,0.0,True,4,487,72,1.0,1.0,1.0,0.0,0.0
D7-CVE-2024-1597-maven-noble-V7|DCv21b|llama31_8b|tracker|P3|60.0|0.0|0|||0|d7|v3,llama31_8b,DCv21,tracker,CVE-2024-1597,D7-CVE-2024-1597-maven-noble-V7,V7,affected,affected,True,False,False,repaired,0.0,True,5,383,57,1.0,1.0,1.0,0.0,0.0
D7-CVE-2024-1597-maven-noble-V7|DCv21b|llama31_8b|withheld|P3|60.0|0.0|0|||0|d7|v3,llama31_8b,DCv21,withheld,CVE-2024-1597,D7-CVE-2024-1597-maven-noble-V7,V7,under_investigation,affected,False,False,False,first_pass,0.0,True,4,487,72,1.0,1.0,1.0,0.0,0.0
D7-CVE-2024-1597-maven-noble-V7|DC|llama31_8b|blind|P3|60.0|0.0|0|||0|d7|v3,llama31_8b,DC,blind,CVE-2024-1597,D7-CVE-2024-1597-maven-noble-V7,V7,under_investigation,affected,False,False,False,n/a,0.0,True,3,385,57,1.0,0.5,0.5,0.5,0.0
D7-CVE-2024-1597-maven-noble-V7|DC|llama31_8b|tracker|P3|60.0|0.0|0|||0|d7|v3,llama31_8b,DC,tracker,CVE-2024-1597,D7-CVE-2024-1597-maven-noble-V7,V7,affected,affected,True,False,False,n/a,0.0,True,2,363,52,1.0,1.0,1.0,0.0,0.0
D7-CVE-2024-1597-maven-noble-V7|DC|llama31_8b|withheld|P3|60.0|0.0|0|||0|d7|v3,llama31_8b,DC,withheld,CVE-2024-1597,D7-CVE-2024-1597-maven-noble-V7,V7,under_investigation,affected,False,False,False,n/a,0.0,True,3,385,57,1.0,0.5,0.5,0.5,0.0
D7-CVE-2024-22195-pypi-jammy-V2-b2|DCv21b|qwen3_4b|blind|P3|60.0|0.0|0|||0|d7|v3,qwen3_4b,DCv21,blind,CVE-2024-22195,D7-CVE-2024-22195-pypi-jammy-V2-b2,V2,under_investigation,affected,False,False,False,first_pass,0.0,True,5,368,38,1.0,1.0,1.0,0.0,0.0
D7-CVE-2024-22195-pypi-jammy-V2-b2|DCv21b|qwen3_4b|tracker|P3|60.0|0.0|0|||0|d7|v3,qwen3_4b,DCv21,tracker,CVE-2024-22195,D7-CVE-2024-22195-pypi-jammy-V2-b2,V2,affected,affected,True,False,False,repaired,0.0,True,6,373,58,1.0,1.0,1.0,0.0,0.0
D7-CVE-2024-22195-pypi-jammy-V2-b2|DCv21b|qwen3_4b|withheld|P3|60.0|0.0|0|||0|d7|v3,qwen3_4b,DCv21,withheld,CVE-2024-22195,D7-CVE-2024-22195-pypi-jammy-V2-b2,V2,under_investigation,affected,False,False,False,first_pass,0.0,True,4,368,38,1.0,1.0,1.0,0.0,0.0
D7-CVE-2024-22195-pypi-jammy-V2-b2|DC|qwen3_4b|blind|P3|60.0|0.0|0|||0|d7|v3,qwen3_4b,DC,blind,CVE-2024-22195,D7-CVE-2024-22195-pypi-jammy-V2-b2,V2,under_investigation,affected,False,False,False,n/a,0.0,True,4,285,43,1.0,1.0,1.0,0.0,0.0
D7-CVE-2024-22195-pypi-jammy-V2-b2|DC|qwen3_4b|tracker|P3|60.0|0.0|0|||0|d7|v3,qwen3_4b,DC,tracker,CVE-2024-22195,D7-CVE-2024-22195-pypi-jammy-V2-b2,V2,affected,affected,True,False,False,n/a,0.0,True,4,259,39,1.0,1.0,1.0,0.0,0.0
D7-CVE-2024-22195-pypi-jammy-V2-b2|DC|qwen3_4b|withheld|P3|60.0|0.0|0|||0|d7|v3,qwen3_4b,DC,withheld,CVE-2024-22195,D7-CVE-2024-22195-pypi-jammy-V2-b2,V2,under_investigation,affected,False,False,False,n/a,0.0,True,4,285,43,1.0,1.0,1.0,0.0,0.0
D7-CVE-2024-22195-pypi-jammy-V2|DCv21b|qwen3_14b|blind|P3|60.0|0.0|0|||0|d7|v3,qwen3_14b,DCv21,blind,CVE-2024-22195,D7-CVE-2024-22195-pypi-jammy-V2,V2,under_investigation,affected,False,False,False,first_pass,0.0,True,1,260,31,1.0,1.0,1.0,0.0,0.0
D7-CVE-2024-22195-pypi-jammy-V2|DCv21b|qwen3_14b|tracker|P3|60.0|0.0|0|||0|d7|v3,qwen3_14b,DCv21,tracker,CVE-2024-22195,D7-CVE-2024-22195-pypi-jammy-V2,V2,affected,affected,True,False,False,first_pass,0.0,True,5,328,50,1.0,1.0,1.0,0.0,0.0
D7-CVE-2024-22195-pypi-jammy-V2|DCv21b|qwen3_14b|withheld|P3|60.0|0.0|0|||0|d7|v3,qwen3_14b,DCv21,withheld,CVE-2024-22195,D7-CVE-2024-22195-pypi-jammy-V2,V2,under_investigation,affected,False,False,False,first_pass,0.0,True,1,260,31,1.0,1.0,1.0,0.0,0.0
D7-CVE-2024-22195-pypi-jammy-V2|DC|qwen3_14b|blind|P3|60.0|0.0|0|||0|d7|v3,qwen3_14b,DC,blind,CVE-2024-22195,D7-CVE-2024-22195-pypi-jammy-V2,V2,under_investigation,affected,False,False,False,n/a,0.0,True,4,400,59,1.0,1.0,1.0,0.0,0.0
D7-CVE-2024-22195-pypi-jammy-V2|DC|qwen3_14b|tracker|P3|60.0|0.0|0|||0|d7|v3,qwen3_14b,DC,tracker,CVE-2024-22195,D7-CVE-2024-22195-pypi-jammy-V2,V2,affected,affected,True,False,False,n/a,0.0,True,4,296,43,1.0,1.0,1.0,0.0,0.0
D7-CVE-2024-22195-pypi-jammy-V2|DC|qwen3_14b|withheld|P3|60.0|0.0|0|||0|d7|v3,qwen3_14b,DC,withheld,CVE-2024-22195,D7-CVE-2024-22195-pypi-jammy-V2,V2,under_investigation,affected,False,False,False,n/a,0.0,True,4,400,59,1.0,1.0,1.0,0.0,0.0
D7-CVE-2024-22195-pypi-noble-V6|DCv21b|mistral_small_24b|blind|P3|60.0|0.0|0|||0|d7|v3,mistral_small_24b,DCv21,blind,CVE-2024-22195,D7-CVE-2024-22195-pypi-noble-V6,V6,not_affected,not_affected,True,False,False,first_pass,0.0,True,4,311,43,1.0,1.0,1.0,0.0,0.0
D7-CVE-2024-22195-pypi-noble-V6|DCv21b|mistral_small_24b|tracker|P3|60.0|0.0|0|||0|d7|v3,mistral_small_24b,DCv21,tracker,CVE-2024-22195,D7-CVE-2024-22195-pypi-noble-V6,V6,not_affected,not_affected,True,False,False,first_pass,0.0,True,3,348,47,1.0,1.0,1.0,0.0,0.0
D7-CVE-2024-22195-pypi-noble-V6|DCv21b|mistral_small_24b|withheld|P3|60.0|0.0|0|||0|d7|v3,mistral_small_24b,DCv21,withheld,CVE-2024-22195,D7-CVE-2024-22195-pypi-noble-V6,V6,not_affected,not_affected,True,False,False,first_pass,0.0,True,4,311,43,1.0,1.0,1.0,0.0,0.0
D7-CVE-2024-22195-pypi-noble-V6|DC|mistral_small_24b|blind|P3|60.0|0.0|0|||0|d7|v3,mistral_small_24b,DC,blind,CVE-2024-22195,D7-CVE-2024-22195-pypi-noble-V6,V6,not_affected,not_affected,True,False,False,n/a,0.0,True,2,347,48,1.0,1.0,1.0,0.0,0.0
D7-CVE-2024-22195-pypi-noble-V6|DC|mistral_small_24b|tracker|P3|60.0|0.0|0|||0|d7|v3,mistral_small_24b,DC,tracker,CVE-2024-22195,D7-CVE-2024-22195-pypi-noble-V6,V6,not_affected,not_affected,True,False,False,n/a,0.0,True,2,347,47,1.0,1.0,1.0,0.0,0.0
D7-CVE-2024-22195-pypi-noble-V6|DC|mistral_small_24b|withheld|P3|60.0|0.0|0|||0|d7|v3,mistral_small_24b,DC,withheld,CVE-2024-22195,D7-CVE-2024-22195-pypi-noble-V6,V6,not_affected,not_affected,True,False,False,n/a,0.0,True,3,421,57,1.0,1.0,1.0,0.0,0.0
D7-CVE-2024-23334-pypi-jammy-V2-b2|DCv21b|mistral_small_24b|blind|P3|60.0|0.0|0|||0|d7|v3,mistral_small_24b,DCv21,blind,CVE-2024-23334,D7-CVE-2024-23334-pypi-jammy-V2-b2,V2,under_investigation,affected,False,False,False,first_pass,0.0,True,5,317,42,1.0,1.0,1.0,0.0,0.0
D7-CVE-2024-23334-pypi-jammy-V2-b2|DCv21b|mistral_small_24b|tracker|P3|60.0|0.0|0|||0|d7|v3,mistral_small_24b,DCv21,tracker,CVE-2024-23334,D7-CVE-2024-23334-pypi-jammy-V2-b2,V2,affected,affected,True,False,False,first_pass,0.0,True,6,534,71,1.0,1.0,1.0,0.0,0.0
D7-CVE-2024-23334-pypi-jammy-V2-b2|DCv21b|mistral_small_24b|withheld|P3|60.0|0.0|0|||0|d7|v3,mistral_small_24b,DCv21,withheld,CVE-2024-23334,D7-CVE-2024-23334-pypi-jammy-V2-b2,V2,under_investigation,affected,False,False,False,first_pass,0.0,True,5,332,44,1.0,1.0,1.0,0.0,0.0
D7-CVE-2024-23334-pypi-jammy-V2-b2|DC|mistral_small_24b|blind|P3|60.0|0.0|0|||0|d7|v3,mistral_small_24b,DC,blind,CVE-2024-23334,D7-CVE-2024-23334-pypi-jammy-V2-b2,V2,under_investigation,affected,False,False,False,n/a,0.0,True,3,359,54,1.0,1.0,1.0,0.0,0.0
D7-CVE-2024-23334-pypi-jammy-V2-b2|DC|mistral_small_24b|tracker|P3|60.0|0.0|0|||0|d7|v3,mistral_small_24b,DC,tracker,CVE-2024-23334,D7-CVE-2024-23334-pypi-jammy-V2-b2,V2,affected,affected,True,False,False,n/a,0.0,True,4,340,51,1.0,1.0,1.0,0.0,0.0
D7-CVE-2024-23334-pypi-jammy-V2-b2|DC|mistral_small_24b|withheld|P3|60.0|0.0|0|||0|d7|v3,mistral_small_24b,DC,withheld,CVE-2024-23334,D7-CVE-2024-23334-pypi-jammy-V2-b2,V2,under_investigation,affected,False,False,False,n/a,0.0,True,2,361,54,1.0,1.0,1.0,0.0,0.0
D7-CVE-2024-23334-pypi-noble-V5|DCv21b|mistral_small_24b|blind|P3|60.0|0.0|0|||0|d7|v3,mistral_small_24b,DCv21,blind,CVE-2024-23334,D7-CVE-2024-23334-pypi-noble-V5,V5,under_investigation,not_affected,False,False,False,first_pass,0.0,True,4,387,48,1.0,1.0,1.0,0.0,0.0
D7-CVE-2024-23334-pypi-noble-V5|DCv21b|mistral_small_24b|tracker|P3|60.0|0.0|0|||0|d7|v3,mistral_small_24b,DCv21,tracker,CVE-2024-23334,D7-CVE-2024-23334-pypi-noble-V5,V5,not_affected,not_affected,True,False,False,first_pass,0.0,True,4,344,43,1.0,1.0,1.0,0.0,0.0
D7-CVE-2024-23334-pypi-noble-V5|DCv21b|mistral_small_24b|withheld|P3|60.0|0.0|0|||0|d7|v3,mistral_small_24b,DCv21,withheld,CVE-2024-23334,D7-CVE-2024-23334-pypi-noble-V5,V5,under_investigation,not_affected,False,False,False,first_pass,0.0,True,4,387,48,1.0,1.0,1.0,0.0,0.0
D7-CVE-2024-23334-pypi-noble-V5|DC|mistral_small_24b|blind|P3|60.0|0.0|0|||0|d7|v3,mistral_small_24b,DC,blind,CVE-2024-23334,D7-CVE-2024-23334-pypi-noble-V5,V5,under_investigation,not_affected,False,False,False,n/a,0.0,True,4,363,54,1.0,1.0,1.0,0.0,0.0
D7-CVE-2024-23334-pypi-noble-V5|DC|mistral_small_24b|tracker|P3|60.0|0.0|0|||0|d7|v3,mistral_small_24b,DC,tracker,CVE-2024-23334,D7-CVE-2024-23334-pypi-noble-V5,V5,not_affected,not_affected,True,False,False,n/a,0.0,True,3,295,42,1.0,0.0,0.0,1.0,0.0
D7-CVE-2024-23334-pypi-noble-V5|DC|mistral_small_24b|withheld|P3|60.0|0.0|0|||0|d7|v3,mistral_small_24b,DC,withheld,CVE-2024-23334,D7-CVE-2024-23334-pypi-noble-V5,V5,under_investigation,not_affected,False,False,False,n/a,0.0,True,4,363,54,1.0,1.0,1.0,0.0,0.0
D7-CVE-2024-33599-deb-ubuntu-jammy-V4|DCv21b|granite41_30b|blind|P3|60.0|0.0|0|||0|d7|v3,granite41_30b,DCv21,blind,CVE-2024-33599,D7-CVE-2024-33599-deb-ubuntu-jammy-V4,V4,under_investigation,fixed,False,False,False,first_pass,0.0,True,5,365,47,1.0,1.0,1.0,0.0,0.0
D7-CVE-2024-33599-deb-ubuntu-jammy-V4|DCv21b|granite41_30b|tracker|P3|60.0|0.0|0|||0|d7|v3,granite41_30b,DCv21,tracker,CVE-2024-33599,D7-CVE-2024-33599-deb-ubuntu-jammy-V4,V4,fixed,fixed,True,False,False,first_pass,0.0,True,5,311,44,1.0,1.0,1.0,0.0,0.0
D7-CVE-2024-33599-deb-ubuntu-jammy-V4|DCv21b|granite41_30b|withheld|P3|60.0|0.0|0|||0|d7|v3,granite41_30b,DCv21,withheld,CVE-2024-33599,D7-CVE-2024-33599-deb-ubuntu-jammy-V4,V4,under_investigation,fixed,False,False,False,first_pass,0.0,True,5,365,47,1.0,1.0,1.0,0.0,0.0
D7-CVE-2024-33599-deb-ubuntu-jammy-V4|DC|granite41_30b|blind|P3|60.0|0.0|0|||0|d7|v3,granite41_30b,DC,blind,CVE-2024-33599,D7-CVE-2024-33599-deb-ubuntu-jammy-V4,V4,under_investigation,fixed,False,False,False,n/a,0.0,True,4,260,36,1.0,1.0,1.0,0.0,0.0
D7-CVE-2024-33599-deb-ubuntu-jammy-V4|DC|granite41_30b|tracker|P3|60.0|0.0|0|||0|d7|v3,granite41_30b,DC,tracker,CVE-2024-33599,D7-CVE-2024-33599-deb-ubuntu-jammy-V4,V4,fixed,fixed,True,False,False,n/a,0.0,True,3,193,29,1.0,1.0,1.0,0.0,0.0
D7-CVE-2024-33599-deb-ubuntu-jammy-V4|DC|granite41_30b|withheld|P3|60.0|0.0|0|||0|d7|v3,granite41_30b,DC,withheld,CVE-2024-33599,D7-CVE-2024-33599-deb-ubuntu-jammy-V4,V4,under_investigation,fixed,False,False,False,n/a,0.0,True,4,199,26,1.0,1.0,1.0,0.0,0.0
D7-CVE-2024-33599-deb-ubuntu-noble-V2|DCv21b|llama31_8b|blind|P3|60.0|0.0|0|||0|d7|v3,llama31_8b,DCv21,blind,CVE-2024-33599,D7-CVE-2024-33599-deb-ubuntu-noble-V2,V2,under_investigation,affected,False,False,False,first_pass,0.0,True,5,604,80,1.0,1.0,1.0,0.0,0.0
D7-CVE-2024-33599-deb-ubuntu-noble-V2|DCv21b|llama31_8b|tracker|P3|60.0|0.0|0|||0|d7|v3,llama31_8b,DCv21,tracker,CVE-2024-33599,D7-CVE-2024-33599-deb-ubuntu-noble-V2,V2,affected,affected,True,False,False,first_pass,0.0,True,4,468,68,1.0,1.0,1.0,0.0,0.0
D7-CVE-2024-33599-deb-ubuntu-noble-V2|DCv21b|llama31_8b|withheld|P3|60.0|0.0|0|||0|d7|v3,llama31_8b,DCv21,withheld,CVE-2024-33599,D7-CVE-2024-33599-deb-ubuntu-noble-V2,V2,under_investigation,affected,False,False,False,first_pass,0.0,True,6,604,80,1.0,1.0,1.0,0.0,0.0
D7-CVE-2024-33599-deb-ubuntu-noble-V2|DC|llama31_8b|blind|P3|60.0|0.0|0|||0|d7|v3,llama31_8b,DC,blind,CVE-2024-33599,D7-CVE-2024-33599-deb-ubuntu-noble-V2,V2,under_investigation,affected,False,False,False,n/a,0.0,True,4,319,47,1.0,1.0,1.0,0.0,0.0
D7-CVE-2024-33599-deb-ubuntu-noble-V2|DC|llama31_8b|tracker|P3|60.0|0.0|0|||0|d7|v3,llama31_8b,DC,tracker,CVE-2024-33599,D7-CVE-2024-33599-deb-ubuntu-noble-V2,V2,affected,affected,True,False,False,n/a,0.0,True,3,388,58,1.0,0.0,0.0,0.5,0.0
D7-CVE-2024-33599-deb-ubuntu-noble-V2|DC|llama31_8b|withheld|P3|60.0|0.0|0|||0|d7|v3,llama31_8b,DC,withheld,CVE-2024-33599,D7-CVE-2024-33599-deb-ubuntu-noble-V2,V2,under_investigation,affected,False,False,False,n/a,0.0,True,4,319,47,1.0,1.0,1.0,0.0,0.0
D7-CVE-2024-33599-deb-ubuntu-noble-V4|DCv21b|qwen3_14b|blind|P3|60.0|0.0|0|||0|d7|v3,qwen3_14b,DCv21,blind,CVE-2024-33599,D7-CVE-2024-33599-deb-ubuntu-noble-V4,V4,under_investigation,fixed,False,False,False,first_pass,0.0,True,4,452,56,1.0,1.0,1.0,0.0,0.0
D7-CVE-2024-33599-deb-ubuntu-noble-V4|DCv21b|qwen3_14b|tracker|P3|60.0|0.0|0|||0|d7|v3,qwen3_14b,DCv21,tracker,CVE-2024-33599,D7-CVE-2024-33599-deb-ubuntu-noble-V4,V4,fixed,fixed,True,False,False,first_pass,0.0,True,4,335,48,1.0,1.0,1.0,0.0,0.0
D7-CVE-2024-33599-deb-ubuntu-noble-V4|DCv21b|qwen3_14b|withheld|P3|60.0|0.0|0|||0|d7|v3,qwen3_14b,DCv21,withheld,CVE-2024-33599,D7-CVE-2024-33599-deb-ubuntu-noble-V4,V4,under_investigation,fixed,False,False,False,first_pass,0.0,True,4,400,54,1.0,1.0,1.0,0.0,0.0
D7-CVE-2024-33599-deb-ubuntu-noble-V4|DC|qwen3_14b|blind|P3|60.0|0.0|0|||0|d7|v3,qwen3_14b,DC,blind,CVE-2024-33599,D7-CVE-2024-33599-deb-ubuntu-noble-V4,V4,under_investigation,fixed,False,False,False,n/a,0.0,True,3,350,49,1.0,1.0,1.0,0.0,0.0
D7-CVE-2024-33599-deb-ubuntu-noble-V4|DC|qwen3_14b|tracker|P3|60.0|0.0|0|||0|d7|v3,qwen3_14b,DC,tracker,CVE-2024-33599,D7-CVE-2024-33599-deb-ubuntu-noble-V4,V4,fixed,fixed,True,False,False,n/a,0.0,True,5,390,58,1.0,1.0,1.0,0.0,0.0
D7-CVE-2024-33599-deb-ubuntu-noble-V4|DC|qwen3_14b|withheld|P3|60.0|0.0|0|||0|d7|v3,qwen3_14b,DC,withheld,CVE-2024-33599,D7-CVE-2024-33599-deb-ubuntu-noble-V4,V4,under_investigation,fixed,False,False,False,n/a,0.0,True,3,359,50,1.0,1.0,1.0,0.0,0.0
D7-CVE-2024-37383-vendor-jammy-V4|DCv21b|gemma4_31b|blind|P3|60.0|0.0|0|||0|d7|v3,gemma4_31b,DCv21,blind,CVE-2024-37383,D7-CVE-2024-37383-vendor-jammy-V4,V4,under_investigation,fixed,False,False,False,first_pass,0.0,True,4,275,34,1.0,1.0,1.0,0.0,0.0
D7-CVE-2024-37383-vendor-jammy-V4|DCv21b|gemma4_31b|tracker|P3|60.0|0.0|0|||0|d7|v3,gemma4_31b,DCv21,tracker,CVE-2024-37383,D7-CVE-2024-37383-vendor-jammy-V4,V4,under_investigation,fixed,False,False,False,first_pass,0.0,True,3,266,34,1.0,1.0,1.0,0.0,0.0
D7-CVE-2024-37383-vendor-jammy-V4|DCv21b|gemma4_31b|withheld|P3|60.0|0.0|0|||0|d7|v3,gemma4_31b,DCv21,withheld,CVE-2024-37383,D7-CVE-2024-37383-vendor-jammy-V4,V4,under_investigation,fixed,False,False,False,first_pass,0.0,True,4,275,34,1.0,1.0,1.0,0.0,0.0
D7-CVE-2024-37383-vendor-jammy-V4|DC|gemma4_31b|blind|P3|60.0|0.0|0|||0|d7|v3,gemma4_31b,DC,blind,CVE-2024-37383,D7-CVE-2024-37383-vendor-jammy-V4,V4,under_investigation,fixed,False,False,False,n/a,0.0,True,4,267,39,1.0,1.0,1.0,0.0,0.0
D7-CVE-2024-37383-vendor-jammy-V4|DC|gemma4_31b|tracker|P3|60.0|0.0|0|||0|d7|v3,gemma4_31b,DC,tracker,CVE-2024-37383,D7-CVE-2024-37383-vendor-jammy-V4,V4,fixed,fixed,True,False,False,n/a,0.0,True,4,265,41,1.0,1.0,1.0,0.0,0.0
D7-CVE-2024-37383-vendor-jammy-V4|DC|gemma4_31b|withheld|P3|60.0|0.0|0|||0|d7|v3,gemma4_31b,DC,withheld,CVE-2024-37383,D7-CVE-2024-37383-vendor-jammy-V4,V4,under_investigation,fixed,False,False,False,n/a,0.0,True,4,267,39,1.0,1.0,1.0,0.0,0.0
D7-CVE-2024-37383-vendor-jammy-V8-b2|DCv21b|mistral_medium_128b|blind|P3|60.0|0.0|0|||0|d7|v3,mistral_medium_128b,DCv21,blind,CVE-2024-37383,D7-CVE-2024-37383-vendor-jammy-V8-b2,V8,under_investigation,affected,False,False,False,first_pass,0.0,True,4,367,47,1.0,1.0,1.0,0.0,0.0
D7-CVE-2024-37383-vendor-jammy-V8-b2|DCv21b|mistral_medium_128b|tracker|P3|60.0|0.0|0|||0|d7|v3,mistral_medium_128b,DCv21,tracker,CVE-2024-37383,D7-CVE-2024-37383-vendor-jammy-V8-b2,V8,affected,affected,True,False,False,first_pass,0.0,True,4,288,41,1.0,1.0,1.0,0.0,0.0
D7-CVE-2024-37383-vendor-jammy-V8-b2|DCv21b|mistral_medium_128b|withheld|P3|60.0|0.0|0|||0|d7|v3,mistral_medium_128b,DCv21,withheld,CVE-2024-37383,D7-CVE-2024-37383-vendor-jammy-V8-b2,V8,under_investigation,affected,False,False,False,first_pass,0.0,True,5,380,50,1.0,1.0,1.0,0.0,0.0
D7-CVE-2024-37383-vendor-jammy-V8-b2|DC|mistral_medium_128b|blind|P3|60.0|0.0|0|||0|d7|v3,mistral_medium_128b,DC,blind,CVE-2024-37383,D7-CVE-2024-37383-vendor-jammy-V8-b2,V8,under_investigation,affected,False,False,False,n/a,0.0,True,4,315,41,1.0,1.0,1.0,0.0,0.0
D7-CVE-2024-37383-vendor-jammy-V8-b2|DC|mistral_medium_128b|tracker|P3|60.0|0.0|0|||0|d7|v3,mistral_medium_128b,DC,tracker,CVE-2024-37383,D7-CVE-2024-37383-vendor-jammy-V8-b2,V8,affected,affected,True,False,False,n/a,0.0,True,5,303,46,1.0,1.0,1.0,0.0,0.0
D7-CVE-2024-37383-vendor-jammy-V8-b2|DC|mistral_medium_128b|withheld|P3|60.0|0.0|0|||0|d7|v3,mistral_medium_128b,DC,withheld,CVE-2024-37383,D7-CVE-2024-37383-vendor-jammy-V8-b2,V8,under_investigation,affected,False,False,False,n/a,0.0,True,4,315,41,1.0,1.0,1.0,0.0,0.0
D7-CVE-2024-37383-vendor-jammy-V8|DCv21b|gemma4_31b|blind|P3|60.0|0.0|0|||0|d7|v3,gemma4_31b,DCv21,blind,CVE-2024-37383,D7-CVE-2024-37383-vendor-jammy-V8,V8,under_investigation,affected,False,False,False,first_pass,0.0,True,4,275,34,1.0,1.0,1.0,0.0,0.0
D7-CVE-2024-37383-vendor-jammy-V8|DCv21b|gemma4_31b|tracker|P3|60.0|0.0|0|||0|d7|v3,gemma4_31b,DCv21,tracker,CVE-2024-37383,D7-CVE-2024-37383-vendor-jammy-V8,V8,affected,affected,True,False,False,first_pass,0.0,True,3,199,29,1.0,1.0,1.0,0.0,0.0
D7-CVE-2024-37383-vendor-jammy-V8|DCv21b|gemma4_31b|withheld|P3|60.0|0.0|0|||0|d7|v3,gemma4_31b,DCv21,withheld,CVE-2024-37383,D7-CVE-2024-37383-vendor-jammy-V8,V8,under_investigation,affected,False,False,False,first_pass,0.0,True,4,275,34,1.0,1.0,1.0,0.0,0.0
D7-CVE-2024-37383-vendor-jammy-V8|DC|gemma4_31b|blind|P3|60.0|0.0|0|||0|d7|v3,gemma4_31b,DC,blind,CVE-2024-37383,D7-CVE-2024-37383-vendor-jammy-V8,V8,under_investigation,affected,False,False,False,n/a,0.0,True,4,290,42,1.0,1.0,1.0,0.0,0.0
D7-CVE-2024-37383-vendor-jammy-V8|DC|gemma4_31b|tracker|P3|60.0|0.0|0|||0|d7|v3,gemma4_31b,DC,tracker,CVE-2024-37383,D7-CVE-2024-37383-vendor-jammy-V8,V8,affected,affected,True,False,False,n/a,0.0,True,4,214,34,1.0,1.0,1.0,0.0,0.0
D7-CVE-2024-37383-vendor-jammy-V8|DC|gemma4_31b|withheld|P3|60.0|0.0|0|||0|d7|v3,gemma4_31b,DC,withheld,CVE-2024-37383,D7-CVE-2024-37383-vendor-jammy-V8,V8,under_investigation,affected,False,False,False,n/a,0.0,True,4,290,42,1.0,1.0,1.0,0.0,0.0
D7-CVE-2024-38475-deb-ubuntu-jammy-V4|DCv21b|granite41_8b|blind|P3|60.0|0.0|0|||0|d7|v3,granite41_8b,DCv21,blind,CVE-2024-38475,D7-CVE-2024-38475-deb-ubuntu-jammy-V4,V4,under_investigation,fixed,False,False,False,first_pass,0.0,True,6,445,65,1.0,1.0,1.0,0.0,0.0
D7-CVE-2024-38475-deb-ubuntu-jammy-V4|DCv21b|granite41_8b|tracker|P3|60.0|0.0|0|||0|d7|v3,granite41_8b,DCv21,tracker,CVE-2024-38475,D7-CVE-2024-38475-deb-ubuntu-jammy-V4,V4,fixed,fixed,True,False,False,first_pass,0.0,True,6,517,72,1.0,1.0,1.0,0.0,0.0
D7-CVE-2024-38475-deb-ubuntu-jammy-V4|DCv21b|granite41_8b|withheld|P3|60.0|0.0|0|||0|d7|v3,granite41_8b,DCv21,withheld,CVE-2024-38475,D7-CVE-2024-38475-deb-ubuntu-jammy-V4,V4,under_investigation,fixed,False,False,False,first_pass,0.0,True,6,447,65,1.0,1.0,1.0,0.0,0.0
D7-CVE-2024-38475-deb-ubuntu-jammy-V4|DC|granite41_8b|blind|P3|60.0|0.0|0|||0|d7|v3,granite41_8b,DC,blind,CVE-2024-38475,D7-CVE-2024-38475-deb-ubuntu-jammy-V4,V4,under_investigation,fixed,False,False,False,n/a,0.0,True,4,328,42,1.0,1.0,1.0,0.0,0.0
D7-CVE-2024-38475-deb-ubuntu-jammy-V4|DC|granite41_8b|tracker|P3|60.0|0.0|0|||0|d7|v3,granite41_8b,DC,tracker,CVE-2024-38475,D7-CVE-2024-38475-deb-ubuntu-jammy-V4,V4,fixed,fixed,True,False,False,n/a,0.0,True,4,378,60,1.0,1.0,1.0,0.0,0.0
D7-CVE-2024-38475-deb-ubuntu-jammy-V4|DC|granite41_8b|withheld|P3|60.0|0.0|0|||0|d7|v3,granite41_8b,DC,withheld,CVE-2024-38475,D7-CVE-2024-38475-deb-ubuntu-jammy-V4,V4,under_investigation,fixed,False,False,False,n/a,0.0,True,4,328,42,1.0,1.0,1.0,0.0,0.0
D7-CVE-2024-38475-deb-ubuntu-noble-V1|DCv21b|llama31_8b|blind|P3|60.0|0.0|0|||0|d7|v3,llama31_8b,DCv21,blind,CVE-2024-38475,D7-CVE-2024-38475-deb-ubuntu-noble-V1,V1,not_affected,not_affected,True,False,False,repaired,0.0,True,3,372,54,1.0,1.0,1.0,0.0,0.0
D7-CVE-2024-38475-deb-ubuntu-noble-V1|DCv21b|llama31_8b|tracker|P3|60.0|0.0|0|||0|d7|v3,llama31_8b,DCv21,tracker,CVE-2024-38475,D7-CVE-2024-38475-deb-ubuntu-noble-V1,V1,not_affected,not_affected,True,False,False,first_pass,0.0,True,4,433,57,1.0,1.0,1.0,0.0,0.0
D7-CVE-2024-38475-deb-ubuntu-noble-V1|DCv21b|llama31_8b|withheld|P3|60.0|0.0|0|||0|d7|v3,llama31_8b,DCv21,withheld,CVE-2024-38475,D7-CVE-2024-38475-deb-ubuntu-noble-V1,V1,not_affected,not_affected,True,False,False,repaired,0.0,True,3,232,33,1.0,1.0,1.0,0.0,0.0
D7-CVE-2024-38475-deb-ubuntu-noble-V1|DC|llama31_8b|blind|P3|60.0|0.0|0|||0|d7|v3,llama31_8b,DC,blind,CVE-2024-38475,D7-CVE-2024-38475-deb-ubuntu-noble-V1,V1,not_affected,not_affected,True,False,False,n/a,0.0,True,3,339,53,1.0,1.0,1.0,0.0,0.0
D7-CVE-2024-38475-deb-ubuntu-noble-V1|DC|llama31_8b|tracker|P3|60.0|0.0|0|||0|d7|v3,llama31_8b,DC,tracker,CVE-2024-38475,D7-CVE-2024-38475-deb-ubuntu-noble-V1,V1,not_affected,not_affected,True,False,False,n/a,0.0,True,5,377,60,1.0,1.0,1.0,0.0,0.0
D7-CVE-2024-38475-deb-ubuntu-noble-V1|DC|llama31_8b|withheld|P3|60.0|0.0|0|||0|d7|v3,llama31_8b,DC,withheld,CVE-2024-38475,D7-CVE-2024-38475-deb-ubuntu-noble-V1,V1,not_affected,not_affected,True,False,False,n/a,0.0,True,3,339,53,1.0,1.0,1.0,0.0,0.0
D7-CVE-2024-38475-deb-ubuntu-noble-V4|DCv21b|gemma4_31b|blind|P3|60.0|0.0|0|||0|d7|v3,gemma4_31b,DCv21,blind,CVE-2024-38475,D7-CVE-2024-38475-deb-ubuntu-noble-V4,V4,under_investigation,fixed,False,False,False,first_pass,0.0,True,3,305,37,1.0,1.0,1.0,0.0,0.0
D7-CVE-2024-38475-deb-ubuntu-noble-V4|DCv21b|gemma4_31b|tracker|P3|60.0|0.0|0|||0|d7|v3,gemma4_31b,DCv21,tracker,CVE-2024-38475,D7-CVE-2024-38475-deb-ubuntu-noble-V4,V4,fixed,fixed,True,False,False,first_pass,0.0,True,6,226,29,1.0,1.0,1.0,0.0,0.0
D7-CVE-2024-38475-deb-ubuntu-noble-V4|DCv21b|gemma4_31b|withheld|P3|60.0|0.0|0|||0|d7|v3,gemma4_31b,DCv21,withheld,CVE-2024-38475,D7-CVE-2024-38475-deb-ubuntu-noble-V4,V4,under_investigation,fixed,False,False,False,first_pass,0.0,True,3,305,37,1.0,1.0,1.0,0.0,0.0
D7-CVE-2024-38475-deb-ubuntu-noble-V4|DC|gemma4_31b|blind|P3|60.0|0.0|0|||0|d7|v3,gemma4_31b,DC,blind,CVE-2024-38475,D7-CVE-2024-38475-deb-ubuntu-noble-V4,V4,under_investigation,fixed,False,False,False,n/a,0.0,True,4,275,41,1.0,1.0,1.0,0.0,0.0
D7-CVE-2024-38475-deb-ubuntu-noble-V4|DC|gemma4_31b|tracker|P3|60.0|0.0|0|||0|d7|v3,gemma4_31b,DC,tracker,CVE-2024-38475,D7-CVE-2024-38475-deb-ubuntu-noble-V4,V4,fixed,fixed,True,False,False,n/a,0.0,True,4,214,32,1.0,1.0,1.0,0.0,0.0
D7-CVE-2024-38475-deb-ubuntu-noble-V4|DC|gemma4_31b|withheld|P3|60.0|0.0|0|||0|d7|v3,gemma4_31b,DC,withheld,CVE-2024-38475,D7-CVE-2024-38475-deb-ubuntu-noble-V4,V4,under_investigation,fixed,False,False,False,n/a,0.0,True,4,275,41,1.0,1.0,1.0,0.0,0.0
D7-CVE-2024-45231-pypi-jammy-V2-b2|DCv21b|mistral_small_24b|blind|P3|60.0|0.0|0|||0|d7|v3,mistral_small_24b,DCv21,blind,CVE-2024-45231,D7-CVE-2024-45231-pypi-jammy-V2-b2,V2,under_investigation,affected,False,False,False,first_pass,0.0,True,3,300,36,1.0,1.0,1.0,0.0,0.0
D7-CVE-2024-45231-pypi-jammy-V2-b2|DCv21b|mistral_small_24b|tracker|P3|60.0|0.0|0|||0|d7|v3,mistral_small_24b,DCv21,tracker,CVE-2024-45231,D7-CVE-2024-45231-pypi-jammy-V2-b2,V2,affected,affected,True,False,False,first_pass,0.0,True,6,351,44,1.0,1.0,1.0,0.0,0.0
D7-CVE-2024-45231-pypi-jammy-V2-b2|DCv21b|mistral_small_24b|withheld|P3|60.0|0.0|0|||0|d7|v3,mistral_small_24b,DCv21,withheld,CVE-2024-45231,D7-CVE-2024-45231-pypi-jammy-V2-b2,V2,under_investigation,affected,False,False,False,first_pass,0.0,True,3,300,36,1.0,1.0,1.0,0.0,0.0
D7-CVE-2024-45231-pypi-jammy-V2-b2|DC|mistral_small_24b|blind|P3|60.0|0.0|0|||0|d7|v3,mistral_small_24b,DC,blind,CVE-2024-45231,D7-CVE-2024-45231-pypi-jammy-V2-b2,V2,under_investigation,affected,False,False,False,n/a,0.0,True,3,360,53,1.0,0.0,0.0,0.6666666666666666,0.0
D7-CVE-2024-45231-pypi-jammy-V2-b2|DC|mistral_small_24b|tracker|P3|60.0|0.0|0|||0|d7|v3,mistral_small_24b,DC,tracker,CVE-2024-45231,D7-CVE-2024-45231-pypi-jammy-V2-b2,V2,affected,affected,True,False,False,n/a,0.0,True,5,333,50,1.0,1.0,1.0,0.0,0.0
D7-CVE-2024-45231-pypi-jammy-V2-b2|DC|mistral_small_24b|withheld|P3|60.0|0.0|0|||0|d7|v3,mistral_small_24b,DC,withheld,CVE-2024-45231,D7-CVE-2024-45231-pypi-jammy-V2-b2,V2,under_investigation,affected,False,False,False,n/a,0.0,True,3,360,53,1.0,0.0,0.0,0.6666666666666666,0.0
D7-CVE-2024-45231-pypi-noble-V3|DCv21b|qwen3_14b|blind|P3|60.0|0.0|0|||0|d7|v3,qwen3_14b,DCv21,blind,CVE-2024-45231,D7-CVE-2024-45231-pypi-noble-V3,V3,under_investigation,fixed,False,False,False,first_pass,0.0,True,4,308,39,1.0,1.0,1.0,0.0,0.0
D7-CVE-2024-45231-pypi-noble-V3|DCv21b|qwen3_14b|tracker|P3|60.0|0.0|0|||0|d7|v3,qwen3_14b,DCv21,tracker,CVE-2024-45231,D7-CVE-2024-45231-pypi-noble-V3,V3,fixed,fixed,True,False,False,first_pass,0.0,True,4,285,45,1.0,1.0,1.0,0.0,0.0
D7-CVE-2024-45231-pypi-noble-V3|DCv21b|qwen3_14b|withheld|P3|60.0|0.0|0|||0|d7|v3,qwen3_14b,DCv21,withheld,CVE-2024-45231,D7-CVE-2024-45231-pypi-noble-V3,V3,under_investigation,fixed,False,False,False,first_pass,0.0,True,4,308,39,1.0,1.0,1.0,0.0,0.0
D7-CVE-2024-45231-pypi-noble-V3|DC|qwen3_14b|blind|P3|60.0|0.0|0|||0|d7|v3,qwen3_14b,DC,blind,CVE-2024-45231,D7-CVE-2024-45231-pypi-noble-V3,V3,under_investigation,fixed,False,False,False,n/a,0.0,True,4,345,50,1.0,1.0,1.0,0.0,0.0
D7-CVE-2024-45231-pypi-noble-V3|DC|qwen3_14b|tracker|P3|60.0|0.0|0|||0|d7|v3,qwen3_14b,DC,tracker,CVE-2024-45231,D7-CVE-2024-45231-pypi-noble-V3,V3,fixed,fixed,True,False,False,n/a,0.0,True,5,329,51,1.0,1.0,1.0,0.0,0.0
D7-CVE-2024-45231-pypi-noble-V3|DC|qwen3_14b|withheld|P3|60.0|0.0|0|||0|d7|v3,qwen3_14b,DC,withheld,CVE-2024-45231,D7-CVE-2024-45231-pypi-noble-V3,V3,under_investigation,fixed,False,False,False,n/a,0.0,True,4,345,50,1.0,1.0,1.0,0.0,0.0
D7-CVE-2024-52804-pypi-jammy-V3|DCv21b|llama31_8b|blind|P3|60.0|0.0|0|||0|d7|v3,llama31_8b,DCv21,blind,CVE-2024-52804,D7-CVE-2024-52804-pypi-jammy-V3,V3,under_investigation,fixed,False,False,False,first_pass,0.0,True,2,348,53,1.0,1.0,1.0,0.0,0.0
D7-CVE-2024-52804-pypi-jammy-V3|DCv21b|llama31_8b|tracker|P3|60.0|0.0|0|||0|d7|v3,llama31_8b,DCv21,tracker,CVE-2024-52804,D7-CVE-2024-52804-pypi-jammy-V3,V3,fixed,fixed,True,False,False,first_pass,0.0,True,3,381,59,1.0,1.0,1.0,0.0,0.0
D7-CVE-2024-52804-pypi-jammy-V3|DCv21b|llama31_8b|withheld|P3|60.0|0.0|0|||0|d7|v3,llama31_8b,DCv21,withheld,CVE-2024-52804,D7-CVE-2024-52804-pypi-jammy-V3,V3,under_investigation,fixed,False,False,False,repaired,0.0,True,4,420,50,1.0,1.0,1.0,0.0,0.0
D7-CVE-2024-52804-pypi-jammy-V3|DC|llama31_8b|blind|P3|60.0|0.0|0|||0|d7|v3,llama31_8b,DC,blind,CVE-2024-52804,D7-CVE-2024-52804-pypi-jammy-V3,V3,under_investigation,fixed,False,False,False,n/a,0.0,True,4,521,74,1.0,0.5,0.5,0.5,0.0
D7-CVE-2024-52804-pypi-jammy-V3|DC|llama31_8b|tracker|P3|60.0|0.0|0|||0|d7|v3,llama31_8b,DC,tracker,CVE-2024-52804,D7-CVE-2024-52804-pypi-jammy-V3,V3,fixed,fixed,True,False,False,n/a,0.0,True,6,458,67,1.0,1.0,1.0,0.0,0.0
D7-CVE-2024-52804-pypi-jammy-V3|DC|llama31_8b|withheld|P3|60.0|0.0|0|||0|d7|v3,llama31_8b,DC,withheld,CVE-2024-52804,D7-CVE-2024-52804-pypi-jammy-V3,V3,under_investigation,fixed,False,False,False,n/a,0.0,True,4,508,71,1.0,0.5,0.5,0.5,0.0
D7-CVE-2024-56171-deb-ubuntu-jammy-V4|DCv21b|gemma4_31b|blind|P3|60.0|0.0|0|||0|d7|v3,gemma4_31b,DCv21,blind,CVE-2024-56171,D7-CVE-2024-56171-deb-ubuntu-jammy-V4,V4,under_investigation,fixed,False,False,False,first_pass,0.0,True,3,243,27,1.0,1.0,1.0,0.0,0.0
D7-CVE-2024-56171-deb-ubuntu-jammy-V4|DCv21b|gemma4_31b|tracker|P3|60.0|0.0|0|||0|d7|v3,gemma4_31b,DCv21,tracker,CVE-2024-56171,D7-CVE-2024-56171-deb-ubuntu-jammy-V4,V4,fixed,fixed,True,False,False,first_pass,0.0,True,5,221,27,1.0,1.0,1.0,0.0,0.0
D7-CVE-2024-56171-deb-ubuntu-jammy-V4|DCv21b|gemma4_31b|withheld|P3|60.0|0.0|0|||0|d7|v3,gemma4_31b,DCv21,withheld,CVE-2024-56171,D7-CVE-2024-56171-deb-ubuntu-jammy-V4,V4,under_investigation,fixed,False,False,False,first_pass,0.0,True,3,243,27,1.0,1.0,1.0,0.0,0.0
D7-CVE-2024-56171-deb-ubuntu-jammy-V4|DC|gemma4_31b|blind|P3|60.0|0.0|0|||0|d7|v3,gemma4_31b,DC,blind,CVE-2024-56171,D7-CVE-2024-56171-deb-ubuntu-jammy-V4,V4,under_investigation,fixed,False,False,False,n/a,0.0,True,4,273,40,1.0,1.0,1.0,0.0,0.0
D7-CVE-2024-56171-deb-ubuntu-jammy-V4|DC|gemma4_31b|tracker|P3|60.0|0.0|0|||0|d7|v3,gemma4_31b,DC,tracker,CVE-2024-56171,D7-CVE-2024-56171-deb-ubuntu-jammy-V4,V4,fixed,fixed,True,False,False,n/a,0.0,True,4,204,31,1.0,1.0,1.0,0.0,0.0
D7-CVE-2024-56171-deb-ubuntu-jammy-V4|DC|gemma4_31b|withheld|P3|60.0|0.0|0|||0|d7|v3,gemma4_31b,DC,withheld,CVE-2024-56171,D7-CVE-2024-56171-deb-ubuntu-jammy-V4,V4,under_investigation,fixed,False,False,False,n/a,0.0,True,4,273,40,1.0,1.0,1.0,0.0,0.0
D7-CVE-2024-56171-deb-ubuntu-noble-V6|DCv21b|qwen3_14b|blind|P3|60.0|0.0|0|||0|d7|v3,qwen3_14b,DCv21,blind,CVE-2024-56171,D7-CVE-2024-56171-deb-ubuntu-noble-V6,V6,not_affected,not_affected,True,False,False,fallback,1.0,True,2,142,16,1.0,1.0,1.0,0.0,0.0
D7-CVE-2024-56171-deb-ubuntu-noble-V6|DCv21b|qwen3_14b|tracker|P3|60.0|0.0|0|||0|d7|v3,qwen3_14b,DCv21,tracker,CVE-2024-56171,D7-CVE-2024-56171-deb-ubuntu-noble-V6,V6,not_affected,not_affected,True,False,False,first_pass,0.0,True,4,382,50,1.0,1.0,1.0,0.0,0.0
D7-CVE-2024-56171-deb-ubuntu-noble-V6|DCv21b|qwen3_14b|withheld|P3|60.0|0.0|0|||0|d7|v3,qwen3_14b,DCv21,withheld,CVE-2024-56171,D7-CVE-2024-56171-deb-ubuntu-noble-V6,V6,not_affected,not_affected,True,False,False,fallback,1.0,True,3,142,16,1.0,1.0,1.0,0.0,0.0
D7-CVE-2024-56171-deb-ubuntu-noble-V6|DC|qwen3_14b|blind|P3|60.0|0.0|0|||0|d7|v3,qwen3_14b,DC,blind,CVE-2024-56171,D7-CVE-2024-56171-deb-ubuntu-noble-V6,V6,not_affected,not_affected,True,False,False,n/a,0.0,True,4,362,53,1.0,1.0,1.0,0.0,0.0
D7-CVE-2024-56171-deb-ubuntu-noble-V6|DC|qwen3_14b|tracker|P3|60.0|0.0|0|||0|d7|v3,qwen3_14b,DC,tracker,CVE-2024-56171,D7-CVE-2024-56171-deb-ubuntu-noble-V6,V6,not_affected,not_affected,True,False,False,n/a,0.0,True,4,388,58,1.0,1.0,1.0,0.0,0.0
D7-CVE-2024-56171-deb-ubuntu-noble-V6|DC|qwen3_14b|withheld|P3|60.0|0.0|0|||0|d7|v3,qwen3_14b,DC,withheld,CVE-2024-56171,D7-CVE-2024-56171-deb-ubuntu-noble-V6,V6,not_affected,not_affected,True,False,False,n/a,0.0,True,3,362,53,1.0,1.0,1.0,0.0,0.0
D7-CVE-2024-7347-deb-ubuntu-jammy-V2|DCv21b|qwen3_4b|blind|P3|60.0|0.0|0|||0|d7|v3,qwen3_4b,DCv21,blind,CVE-2024-7347,D7-CVE-2024-7347-deb-ubuntu-jammy-V2,V2,under_investigation,affected,False,False,False,first_pass,0.0,True,5,424,52,1.0,0.6666666666666666,0.6666666666666666,0.0,0.0
D7-CVE-2024-7347-deb-ubuntu-jammy-V2|DCv21b|qwen3_4b|tracker|P3|60.0|0.0|0|||0|d7|v3,qwen3_4b,DCv21,tracker,CVE-2024-7347,D7-CVE-2024-7347-deb-ubuntu-jammy-V2,V2,affected,affected,True,False,False,first_pass,0.0,True,4,268,33,1.0,1.0,1.0,0.0,0.0
D7-CVE-2024-7347-deb-ubuntu-jammy-V2|DCv21b|qwen3_4b|withheld|P3|60.0|0.0|0|||0|d7|v3,qwen3_4b,DCv21,withheld,CVE-2024-7347,D7-CVE-2024-7347-deb-ubuntu-jammy-V2,V2,under_investigation,affected,False,False,False,first_pass,0.0,True,5,424,52,1.0,0.6666666666666666,0.6666666666666666,0.0,0.0
D7-CVE-2024-7347-deb-ubuntu-jammy-V2|DC|qwen3_4b|blind|P3|60.0|0.0|0|||0|d7|v3,qwen3_4b,DC,blind,CVE-2024-7347,D7-CVE-2024-7347-deb-ubuntu-jammy-V2,V2,under_investigation,affected,False,False,False,n/a,0.0,True,5,292,42,1.0,1.0,1.0,0.0,0.0
D7-CVE-2024-7347-deb-ubuntu-jammy-V2|DC|qwen3_4b|tracker|P3|60.0|0.0|0|||0|d7|v3,qwen3_4b,DC,tracker,CVE-2024-7347,D7-CVE-2024-7347-deb-ubuntu-jammy-V2,V2,affected,affected,True,False,False,n/a,0.0,True,4,311,46,1.0,1.0,1.0,0.0,0.0
D7-CVE-2024-7347-deb-ubuntu-jammy-V2|DC|qwen3_4b|withheld|P3|60.0|0.0|0|||0|d7|v3,qwen3_4b,DC,withheld,CVE-2024-7347,D7-CVE-2024-7347-deb-ubuntu-jammy-V2,V2,under_investigation,affected,False,False,False,n/a,0.0,True,5,292,42,1.0,1.0,1.0,0.0,0.0
D7-CVE-2024-7347-deb-ubuntu-noble-V1|DCv21b|qwen3_14b|blind|P3|60.0|0.0|0|||0|d7|v3,qwen3_14b,DCv21,blind,CVE-2024-7347,D7-CVE-2024-7347-deb-ubuntu-noble-V1,V1,not_affected,not_affected,True,False,False,first_pass,0.0,True,3,310,46,1.0,1.0,1.0,0.0,0.0
D7-CVE-2024-7347-deb-ubuntu-noble-V1|DCv21b|qwen3_14b|tracker|P3|60.0|0.0|0|||0|d7|v3,qwen3_14b,DCv21,tracker,CVE-2024-7347,D7-CVE-2024-7347-deb-ubuntu-noble-V1,V1,not_affected,not_affected,True,False,False,first_pass,0.0,True,4,384,53,1.0,1.0,1.0,0.0,0.0
D7-CVE-2024-7347-deb-ubuntu-noble-V1|DCv21b|qwen3_14b|withheld|P3|60.0|0.0|0|||0|d7|v3,qwen3_14b,DCv21,withheld,CVE-2024-7347,D7-CVE-2024-7347-deb-ubuntu-noble-V1,V1,not_affected,not_affected,True,False,False,first_pass,0.0,True,3,310,46,1.0,1.0,1.0,0.0,0.0
D7-CVE-2024-7347-deb-ubuntu-noble-V1|DC|qwen3_14b|blind|P3|60.0|0.0|0|||0|d7|v3,qwen3_14b,DC,blind,CVE-2024-7347,D7-CVE-2024-7347-deb-ubuntu-noble-V1,V1,not_affected,not_affected,True,False,False,n/a,0.0,True,3,334,52,1.0,1.0,1.0,0.0,0.0
D7-CVE-2024-7347-deb-ubuntu-noble-V1|DC|qwen3_14b|tracker|P3|60.0|0.0|0|||0|d7|v3,qwen3_14b,DC,tracker,CVE-2024-7347,D7-CVE-2024-7347-deb-ubuntu-noble-V1,V1,not_affected,not_affected,True,False,False,n/a,0.0,True,3,352,52,1.0,1.0,1.0,0.0,0.0
D7-CVE-2024-7347-deb-ubuntu-noble-V1|DC|qwen3_14b|withheld|P3|60.0|0.0|0|||0|d7|v3,qwen3_14b,DC,withheld,CVE-2024-7347,D7-CVE-2024-7347-deb-ubuntu-noble-V1,V1,not_affected,not_affected,True,False,False,n/a,0.0,True,3,334,52,1.0,1.0,1.0,0.0,0.0
D7-CVE-2024-7347-deb-ubuntu-noble-V3|DCv21b|mistral_medium_128b|blind|P3|60.0|0.0|0|||0|d7|v3,mistral_medium_128b,DCv21,blind,CVE-2024-7347,D7-CVE-2024-7347-deb-ubuntu-noble-V3,V3,under_investigation,fixed,False,False,False,first_pass,0.0,True,6,347,41,1.0,1.0,1.0,0.0,0.0
D7-CVE-2024-7347-deb-ubuntu-noble-V3|DCv21b|mistral_medium_128b|tracker|P3|60.0|0.0|0|||0|d7|v3,mistral_medium_128b,DCv21,tracker,CVE-2024-7347,D7-CVE-2024-7347-deb-ubuntu-noble-V3,V3,fixed,fixed,True,False,False,first_pass,0.0,True,5,236,33,1.0,1.0,1.0,0.0,0.0
D7-CVE-2024-7347-deb-ubuntu-noble-V3|DCv21b|mistral_medium_128b|withheld|P3|60.0|0.0|0|||0|d7|v3,mistral_medium_128b,DCv21,withheld,CVE-2024-7347,D7-CVE-2024-7347-deb-ubuntu-noble-V3,V3,under_investigation,fixed,False,False,False,first_pass,0.0,True,6,372,49,1.0,1.0,1.0,0.0,0.0
D7-CVE-2024-7347-deb-ubuntu-noble-V3|DC|mistral_medium_128b|blind|P3|60.0|0.0|0|||0|d7|v3,mistral_medium_128b,DC,blind,CVE-2024-7347,D7-CVE-2024-7347-deb-ubuntu-noble-V3,V3,under_investigation,fixed,False,False,False,n/a,0.0,True,4,287,45,1.0,1.0,1.0,0.0,0.0
D7-CVE-2024-7347-deb-ubuntu-noble-V3|DC|mistral_medium_128b|tracker|P3|60.0|0.0|0|||0|d7|v3,mistral_medium_128b,DC,tracker,CVE-2024-7347,D7-CVE-2024-7347-deb-ubuntu-noble-V3,V3,fixed,fixed,True,False,False,n/a,0.0,True,4,239,36,1.0,1.0,1.0,0.0,0.0
D7-CVE-2024-7347-deb-ubuntu-noble-V3|DC|mistral_medium_128b|withheld|P3|60.0|0.0|0|||0|d7|v3,mistral_medium_128b,DC,withheld,CVE-2024-7347,D7-CVE-2024-7347-deb-ubuntu-noble-V3,V3,under_investigation,fixed,False,False,False,n/a,0.0,True,4,287,45,1.0,1.0,1.0,0.0,0.0
D7-CVE-2025-23419-deb-ubuntu-jammy-V2|DCv21b|mistral_small_24b|blind|P3|60.0|0.0|0|||0|d7|v3,mistral_small_24b,DCv21,blind,CVE-2025-23419,D7-CVE-2025-23419-deb-ubuntu-jammy-V2,V2,under_investigation,affected,False,False,False,first_pass,0.0,True,5,380,42,1.0,1.0,1.0,0.0,0.0
D7-CVE-2025-23419-deb-ubuntu-jammy-V2|DCv21b|mistral_small_24b|tracker|P3|60.0|0.0|0|||0|d7|v3,mistral_small_24b,DCv21,tracker,CVE-2025-23419,D7-CVE-2025-23419-deb-ubuntu-jammy-V2,V2,affected,affected,True,False,False,first_pass,0.0,True,4,437,56,1.0,1.0,1.0,0.0,0.0
D7-CVE-2025-23419-deb-ubuntu-jammy-V2|DCv21b|mistral_small_24b|withheld|P3|60.0|0.0|0|||0|d7|v3,mistral_small_24b,DCv21,withheld,CVE-2025-23419,D7-CVE-2025-23419-deb-ubuntu-jammy-V2,V2,under_investigation,affected,False,False,False,first_pass,0.0,True,5,380,42,1.0,1.0,1.0,0.0,0.0
D7-CVE-2025-23419-deb-ubuntu-jammy-V2|DC|mistral_small_24b|blind|P3|60.0|0.0|0|||0|d7|v3,mistral_small_24b,DC,blind,CVE-2025-23419,D7-CVE-2025-23419-deb-ubuntu-jammy-V2,V2,under_investigation,affected,False,False,False,n/a,0.0,True,4,442,66,1.0,1.0,1.0,0.0,0.0
D7-CVE-2025-23419-deb-ubuntu-jammy-V2|DC|mistral_small_24b|tracker|P3|60.0|0.0|0|||0|d7|v3,mistral_small_24b,DC,tracker,CVE-2025-23419,D7-CVE-2025-23419-deb-ubuntu-jammy-V2,V2,affected,affected,True,False,False,n/a,0.0,True,5,331,49,1.0,1.0,1.0,0.0,0.0
D7-CVE-2025-23419-deb-ubuntu-jammy-V2|DC|mistral_small_24b|withheld|P3|60.0|0.0|0|||0|d7|v3,mistral_small_24b,DC,withheld,CVE-2025-23419,D7-CVE-2025-23419-deb-ubuntu-jammy-V2,V2,under_investigation,affected,False,False,False,n/a,0.0,True,4,442,66,1.0,1.0,1.0,0.0,0.0
D7-CVE-2025-23419-deb-ubuntu-jammy-V6|DCv21b|granite41_30b|blind|P3|60.0|0.0|0|||0|d7|v3,granite41_30b,DCv21,blind,CVE-2025-23419,D7-CVE-2025-23419-deb-ubuntu-jammy-V6,V6,not_affected,not_affected,True,False,False,first_pass,0.0,True,4,285,39,1.0,1.0,1.0,0.0,0.0
D7-CVE-2025-23419-deb-ubuntu-jammy-V6|DCv21b|granite41_30b|tracker|P3|60.0|0.0|0|||0|d7|v3,granite41_30b,DCv21,tracker,CVE-2025-23419,D7-CVE-2025-23419-deb-ubuntu-jammy-V6,V6,not_affected,not_affected,True,False,False,first_pass,0.0,True,3,394,55,1.0,1.0,1.0,0.0,0.0
D7-CVE-2025-23419-deb-ubuntu-jammy-V6|DCv21b|granite41_30b|withheld|P3|60.0|0.0|0|||0|d7|v3,granite41_30b,DCv21,withheld,CVE-2025-23419,D7-CVE-2025-23419-deb-ubuntu-jammy-V6,V6,not_affected,not_affected,True,False,False,first_pass,0.0,True,4,285,39,1.0,1.0,1.0,0.0,0.0
D7-CVE-2025-23419-deb-ubuntu-jammy-V6|DC|granite41_30b|blind|P3|60.0|0.0|0|||0|d7|v3,granite41_30b,DC,blind,CVE-2025-23419,D7-CVE-2025-23419-deb-ubuntu-jammy-V6,V6,not_affected,not_affected,True,False,False,n/a,0.0,True,4,310,48,1.0,1.0,1.0,0.0,0.0
D7-CVE-2025-23419-deb-ubuntu-jammy-V6|DC|granite41_30b|tracker|P3|60.0|0.0|0|||0|d7|v3,granite41_30b,DC,tracker,CVE-2025-23419,D7-CVE-2025-23419-deb-ubuntu-jammy-V6,V6,not_affected,not_affected,True,False,False,n/a,0.0,True,3,287,41,1.0,1.0,1.0,0.0,0.0
D7-CVE-2025-23419-deb-ubuntu-jammy-V6|DC|granite41_30b|withheld|P3|60.0|0.0|0|||0|d7|v3,granite41_30b,DC,withheld,CVE-2025-23419,D7-CVE-2025-23419-deb-ubuntu-jammy-V6,V6,not_affected,not_affected,True,False,False,n/a,0.0,True,4,325,47,1.0,1.0,1.0,0.0,0.0
D7-CVE-2025-24813-vendor-jammy-V6|DCv21b|granite41_8b|blind|P3|60.0|0.0|0|||0|d7|v3,granite41_8b,DCv21,blind,CVE-2025-24813,D7-CVE-2025-24813-vendor-jammy-V6,V6,not_affected,not_affected,True,False,False,first_pass,0.0,True,5,510,72,1.0,1.0,1.0,0.0,0.0
D7-CVE-2025-24813-vendor-jammy-V6|DCv21b|granite41_8b|tracker|P3|60.0|0.0|0|||0|d7|v3,granite41_8b,DCv21,tracker,CVE-2025-24813,D7-CVE-2025-24813-vendor-jammy-V6,V6,not_affected,not_affected,True,False,False,fallback,1.0,True,1,90,9,1.0,1.0,1.0,0.0,0.0
D7-CVE-2025-24813-vendor-jammy-V6|DCv21b|granite41_8b|withheld|P3|60.0|0.0|0|||0|d7|v3,granite41_8b,DCv21,withheld,CVE-2025-24813,D7-CVE-2025-24813-vendor-jammy-V6,V6,not_affected,not_affected,True,False,False,first_pass,0.0,True,4,510,72,1.0,1.0,1.0,0.0,0.0
D7-CVE-2025-24813-vendor-jammy-V6|DC|granite41_8b|blind|P3|60.0|0.0|0|||0|d7|v3,granite41_8b,DC,blind,CVE-2025-24813,D7-CVE-2025-24813-vendor-jammy-V6,V6,not_affected,not_affected,True,False,False,n/a,0.0,True,4,412,60,1.0,1.0,1.0,0.0,0.0
D7-CVE-2025-24813-vendor-jammy-V6|DC|granite41_8b|tracker|P3|60.0|0.0|0|||0|d7|v3,granite41_8b,DC,tracker,CVE-2025-24813,D7-CVE-2025-24813-vendor-jammy-V6,V6,under_investigation,not_affected,False,False,False,n/a,0.0,True,2,463,64,1.0,1.0,1.0,0.0,0.0
D7-CVE-2025-24813-vendor-jammy-V6|DC|granite41_8b|withheld|P3|60.0|0.0|0|||0|d7|v3,granite41_8b,DC,withheld,CVE-2025-24813,D7-CVE-2025-24813-vendor-jammy-V6,V6,not_affected,not_affected,True,False,False,n/a,0.0,True,4,412,60,1.0,1.0,1.0,0.0,0.0
D7-CVE-2025-32462-deb-ubuntu-noble-V5|DCv21b|mistral_medium_128b|blind|P3|60.0|0.0|0|||0|d7|v3,mistral_medium_128b,DCv21,blind,CVE-2025-32462,D7-CVE-2025-32462-deb-ubuntu-noble-V5,V5,under_investigation,not_affected,False,False,False,first_pass,0.0,True,5,350,46,1.0,1.0,1.0,0.0,0.0
D7-CVE-2025-32462-deb-ubuntu-noble-V5|DCv21b|mistral_medium_128b|tracker|P3|60.0|0.0|0|||0|d7|v3,mistral_medium_128b,DCv21,tracker,CVE-2025-32462,D7-CVE-2025-32462-deb-ubuntu-noble-V5,V5,not_affected,not_affected,True,False,False,first_pass,0.0,True,4,303,36,1.0,1.0,1.0,0.0,0.0
D7-CVE-2025-32462-deb-ubuntu-noble-V5|DCv21b|mistral_medium_128b|withheld|P3|60.0|0.0|0|||0|d7|v3,mistral_medium_128b,DCv21,withheld,CVE-2025-32462,D7-CVE-2025-32462-deb-ubuntu-noble-V5,V5,under_investigation,not_affected,False,False,False,first_pass,0.0,True,5,337,43,1.0,1.0,1.0,0.0,0.0
D7-CVE-2025-32462-deb-ubuntu-noble-V5|DC|mistral_medium_128b|blind|P3|60.0|0.0|0|||0|d7|v3,mistral_medium_128b,DC,blind,CVE-2025-32462,D7-CVE-2025-32462-deb-ubuntu-noble-V5,V5,under_investigation,not_affected,False,False,False,n/a,0.0,True,6,311,40,1.0,1.0,1.0,0.0,0.0
D7-CVE-2025-32462-deb-ubuntu-noble-V5|DC|mistral_medium_128b|tracker|P3|60.0|0.0|0|||0|d7|v3,mistral_medium_128b,DC,tracker,CVE-2025-32462,D7-CVE-2025-32462-deb-ubuntu-noble-V5,V5,not_affected,not_affected,True,False,False,n/a,0.0,True,4,309,42,1.0,1.0,1.0,0.0,0.0
D7-CVE-2025-32462-deb-ubuntu-noble-V5|DC|mistral_medium_128b|withheld|P3|60.0|0.0|0|||0|d7|v3,mistral_medium_128b,DC,withheld,CVE-2025-32462,D7-CVE-2025-32462-deb-ubuntu-noble-V5,V5,under_investigation,not_affected,False,False,False,n/a,0.0,True,6,311,40,1.0,1.0,1.0,0.0,0.0
D7-CVE-2025-32463-deb-ubuntu-noble-V1|DCv21b|mistral_small_24b|blind|P3|60.0|0.0|0|||0|d7|v3,mistral_small_24b,DCv21,blind,CVE-2025-32463,D7-CVE-2025-32463-deb-ubuntu-noble-V1,V1,not_affected,not_affected,True,False,False,first_pass,0.0,True,2,421,59,1.0,1.0,1.0,0.0,0.0
D7-CVE-2025-32463-deb-ubuntu-noble-V1|DCv21b|mistral_small_24b|tracker|P3|60.0|0.0|0|||0|d7|v3,mistral_small_24b,DCv21,tracker,CVE-2025-32463,D7-CVE-2025-32463-deb-ubuntu-noble-V1,V1,not_affected,not_affected,True,False,False,first_pass,0.0,True,3,331,45,1.0,1.0,1.0,0.0,0.0
D7-CVE-2025-32463-deb-ubuntu-noble-V1|DCv21b|mistral_small_24b|withheld|P3|60.0|0.0|0|||0|d7|v3,mistral_small_24b,DCv21,withheld,CVE-2025-32463,D7-CVE-2025-32463-deb-ubuntu-noble-V1,V1,not_affected,not_affected,True,False,False,first_pass,0.0,True,3,255,34,1.0,1.0,1.0,0.0,0.0
D7-CVE-2025-32463-deb-ubuntu-noble-V1|DC|mistral_small_24b|blind|P3|60.0|0.0|0|||0|d7|v3,mistral_small_24b,DC,blind,CVE-2025-32463,D7-CVE-2025-32463-deb-ubuntu-noble-V1,V1,not_affected,not_affected,True,False,False,n/a,0.0,True,3,324,42,1.0,1.0,1.0,0.0,0.0
D7-CVE-2025-32463-deb-ubuntu-noble-V1|DC|mistral_small_24b|tracker|P3|60.0|0.0|0|||0|d7|v3,mistral_small_24b,DC,tracker,CVE-2025-32463,D7-CVE-2025-32463-deb-ubuntu-noble-V1,V1,not_affected,not_affected,True,False,False,n/a,0.0,True,3,325,42,1.0,1.0,1.0,0.0,0.0
D7-CVE-2025-32463-deb-ubuntu-noble-V1|DC|mistral_small_24b|withheld|P3|60.0|0.0|0|||0|d7|v3,mistral_small_24b,DC,withheld,CVE-2025-32463,D7-CVE-2025-32463-deb-ubuntu-noble-V1,V1,not_affected,not_affected,True,False,False,n/a,0.0,True,3,324,42,1.0,1.0,1.0,0.0,0.0
D7-CVE-2025-48384-deb-ubuntu-jammy-V1|DCv21b|qwen3_4b|blind|P3|60.0|0.0|0|||0|d7|v3,qwen3_4b,DCv21,blind,CVE-2025-48384,D7-CVE-2025-48384-deb-ubuntu-jammy-V1,V1,not_affected,not_affected,True,False,False,first_pass,0.0,True,3,191,27,1.0,1.0,1.0,0.0,0.0
D7-CVE-2025-48384-deb-ubuntu-jammy-V1|DCv21b|qwen3_4b|tracker|P3|60.0|0.0|0|||0|d7|v3,qwen3_4b,DCv21,tracker,CVE-2025-48384,D7-CVE-2025-48384-deb-ubuntu-jammy-V1,V1,not_affected,not_affected,True,False,False,fallback,1.0,True,2,159,19,1.0,1.0,1.0,0.0,0.0
D7-CVE-2025-48384-deb-ubuntu-jammy-V1|DCv21b|qwen3_4b|withheld|P3|60.0|0.0|0|||0|d7|v3,qwen3_4b,DCv21,withheld,CVE-2025-48384,D7-CVE-2025-48384-deb-ubuntu-jammy-V1,V1,not_affected,not_affected,True,False,False,first_pass,0.0,True,3,191,27,1.0,1.0,1.0,0.0,0.0
D7-CVE-2025-48384-deb-ubuntu-jammy-V1|DC|qwen3_4b|blind|P3|60.0|0.0|0|||0|d7|v3,qwen3_4b,DC,blind,CVE-2025-48384,D7-CVE-2025-48384-deb-ubuntu-jammy-V1,V1,not_affected,not_affected,True,False,False,n/a,0.0,True,2,255,37,1.0,1.0,1.0,0.0,0.0
D7-CVE-2025-48384-deb-ubuntu-jammy-V1|DC|qwen3_4b|tracker|P3|60.0|0.0|0|||0|d7|v3,qwen3_4b,DC,tracker,CVE-2025-48384,D7-CVE-2025-48384-deb-ubuntu-jammy-V1,V1,not_affected,not_affected,True,False,False,n/a,0.0,True,2,255,37,1.0,1.0,1.0,0.0,0.0
D7-CVE-2025-48384-deb-ubuntu-jammy-V1|DC|qwen3_4b|withheld|P3|60.0|0.0|0|||0|d7|v3,qwen3_4b,DC,withheld,CVE-2025-48384,D7-CVE-2025-48384-deb-ubuntu-jammy-V1,V1,not_affected,not_affected,True,False,False,n/a,0.0,True,2,255,37,1.0,1.0,1.0,0.0,0.0
D7-CVE-2025-48384-deb-ubuntu-noble-V6|DCv21b|qwen3_14b|blind|P3|60.0|0.0|0|||0|d7|v3,qwen3_14b,DCv21,blind,CVE-2025-48384,D7-CVE-2025-48384-deb-ubuntu-noble-V6,V6,not_affected,not_affected,True,False,False,first_pass,0.0,True,3,284,40,1.0,1.0,1.0,0.0,0.0
D7-CVE-2025-48384-deb-ubuntu-noble-V6|DCv21b|qwen3_14b|tracker|P3|60.0|0.0|0|||0|d7|v3,qwen3_14b,DCv21,tracker,CVE-2025-48384,D7-CVE-2025-48384-deb-ubuntu-noble-V6,V6,not_affected,not_affected,True,False,False,first_pass,0.0,True,4,367,52,1.0,1.0,1.0,0.0,0.0
D7-CVE-2025-48384-deb-ubuntu-noble-V6|DCv21b|qwen3_14b|withheld|P3|60.0|0.0|0|||0|d7|v3,qwen3_14b,DCv21,withheld,CVE-2025-48384,D7-CVE-2025-48384-deb-ubuntu-noble-V6,V6,not_affected,not_affected,True,False,False,first_pass,0.0,True,3,284,40,1.0,1.0,1.0,0.0,0.0
D7-CVE-2025-48384-deb-ubuntu-noble-V6|DC|qwen3_14b|blind|P3|60.0|0.0|0|||0|d7|v3,qwen3_14b,DC,blind,CVE-2025-48384,D7-CVE-2025-48384-deb-ubuntu-noble-V6,V6,not_affected,not_affected,True,False,False,n/a,0.0,True,4,380,58,1.0,1.0,1.0,0.0,0.0
D7-CVE-2025-48384-deb-ubuntu-noble-V6|DC|qwen3_14b|tracker|P3|60.0|0.0|0|||0|d7|v3,qwen3_14b,DC,tracker,CVE-2025-48384,D7-CVE-2025-48384-deb-ubuntu-noble-V6,V6,not_affected,not_affected,True,False,False,n/a,0.0,True,3,380,57,1.0,1.0,1.0,0.0,0.0
D7-CVE-2025-48384-deb-ubuntu-noble-V6|DC|qwen3_14b|withheld|P3|60.0|0.0|0|||0|d7|v3,qwen3_14b,DC,withheld,CVE-2025-48384,D7-CVE-2025-48384-deb-ubuntu-noble-V6,V6,not_affected,not_affected,True,False,False,n/a,0.0,True,4,376,57,1.0,1.0,1.0,0.0,0.0
D7-CVE-2025-49113-vendor-jammy-V8|DCv21b|gemma4_31b|blind|P3|60.0|0.0|0|||0|d7|v3,gemma4_31b,DCv21,blind,CVE-2025-49113,D7-CVE-2025-49113-vendor-jammy-V8,V8,under_investigation,affected,False,False,False,first_pass,0.0,True,3,276,37,1.0,1.0,1.0,0.0,0.0
D7-CVE-2025-49113-vendor-jammy-V8|DCv21b|gemma4_31b|tracker|P3|60.0|0.0|0|||0|d7|v3,gemma4_31b,DCv21,tracker,CVE-2025-49113,D7-CVE-2025-49113-vendor-jammy-V8,V8,affected,affected,True,False,False,first_pass,0.0,True,3,170,25,1.0,1.0,1.0,0.0,0.0
D7-CVE-2025-49113-vendor-jammy-V8|DCv21b|gemma4_31b|withheld|P3|60.0|0.0|0|||0|d7|v3,gemma4_31b,DCv21,withheld,CVE-2025-49113,D7-CVE-2025-49113-vendor-jammy-V8,V8,under_investigation,affected,False,False,False,first_pass,0.0,True,3,276,37,1.0,1.0,1.0,0.0,0.0
D7-CVE-2025-49113-vendor-jammy-V8|DC|gemma4_31b|blind|P3|60.0|0.0|0|||0|d7|v3,gemma4_31b,DC,blind,CVE-2025-49113,D7-CVE-2025-49113-vendor-jammy-V8,V8,under_investigation,affected,False,False,False,n/a,0.0,True,4,267,39,1.0,1.0,1.0,0.0,0.0
D7-CVE-2025-49113-vendor-jammy-V8|DC|gemma4_31b|tracker|P3|60.0|0.0|0|||0|d7|v3,gemma4_31b,DC,tracker,CVE-2025-49113,D7-CVE-2025-49113-vendor-jammy-V8,V8,affected,affected,True,False,False,n/a,0.0,True,4,215,33,1.0,1.0,1.0,0.0,0.0
D7-CVE-2025-49113-vendor-jammy-V8|DC|gemma4_31b|withheld|P3|60.0|0.0|0|||0|d7|v3,gemma4_31b,DC,withheld,CVE-2025-49113,D7-CVE-2025-49113-vendor-jammy-V8,V8,under_investigation,affected,False,False,False,n/a,0.0,True,4,267,39,1.0,1.0,1.0,0.0,0.0
D7-CVE-2025-49113-vendor-noble-V1|DCv21b|qwen3_4b|blind|P3|60.0|0.0|0|||0|d7|v3,qwen3_4b,DCv21,blind,CVE-2025-49113,D7-CVE-2025-49113-vendor-noble-V1,V1,not_affected,not_affected,True,False,False,first_pass,0.0,True,5,308,44,1.0,1.0,1.0,0.0,0.0
D7-CVE-2025-49113-vendor-noble-V1|DCv21b|qwen3_4b|tracker|P3|60.0|0.0|0|||0|d7|v3,qwen3_4b,DCv21,tracker,CVE-2025-49113,D7-CVE-2025-49113-vendor-noble-V1,V1,not_affected,not_affected,True,False,False,first_pass,0.0,True,5,320,45,1.0,1.0,1.0,0.0,0.0
D7-CVE-2025-49113-vendor-noble-V1|DCv21b|qwen3_4b|withheld|P3|60.0|0.0|0|||0|d7|v3,qwen3_4b,DCv21,withheld,CVE-2025-49113,D7-CVE-2025-49113-vendor-noble-V1,V1,not_affected,not_affected,True,False,False,first_pass,0.0,True,5,308,44,1.0,1.0,1.0,0.0,0.0
D7-CVE-2025-49113-vendor-noble-V1|DC|qwen3_4b|blind|P3|60.0|0.0|0|||0|d7|v3,qwen3_4b,DC,blind,CVE-2025-49113,D7-CVE-2025-49113-vendor-noble-V1,V1,not_affected,not_affected,True,False,False,n/a,0.0,True,3,298,43,1.0,1.0,1.0,0.0,0.0
D7-CVE-2025-49113-vendor-noble-V1|DC|qwen3_4b|tracker|P3|60.0|0.0|0|||0|d7|v3,qwen3_4b,DC,tracker,CVE-2025-49113,D7-CVE-2025-49113-vendor-noble-V1,V1,not_affected,not_affected,True,False,False,n/a,0.0,True,3,299,46,1.0,1.0,1.0,0.0,0.0
D7-CVE-2025-49113-vendor-noble-V1|DC|qwen3_4b|withheld|P3|60.0|0.0|0|||0|d7|v3,qwen3_4b,DC,withheld,CVE-2025-49113,D7-CVE-2025-49113-vendor-noble-V1,V1,not_affected,not_affected,True,False,False,n/a,0.0,True,3,298,43,1.0,1.0,1.0,0.0,0.0
D7-CVE-2025-49630-deb-ubuntu-jammy-V2|DCv21b|granite41_30b|blind|P3|60.0|0.0|0|||0|d7|v3,granite41_30b,DCv21,blind,CVE-2025-49630,D7-CVE-2025-49630-deb-ubuntu-jammy-V2,V2,under_investigation,affected,False,False,False,first_pass,0.0,True,4,462,60,1.0,1.0,1.0,0.0,0.0
D7-CVE-2025-49630-deb-ubuntu-jammy-V2|DCv21b|granite41_30b|tracker|P3|60.0|0.0|0|||0|d7|v3,granite41_30b,DCv21,tracker,CVE-2025-49630,D7-CVE-2025-49630-deb-ubuntu-jammy-V2,V2,affected,affected,True,False,False,repaired,0.0,True,4,402,58,1.0,1.0,1.0,0.0,0.0
D7-CVE-2025-49630-deb-ubuntu-jammy-V2|DCv21b|granite41_30b|withheld|P3|60.0|0.0|0|||0|d7|v3,granite41_30b,DCv21,withheld,CVE-2025-49630,D7-CVE-2025-49630-deb-ubuntu-jammy-V2,V2,under_investigation,affected,False,False,False,first_pass,0.0,True,4,462,60,1.0,1.0,1.0,0.0,0.0
D7-CVE-2025-49630-deb-ubuntu-jammy-V2|DC|granite41_30b|blind|P3|60.0|0.0|0|||0|d7|v3,granite41_30b,DC,blind,CVE-2025-49630,D7-CVE-2025-49630-deb-ubuntu-jammy-V2,V2,under_investigation,affected,False,False,False,n/a,0.0,True,6,476,77,1.0,1.0,1.0,0.0,0.0
D7-CVE-2025-49630-deb-ubuntu-jammy-V2|DC|granite41_30b|tracker|P3|60.0|0.0|0|||0|d7|v3,granite41_30b,DC,tracker,CVE-2025-49630,D7-CVE-2025-49630-deb-ubuntu-jammy-V2,V2,affected,affected,True,False,False,n/a,0.0,True,5,322,48,1.0,1.0,1.0,0.0,0.0
D7-CVE-2025-49630-deb-ubuntu-jammy-V2|DC|granite41_30b|withheld|P3|60.0|0.0|0|||0|d7|v3,granite41_30b,DC,withheld,CVE-2025-49630,D7-CVE-2025-49630-deb-ubuntu-jammy-V2,V2,under_investigation,affected,False,False,False,n/a,0.0,True,5,476,77,1.0,1.0,1.0,0.0,0.0
D7-CVE-2025-49630-deb-ubuntu-jammy-V6|DCv21b|mistral_medium_128b|blind|P3|60.0|0.0|0|||0|d7|v3,mistral_medium_128b,DCv21,blind,CVE-2025-49630,D7-CVE-2025-49630-deb-ubuntu-jammy-V6,V6,not_affected,not_affected,True,False,False,first_pass,0.0,True,3,327,43,1.0,1.0,1.0,0.0,0.0
D7-CVE-2025-49630-deb-ubuntu-jammy-V6|DCv21b|mistral_medium_128b|tracker|P3|60.0|0.0|0|||0|d7|v3,mistral_medium_128b,DCv21,tracker,CVE-2025-49630,D7-CVE-2025-49630-deb-ubuntu-jammy-V6,V6,not_affected,not_affected,True,False,False,first_pass,0.0,True,4,220,26,1.0,1.0,1.0,0.0,0.0
D7-CVE-2025-49630-deb-ubuntu-jammy-V6|DCv21b|mistral_medium_128b|withheld|P3|60.0|0.0|0|||0|d7|v3,mistral_medium_128b,DCv21,withheld,CVE-2025-49630,D7-CVE-2025-49630-deb-ubuntu-jammy-V6,V6,not_affected,not_affected,True,False,False,first_pass,0.0,True,3,327,43,1.0,1.0,1.0,0.0,0.0
D7-CVE-2025-49630-deb-ubuntu-jammy-V6|DC|mistral_medium_128b|blind|P3|60.0|0.0|0|||0|d7|v3,mistral_medium_128b,DC,blind,CVE-2025-49630,D7-CVE-2025-49630-deb-ubuntu-jammy-V6,V6,not_affected,not_affected,True,False,False,n/a,0.0,True,3,286,36,1.0,1.0,1.0,0.0,0.0
D7-CVE-2025-49630-deb-ubuntu-jammy-V6|DC|mistral_medium_128b|tracker|P3|60.0|0.0|0|||0|d7|v3,mistral_medium_128b,DC,tracker,CVE-2025-49630,D7-CVE-2025-49630-deb-ubuntu-jammy-V6,V6,not_affected,not_affected,True,False,False,n/a,0.0,True,3,286,36,1.0,1.0,1.0,0.0,0.0
D7-CVE-2025-49630-deb-ubuntu-jammy-V6|DC|mistral_medium_128b|withheld|P3|60.0|0.0|0|||0|d7|v3,mistral_medium_128b,DC,withheld,CVE-2025-49630,D7-CVE-2025-49630-deb-ubuntu-jammy-V6,V6,not_affected,not_affected,True,False,False,n/a,0.0,True,3,286,36,1.0,1.0,1.0,0.0,0.0
D7-CVE-2025-49630-deb-ubuntu-noble-V2|DCv21b|mistral_small_24b|blind|P3|60.0|0.0|0|||0|d7|v3,mistral_small_24b,DCv21,blind,CVE-2025-49630,D7-CVE-2025-49630-deb-ubuntu-noble-V2,V2,under_investigation,affected,False,False,False,first_pass,0.0,True,6,388,47,1.0,1.0,1.0,0.0,0.0
D7-CVE-2025-49630-deb-ubuntu-noble-V2|DCv21b|mistral_small_24b|tracker|P3|60.0|0.0|0|||0|d7|v3,mistral_small_24b,DCv21,tracker,CVE-2025-49630,D7-CVE-2025-49630-deb-ubuntu-noble-V2,V2,affected,affected,True,False,False,first_pass,0.0,True,4,423,47,1.0,1.0,1.0,0.0,0.0
D7-CVE-2025-49630-deb-ubuntu-noble-V2|DCv21b|mistral_small_24b|withheld|P3|60.0|0.0|0|||0|d7|v3,mistral_small_24b,DCv21,withheld,CVE-2025-49630,D7-CVE-2025-49630-deb-ubuntu-noble-V2,V2,under_investigation,affected,False,False,False,first_pass,0.0,True,6,388,47,1.0,1.0,1.0,0.0,0.0
D7-CVE-2025-49630-deb-ubuntu-noble-V2|DC|mistral_small_24b|blind|P3|60.0|0.0|0|||0|d7|v3,mistral_small_24b,DC,blind,CVE-2025-49630,D7-CVE-2025-49630-deb-ubuntu-noble-V2,V2,under_investigation,affected,False,False,False,n/a,0.0,True,4,442,66,1.0,1.0,1.0,0.0,0.0
D7-CVE-2025-49630-deb-ubuntu-noble-V2|DC|mistral_small_24b|tracker|P3|60.0|0.0|0|||0|d7|v3,mistral_small_24b,DC,tracker,CVE-2025-49630,D7-CVE-2025-49630-deb-ubuntu-noble-V2,V2,affected,affected,True,False,False,n/a,0.0,True,5,325,47,1.0,1.0,1.0,0.0,0.0
D7-CVE-2025-49630-deb-ubuntu-noble-V2|DC|mistral_small_24b|withheld|P3|60.0|0.0|0|||0|d7|v3,mistral_small_24b,DC,withheld,CVE-2025-49630,D7-CVE-2025-49630-deb-ubuntu-noble-V2,V2,under_investigation,affected,False,False,False,n/a,0.0,True,3,442,66,1.0,0.6666666666666666,0.6666666666666666,0.3333333333333333,0.0
D7-CVE-2025-49630-deb-ubuntu-noble-V5|DCv21b|mistral_small_24b|blind|P3|60.0|0.0|0|||0|d7|v3,mistral_small_24b,DCv21,blind,CVE-2025-49630,D7-CVE-2025-49630-deb-ubuntu-noble-V5,V5,under_investigation,not_affected,False,False,False,first_pass,0.0,True,5,396,45,1.0,1.0,1.0,0.0,0.0
D7-CVE-2025-49630-deb-ubuntu-noble-V5|DCv21b|mistral_small_24b|tracker|P3|60.0|0.0|0|||0|d7|v3,mistral_small_24b,DCv21,tracker,CVE-2025-49630,D7-CVE-2025-49630-deb-ubuntu-noble-V5,V5,not_affected,not_affected,True,False,False,first_pass,0.0,True,4,359,41,1.0,1.0,1.0,0.0,0.0
D7-CVE-2025-49630-deb-ubuntu-noble-V5|DCv21b|mistral_small_24b|withheld|P3|60.0|0.0|0|||0|d7|v3,mistral_small_24b,DCv21,withheld,CVE-2025-49630,D7-CVE-2025-49630-deb-ubuntu-noble-V5,V5,under_investigation,not_affected,False,False,False,first_pass,0.0,True,5,396,45,1.0,1.0,1.0,0.0,0.0
D7-CVE-2025-49630-deb-ubuntu-noble-V5|DC|mistral_small_24b|blind|P3|60.0|0.0|0|||0|d7|v3,mistral_small_24b,DC,blind,CVE-2025-49630,D7-CVE-2025-49630-deb-ubuntu-noble-V5,V5,under_investigation,not_affected,False,False,False,n/a,0.0,True,5,369,57,1.0,0.6666666666666666,0.6666666666666666,0.3333333333333333,0.0
D7-CVE-2025-49630-deb-ubuntu-noble-V5|DC|mistral_small_24b|tracker|P3|60.0|0.0|0|||0|d7|v3,mistral_small_24b,DC,tracker,CVE-2025-49630,D7-CVE-2025-49630-deb-ubuntu-noble-V5,V5,not_affected,not_affected,True,False,False,n/a,0.0,True,5,391,56,1.0,1.0,1.0,0.0,0.0
D7-CVE-2025-49630-deb-ubuntu-noble-V5|DC|mistral_small_24b|withheld|P3|60.0|0.0|0|||0|d7|v3,mistral_small_24b,DC,withheld,CVE-2025-49630,D7-CVE-2025-49630-deb-ubuntu-noble-V5,V5,under_investigation,not_affected,False,False,False,n/a,0.0,True,4,369,57,1.0,0.6666666666666666,0.6666666666666666,0.3333333333333333,0.0
D7-CVE-2025-49812-deb-ubuntu-jammy-V5|DCv21b|llama31_8b|blind|P3|60.0|0.0|0|||0|d7|v3,llama31_8b,DCv21,blind,CVE-2025-49812,D7-CVE-2025-49812-deb-ubuntu-jammy-V5,V5,under_investigation,not_affected,False,False,False,first_pass,0.0,True,7,600,91,1.0,1.0,1.0,0.0,0.0
D7-CVE-2025-49812-deb-ubuntu-jammy-V5|DCv21b|llama31_8b|tracker|P3|60.0|0.0|0|||0|d7|v3,llama31_8b,DCv21,tracker,CVE-2025-49812,D7-CVE-2025-49812-deb-ubuntu-jammy-V5,V5,not_affected,not_affected,True,False,False,first_pass,0.0,True,4,411,61,1.0,1.0,1.0,0.0,0.0
D7-CVE-2025-49812-deb-ubuntu-jammy-V5|DCv21b|llama31_8b|withheld|P3|60.0|0.0|0|||0|d7|v3,llama31_8b,DCv21,withheld,CVE-2025-49812,D7-CVE-2025-49812-deb-ubuntu-jammy-V5,V5,under_investigation,not_affected,False,False,False,first_pass,0.0,True,5,530,81,1.0,1.0,1.0,0.0,0.0
D7-CVE-2025-49812-deb-ubuntu-jammy-V5|DC|llama31_8b|blind|P3|60.0|0.0|0|||0|d7|v3,llama31_8b,DC,blind,CVE-2025-49812,D7-CVE-2025-49812-deb-ubuntu-jammy-V5,V5,under_investigation,not_affected,False,False,False,n/a,0.0,True,3,420,62,1.0,1.0,1.0,0.0,0.0
D7-CVE-2025-49812-deb-ubuntu-jammy-V5|DC|llama31_8b|tracker|P3|60.0|0.0|0|||0|d7|v3,llama31_8b,DC,tracker,CVE-2025-49812,D7-CVE-2025-49812-deb-ubuntu-jammy-V5,V5,not_affected,not_affected,True,False,False,n/a,0.0,True,2,454,63,1.0,1.0,1.0,0.0,0.0
D7-CVE-2025-49812-deb-ubuntu-jammy-V5|DC|llama31_8b|withheld|P3|60.0|0.0|0|||0|d7|v3,llama31_8b,DC,withheld,CVE-2025-49812,D7-CVE-2025-49812-deb-ubuntu-jammy-V5,V5,under_investigation,not_affected,False,False,False,n/a,0.0,True,3,420,62,1.0,1.0,1.0,0.0,0.0
D7-CVE-2025-8714-deb-ubuntu-jammy-V1|DCv21b|mistral_medium_128b|blind|P3|60.0|0.0|0|||0|d7|v3,mistral_medium_128b,DCv21,blind,CVE-2025-8714,D7-CVE-2025-8714-deb-ubuntu-jammy-V1,V1,not_affected,not_affected,True,False,False,first_pass,0.0,True,2,262,34,1.0,1.0,1.0,0.0,0.0
D7-CVE-2025-8714-deb-ubuntu-jammy-V1|DCv21b|mistral_medium_128b|tracker|P3|60.0|0.0|0|||0|d7|v3,mistral_medium_128b,DCv21,tracker,CVE-2025-8714,D7-CVE-2025-8714-deb-ubuntu-jammy-V1,V1,not_affected,not_affected,True,False,False,first_pass,0.0,True,4,231,25,1.0,1.0,1.0,0.0,0.0
D7-CVE-2025-8714-deb-ubuntu-jammy-V1|DCv21b|mistral_medium_128b|withheld|P3|60.0|0.0|0|||0|d7|v3,mistral_medium_128b,DCv21,withheld,CVE-2025-8714,D7-CVE-2025-8714-deb-ubuntu-jammy-V1,V1,not_affected,not_affected,True,False,False,first_pass,0.0,True,2,262,34,1.0,1.0,1.0,0.0,0.0
D7-CVE-2025-8714-deb-ubuntu-jammy-V1|DC|mistral_medium_128b|blind|P3|60.0|0.0|0|||0|d7|v3,mistral_medium_128b,DC,blind,CVE-2025-8714,D7-CVE-2025-8714-deb-ubuntu-jammy-V1,V1,not_affected,not_affected,True,False,False,n/a,0.0,True,3,265,34,1.0,1.0,1.0,0.0,0.0
D7-CVE-2025-8714-deb-ubuntu-jammy-V1|DC|mistral_medium_128b|tracker|P3|60.0|0.0|0|||0|d7|v3,mistral_medium_128b,DC,tracker,CVE-2025-8714,D7-CVE-2025-8714-deb-ubuntu-jammy-V1,V1,not_affected,not_affected,True,False,False,n/a,0.0,True,3,264,34,1.0,1.0,1.0,0.0,0.0
D7-CVE-2025-8714-deb-ubuntu-jammy-V1|DC|mistral_medium_128b|withheld|P3|60.0|0.0|0|||0|d7|v3,mistral_medium_128b,DC,withheld,CVE-2025-8714,D7-CVE-2025-8714-deb-ubuntu-jammy-V1,V1,not_affected,not_affected,True,False,False,n/a,0.0,True,3,265,34,1.0,1.0,1.0,0.0,0.0
D7-CVE-2025-8714-deb-ubuntu-jammy-V3|DCv21b|mistral_small_24b|blind|P3|60.0|0.0|0|||0|d7|v3,mistral_small_24b,DCv21,blind,CVE-2025-8714,D7-CVE-2025-8714-deb-ubuntu-jammy-V3,V3,under_investigation,fixed,False,False,False,first_pass,0.0,True,4,361,42,1.0,1.0,1.0,0.0,0.0
D7-CVE-2025-8714-deb-ubuntu-jammy-V3|DCv21b|mistral_small_24b|tracker|P3|60.0|0.0|0|||0|d7|v3,mistral_small_24b,DCv21,tracker,CVE-2025-8714,D7-CVE-2025-8714-deb-ubuntu-jammy-V3,V3,fixed,fixed,True,False,False,first_pass,0.0,True,5,265,32,1.0,0.3333333333333333,0.3333333333333333,0.6666666666666666,0.0
D7-CVE-2025-8714-deb-ubuntu-jammy-V3|DCv21b|mistral_small_24b|withheld|P3|60.0|0.0|0|||0|d7|v3,mistral_small_24b,DCv21,withheld,CVE-2025-8714,D7-CVE-2025-8714-deb-ubuntu-jammy-V3,V3,under_investigation,fixed,False,False,False,first_pass,0.0,True,4,361,42,1.0,1.0,1.0,0.0,0.0
D7-CVE-2025-8714-deb-ubuntu-jammy-V3|DC|mistral_small_24b|blind|P3|60.0|0.0|0|||0|d7|v3,mistral_small_24b,DC,blind,CVE-2025-8714,D7-CVE-2025-8714-deb-ubuntu-jammy-V3,V3,under_investigation,fixed,False,False,False,n/a,0.0,True,3,441,66,1.0,1.0,1.0,0.0,0.0
D7-CVE-2025-8714-deb-ubuntu-jammy-V3|DC|mistral_small_24b|tracker|P3|60.0|0.0|0|||0|d7|v3,mistral_small_24b,DC,tracker,CVE-2025-8714,D7-CVE-2025-8714-deb-ubuntu-jammy-V3,V3,fixed,fixed,True,False,False,n/a,0.0,True,5,364,52,1.0,1.0,1.0,0.0,0.0
D7-CVE-2025-8714-deb-ubuntu-jammy-V3|DC|mistral_small_24b|withheld|P3|60.0|0.0|0|||0|d7|v3,mistral_small_24b,DC,withheld,CVE-2025-8714,D7-CVE-2025-8714-deb-ubuntu-jammy-V3,V3,under_investigation,fixed,False,False,False,n/a,0.0,True,3,441,66,1.0,1.0,1.0,0.0,0.0
D7-CVE-2025-8714-deb-ubuntu-jammy-V6|DCv21b|gemma4_31b|blind|P3|60.0|0.0|0|||0|d7|v3,gemma4_31b,DCv21,blind,CVE-2025-8714,D7-CVE-2025-8714-deb-ubuntu-jammy-V6,V6,not_affected,not_affected,True,False,False,first_pass,0.0,True,3,173,21,1.0,1.0,1.0,0.0,0.0
D7-CVE-2025-8714-deb-ubuntu-jammy-V6|DCv21b|gemma4_31b|tracker|P3|60.0|0.0|0|||0|d7|v3,gemma4_31b,DCv21,tracker,CVE-2025-8714,D7-CVE-2025-8714-deb-ubuntu-jammy-V6,V6,not_affected,not_affected,True,False,False,first_pass,0.0,True,4,252,30,1.0,1.0,1.0,0.0,0.0
D7-CVE-2025-8714-deb-ubuntu-jammy-V6|DCv21b|gemma4_31b|withheld|P3|60.0|0.0|0|||0|d7|v3,gemma4_31b,DCv21,withheld,CVE-2025-8714,D7-CVE-2025-8714-deb-ubuntu-jammy-V6,V6,not_affected,not_affected,True,False,False,first_pass,0.0,True,3,173,21,1.0,1.0,1.0,0.0,0.0
D7-CVE-2025-8714-deb-ubuntu-jammy-V6|DC|gemma4_31b|blind|P3|60.0|0.0|0|||0|d7|v3,gemma4_31b,DC,blind,CVE-2025-8714,D7-CVE-2025-8714-deb-ubuntu-jammy-V6,V6,not_affected,not_affected,True,False,False,n/a,0.0,True,3,232,29,1.0,1.0,1.0,0.0,0.0
D7-CVE-2025-8714-deb-ubuntu-jammy-V6|DC|gemma4_31b|tracker|P3|60.0|0.0|0|||0|d7|v3,gemma4_31b,DC,tracker,CVE-2025-8714,D7-CVE-2025-8714-deb-ubuntu-jammy-V6,V6,not_affected,not_affected,True,False,False,n/a,0.0,True,2,232,29,1.0,1.0,1.0,0.0,0.0
D7-CVE-2025-8714-deb-ubuntu-jammy-V6|DC|gemma4_31b|withheld|P3|60.0|0.0|0|||0|d7|v3,gemma4_31b,DC,withheld,CVE-2025-8714,D7-CVE-2025-8714-deb-ubuntu-jammy-V6,V6,not_affected,not_affected,True,False,False,n/a,0.0,True,2,232,29,1.0,1.0,1.0,0.0,0.0
D7-CVE-2026-10051-maven-jammy-V2-b2|DCv21b|llama31_8b|blind|P3|60.0|0.0|0|||0|d7|v3,llama31_8b,DCv21,blind,CVE-2026-10051,D7-CVE-2026-10051-maven-jammy-V2-b2,V2,under_investigation,affected,False,False,False,first_pass,0.0,True,4,581,75,1.0,1.0,1.0,0.0,0.0
D7-CVE-2026-10051-maven-jammy-V2-b2|DCv21b|llama31_8b|tracker|P3|60.0|0.0|0|||0|d7|v3,llama31_8b,DCv21,tracker,CVE-2026-10051,D7-CVE-2026-10051-maven-jammy-V2-b2,V2,affected,affected,True,False,False,fallback,1.0,True,5,210,13,1.0,1.0,1.0,0.0,0.0
D7-CVE-2026-10051-maven-jammy-V2-b2|DCv21b|llama31_8b|withheld|P3|60.0|0.0|0|||0|d7|v3,llama31_8b,DCv21,withheld,CVE-2026-10051,D7-CVE-2026-10051-maven-jammy-V2-b2,V2,under_investigation,affected,False,False,False,first_pass,0.0,True,4,581,75,1.0,1.0,1.0,0.0,0.0
D7-CVE-2026-10051-maven-jammy-V2-b2|DC|llama31_8b|blind|P3|60.0|0.0|0|||0|d7|v3,llama31_8b,DC,blind,CVE-2026-10051,D7-CVE-2026-10051-maven-jammy-V2-b2,V2,under_investigation,affected,False,False,False,n/a,0.0,True,4,507,75,1.0,1.0,1.0,0.0,0.0
D7-CVE-2026-10051-maven-jammy-V2-b2|DC|llama31_8b|tracker|P3|60.0|0.0|0|||0|d7|v3,llama31_8b,DC,tracker,CVE-2026-10051,D7-CVE-2026-10051-maven-jammy-V2-b2,V2,affected,affected,True,False,False,n/a,0.0,True,4,398,56,1.0,0.0,0.0,0.5,0.0
D7-CVE-2026-10051-maven-jammy-V2-b2|DC|llama31_8b|withheld|P3|60.0|0.0|0|||0|d7|v3,llama31_8b,DC,withheld,CVE-2026-10051,D7-CVE-2026-10051-maven-jammy-V2-b2,V2,under_investigation,affected,False,False,False,n/a,0.0,True,3,378,57,1.0,1.0,1.0,0.0,0.0
D7-CVE-2026-10051-maven-jammy-V2|DCv21b|mistral_small_24b|blind|P3|60.0|0.0|0|||0|d7|v3,mistral_small_24b,DCv21,blind,CVE-2026-10051,D7-CVE-2026-10051-maven-jammy-V2,V2,under_investigation,affected,False,False,False,first_pass,0.0,True,5,420,44,1.0,1.0,1.0,0.0,0.0
D7-CVE-2026-10051-maven-jammy-V2|DCv21b|mistral_small_24b|tracker|P3|60.0|0.0|0|||0|d7|v3,mistral_small_24b,DCv21,tracker,CVE-2026-10051,D7-CVE-2026-10051-maven-jammy-V2,V2,affected,affected,True,False,False,first_pass,0.0,True,5,354,47,1.0,1.0,1.0,0.0,0.0
D7-CVE-2026-10051-maven-jammy-V2|DCv21b|mistral_small_24b|withheld|P3|60.0|0.0|0|||0|d7|v3,mistral_small_24b,DCv21,withheld,CVE-2026-10051,D7-CVE-2026-10051-maven-jammy-V2,V2,under_investigation,affected,False,False,False,first_pass,0.0,True,5,362,39,1.0,1.0,1.0,0.0,0.0
D7-CVE-2026-10051-maven-jammy-V2|DC|mistral_small_24b|blind|P3|60.0|0.0|0|||0|d7|v3,mistral_small_24b,DC,blind,CVE-2026-10051,D7-CVE-2026-10051-maven-jammy-V2,V2,under_investigation,affected,False,False,False,n/a,0.0,True,3,330,49,1.0,1.0,1.0,0.0,0.0
D7-CVE-2026-10051-maven-jammy-V2|DC|mistral_small_24b|tracker|P3|60.0|0.0|0|||0|d7|v3,mistral_small_24b,DC,tracker,CVE-2026-10051,D7-CVE-2026-10051-maven-jammy-V2,V2,affected,affected,True,False,False,n/a,0.0,True,5,361,54,1.0,1.0,1.0,0.0,0.0
D7-CVE-2026-10051-maven-jammy-V2|DC|mistral_small_24b|withheld|P3|60.0|0.0|0|||0|d7|v3,mistral_small_24b,DC,withheld,CVE-2026-10051,D7-CVE-2026-10051-maven-jammy-V2,V2,under_investigation,affected,False,False,False,n/a,0.0,True,4,330,49,1.0,1.0,1.0,0.0,0.0
D7-CVE-2026-10051-maven-jammy-V3|DCv21b|gemma4_31b|blind|P3|60.0|0.0|0|||0|d7|v3,gemma4_31b,DCv21,blind,CVE-2026-10051,D7-CVE-2026-10051-maven-jammy-V3,V3,under_investigation,fixed,False,False,False,first_pass,0.0,True,5,248,24,1.0,1.0,1.0,0.0,0.0
D7-CVE-2026-10051-maven-jammy-V3|DCv21b|gemma4_31b|tracker|P3|60.0|0.0|0|||0|d7|v3,gemma4_31b,DCv21,tracker,CVE-2026-10051,D7-CVE-2026-10051-maven-jammy-V3,V3,fixed,fixed,True,False,False,first_pass,0.0,True,4,255,34,1.0,1.0,1.0,0.0,0.0
D7-CVE-2026-10051-maven-jammy-V3|DCv21b|gemma4_31b|withheld|P3|60.0|0.0|0|||0|d7|v3,gemma4_31b,DCv21,withheld,CVE-2026-10051,D7-CVE-2026-10051-maven-jammy-V3,V3,under_investigation,fixed,False,False,False,first_pass,0.0,True,2,269,33,1.0,1.0,1.0,0.0,0.0
D7-CVE-2026-10051-maven-jammy-V3|DC|gemma4_31b|blind|P3|60.0|0.0|0|||0|d7|v3,gemma4_31b,DC,blind,CVE-2026-10051,D7-CVE-2026-10051-maven-jammy-V3,V3,under_investigation,fixed,False,False,False,n/a,0.0,True,5,225,35,1.0,0.0,0.0,0.0,0.0
D7-CVE-2026-10051-maven-jammy-V3|DC|gemma4_31b|tracker|P3|60.0|0.0|0|||0|d7|v3,gemma4_31b,DC,tracker,CVE-2026-10051,D7-CVE-2026-10051-maven-jammy-V3,V3,fixed,fixed,True,False,False,n/a,0.0,True,4,210,33,1.0,1.0,1.0,0.0,0.0
D7-CVE-2026-10051-maven-jammy-V3|DC|gemma4_31b|withheld|P3|60.0|0.0|0|||0|d7|v3,gemma4_31b,DC,withheld,CVE-2026-10051,D7-CVE-2026-10051-maven-jammy-V3,V3,under_investigation,fixed,False,False,False,n/a,0.0,True,5,234,37,1.0,0.5,0.5,0.0,0.0
D7-CVE-2026-10051-maven-noble-V4|DCv21b|granite41_30b|blind|P3|60.0|0.0|0|||0|d7|v3,granite41_30b,DCv21,blind,CVE-2026-10051,D7-CVE-2026-10051-maven-noble-V4,V4,under_investigation,fixed,False,False,False,first_pass,0.0,True,3,219,24,1.0,1.0,1.0,0.0,0.0
D7-CVE-2026-10051-maven-noble-V4|DCv21b|granite41_30b|tracker|P3|60.0|0.0|0|||0|d7|v3,granite41_30b,DCv21,tracker,CVE-2026-10051,D7-CVE-2026-10051-maven-noble-V4,V4,fixed,fixed,True,False,False,first_pass,0.0,True,5,340,42,1.0,1.0,1.0,0.0,0.0
D7-CVE-2026-10051-maven-noble-V4|DCv21b|granite41_30b|withheld|P3|60.0|0.0|0|||0|d7|v3,granite41_30b,DCv21,withheld,CVE-2026-10051,D7-CVE-2026-10051-maven-noble-V4,V4,under_investigation,fixed,False,False,False,first_pass,0.0,True,3,242,28,1.0,1.0,1.0,0.0,0.0
D7-CVE-2026-10051-maven-noble-V4|DC|granite41_30b|blind|P3|60.0|0.0|0|||0|d7|v3,granite41_30b,DC,blind,CVE-2026-10051,D7-CVE-2026-10051-maven-noble-V4,V4,under_investigation,fixed,False,False,False,n/a,0.0,True,4,422,61,1.0,1.0,1.0,0.0,0.0
D7-CVE-2026-10051-maven-noble-V4|DC|granite41_30b|tracker|P3|60.0|0.0|0|||0|d7|v3,granite41_30b,DC,tracker,CVE-2026-10051,D7-CVE-2026-10051-maven-noble-V4,V4,fixed,fixed,True,False,False,n/a,0.0,True,3,216,34,1.0,1.0,1.0,0.0,0.0
D7-CVE-2026-10051-maven-noble-V4|DC|granite41_30b|withheld|P3|60.0|0.0|0|||0|d7|v3,granite41_30b,DC,withheld,CVE-2026-10051,D7-CVE-2026-10051-maven-noble-V4,V4,under_investigation,fixed,False,False,False,n/a,0.0,True,4,422,61,1.0,1.0,1.0,0.0,0.0
D7-CVE-2026-12969-deb-ubuntu-jammy-V4|DCv21b|granite41_30b|blind|P3|60.0|0.0|0|||0|d7|v3,granite41_30b,DCv21,blind,CVE-2026-12969,D7-CVE-2026-12969-deb-ubuntu-jammy-V4,V4,under_investigation,fixed,False,False,False,first_pass,0.0,True,4,439,50,1.0,1.0,1.0,0.0,0.0
D7-CVE-2026-12969-deb-ubuntu-jammy-V4|DCv21b|granite41_30b|tracker|P3|60.0|0.0|0|||0|d7|v3,granite41_30b,DCv21,tracker,CVE-2026-12969,D7-CVE-2026-12969-deb-ubuntu-jammy-V4,V4,fixed,fixed,True,False,False,first_pass,0.0,True,4,328,44,1.0,1.0,1.0,0.0,0.0
D7-CVE-2026-12969-deb-ubuntu-jammy-V4|DCv21b|granite41_30b|withheld|P3|60.0|0.0|0|||0|d7|v3,granite41_30b,DCv21,withheld,CVE-2026-12969,D7-CVE-2026-12969-deb-ubuntu-jammy-V4,V4,under_investigation,fixed,False,False,False,first_pass,0.0,True,4,439,50,1.0,1.0,1.0,0.0,0.0
D7-CVE-2026-12969-deb-ubuntu-jammy-V4|DC|granite41_30b|blind|P3|60.0|0.0|0|||0|d7|v3,granite41_30b,DC,blind,CVE-2026-12969,D7-CVE-2026-12969-deb-ubuntu-jammy-V4,V4,under_investigation,fixed,False,False,False,n/a,0.0,True,5,346,48,1.0,1.0,1.0,0.0,0.0
D7-CVE-2026-12969-deb-ubuntu-jammy-V4|DC|granite41_30b|tracker|P3|60.0|0.0|0|||0|d7|v3,granite41_30b,DC,tracker,CVE-2026-12969,D7-CVE-2026-12969-deb-ubuntu-jammy-V4,V4,fixed,fixed,True,False,False,n/a,0.0,True,4,296,50,1.0,1.0,1.0,0.0,0.0
D7-CVE-2026-12969-deb-ubuntu-jammy-V4|DC|granite41_30b|withheld|P3|60.0|0.0|0|||0|d7|v3,granite41_30b,DC,withheld,CVE-2026-12969,D7-CVE-2026-12969-deb-ubuntu-jammy-V4,V4,under_investigation,fixed,False,False,False,n/a,0.0,True,5,375,56,1.0,1.0,1.0,0.0,0.0
D7-CVE-2026-12969-deb-ubuntu-noble-V1|DCv21b|mistral_medium_128b|blind|P3|60.0|0.0|0|||0|d7|v3,mistral_medium_128b,DCv21,blind,CVE-2026-12969,D7-CVE-2026-12969-deb-ubuntu-noble-V1,V1,not_affected,not_affected,True,False,False,first_pass,0.0,True,2,247,31,1.0,1.0,1.0,0.0,0.0
D7-CVE-2026-12969-deb-ubuntu-noble-V1|DCv21b|mistral_medium_128b|tracker|P3|60.0|0.0|0|||0|d7|v3,mistral_medium_128b,DCv21,tracker,CVE-2026-12969,D7-CVE-2026-12969-deb-ubuntu-noble-V1,V1,not_affected,not_affected,True,False,False,first_pass,0.0,True,4,252,32,1.0,1.0,1.0,0.0,0.0
D7-CVE-2026-12969-deb-ubuntu-noble-V1|DCv21b|mistral_medium_128b|withheld|P3|60.0|0.0|0|||0|d7|v3,mistral_medium_128b,DCv21,withheld,CVE-2026-12969,D7-CVE-2026-12969-deb-ubuntu-noble-V1,V1,not_affected,not_affected,True,False,False,first_pass,0.0,True,2,247,31,1.0,1.0,1.0,0.0,0.0
D7-CVE-2026-12969-deb-ubuntu-noble-V1|DC|mistral_medium_128b|blind|P3|60.0|0.0|0|||0|d7|v3,mistral_medium_128b,DC,blind,CVE-2026-12969,D7-CVE-2026-12969-deb-ubuntu-noble-V1,V1,not_affected,not_affected,True,False,False,n/a,0.0,True,3,265,34,1.0,1.0,1.0,0.0,0.0
D7-CVE-2026-12969-deb-ubuntu-noble-V1|DC|mistral_medium_128b|tracker|P3|60.0|0.0|0|||0|d7|v3,mistral_medium_128b,DC,tracker,CVE-2026-12969,D7-CVE-2026-12969-deb-ubuntu-noble-V1,V1,not_affected,not_affected,True,False,False,n/a,0.0,True,3,265,34,1.0,1.0,1.0,0.0,0.0
D7-CVE-2026-12969-deb-ubuntu-noble-V1|DC|mistral_medium_128b|withheld|P3|60.0|0.0|0|||0|d7|v3,mistral_medium_128b,DC,withheld,CVE-2026-12969,D7-CVE-2026-12969-deb-ubuntu-noble-V1,V1,not_affected,not_affected,True,False,False,n/a,0.0,True,3,265,34,1.0,1.0,1.0,0.0,0.0
D7-CVE-2026-12969-deb-ubuntu-noble-V4|DCv21b|qwen3_14b|blind|P3|60.0|0.0|0|||0|d7|v3,qwen3_14b,DCv21,blind,CVE-2026-12969,D7-CVE-2026-12969-deb-ubuntu-noble-V4,V4,under_investigation,fixed,False,False,False,first_pass,0.0,True,2,370,46,1.0,1.0,1.0,0.0,0.0
D7-CVE-2026-12969-deb-ubuntu-noble-V4|DCv21b|qwen3_14b|tracker|P3|60.0|0.0|0|||0|d7|v3,qwen3_14b,DCv21,tracker,CVE-2026-12969,D7-CVE-2026-12969-deb-ubuntu-noble-V4,V4,fixed,fixed,True,False,False,first_pass,0.0,True,5,419,60,1.0,1.0,1.0,0.0,0.0
D7-CVE-2026-12969-deb-ubuntu-noble-V4|DCv21b|qwen3_14b|withheld|P3|60.0|0.0|0|||0|d7|v3,qwen3_14b,DCv21,withheld,CVE-2026-12969,D7-CVE-2026-12969-deb-ubuntu-noble-V4,V4,under_investigation,fixed,False,False,False,first_pass,0.0,True,2,370,46,1.0,1.0,1.0,0.0,0.0
D7-CVE-2026-12969-deb-ubuntu-noble-V4|DC|qwen3_14b|blind|P3|60.0|0.0|0|||0|d7|v3,qwen3_14b,DC,blind,CVE-2026-12969,D7-CVE-2026-12969-deb-ubuntu-noble-V4,V4,under_investigation,fixed,False,False,False,n/a,0.0,True,7,490,73,1.0,1.0,1.0,0.0,0.0
D7-CVE-2026-12969-deb-ubuntu-noble-V4|DC|qwen3_14b|tracker|P3|60.0|0.0|0|||0|d7|v3,qwen3_14b,DC,tracker,CVE-2026-12969,D7-CVE-2026-12969-deb-ubuntu-noble-V4,V4,fixed,fixed,True,False,False,n/a,0.0,True,5,368,60,1.0,1.0,1.0,0.0,0.0
D7-CVE-2026-12969-deb-ubuntu-noble-V4|DC|qwen3_14b|withheld|P3|60.0|0.0|0|||0|d7|v3,qwen3_14b,DC,withheld,CVE-2026-12969,D7-CVE-2026-12969-deb-ubuntu-noble-V4,V4,under_investigation,fixed,False,False,False,n/a,0.0,True,3,375,54,1.0,1.0,1.0,0.0,0.0
D7-CVE-2026-13221-deb-ubuntu-jammy-V2|DCv21b|mistral_medium_128b|blind|P3|60.0|0.0|0|||0|d7|v3,mistral_medium_128b,DCv21,blind,CVE-2026-13221,D7-CVE-2026-13221-deb-ubuntu-jammy-V2,V2,under_investigation,affected,False,False,False,first_pass,0.0,True,5,351,41,1.0,1.0,1.0,0.0,0.0
D7-CVE-2026-13221-deb-ubuntu-jammy-V2|DCv21b|mistral_medium_128b|tracker|P3|60.0|0.0|0|||0|d7|v3,mistral_medium_128b,DCv21,tracker,CVE-2026-13221,D7-CVE-2026-13221-deb-ubuntu-jammy-V2,V2,affected,affected,True,False,False,first_pass,0.0,True,4,237,31,1.0,1.0,1.0,0.0,0.0
D7-CVE-2026-13221-deb-ubuntu-jammy-V2|DCv21b|mistral_medium_128b|withheld|P3|60.0|0.0|0|||0|d7|v3,mistral_medium_128b,DCv21,withheld,CVE-2026-13221,D7-CVE-2026-13221-deb-ubuntu-jammy-V2,V2,under_investigation,affected,False,False,False,first_pass,0.0,True,5,351,41,1.0,1.0,1.0,0.0,0.0
D7-CVE-2026-13221-deb-ubuntu-jammy-V2|DC|mistral_medium_128b|blind|P3|60.0|0.0|0|||0|d7|v3,mistral_medium_128b,DC,blind,CVE-2026-13221,D7-CVE-2026-13221-deb-ubuntu-jammy-V2,V2,under_investigation,affected,False,False,False,n/a,0.0,True,4,283,45,1.0,1.0,1.0,0.0,0.0
D7-CVE-2026-13221-deb-ubuntu-jammy-V2|DC|mistral_medium_128b|tracker|P3|60.0|0.0|0|||0|d7|v3,mistral_medium_128b,DC,tracker,CVE-2026-13221,D7-CVE-2026-13221-deb-ubuntu-jammy-V2,V2,affected,affected,True,False,False,n/a,0.0,True,3,213,32,1.0,1.0,1.0,0.0,0.0
D7-CVE-2026-13221-deb-ubuntu-jammy-V2|DC|mistral_medium_128b|withheld|P3|60.0|0.0|0|||0|d7|v3,mistral_medium_128b,DC,withheld,CVE-2026-13221,D7-CVE-2026-13221-deb-ubuntu-jammy-V2,V2,under_investigation,affected,False,False,False,n/a,0.0,True,4,283,45,1.0,1.0,1.0,0.0,0.0
D7-CVE-2026-13221-deb-ubuntu-jammy-V4|DCv21b|gemma4_31b|blind|P3|60.0|0.0|0|||0|d7|v3,gemma4_31b,DCv21,blind,CVE-2026-13221,D7-CVE-2026-13221-deb-ubuntu-jammy-V4,V4,under_investigation,fixed,False,False,False,first_pass,0.0,True,3,254,31,1.0,1.0,1.0,0.0,0.0
D7-CVE-2026-13221-deb-ubuntu-jammy-V4|DCv21b|gemma4_31b|tracker|P3|60.0|0.0|0|||0|d7|v3,gemma4_31b,DCv21,tracker,CVE-2026-13221,D7-CVE-2026-13221-deb-ubuntu-jammy-V4,V4,fixed,fixed,True,False,False,first_pass,0.0,True,4,188,24,1.0,1.0,1.0,0.0,0.0
D7-CVE-2026-13221-deb-ubuntu-jammy-V4|DCv21b|gemma4_31b|withheld|P3|60.0|0.0|0|||0|d7|v3,gemma4_31b,DCv21,withheld,CVE-2026-13221,D7-CVE-2026-13221-deb-ubuntu-jammy-V4,V4,under_investigation,fixed,False,False,False,first_pass,0.0,True,3,254,31,1.0,1.0,1.0,0.0,0.0
D7-CVE-2026-13221-deb-ubuntu-jammy-V4|DC|gemma4_31b|blind|P3|60.0|0.0|0|||0|d7|v3,gemma4_31b,DC,blind,CVE-2026-13221,D7-CVE-2026-13221-deb-ubuntu-jammy-V4,V4,under_investigation,fixed,False,False,False,n/a,0.0,True,4,223,34,1.0,1.0,1.0,0.0,0.0
D7-CVE-2026-13221-deb-ubuntu-jammy-V4|DC|gemma4_31b|tracker|P3|60.0|0.0|0|||0|d7|v3,gemma4_31b,DC,tracker,CVE-2026-13221,D7-CVE-2026-13221-deb-ubuntu-jammy-V4,V4,fixed,fixed,True,False,False,n/a,0.0,True,3,215,33,1.0,1.0,1.0,0.0,0.0
D7-CVE-2026-13221-deb-ubuntu-jammy-V4|DC|gemma4_31b|withheld|P3|60.0|0.0|0|||0|d7|v3,gemma4_31b,DC,withheld,CVE-2026-13221,D7-CVE-2026-13221-deb-ubuntu-jammy-V4,V4,under_investigation,fixed,False,False,False,n/a,0.0,True,4,223,34,1.0,1.0,1.0,0.0,0.0
D7-CVE-2026-2340-deb-ubuntu-jammy-V2|DCv21b|granite41_8b|blind|P3|60.0|0.0|0|||0|d7|v3,granite41_8b,DCv21,blind,CVE-2026-2340,D7-CVE-2026-2340-deb-ubuntu-jammy-V2,V2,under_investigation,affected,False,False,False,first_pass,0.0,True,8,709,93,1.0,1.0,1.0,0.0,0.0
D7-CVE-2026-2340-deb-ubuntu-jammy-V2|DCv21b|granite41_8b|tracker|P3|60.0|0.0|0|||0|d7|v3,granite41_8b,DCv21,tracker,CVE-2026-2340,D7-CVE-2026-2340-deb-ubuntu-jammy-V2,V2,affected,affected,True,False,False,first_pass,0.0,True,5,497,68,1.0,1.0,1.0,0.0,0.0
D7-CVE-2026-2340-deb-ubuntu-jammy-V2|DCv21b|granite41_8b|withheld|P3|60.0|0.0|0|||0|d7|v3,granite41_8b,DCv21,withheld,CVE-2026-2340,D7-CVE-2026-2340-deb-ubuntu-jammy-V2,V2,under_investigation,affected,False,False,False,first_pass,0.0,True,7,709,93,1.0,1.0,1.0,0.0,0.0
D7-CVE-2026-2340-deb-ubuntu-jammy-V2|DC|granite41_8b|blind|P3|60.0|0.0|0|||0|d7|v3,granite41_8b,DC,blind,CVE-2026-2340,D7-CVE-2026-2340-deb-ubuntu-jammy-V2,V2,under_investigation,affected,False,False,False,n/a,0.0,True,5,509,65,1.0,1.0,1.0,0.0,0.0
D7-CVE-2026-2340-deb-ubuntu-jammy-V2|DC|granite41_8b|tracker|P3|60.0|0.0|0|||0|d7|v3,granite41_8b,DC,tracker,CVE-2026-2340,D7-CVE-2026-2340-deb-ubuntu-jammy-V2,V2,affected,affected,True,False,False,n/a,0.0,True,5,453,75,1.0,1.0,1.0,0.0,0.0
D7-CVE-2026-2340-deb-ubuntu-jammy-V2|DC|granite41_8b|withheld|P3|60.0|0.0|0|||0|d7|v3,granite41_8b,DC,withheld,CVE-2026-2340,D7-CVE-2026-2340-deb-ubuntu-jammy-V2,V2,under_investigation,affected,False,False,False,n/a,0.0,True,6,482,65,1.0,1.0,1.0,0.0,0.0
D7-CVE-2026-2340-deb-ubuntu-jammy-V4|DCv21b|llama31_8b|blind|P3|60.0|0.0|0|||0|d7|v3,llama31_8b,DCv21,blind,CVE-2026-2340,D7-CVE-2026-2340-deb-ubuntu-jammy-V4,V4,under_investigation,fixed,False,False,False,fallback,1.0,True,6,238,20,1.0,1.0,1.0,0.0,0.0
D7-CVE-2026-2340-deb-ubuntu-jammy-V4|DCv21b|llama31_8b|tracker|P3|60.0|0.0|0|||0|d7|v3,llama31_8b,DCv21,tracker,CVE-2026-2340,D7-CVE-2026-2340-deb-ubuntu-jammy-V4,V4,fixed,fixed,True,False,False,first_pass,0.0,True,6,426,60,1.0,0.5,0.5,0.5,0.0
D7-CVE-2026-2340-deb-ubuntu-jammy-V4|DCv21b|llama31_8b|withheld|P3|60.0|0.0|0|||0|d7|v3,llama31_8b,DCv21,withheld,CVE-2026-2340,D7-CVE-2026-2340-deb-ubuntu-jammy-V4,V4,under_investigation,fixed,False,False,False,fallback,1.0,True,6,238,20,1.0,1.0,1.0,0.0,0.0
D7-CVE-2026-2340-deb-ubuntu-jammy-V4|DC|llama31_8b|blind|P3|60.0|0.0|0|||0|d7|v3,llama31_8b,DC,blind,CVE-2026-2340,D7-CVE-2026-2340-deb-ubuntu-jammy-V4,V4,under_investigation,fixed,False,False,False,n/a,0.0,True,3,400,57,1.0,0.0,0.0,1.0,0.0
D7-CVE-2026-2340-deb-ubuntu-jammy-V4|DC|llama31_8b|tracker|P3|60.0|0.0|0|||0|d7|v3,llama31_8b,DC,tracker,CVE-2026-2340,D7-CVE-2026-2340-deb-ubuntu-jammy-V4,V4,fixed,fixed,True,False,False,n/a,0.0,True,3,371,53,1.0,1.0,1.0,0.0,0.0
D7-CVE-2026-2340-deb-ubuntu-jammy-V4|DC|llama31_8b|withheld|P3|60.0|0.0|0|||0|d7|v3,llama31_8b,DC,withheld,CVE-2026-2340,D7-CVE-2026-2340-deb-ubuntu-jammy-V4,V4,under_investigation,fixed,False,False,False,n/a,0.0,True,1,429,64,1.0,1.0,1.0,0.0,0.0
D7-CVE-2026-2340-deb-ubuntu-noble-V2|DCv21b|granite41_8b|blind|P3|60.0|0.0|0|||0|d7|v3,granite41_8b,DCv21,blind,CVE-2026-2340,D7-CVE-2026-2340-deb-ubuntu-noble-V2,V2,under_investigation,affected,False,False,False,first_pass,0.0,True,8,675,89,1.0,1.0,1.0,0.0,0.0
D7-CVE-2026-2340-deb-ubuntu-noble-V2|DCv21b|granite41_8b|tracker|P3|60.0|0.0|0|||0|d7|v3,granite41_8b,DCv21,tracker,CVE-2026-2340,D7-CVE-2026-2340-deb-ubuntu-noble-V2,V2,affected,affected,True,False,False,fallback,1.0,True,1,71,9,1.0,1.0,1.0,0.0,0.0
D7-CVE-2026-2340-deb-ubuntu-noble-V2|DCv21b|granite41_8b|withheld|P3|60.0|0.0|0|||0|d7|v3,granite41_8b,DCv21,withheld,CVE-2026-2340,D7-CVE-2026-2340-deb-ubuntu-noble-V2,V2,under_investigation,affected,False,False,False,first_pass,0.0,True,8,668,89,1.0,1.0,1.0,0.0,0.0
D7-CVE-2026-2340-deb-ubuntu-noble-V2|DC|granite41_8b|blind|P3|60.0|0.0|0|||0|d7|v3,granite41_8b,DC,blind,CVE-2026-2340,D7-CVE-2026-2340-deb-ubuntu-noble-V2,V2,under_investigation,affected,False,False,False,n/a,0.0,True,7,513,66,1.0,1.0,1.0,0.0,0.0
D7-CVE-2026-2340-deb-ubuntu-noble-V2|DC|granite41_8b|tracker|P3|60.0|0.0|0|||0|d7|v3,granite41_8b,DC,tracker,CVE-2026-2340,D7-CVE-2026-2340-deb-ubuntu-noble-V2,V2,affected,affected,True,False,False,n/a,0.0,True,7,466,74,1.0,1.0,1.0,0.0,0.0
D7-CVE-2026-2340-deb-ubuntu-noble-V2|DC|granite41_8b|withheld|P3|60.0|0.0|0|||0|d7|v3,granite41_8b,DC,withheld,CVE-2026-2340,D7-CVE-2026-2340-deb-ubuntu-noble-V2,V2,under_investigation,affected,False,False,False,n/a,0.0,True,4,513,66,1.0,1.0,1.0,0.0,0.0
D7-CVE-2026-24072-deb-ubuntu-jammy-V2|DCv21b|qwen3_14b|blind|P3|60.0|0.0|0|||0|d7|v3,qwen3_14b,DCv21,blind,CVE-2026-24072,D7-CVE-2026-24072-deb-ubuntu-jammy-V2,V2,under_investigation,affected,False,False,False,first_pass,0.0,True,3,377,50,1.0,1.0,1.0,0.0,0.0
D7-CVE-2026-24072-deb-ubuntu-jammy-V2|DCv21b|qwen3_14b|tracker|P3|60.0|0.0|0|||0|d7|v3,qwen3_14b,DCv21,tracker,CVE-2026-24072,D7-CVE-2026-24072-deb-ubuntu-jammy-V2,V2,affected,affected,True,False,False,first_pass,0.0,True,6,331,47,1.0,1.0,1.0,0.0,0.0
D7-CVE-2026-24072-deb-ubuntu-jammy-V2|DCv21b|qwen3_14b|withheld|P3|60.0|0.0|0|||0|d7|v3,qwen3_14b,DCv21,withheld,CVE-2026-24072,D7-CVE-2026-24072-deb-ubuntu-jammy-V2,V2,under_investigation,affected,False,False,False,first_pass,0.0,True,3,377,50,1.0,1.0,1.0,0.0,0.0
D7-CVE-2026-24072-deb-ubuntu-jammy-V2|DC|qwen3_14b|blind|P3|60.0|0.0|0|||0|d7|v3,qwen3_14b,DC,blind,CVE-2026-24072,D7-CVE-2026-24072-deb-ubuntu-jammy-V2,V2,under_investigation,affected,False,False,False,n/a,0.0,True,4,340,53,1.0,1.0,1.0,0.0,0.0
D7-CVE-2026-24072-deb-ubuntu-jammy-V2|DC|qwen3_14b|tracker|P3|60.0|0.0|0|||0|d7|v3,qwen3_14b,DC,tracker,CVE-2026-24072,D7-CVE-2026-24072-deb-ubuntu-jammy-V2,V2,affected,affected,True,False,False,n/a,0.0,True,4,304,49,1.0,1.0,1.0,0.0,0.0
D7-CVE-2026-24072-deb-ubuntu-jammy-V2|DC|qwen3_14b|withheld|P3|60.0|0.0|0|||0|d7|v3,qwen3_14b,DC,withheld,CVE-2026-24072,D7-CVE-2026-24072-deb-ubuntu-jammy-V2,V2,under_investigation,affected,False,False,False,n/a,0.0,True,4,340,53,1.0,1.0,1.0,0.0,0.0
D7-CVE-2026-24072-deb-ubuntu-jammy-V4|DCv21b|qwen3_4b|blind|P3|60.0|0.0|0|||0|d7|v3,qwen3_4b,DCv21,blind,CVE-2026-24072,D7-CVE-2026-24072-deb-ubuntu-jammy-V4,V4,under_investigation,fixed,False,False,False,first_pass,0.0,True,4,358,46,1.0,1.0,1.0,0.0,0.0
D7-CVE-2026-24072-deb-ubuntu-jammy-V4|DCv21b|qwen3_4b|tracker|P3|60.0|0.0|0|||0|d7|v3,qwen3_4b,DCv21,tracker,CVE-2026-24072,D7-CVE-2026-24072-deb-ubuntu-jammy-V4,V4,fixed,fixed,True,False,False,fallback,1.0,True,3,129,16,1.0,1.0,1.0,0.0,0.0
D7-CVE-2026-24072-deb-ubuntu-jammy-V4|DCv21b|qwen3_4b|withheld|P3|60.0|0.0|0|||0|d7|v3,qwen3_4b,DCv21,withheld,CVE-2026-24072,D7-CVE-2026-24072-deb-ubuntu-jammy-V4,V4,under_investigation,fixed,False,False,False,first_pass,0.0,True,4,358,46,1.0,1.0,1.0,0.0,0.0
D7-CVE-2026-24072-deb-ubuntu-jammy-V4|DC|qwen3_4b|blind|P3|60.0|0.0|0|||0|d7|v3,qwen3_4b,DC,blind,CVE-2026-24072,D7-CVE-2026-24072-deb-ubuntu-jammy-V4,V4,under_investigation,fixed,False,False,False,n/a,0.0,True,6,337,49,1.0,1.0,1.0,0.0,0.0
D7-CVE-2026-24072-deb-ubuntu-jammy-V4|DC|qwen3_4b|tracker|P3|60.0|0.0|0|||0|d7|v3,qwen3_4b,DC,tracker,CVE-2026-24072,D7-CVE-2026-24072-deb-ubuntu-jammy-V4,V4,fixed,fixed,True,False,False,n/a,0.0,True,3,214,35,1.0,1.0,1.0,0.0,0.0
D7-CVE-2026-24072-deb-ubuntu-jammy-V4|DC|qwen3_4b|withheld|P3|60.0|0.0|0|||0|d7|v3,qwen3_4b,DC,withheld,CVE-2026-24072,D7-CVE-2026-24072-deb-ubuntu-jammy-V4,V4,under_investigation,fixed,False,False,False,n/a,0.0,True,6,337,49,1.0,1.0,1.0,0.0,0.0
D7-CVE-2026-24072-deb-ubuntu-jammy-V6|DCv21b|llama31_8b|blind|P3|60.0|0.0|0|||0|d7|v3,llama31_8b,DCv21,blind,CVE-2026-24072,D7-CVE-2026-24072-deb-ubuntu-jammy-V6,V6,not_affected,not_affected,True,False,False,repaired,0.0,True,3,376,56,1.0,1.0,1.0,0.0,0.0
D7-CVE-2026-24072-deb-ubuntu-jammy-V6|DCv21b|llama31_8b|tracker|P3|60.0|0.0|0|||0|d7|v3,llama31_8b,DCv21,tracker,CVE-2026-24072,D7-CVE-2026-24072-deb-ubuntu-jammy-V6,V6,not_affected,not_affected,True,False,False,first_pass,0.0,True,3,450,66,1.0,1.0,1.0,0.0,0.0
D7-CVE-2026-24072-deb-ubuntu-jammy-V6|DCv21b|llama31_8b|withheld|P3|60.0|0.0|0|||0|d7|v3,llama31_8b,DCv21,withheld,CVE-2026-24072,D7-CVE-2026-24072-deb-ubuntu-jammy-V6,V6,not_affected,not_affected,True,False,False,repaired,0.0,True,3,376,56,1.0,1.0,1.0,0.0,0.0
D7-CVE-2026-24072-deb-ubuntu-jammy-V6|DC|llama31_8b|blind|P3|60.0|0.0|0|||0|d7|v3,llama31_8b,DC,blind,CVE-2026-24072,D7-CVE-2026-24072-deb-ubuntu-jammy-V6,V6,not_affected,not_affected,True,False,False,n/a,0.0,True,3,391,61,1.0,1.0,1.0,0.0,0.0
D7-CVE-2026-24072-deb-ubuntu-jammy-V6|DC|llama31_8b|tracker|P3|60.0|0.0|0|||0|d7|v3,llama31_8b,DC,tracker,CVE-2026-24072,D7-CVE-2026-24072-deb-ubuntu-jammy-V6,V6,not_affected,not_affected,True,False,False,n/a,0.0,True,3,378,57,1.0,1.0,1.0,0.0,0.0
D7-CVE-2026-24072-deb-ubuntu-jammy-V6|DC|llama31_8b|withheld|P3|60.0|0.0|0|||0|d7|v3,llama31_8b,DC,withheld,CVE-2026-24072,D7-CVE-2026-24072-deb-ubuntu-jammy-V6,V6,not_affected,not_affected,True,False,False,n/a,0.0,True,3,343,53,1.0,1.0,1.0,0.0,0.0
D7-CVE-2026-24072-deb-ubuntu-noble-V2|DCv21b|qwen3_4b|blind|P3|60.0|0.0|0|||0|d7|v3,qwen3_4b,DCv21,blind,CVE-2026-24072,D7-CVE-2026-24072-deb-ubuntu-noble-V2,V2,under_investigation,affected,False,False,False,first_pass,0.0,True,5,414,53,1.0,1.0,1.0,0.0,0.0
D7-CVE-2026-24072-deb-ubuntu-noble-V2|DCv21b|qwen3_4b|tracker|P3|60.0|0.0|0|||0|d7|v3,qwen3_4b,DCv21,tracker,CVE-2026-24072,D7-CVE-2026-24072-deb-ubuntu-noble-V2,V2,affected,affected,True,False,False,fallback,1.0,True,1,73,9,1.0,1.0,1.0,0.0,0.0
D7-CVE-2026-24072-deb-ubuntu-noble-V2|DCv21b|qwen3_4b|withheld|P3|60.0|0.0|0|||0|d7|v3,qwen3_4b,DCv21,withheld,CVE-2026-24072,D7-CVE-2026-24072-deb-ubuntu-noble-V2,V2,under_investigation,affected,False,False,False,first_pass,0.0,True,3,321,42,1.0,1.0,1.0,0.0,0.0
D7-CVE-2026-24072-deb-ubuntu-noble-V2|DC|qwen3_4b|blind|P3|60.0|0.0|0|||0|d7|v3,qwen3_4b,DC,blind,CVE-2026-24072,D7-CVE-2026-24072-deb-ubuntu-noble-V2,V2,under_investigation,affected,False,False,False,n/a,0.0,True,6,395,56,1.0,1.0,1.0,0.0,0.0
D7-CVE-2026-24072-deb-ubuntu-noble-V2|DC|qwen3_4b|tracker|P3|60.0|0.0|0|||0|d7|v3,qwen3_4b,DC,tracker,CVE-2026-24072,D7-CVE-2026-24072-deb-ubuntu-noble-V2,V2,affected,affected,True,False,False,n/a,0.0,True,4,269,43,1.0,1.0,1.0,0.0,0.0
D7-CVE-2026-24072-deb-ubuntu-noble-V2|DC|qwen3_4b|withheld|P3|60.0|0.0|0|||0|d7|v3,qwen3_4b,DC,withheld,CVE-2026-24072,D7-CVE-2026-24072-deb-ubuntu-noble-V2,V2,under_investigation,affected,False,False,False,n/a,0.0,True,6,395,56,1.0,1.0,1.0,0.0,0.0
D7-CVE-2026-29167-vendor-jammy-V1|DCv21b|qwen3_14b|blind|P3|60.0|0.0|0|||0|d7|v3,qwen3_14b,DCv21,blind,CVE-2026-29167,D7-CVE-2026-29167-vendor-jammy-V1,V1,not_affected,not_affected,True,False,False,first_pass,0.0,True,3,333,45,1.0,1.0,1.0,0.0,0.0
D7-CVE-2026-29167-vendor-jammy-V1|DCv21b|qwen3_14b|tracker|P3|60.0|0.0|0|||0|d7|v3,qwen3_14b,DCv21,tracker,CVE-2026-29167,D7-CVE-2026-29167-vendor-jammy-V1,V1,not_affected,not_affected,True,False,False,first_pass,0.0,True,3,312,44,1.0,1.0,1.0,0.0,0.0
D7-CVE-2026-29167-vendor-jammy-V1|DCv21b|qwen3_14b|withheld|P3|60.0|0.0|0|||0|d7|v3,qwen3_14b,DCv21,withheld,CVE-2026-29167,D7-CVE-2026-29167-vendor-jammy-V1,V1,not_affected,not_affected,True,False,False,first_pass,0.0,True,3,333,45,1.0,1.0,1.0,0.0,0.0
D7-CVE-2026-29167-vendor-jammy-V1|DC|qwen3_14b|blind|P3|60.0|0.0|0|||0|d7|v3,qwen3_14b,DC,blind,CVE-2026-29167,D7-CVE-2026-29167-vendor-jammy-V1,V1,not_affected,not_affected,True,False,False,n/a,0.0,True,3,306,47,1.0,1.0,1.0,0.0,0.0
D7-CVE-2026-29167-vendor-jammy-V1|DC|qwen3_14b|tracker|P3|60.0|0.0|0|||0|d7|v3,qwen3_14b,DC,tracker,CVE-2026-29167,D7-CVE-2026-29167-vendor-jammy-V1,V1,not_affected,not_affected,True,False,False,n/a,0.0,True,4,360,53,1.0,1.0,1.0,0.0,0.0
D7-CVE-2026-29167-vendor-jammy-V1|DC|qwen3_14b|withheld|P3|60.0|0.0|0|||0|d7|v3,qwen3_14b,DC,withheld,CVE-2026-29167,D7-CVE-2026-29167-vendor-jammy-V1,V1,not_affected,not_affected,True,False,False,n/a,0.0,True,3,306,47,1.0,1.0,1.0,0.0,0.0
D7-CVE-2026-40110-pypi-jammy-V6|DCv21b|qwen3_4b|blind|P3|60.0|0.0|0|||0|d7|v3,qwen3_4b,DCv21,blind,CVE-2026-40110,D7-CVE-2026-40110-pypi-jammy-V6,V6,not_affected,not_affected,True,False,False,first_pass,0.0,True,3,334,53,1.0,1.0,1.0,0.0,0.0
D7-CVE-2026-40110-pypi-jammy-V6|DCv21b|qwen3_4b|tracker|P3|60.0|0.0|0|||0|d7|v3,qwen3_4b,DCv21,tracker,CVE-2026-40110,D7-CVE-2026-40110-pypi-jammy-V6,V6,not_affected,not_affected,True,False,False,first_pass,0.0,True,4,317,43,1.0,1.0,1.0,0.0,0.0
D7-CVE-2026-40110-pypi-jammy-V6|DCv21b|qwen3_4b|withheld|P3|60.0|0.0|0|||0|d7|v3,qwen3_4b,DCv21,withheld,CVE-2026-40110,D7-CVE-2026-40110-pypi-jammy-V6,V6,not_affected,not_affected,True,False,False,first_pass,0.0,True,3,334,53,1.0,1.0,1.0,0.0,0.0
D7-CVE-2026-40110-pypi-jammy-V6|DC|qwen3_4b|blind|P3|60.0|0.0|0|||0|d7|v3,qwen3_4b,DC,blind,CVE-2026-40110,D7-CVE-2026-40110-pypi-jammy-V6,V6,not_affected,not_affected,True,False,False,n/a,0.0,True,6,393,62,1.0,1.0,1.0,0.0,0.0
D7-CVE-2026-40110-pypi-jammy-V6|DC|qwen3_4b|tracker|P3|60.0|0.0|0|||0|d7|v3,qwen3_4b,DC,tracker,CVE-2026-40110,D7-CVE-2026-40110-pypi-jammy-V6,V6,not_affected,not_affected,True,False,False,n/a,0.0,True,5,344,54,1.0,1.0,1.0,0.0,0.0
D7-CVE-2026-40110-pypi-jammy-V6|DC|qwen3_4b|withheld|P3|60.0|0.0|0|||0|d7|v3,qwen3_4b,DC,withheld,CVE-2026-40110,D7-CVE-2026-40110-pypi-jammy-V6,V6,not_affected,not_affected,True,False,False,n/a,0.0,True,6,393,62,1.0,1.0,1.0,0.0,0.0
D7-CVE-2026-40110-pypi-noble-V1|DCv21b|granite41_8b|blind|P3|60.0|0.0|0|||0|d7|v3,granite41_8b,DCv21,blind,CVE-2026-40110,D7-CVE-2026-40110-pypi-noble-V1,V1,not_affected,not_affected,True,False,False,first_pass,0.0,True,3,500,71,1.0,1.0,1.0,0.0,0.0
D7-CVE-2026-40110-pypi-noble-V1|DCv21b|granite41_8b|tracker|P3|60.0|0.0|0|||0|d7|v3,granite41_8b,DCv21,tracker,CVE-2026-40110,D7-CVE-2026-40110-pypi-noble-V1,V1,not_affected,not_affected,True,False,False,first_pass,0.0,True,6,444,62,1.0,1.0,1.0,0.0,0.0
D7-CVE-2026-40110-pypi-noble-V1|DCv21b|granite41_8b|withheld|P3|60.0|0.0|0|||0|d7|v3,granite41_8b,DCv21,withheld,CVE-2026-40110,D7-CVE-2026-40110-pypi-noble-V1,V1,not_affected,not_affected,True,False,False,first_pass,0.0,True,3,500,71,1.0,1.0,1.0,0.0,0.0
D7-CVE-2026-40110-pypi-noble-V1|DC|granite41_8b|blind|P3|60.0|0.0|0|||0|d7|v3,granite41_8b,DC,blind,CVE-2026-40110,D7-CVE-2026-40110-pypi-noble-V1,V1,not_affected,not_affected,True,False,False,n/a,0.0,True,5,456,65,1.0,1.0,1.0,0.0,0.0
D7-CVE-2026-40110-pypi-noble-V1|DC|granite41_8b|tracker|P3|60.0|0.0|0|||0|d7|v3,granite41_8b,DC,tracker,CVE-2026-40110,D7-CVE-2026-40110-pypi-noble-V1,V1,not_affected,not_affected,True,False,False,n/a,0.0,True,5,456,65,1.0,1.0,1.0,0.0,0.0
D7-CVE-2026-40110-pypi-noble-V1|DC|granite41_8b|withheld|P3|60.0|0.0|0|||0|d7|v3,granite41_8b,DC,withheld,CVE-2026-40110,D7-CVE-2026-40110-pypi-noble-V1,V1,not_affected,not_affected,True,False,False,n/a,0.0,True,5,456,65,1.0,1.0,1.0,0.0,0.0
D7-CVE-2026-41848-maven-jammy-V2|DCv21b|granite41_30b|blind|P3|60.0|0.0|0|||0|d7|v3,granite41_30b,DCv21,blind,CVE-2026-41848,D7-CVE-2026-41848-maven-jammy-V2,V2,under_investigation,affected,False,False,False,first_pass,0.0,True,5,373,49,1.0,1.0,1.0,0.0,0.0
D7-CVE-2026-41848-maven-jammy-V2|DCv21b|granite41_30b|tracker|P3|60.0|0.0|0|||0|d7|v3,granite41_30b,DCv21,tracker,CVE-2026-41848,D7-CVE-2026-41848-maven-jammy-V2,V2,affected,affected,True,False,False,first_pass,0.0,True,5,426,56,1.0,1.0,1.0,0.0,0.0
D7-CVE-2026-41848-maven-jammy-V2|DCv21b|granite41_30b|withheld|P3|60.0|0.0|0|||0|d7|v3,granite41_30b,DCv21,withheld,CVE-2026-41848,D7-CVE-2026-41848-maven-jammy-V2,V2,under_investigation,affected,False,False,False,first_pass,0.0,True,4,373,49,1.0,1.0,1.0,0.0,0.0
D7-CVE-2026-41848-maven-jammy-V2|DC|granite41_30b|blind|P3|60.0|0.0|0|||0|d7|v3,granite41_30b,DC,blind,CVE-2026-41848,D7-CVE-2026-41848-maven-jammy-V2,V2,under_investigation,affected,False,False,False,n/a,0.0,True,3,310,40,1.0,1.0,1.0,0.0,0.0
D7-CVE-2026-41848-maven-jammy-V2|DC|granite41_30b|tracker|P3|60.0|0.0|0|||0|d7|v3,granite41_30b,DC,tracker,CVE-2026-41848,D7-CVE-2026-41848-maven-jammy-V2,V2,affected,affected,True,False,False,n/a,0.0,True,4,339,51,1.0,1.0,1.0,0.0,0.0
D7-CVE-2026-41848-maven-jammy-V2|DC|granite41_30b|withheld|P3|60.0|0.0|0|||0|d7|v3,granite41_30b,DC,withheld,CVE-2026-41848,D7-CVE-2026-41848-maven-jammy-V2,V2,under_investigation,affected,False,False,False,n/a,0.0,True,4,365,52,1.0,1.0,1.0,0.0,0.0
D7-CVE-2026-42198-maven-jammy-V7|DCv21b|qwen3_4b|blind|P3|60.0|0.0|0|||0|d7|v3,qwen3_4b,DCv21,blind,CVE-2026-42198,D7-CVE-2026-42198-maven-jammy-V7,V7,under_investigation,affected,False,False,False,first_pass,0.0,True,3,323,38,1.0,1.0,1.0,0.0,0.0
D7-CVE-2026-42198-maven-jammy-V7|DCv21b|qwen3_4b|tracker|P3|60.0|0.0|0|||0|d7|v3,qwen3_4b,DCv21,tracker,CVE-2026-42198,D7-CVE-2026-42198-maven-jammy-V7,V7,affected,affected,True,False,False,fallback,1.0,True,2,222,12,1.0,1.0,1.0,0.0,0.0
D7-CVE-2026-42198-maven-jammy-V7|DCv21b|qwen3_4b|withheld|P3|60.0|0.0|0|||0|d7|v3,qwen3_4b,DCv21,withheld,CVE-2026-42198,D7-CVE-2026-42198-maven-jammy-V7,V7,under_investigation,affected,False,False,False,first_pass,0.0,True,4,323,38,1.0,1.0,1.0,0.0,0.0
D7-CVE-2026-42198-maven-jammy-V7|DC|qwen3_4b|blind|P3|60.0|0.0|0|||0|d7|v3,qwen3_4b,DC,blind,CVE-2026-42198,D7-CVE-2026-42198-maven-jammy-V7,V7,under_investigation,affected,False,False,False,n/a,0.0,True,3,228,33,1.0,1.0,1.0,0.0,0.0
D7-CVE-2026-42198-maven-jammy-V7|DC|qwen3_4b|tracker|P3|60.0|0.0|0|||0|d7|v3,qwen3_4b,DC,tracker,CVE-2026-42198,D7-CVE-2026-42198-maven-jammy-V7,V7,affected,affected,True,False,False,n/a,0.0,True,4,257,39,1.0,1.0,1.0,0.0,0.0
D7-CVE-2026-42198-maven-jammy-V7|DC|qwen3_4b|withheld|P3|60.0|0.0|0|||0|d7|v3,qwen3_4b,DC,withheld,CVE-2026-42198,D7-CVE-2026-42198-maven-jammy-V7,V7,under_investigation,affected,False,False,False,n/a,0.0,True,3,228,33,1.0,1.0,1.0,0.0,0.0
D7-CVE-2026-42308-pypi-noble-V2|DCv21b|gemma4_31b|blind|P3|60.0|0.0|0|||0|d7|v3,gemma4_31b,DCv21,blind,CVE-2026-42308,D7-CVE-2026-42308-pypi-noble-V2,V2,under_investigation,affected,False,False,False,first_pass,0.0,True,4,312,42,1.0,1.0,1.0,0.0,0.0
D7-CVE-2026-42308-pypi-noble-V2|DCv21b|gemma4_31b|tracker|P3|60.0|0.0|0|||0|d7|v3,gemma4_31b,DCv21,tracker,CVE-2026-42308,D7-CVE-2026-42308-pypi-noble-V2,V2,affected,affected,True,False,False,first_pass,0.0,True,3,184,27,1.0,1.0,1.0,0.0,0.0
D7-CVE-2026-42308-pypi-noble-V2|DCv21b|gemma4_31b|withheld|P3|60.0|0.0|0|||0|d7|v3,gemma4_31b,DCv21,withheld,CVE-2026-42308,D7-CVE-2026-42308-pypi-noble-V2,V2,under_investigation,affected,False,False,False,first_pass,0.0,True,4,312,42,1.0,1.0,1.0,0.0,0.0
D7-CVE-2026-42308-pypi-noble-V2|DC|gemma4_31b|blind|P3|60.0|0.0|0|||0|d7|v3,gemma4_31b,DC,blind,CVE-2026-42308,D7-CVE-2026-42308-pypi-noble-V2,V2,under_investigation,affected,False,False,False,n/a,0.0,True,4,221,36,1.0,1.0,1.0,0.0,0.0
D7-CVE-2026-42308-pypi-noble-V2|DC|gemma4_31b|tracker|P3|60.0|0.0|0|||0|d7|v3,gemma4_31b,DC,tracker,CVE-2026-42308,D7-CVE-2026-42308-pypi-noble-V2,V2,affected,affected,True,False,False,n/a,0.0,True,3,212,33,1.0,1.0,1.0,0.0,0.0
D7-CVE-2026-42308-pypi-noble-V2|DC|gemma4_31b|withheld|P3|60.0|0.0|0|||0|d7|v3,gemma4_31b,DC,withheld,CVE-2026-42308,D7-CVE-2026-42308-pypi-noble-V2,V2,under_investigation,affected,False,False,False,n/a,0.0,True,4,221,36,1.0,1.0,1.0,0.0,0.0
D7-CVE-2026-42533-deb-ubuntu-jammy-V1|DCv21b|qwen3_4b|blind|P3|60.0|0.0|0|||0|d7|v3,qwen3_4b,DCv21,blind,CVE-2026-42533,D7-CVE-2026-42533-deb-ubuntu-jammy-V1,V1,not_affected,not_affected,True,False,False,first_pass,0.0,True,3,220,31,1.0,1.0,1.0,0.0,0.0
D7-CVE-2026-42533-deb-ubuntu-jammy-V1|DCv21b|qwen3_4b|tracker|P3|60.0|0.0|0|||0|d7|v3,qwen3_4b,DCv21,tracker,CVE-2026-42533,D7-CVE-2026-42533-deb-ubuntu-jammy-V1,V1,not_affected,not_affected,True,False,False,first_pass,0.0,True,4,296,43,1.0,1.0,1.0,0.0,0.0
D7-CVE-2026-42533-deb-ubuntu-jammy-V1|DCv21b|qwen3_4b|withheld|P3|60.0|0.0|0|||0|d7|v3,qwen3_4b,DCv21,withheld,CVE-2026-42533,D7-CVE-2026-42533-deb-ubuntu-jammy-V1,V1,not_affected,not_affected,True,False,False,first_pass,0.0,True,3,220,31,1.0,1.0,1.0,0.0,0.0
D7-CVE-2026-42533-deb-ubuntu-jammy-V1|DC|qwen3_4b|blind|P3|60.0|0.0|0|||0|d7|v3,qwen3_4b,DC,blind,CVE-2026-42533,D7-CVE-2026-42533-deb-ubuntu-jammy-V1,V1,not_affected,not_affected,True,False,False,n/a,0.0,True,2,245,35,1.0,1.0,1.0,0.0,0.0
D7-CVE-2026-42533-deb-ubuntu-jammy-V1|DC|qwen3_4b|tracker|P3|60.0|0.0|0|||0|d7|v3,qwen3_4b,DC,tracker,CVE-2026-42533,D7-CVE-2026-42533-deb-ubuntu-jammy-V1,V1,not_affected,not_affected,True,False,False,n/a,0.0,True,2,245,35,1.0,1.0,1.0,0.0,0.0
D7-CVE-2026-42533-deb-ubuntu-jammy-V1|DC|qwen3_4b|withheld|P3|60.0|0.0|0|||0|d7|v3,qwen3_4b,DC,withheld,CVE-2026-42533,D7-CVE-2026-42533-deb-ubuntu-jammy-V1,V1,not_affected,not_affected,True,False,False,n/a,0.0,True,2,245,35,1.0,1.0,1.0,0.0,0.0
D7-CVE-2026-42533-deb-ubuntu-jammy-V2|DCv21b|llama31_8b|blind|P3|60.0|0.0|0|||0|d7|v3,llama31_8b,DCv21,blind,CVE-2026-42533,D7-CVE-2026-42533-deb-ubuntu-jammy-V2,V2,under_investigation,affected,False,False,False,first_pass,0.0,True,3,375,49,1.0,1.0,1.0,0.0,0.0
D7-CVE-2026-42533-deb-ubuntu-jammy-V2|DCv21b|llama31_8b|tracker|P3|60.0|0.0|0|||0|d7|v3,llama31_8b,DCv21,tracker,CVE-2026-42533,D7-CVE-2026-42533-deb-ubuntu-jammy-V2,V2,affected,affected,True,False,False,first_pass,0.0,True,6,477,65,1.0,1.0,1.0,0.0,0.0
D7-CVE-2026-42533-deb-ubuntu-jammy-V2|DCv21b|llama31_8b|withheld|P3|60.0|0.0|0|||0|d7|v3,llama31_8b,DCv21,withheld,CVE-2026-42533,D7-CVE-2026-42533-deb-ubuntu-jammy-V2,V2,under_investigation,affected,False,False,False,first_pass,0.0,True,7,894,118,1.0,1.0,1.0,0.0,0.0
D7-CVE-2026-42533-deb-ubuntu-jammy-V2|DC|llama31_8b|blind|P3|60.0|0.0|0|||0|d7|v3,llama31_8b,DC,blind,CVE-2026-42533,D7-CVE-2026-42533-deb-ubuntu-jammy-V2,V2,under_investigation,affected,False,False,False,n/a,0.0,True,3,470,68,1.0,1.0,1.0,0.0,0.0
D7-CVE-2026-42533-deb-ubuntu-jammy-V2|DC|llama31_8b|tracker|P3|60.0|0.0|0|||0|d7|v3,llama31_8b,DC,tracker,CVE-2026-42533,D7-CVE-2026-42533-deb-ubuntu-jammy-V2,V2,affected,affected,True,False,False,n/a,0.0,True,3,401,57,1.0,0.0,0.0,0.0,0.0
D7-CVE-2026-42533-deb-ubuntu-jammy-V2|DC|llama31_8b|withheld|P3|60.0|0.0|0|||0|d7|v3,llama31_8b,DC,withheld,CVE-2026-42533,D7-CVE-2026-42533-deb-ubuntu-jammy-V2,V2,under_investigation,affected,False,False,False,n/a,0.0,True,3,465,68,1.0,1.0,1.0,0.0,0.0
D7-CVE-2026-42561-pypi-jammy-V6|DCv21b|llama31_8b|blind|P3|60.0|0.0|0|||0|d7|v3,llama31_8b,DCv21,blind,CVE-2026-42561,D7-CVE-2026-42561-pypi-jammy-V6,V6,not_affected,not_affected,True,False,False,first_pass,0.0,True,3,338,48,1.0,1.0,1.0,0.0,0.0
D7-CVE-2026-42561-pypi-jammy-V6|DCv21b|llama31_8b|tracker|P3|60.0|0.0|0|||0|d7|v3,llama31_8b,DCv21,tracker,CVE-2026-42561,D7-CVE-2026-42561-pypi-jammy-V6,V6,not_affected,not_affected,True,False,False,first_pass,0.0,True,4,369,55,1.0,1.0,1.0,0.0,0.0
D7-CVE-2026-42561-pypi-jammy-V6|DCv21b|llama31_8b|withheld|P3|60.0|0.0|0|||0|d7|v3,llama31_8b,DCv21,withheld,CVE-2026-42561,D7-CVE-2026-42561-pypi-jammy-V6,V6,not_affected,not_affected,True,False,False,first_pass,0.0,True,3,338,48,1.0,1.0,1.0,0.0,0.0
D7-CVE-2026-42561-pypi-jammy-V6|DC|llama31_8b|blind|P3|60.0|0.0|0|||0|d7|v3,llama31_8b,DC,blind,CVE-2026-42561,D7-CVE-2026-42561-pypi-jammy-V6,V6,not_affected,not_affected,True,False,False,n/a,0.0,True,4,331,51,1.0,1.0,1.0,0.0,0.0
D7-CVE-2026-42561-pypi-jammy-V6|DC|llama31_8b|tracker|P3|60.0|0.0|0|||0|d7|v3,llama31_8b,DC,tracker,CVE-2026-42561,D7-CVE-2026-42561-pypi-jammy-V6,V6,not_affected,not_affected,True,False,False,n/a,0.0,True,2,388,62,1.0,1.0,1.0,0.0,0.0
D7-CVE-2026-42561-pypi-jammy-V6|DC|llama31_8b|withheld|P3|60.0|0.0|0|||0|d7|v3,llama31_8b,DC,withheld,CVE-2026-42561,D7-CVE-2026-42561-pypi-jammy-V6,V6,not_affected,not_affected,True,False,False,n/a,0.0,True,4,331,51,1.0,1.0,1.0,0.0,0.0
D7-CVE-2026-43617-deb-ubuntu-jammy-V6|DCv21b|qwen3_14b|blind|P3|60.0|0.0|0|||0|d7|v3,qwen3_14b,DCv21,blind,CVE-2026-43617,D7-CVE-2026-43617-deb-ubuntu-jammy-V6,V6,not_affected,not_affected,True,False,False,first_pass,0.0,True,3,308,45,1.0,1.0,1.0,0.0,0.0
D7-CVE-2026-43617-deb-ubuntu-jammy-V6|DCv21b|qwen3_14b|tracker|P3|60.0|0.0|0|||0|d7|v3,qwen3_14b,DCv21,tracker,CVE-2026-43617,D7-CVE-2026-43617-deb-ubuntu-jammy-V6,V6,not_affected,not_affected,True,False,False,first_pass,0.0,True,4,366,51,1.0,1.0,1.0,0.0,0.0
D7-CVE-2026-43617-deb-ubuntu-jammy-V6|DCv21b|qwen3_14b|withheld|P3|60.0|0.0|0|||0|d7|v3,qwen3_14b,DCv21,withheld,CVE-2026-43617,D7-CVE-2026-43617-deb-ubuntu-jammy-V6,V6,not_affected,not_affected,True,False,False,first_pass,0.0,True,4,294,42,1.0,1.0,1.0,0.0,0.0
D7-CVE-2026-43617-deb-ubuntu-jammy-V6|DC|qwen3_14b|blind|P3|60.0|0.0|0|||0|d7|v3,qwen3_14b,DC,blind,CVE-2026-43617,D7-CVE-2026-43617-deb-ubuntu-jammy-V6,V6,not_affected,not_affected,True,False,False,n/a,0.0,True,3,360,53,1.0,1.0,1.0,0.0,0.0
D7-CVE-2026-43617-deb-ubuntu-jammy-V6|DC|qwen3_14b|tracker|P3|60.0|0.0|0|||0|d7|v3,qwen3_14b,DC,tracker,CVE-2026-43617,D7-CVE-2026-43617-deb-ubuntu-jammy-V6,V6,not_affected,not_affected,True,False,False,n/a,0.0,True,3,361,50,1.0,1.0,1.0,0.0,0.0
D7-CVE-2026-43617-deb-ubuntu-jammy-V6|DC|qwen3_14b|withheld|P3|60.0|0.0|0|||0|d7|v3,qwen3_14b,DC,withheld,CVE-2026-43617,D7-CVE-2026-43617-deb-ubuntu-jammy-V6,V6,not_affected,not_affected,True,False,False,n/a,0.0,True,3,363,52,1.0,1.0,1.0,0.0,0.0
D7-CVE-2026-43617-deb-ubuntu-noble-V1|DCv21b|granite41_30b|blind|P3|60.0|0.0|0|||0|d7|v3,granite41_30b,DCv21,blind,CVE-2026-43617,D7-CVE-2026-43617-deb-ubuntu-noble-V1,V1,not_affected,not_affected,True,False,False,first_pass,0.0,True,4,344,50,1.0,1.0,1.0,0.0,0.0
D7-CVE-2026-43617-deb-ubuntu-noble-V1|DCv21b|granite41_30b|tracker|P3|60.0|0.0|0|||0|d7|v3,granite41_30b,DCv21,tracker,CVE-2026-43617,D7-CVE-2026-43617-deb-ubuntu-noble-V1,V1,not_affected,not_affected,True,False,False,first_pass,0.0,True,3,379,53,1.0,1.0,1.0,0.0,0.0
D7-CVE-2026-43617-deb-ubuntu-noble-V1|DCv21b|granite41_30b|withheld|P3|60.0|0.0|0|||0|d7|v3,granite41_30b,DCv21,withheld,CVE-2026-43617,D7-CVE-2026-43617-deb-ubuntu-noble-V1,V1,not_affected,not_affected,True,False,False,first_pass,0.0,True,4,348,50,1.0,1.0,1.0,0.0,0.0
D7-CVE-2026-43617-deb-ubuntu-noble-V1|DC|granite41_30b|blind|P3|60.0|0.0|0|||0|d7|v3,granite41_30b,DC,blind,CVE-2026-43617,D7-CVE-2026-43617-deb-ubuntu-noble-V1,V1,not_affected,not_affected,True,False,False,n/a,0.0,True,3,342,49,1.0,1.0,1.0,0.0,0.0
D7-CVE-2026-43617-deb-ubuntu-noble-V1|DC|granite41_30b|tracker|P3|60.0|0.0|0|||0|d7|v3,granite41_30b,DC,tracker,CVE-2026-43617,D7-CVE-2026-43617-deb-ubuntu-noble-V1,V1,not_affected,not_affected,True,False,False,n/a,0.0,True,3,324,48,1.0,1.0,1.0,0.0,0.0
D7-CVE-2026-43617-deb-ubuntu-noble-V1|DC|granite41_30b|withheld|P3|60.0|0.0|0|||0|d7|v3,granite41_30b,DC,withheld,CVE-2026-43617,D7-CVE-2026-43617-deb-ubuntu-noble-V1,V1,not_affected,not_affected,True,False,False,n/a,0.0,True,3,342,49,1.0,1.0,1.0,0.0,0.0
D7-CVE-2026-43617-deb-ubuntu-noble-V2|DCv21b|gemma4_31b|blind|P3|60.0|0.0|0|||0|d7|v3,gemma4_31b,DCv21,blind,CVE-2026-43617,D7-CVE-2026-43617-deb-ubuntu-noble-V2,V2,under_investigation,affected,False,False,False,first_pass,0.0,True,4,266,33,1.0,1.0,1.0,0.0,0.0
D7-CVE-2026-43617-deb-ubuntu-noble-V2|DCv21b|gemma4_31b|tracker|P3|60.0|0.0|0|||0|d7|v3,gemma4_31b,DCv21,tracker,CVE-2026-43617,D7-CVE-2026-43617-deb-ubuntu-noble-V2,V2,affected,affected,True,False,False,first_pass,0.0,True,3,201,27,1.0,1.0,1.0,0.0,0.0
D7-CVE-2026-43617-deb-ubuntu-noble-V2|DCv21b|gemma4_31b|withheld|P3|60.0|0.0|0|||0|d7|v3,gemma4_31b,DCv21,withheld,CVE-2026-43617,D7-CVE-2026-43617-deb-ubuntu-noble-V2,V2,under_investigation,affected,False,False,False,first_pass,0.0,True,4,266,33,1.0,1.0,1.0,0.0,0.0
D7-CVE-2026-43617-deb-ubuntu-noble-V2|DC|gemma4_31b|blind|P3|60.0|0.0|0|||0|d7|v3,gemma4_31b,DC,blind,CVE-2026-43617,D7-CVE-2026-43617-deb-ubuntu-noble-V2,V2,under_investigation,affected,False,False,False,n/a,0.0,True,4,297,43,1.0,1.0,1.0,0.0,0.0
D7-CVE-2026-43617-deb-ubuntu-noble-V2|DC|gemma4_31b|tracker|P3|60.0|0.0|0|||0|d7|v3,gemma4_31b,DC,tracker,CVE-2026-43617,D7-CVE-2026-43617-deb-ubuntu-noble-V2,V2,affected,affected,True,False,False,n/a,0.0,True,4,206,32,1.0,1.0,1.0,0.0,0.0
D7-CVE-2026-43617-deb-ubuntu-noble-V2|DC|gemma4_31b|withheld|P3|60.0|0.0|0|||0|d7|v3,gemma4_31b,DC,withheld,CVE-2026-43617,D7-CVE-2026-43617-deb-ubuntu-noble-V2,V2,under_investigation,affected,False,False,False,n/a,0.0,True,4,288,42,1.0,1.0,1.0,0.0,0.0
D7-CVE-2026-45409-pypi-jammy-V1|DCv21b|gemma4_31b|blind|P3|60.0|0.0|0|||0|d7|v3,gemma4_31b,DCv21,blind,CVE-2026-45409,D7-CVE-2026-45409-pypi-jammy-V1,V1,not_affected,not_affected,True,False,False,first_pass,0.0,True,3,184,25,1.0,1.0,1.0,0.0,0.0
D7-CVE-2026-45409-pypi-jammy-V1|DCv21b|gemma4_31b|tracker|P3|60.0|0.0|0|||0|d7|v3,gemma4_31b,DCv21,tracker,CVE-2026-45409,D7-CVE-2026-45409-pypi-jammy-V1,V1,not_affected,not_affected,True,False,False,first_pass,0.0,True,3,214,31,1.0,1.0,1.0,0.0,0.0
D7-CVE-2026-45409-pypi-jammy-V1|DCv21b|gemma4_31b|withheld|P3|60.0|0.0|0|||0|d7|v3,gemma4_31b,DCv21,withheld,CVE-2026-45409,D7-CVE-2026-45409-pypi-jammy-V1,V1,not_affected,not_affected,True,False,False,first_pass,0.0,True,3,184,25,1.0,1.0,1.0,0.0,0.0
D7-CVE-2026-45409-pypi-jammy-V1|DC|gemma4_31b|blind|P3|60.0|0.0|0|||0|d7|v3,gemma4_31b,DC,blind,CVE-2026-45409,D7-CVE-2026-45409-pypi-jammy-V1,V1,not_affected,not_affected,True,False,False,n/a,0.0,True,2,212,26,1.0,1.0,1.0,0.0,0.0
D7-CVE-2026-45409-pypi-jammy-V1|DC|gemma4_31b|tracker|P3|60.0|0.0|0|||0|d7|v3,gemma4_31b,DC,tracker,CVE-2026-45409,D7-CVE-2026-45409-pypi-jammy-V1,V1,not_affected,not_affected,True,False,False,n/a,0.0,True,2,212,26,1.0,1.0,1.0,0.0,0.0
D7-CVE-2026-45409-pypi-jammy-V1|DC|gemma4_31b|withheld|P3|60.0|0.0|0|||0|d7|v3,gemma4_31b,DC,withheld,CVE-2026-45409,D7-CVE-2026-45409-pypi-jammy-V1,V1,not_affected,not_affected,True,False,False,n/a,0.0,True,2,212,26,1.0,1.0,1.0,0.0,0.0
D7-CVE-2026-45409-pypi-jammy-V2-b2|DCv21b|granite41_8b|blind|P3|60.0|0.0|0|||0|d7|v3,granite41_8b,DCv21,blind,CVE-2026-45409,D7-CVE-2026-45409-pypi-jammy-V2-b2,V2,under_investigation,affected,False,False,False,first_pass,0.0,True,6,419,67,1.0,1.0,1.0,0.0,0.0
D7-CVE-2026-45409-pypi-jammy-V2-b2|DCv21b|granite41_8b|tracker|P3|60.0|0.0|0|||0|d7|v3,granite41_8b,DCv21,tracker,CVE-2026-45409,D7-CVE-2026-45409-pypi-jammy-V2-b2,V2,affected,affected,True,False,False,first_pass,0.0,True,4,362,57,1.0,1.0,1.0,0.0,0.0
D7-CVE-2026-45409-pypi-jammy-V2-b2|DCv21b|granite41_8b|withheld|P3|60.0|0.0|0|||0|d7|v3,granite41_8b,DCv21,withheld,CVE-2026-45409,D7-CVE-2026-45409-pypi-jammy-V2-b2,V2,under_investigation,affected,False,False,False,first_pass,0.0,True,6,419,67,1.0,1.0,1.0,0.0,0.0
D7-CVE-2026-45409-pypi-jammy-V2-b2|DC|granite41_8b|blind|P3|60.0|0.0|0|||0|d7|v3,granite41_8b,DC,blind,CVE-2026-45409,D7-CVE-2026-45409-pypi-jammy-V2-b2,V2,under_investigation,affected,False,False,False,n/a,0.0,True,5,459,64,1.0,1.0,1.0,0.0,0.0
D7-CVE-2026-45409-pypi-jammy-V2-b2|DC|granite41_8b|tracker|P3|60.0|0.0|0|||0|d7|v3,granite41_8b,DC,tracker,CVE-2026-45409,D7-CVE-2026-45409-pypi-jammy-V2-b2,V2,affected,affected,True,False,False,n/a,0.0,True,5,441,67,1.0,1.0,1.0,0.0,0.0
D7-CVE-2026-45409-pypi-jammy-V2-b2|DC|granite41_8b|withheld|P3|60.0|0.0|0|||0|d7|v3,granite41_8b,DC,withheld,CVE-2026-45409,D7-CVE-2026-45409-pypi-jammy-V2-b2,V2,under_investigation,affected,False,False,False,n/a,0.0,True,5,451,63,1.0,1.0,1.0,0.0,0.0
D7-CVE-2026-45409-pypi-noble-V3|DCv21b|mistral_small_24b|blind|P3|60.0|0.0|0|||0|d7|v3,mistral_small_24b,DCv21,blind,CVE-2026-45409,D7-CVE-2026-45409-pypi-noble-V3,V3,under_investigation,fixed,False,False,False,first_pass,0.0,True,4,277,33,1.0,1.0,1.0,0.0,0.0
D7-CVE-2026-45409-pypi-noble-V3|DCv21b|mistral_small_24b|tracker|P3|60.0|0.0|0|||0|d7|v3,mistral_small_24b,DCv21,tracker,CVE-2026-45409,D7-CVE-2026-45409-pypi-noble-V3,V3,fixed,fixed,True,False,False,first_pass,0.0,True,3,300,44,1.0,1.0,1.0,0.0,0.0
D7-CVE-2026-45409-pypi-noble-V3|DCv21b|mistral_small_24b|withheld|P3|60.0|0.0|0|||0|d7|v3,mistral_small_24b,DCv21,withheld,CVE-2026-45409,D7-CVE-2026-45409-pypi-noble-V3,V3,under_investigation,fixed,False,False,False,first_pass,0.0,True,4,277,33,1.0,1.0,1.0,0.0,0.0
D7-CVE-2026-45409-pypi-noble-V3|DC|mistral_small_24b|blind|P3|60.0|0.0|0|||0|d7|v3,mistral_small_24b,DC,blind,CVE-2026-45409,D7-CVE-2026-45409-pypi-noble-V3,V3,under_investigation,fixed,False,False,False,n/a,0.0,True,5,322,48,1.0,0.0,0.0,0.6666666666666666,0.0
D7-CVE-2026-45409-pypi-noble-V3|DC|mistral_small_24b|tracker|P3|60.0|0.0|0|||0|d7|v3,mistral_small_24b,DC,tracker,CVE-2026-45409,D7-CVE-2026-45409-pypi-noble-V3,V3,fixed,fixed,True,False,False,n/a,0.0,True,3,326,48,1.0,1.0,1.0,0.0,0.0
D7-CVE-2026-45409-pypi-noble-V3|DC|mistral_small_24b|withheld|P3|60.0|0.0|0|||0|d7|v3,mistral_small_24b,DC,withheld,CVE-2026-45409,D7-CVE-2026-45409-pypi-noble-V3,V3,under_investigation,fixed,False,False,False,n/a,0.0,True,2,401,61,1.0,0.3333333333333333,0.3333333333333333,0.6666666666666666,0.0
D7-CVE-2026-45409-pypi-noble-V7|DCv21b|qwen3_4b|blind|P3|60.0|0.0|0|||0|d7|v3,qwen3_4b,DCv21,blind,CVE-2026-45409,D7-CVE-2026-45409-pypi-noble-V7,V7,under_investigation,affected,False,False,False,first_pass,0.0,True,4,345,37,1.0,1.0,1.0,0.0,0.0
D7-CVE-2026-45409-pypi-noble-V7|DCv21b|qwen3_4b|tracker|P3|60.0|0.0|0|||0|d7|v3,qwen3_4b,DCv21,tracker,CVE-2026-45409,D7-CVE-2026-45409-pypi-noble-V7,V7,affected,affected,True,False,False,fallback,1.0,True,1,72,9,1.0,1.0,1.0,0.0,0.0
D7-CVE-2026-45409-pypi-noble-V7|DCv21b|qwen3_4b|withheld|P3|60.0|0.0|0|||0|d7|v3,qwen3_4b,DCv21,withheld,CVE-2026-45409,D7-CVE-2026-45409-pypi-noble-V7,V7,under_investigation,affected,False,False,False,first_pass,0.0,True,4,345,37,1.0,1.0,1.0,0.0,0.0
D7-CVE-2026-45409-pypi-noble-V7|DC|qwen3_4b|blind|P3|60.0|0.0|0|||0|d7|v3,qwen3_4b,DC,blind,CVE-2026-45409,D7-CVE-2026-45409-pypi-noble-V7,V7,under_investigation,affected,False,False,False,n/a,0.0,True,4,267,41,1.0,1.0,1.0,0.0,0.0
D7-CVE-2026-45409-pypi-noble-V7|DC|qwen3_4b|tracker|P3|60.0|0.0|0|||0|d7|v3,qwen3_4b,DC,tracker,CVE-2026-45409,D7-CVE-2026-45409-pypi-noble-V7,V7,affected,affected,True,False,False,n/a,0.0,True,3,279,42,1.0,1.0,1.0,0.0,0.0
D7-CVE-2026-45409-pypi-noble-V7|DC|qwen3_4b|withheld|P3|60.0|0.0|0|||0|d7|v3,qwen3_4b,DC,withheld,CVE-2026-45409,D7-CVE-2026-45409-pypi-noble-V7,V7,under_investigation,affected,False,False,False,n/a,0.0,True,4,267,41,1.0,1.0,1.0,0.0,0.0
D7-CVE-2026-48522-pypi-jammy-V3|DCv21b|granite41_30b|blind|P3|60.0|0.0|0|||0|d7|v3,granite41_30b,DCv21,blind,CVE-2026-48522,D7-CVE-2026-48522-pypi-jammy-V3,V3,under_investigation,fixed,False,False,False,first_pass,0.0,True,7,398,52,1.0,1.0,1.0,0.0,0.0
D7-CVE-2026-48522-pypi-jammy-V3|DCv21b|granite41_30b|tracker|P3|60.0|0.0|0|||0|d7|v3,granite41_30b,DCv21,tracker,CVE-2026-48522,D7-CVE-2026-48522-pypi-jammy-V3,V3,fixed,fixed,True,False,False,first_pass,0.0,True,6,331,48,1.0,1.0,1.0,0.0,0.0
D7-CVE-2026-48522-pypi-jammy-V3|DCv21b|granite41_30b|withheld|P3|60.0|0.0|0|||0|d7|v3,granite41_30b,DCv21,withheld,CVE-2026-48522,D7-CVE-2026-48522-pypi-jammy-V3,V3,under_investigation,fixed,False,False,False,first_pass,0.0,True,6,398,52,1.0,1.0,1.0,0.0,0.0
D7-CVE-2026-48522-pypi-jammy-V3|DC|granite41_30b|blind|P3|60.0|0.0|0|||0|d7|v3,granite41_30b,DC,blind,CVE-2026-48522,D7-CVE-2026-48522-pypi-jammy-V3,V3,under_investigation,fixed,False,False,False,n/a,0.0,True,2,442,72,1.0,1.0,1.0,0.0,0.0
D7-CVE-2026-48522-pypi-jammy-V3|DC|granite41_30b|tracker|P3|60.0|0.0|0|||0|d7|v3,granite41_30b,DC,tracker,CVE-2026-48522,D7-CVE-2026-48522-pypi-jammy-V3,V3,fixed,fixed,True,False,False,n/a,0.0,True,4,238,39,1.0,1.0,1.0,0.0,0.0
D7-CVE-2026-48522-pypi-jammy-V3|DC|granite41_30b|withheld|P3|60.0|0.0|0|||0|d7|v3,granite41_30b,DC,withheld,CVE-2026-48522,D7-CVE-2026-48522-pypi-jammy-V3,V3,under_investigation,fixed,False,False,False,n/a,0.0,True,2,442,72,1.0,1.0,1.0,0.0,0.0
D7-CVE-2026-48522-pypi-jammy-V6|DCv21b|gemma4_31b|blind|P3|60.0|0.0|0|||0|d7|v3,gemma4_31b,DCv21,blind,CVE-2026-48522,D7-CVE-2026-48522-pypi-jammy-V6,V6,not_affected,not_affected,True,False,False,first_pass,0.0,True,3,205,26,1.0,1.0,1.0,0.0,0.0
D7-CVE-2026-48522-pypi-jammy-V6|DCv21b|gemma4_31b|tracker|P3|60.0|0.0|0|||0|d7|v3,gemma4_31b,DCv21,tracker,CVE-2026-48522,D7-CVE-2026-48522-pypi-jammy-V6,V6,not_affected,not_affected,True,False,False,first_pass,0.0,True,3,210,28,1.0,1.0,1.0,0.0,0.0
D7-CVE-2026-48522-pypi-jammy-V6|DCv21b|gemma4_31b|withheld|P3|60.0|0.0|0|||0|d7|v3,gemma4_31b,DCv21,withheld,CVE-2026-48522,D7-CVE-2026-48522-pypi-jammy-V6,V6,not_affected,not_affected,True,False,False,first_pass,0.0,True,3,205,26,1.0,1.0,1.0,0.0,0.0
D7-CVE-2026-48522-pypi-jammy-V6|DC|gemma4_31b|blind|P3|60.0|0.0|0|||0|d7|v3,gemma4_31b,DC,blind,CVE-2026-48522,D7-CVE-2026-48522-pypi-jammy-V6,V6,not_affected,not_affected,True,False,False,n/a,0.0,True,2,212,26,1.0,1.0,1.0,0.0,0.0
D7-CVE-2026-48522-pypi-jammy-V6|DC|gemma4_31b|tracker|P3|60.0|0.0|0|||0|d7|v3,gemma4_31b,DC,tracker,CVE-2026-48522,D7-CVE-2026-48522-pypi-jammy-V6,V6,not_affected,not_affected,True,False,False,n/a,0.0,True,2,224,29,1.0,1.0,1.0,0.0,0.0
D7-CVE-2026-48522-pypi-jammy-V6|DC|gemma4_31b|withheld|P3|60.0|0.0|0|||0|d7|v3,gemma4_31b,DC,withheld,CVE-2026-48522,D7-CVE-2026-48522-pypi-jammy-V6,V6,not_affected,not_affected,True,False,False,n/a,0.0,True,3,212,26,1.0,1.0,1.0,0.0,0.0
D7-CVE-2026-48522-pypi-noble-V1|DCv21b|granite41_8b|blind|P3|60.0|0.0|0|||0|d7|v3,granite41_8b,DCv21,blind,CVE-2026-48522,D7-CVE-2026-48522-pypi-noble-V1,V1,not_affected,not_affected,True,False,False,first_pass,0.0,True,3,480,68,1.0,1.0,1.0,0.0,0.0
D7-CVE-2026-48522-pypi-noble-V1|DCv21b|granite41_8b|tracker|P3|60.0|0.0|0|||0|d7|v3,granite41_8b,DCv21,tracker,CVE-2026-48522,D7-CVE-2026-48522-pypi-noble-V1,V1,not_affected,not_affected,True,False,False,first_pass,0.0,True,6,446,66,1.0,1.0,1.0,0.0,0.0
D7-CVE-2026-48522-pypi-noble-V1|DCv21b|granite41_8b|withheld|P3|60.0|0.0|0|||0|d7|v3,granite41_8b,DCv21,withheld,CVE-2026-48522,D7-CVE-2026-48522-pypi-noble-V1,V1,not_affected,not_affected,True,False,False,first_pass,0.0,True,3,480,68,1.0,1.0,1.0,0.0,0.0
D7-CVE-2026-48522-pypi-noble-V1|DC|granite41_8b|blind|P3|60.0|0.0|0|||0|d7|v3,granite41_8b,DC,blind,CVE-2026-48522,D7-CVE-2026-48522-pypi-noble-V1,V1,not_affected,not_affected,True,False,False,n/a,0.0,True,4,408,61,1.0,1.0,1.0,0.0,0.0
D7-CVE-2026-48522-pypi-noble-V1|DC|granite41_8b|tracker|P3|60.0|0.0|0|||0|d7|v3,granite41_8b,DC,tracker,CVE-2026-48522,D7-CVE-2026-48522-pypi-noble-V1,V1,not_affected,not_affected,True,False,False,n/a,0.0,True,4,423,64,1.0,1.0,1.0,0.0,0.0
D7-CVE-2026-48522-pypi-noble-V1|DC|granite41_8b|withheld|P3|60.0|0.0|0|||0|d7|v3,granite41_8b,DC,withheld,CVE-2026-48522,D7-CVE-2026-48522-pypi-noble-V1,V1,not_affected,not_affected,True,False,False,n/a,0.0,True,4,425,64,1.0,1.0,1.0,0.0,0.0
D7-CVE-2026-48522-pypi-noble-V2|DCv21b|granite41_8b|blind|P3|60.0|0.0|0|||0|d7|v3,granite41_8b,DCv21,blind,CVE-2026-48522,D7-CVE-2026-48522-pypi-noble-V2,V2,under_investigation,affected,False,False,False,first_pass,0.0,True,6,345,54,1.0,1.0,1.0,0.0,0.0
D7-CVE-2026-48522-pypi-noble-V2|DCv21b|granite41_8b|tracker|P3|60.0|0.0|0|||0|d7|v3,granite41_8b,DCv21,tracker,CVE-2026-48522,D7-CVE-2026-48522-pypi-noble-V2,V2,affected,affected,True,False,False,fallback,1.0,True,1,73,9,1.0,1.0,1.0,0.0,0.0
D7-CVE-2026-48522-pypi-noble-V2|DCv21b|granite41_8b|withheld|P3|60.0|0.0|0|||0|d7|v3,granite41_8b,DCv21,withheld,CVE-2026-48522,D7-CVE-2026-48522-pypi-noble-V2,V2,under_investigation,affected,False,False,False,first_pass,0.0,True,5,466,57,1.0,1.0,1.0,0.0,0.0
D7-CVE-2026-48522-pypi-noble-V2|DC|granite41_8b|blind|P3|60.0|0.0|0|||0|d7|v3,granite41_8b,DC,blind,CVE-2026-48522,D7-CVE-2026-48522-pypi-noble-V2,V2,under_investigation,affected,False,False,False,n/a,0.0,True,4,494,68,1.0,1.0,1.0,0.0,0.0
D7-CVE-2026-48522-pypi-noble-V2|DC|granite41_8b|tracker|P3|60.0|0.0|0|||0|d7|v3,granite41_8b,DC,tracker,CVE-2026-48522,D7-CVE-2026-48522-pypi-noble-V2,V2,affected,affected,True,False,False,n/a,0.0,True,4,407,62,1.0,1.0,1.0,0.0,0.0
D7-CVE-2026-48522-pypi-noble-V2|DC|granite41_8b|withheld|P3|60.0|0.0|0|||0|d7|v3,granite41_8b,DC,withheld,CVE-2026-48522,D7-CVE-2026-48522-pypi-noble-V2,V2,under_investigation,affected,False,False,False,n/a,0.0,True,4,494,68,1.0,1.0,1.0,0.0,0.0
D7-CVE-2026-49268-maven-jammy-V2|DCv21b|granite41_30b|blind|P3|60.0|0.0|0|||0|d7|v3,granite41_30b,DCv21,blind,CVE-2026-49268,D7-CVE-2026-49268-maven-jammy-V2,V2,under_investigation,affected,False,False,False,first_pass,0.0,True,4,264,31,1.0,1.0,1.0,0.0,0.0
D7-CVE-2026-49268-maven-jammy-V2|DCv21b|granite41_30b|tracker|P3|60.0|0.0|0|||0|d7|v3,granite41_30b,DCv21,tracker,CVE-2026-49268,D7-CVE-2026-49268-maven-jammy-V2,V2,affected,affected,True,False,False,first_pass,0.0,True,4,419,63,1.0,1.0,1.0,0.0,0.0
D7-CVE-2026-49268-maven-jammy-V2|DCv21b|granite41_30b|withheld|P3|60.0|0.0|0|||0|d7|v3,granite41_30b,DCv21,withheld,CVE-2026-49268,D7-CVE-2026-49268-maven-jammy-V2,V2,under_investigation,affected,False,False,False,first_pass,0.0,True,4,264,31,1.0,1.0,1.0,0.0,0.0
D7-CVE-2026-49268-maven-jammy-V2|DC|granite41_30b|blind|P3|60.0|0.0|0|||0|d7|v3,granite41_30b,DC,blind,CVE-2026-49268,D7-CVE-2026-49268-maven-jammy-V2,V2,under_investigation,affected,False,False,False,n/a,0.0,True,3,323,44,1.0,1.0,1.0,0.0,0.0
D7-CVE-2026-49268-maven-jammy-V2|DC|granite41_30b|tracker|P3|60.0|0.0|0|||0|d7|v3,granite41_30b,DC,tracker,CVE-2026-49268,D7-CVE-2026-49268-maven-jammy-V2,V2,affected,affected,True,False,False,n/a,0.0,True,5,364,55,1.0,1.0,1.0,0.0,0.0
D7-CVE-2026-49268-maven-jammy-V2|DC|granite41_30b|withheld|P3|60.0|0.0|0|||0|d7|v3,granite41_30b,DC,withheld,CVE-2026-49268,D7-CVE-2026-49268-maven-jammy-V2,V2,under_investigation,affected,False,False,False,n/a,0.0,True,3,323,44,1.0,1.0,1.0,0.0,0.0
D7-CVE-2026-49268-maven-jammy-V3|DCv21b|mistral_medium_128b|blind|P3|60.0|0.0|0|||0|d7|v3,mistral_medium_128b,DCv21,blind,CVE-2026-49268,D7-CVE-2026-49268-maven-jammy-V3,V3,under_investigation,fixed,False,False,False,first_pass,0.0,True,5,246,34,1.0,1.0,1.0,0.0,0.0
D7-CVE-2026-49268-maven-jammy-V3|DCv21b|mistral_medium_128b|tracker|P3|60.0|0.0|0|||0|d7|v3,mistral_medium_128b,DCv21,tracker,CVE-2026-49268,D7-CVE-2026-49268-maven-jammy-V3,V3,fixed,fixed,True,False,False,first_pass,0.0,True,4,219,29,1.0,1.0,1.0,0.0,0.0
D7-CVE-2026-49268-maven-jammy-V3|DCv21b|mistral_medium_128b|withheld|P3|60.0|0.0|0|||0|d7|v3,mistral_medium_128b,DCv21,withheld,CVE-2026-49268,D7-CVE-2026-49268-maven-jammy-V3,V3,under_investigation,fixed,False,False,False,first_pass,0.0,True,5,246,34,1.0,1.0,1.0,0.0,0.0
D7-CVE-2026-49268-maven-jammy-V3|DC|mistral_medium_128b|blind|P3|60.0|0.0|0|||0|d7|v3,mistral_medium_128b,DC,blind,CVE-2026-49268,D7-CVE-2026-49268-maven-jammy-V3,V3,under_investigation,fixed,False,False,False,n/a,0.0,True,4,292,37,1.0,1.0,1.0,0.0,0.0
D7-CVE-2026-49268-maven-jammy-V3|DC|mistral_medium_128b|tracker|P3|60.0|0.0|0|||0|d7|v3,mistral_medium_128b,DC,tracker,CVE-2026-49268,D7-CVE-2026-49268-maven-jammy-V3,V3,fixed,fixed,True,False,False,n/a,0.0,True,4,224,35,1.0,1.0,1.0,0.0,0.0
D7-CVE-2026-49268-maven-jammy-V3|DC|mistral_medium_128b|withheld|P3|60.0|0.0|0|||0|d7|v3,mistral_medium_128b,DC,withheld,CVE-2026-49268,D7-CVE-2026-49268-maven-jammy-V3,V3,under_investigation,fixed,False,False,False,n/a,0.0,True,4,292,37,1.0,1.0,1.0,0.0,0.0
D7-CVE-2026-49268-maven-jammy-V7|DCv21b|llama31_8b|blind|P3|60.0|0.0|0|||0|d7|v3,llama31_8b,DCv21,blind,CVE-2026-49268,D7-CVE-2026-49268-maven-jammy-V7,V7,under_investigation,affected,False,False,False,first_pass,0.0,True,4,534,81,1.0,1.0,1.0,0.0,0.0
D7-CVE-2026-49268-maven-jammy-V7|DCv21b|llama31_8b|tracker|P3|60.0|0.0|0|||0|d7|v3,llama31_8b,DCv21,tracker,CVE-2026-49268,D7-CVE-2026-49268-maven-jammy-V7,V7,affected,affected,True,False,False,first_pass,0.0,True,6,469,67,1.0,1.0,1.0,0.0,0.0
D7-CVE-2026-49268-maven-jammy-V7|DCv21b|llama31_8b|withheld|P3|60.0|0.0|0|||0|d7|v3,llama31_8b,DCv21,withheld,CVE-2026-49268,D7-CVE-2026-49268-maven-jammy-V7,V7,under_investigation,affected,False,False,False,first_pass,0.0,True,4,534,81,1.0,1.0,1.0,0.0,0.0
D7-CVE-2026-49268-maven-jammy-V7|DC|llama31_8b|blind|P3|60.0|0.0|0|||0|d7|v3,llama31_8b,DC,blind,CVE-2026-49268,D7-CVE-2026-49268-maven-jammy-V7,V7,under_investigation,affected,False,False,False,n/a,0.0,True,3,445,61,1.0,1.0,1.0,0.0,0.0
D7-CVE-2026-49268-maven-jammy-V7|DC|llama31_8b|tracker|P3|60.0|0.0|0|||0|d7|v3,llama31_8b,DC,tracker,CVE-2026-49268,D7-CVE-2026-49268-maven-jammy-V7,V7,affected,affected,True,False,False,n/a,0.0,True,3,340,52,1.0,0.0,0.0,0.5,0.0
D7-CVE-2026-49268-maven-jammy-V7|DC|llama31_8b|withheld|P3|60.0|0.0|0|||0|d7|v3,llama31_8b,DC,withheld,CVE-2026-49268,D7-CVE-2026-49268-maven-jammy-V7,V7,under_investigation,affected,False,False,False,n/a,0.0,True,3,438,60,1.0,1.0,1.0,0.0,0.0
D7-CVE-2026-53435-vendor-jammy-V3|DCv21b|granite41_8b|blind|P3|60.0|0.0|0|||0|d7|v3,granite41_8b,DCv21,blind,CVE-2026-53435,D7-CVE-2026-53435-vendor-jammy-V3,V3,under_investigation,fixed,False,False,False,first_pass,0.0,True,5,570,72,1.0,1.0,1.0,0.0,0.0
D7-CVE-2026-53435-vendor-jammy-V3|DCv21b|granite41_8b|tracker|P3|60.0|0.0|0|||0|d7|v3,granite41_8b,DCv21,tracker,CVE-2026-53435,D7-CVE-2026-53435-vendor-jammy-V3,V3,under_investigation,fixed,False,False,False,first_pass,0.0,True,5,469,75,1.0,1.0,1.0,0.0,0.0
D7-CVE-2026-53435-vendor-jammy-V3|DCv21b|granite41_8b|withheld|P3|60.0|0.0|0|||0|d7|v3,granite41_8b,DCv21,withheld,CVE-2026-53435,D7-CVE-2026-53435-vendor-jammy-V3,V3,under_investigation,fixed,False,False,False,first_pass,0.0,True,6,570,72,1.0,1.0,1.0,0.0,0.0
D7-CVE-2026-53435-vendor-jammy-V3|DC|granite41_8b|blind|P3|60.0|0.0|0|||0|d7|v3,granite41_8b,DC,blind,CVE-2026-53435,D7-CVE-2026-53435-vendor-jammy-V3,V3,under_investigation,fixed,False,False,False,n/a,0.0,True,5,594,78,1.0,1.0,1.0,0.0,0.0
D7-CVE-2026-53435-vendor-jammy-V3|DC|granite41_8b|tracker|P3|60.0|0.0|0|||0|d7|v3,granite41_8b,DC,tracker,CVE-2026-53435,D7-CVE-2026-53435-vendor-jammy-V3,V3,under_investigation,fixed,False,False,False,n/a,0.0,True,5,613,84,1.0,1.0,1.0,0.0,0.0
D7-CVE-2026-53435-vendor-jammy-V3|DC|granite41_8b|withheld|P3|60.0|0.0|0|||0|d7|v3,granite41_8b,DC,withheld,CVE-2026-53435,D7-CVE-2026-53435-vendor-jammy-V3,V3,under_investigation,fixed,False,False,False,n/a,0.0,True,6,594,78,1.0,1.0,1.0,0.0,0.0
D7-CVE-2026-55203-deb-ubuntu-jammy-V1|DCv21b|llama31_8b|blind|P3|60.0|0.0|0|||0|d7|v3,llama31_8b,DCv21,blind,CVE-2026-55203,D7-CVE-2026-55203-deb-ubuntu-jammy-V1,V1,not_affected,not_affected,True,False,False,first_pass,0.0,True,3,335,48,1.0,1.0,1.0,0.0,0.0
D7-CVE-2026-55203-deb-ubuntu-jammy-V1|DCv21b|llama31_8b|tracker|P3|60.0|0.0|0|||0|d7|v3,llama31_8b,DCv21,tracker,CVE-2026-55203,D7-CVE-2026-55203-deb-ubuntu-jammy-V1,V1,not_affected,not_affected,True,False,False,first_pass,0.0,True,4,498,73,1.0,1.0,1.0,0.0,0.0
D7-CVE-2026-55203-deb-ubuntu-jammy-V1|DCv21b|llama31_8b|withheld|P3|60.0|0.0|0|||0|d7|v3,llama31_8b,DCv21,withheld,CVE-2026-55203,D7-CVE-2026-55203-deb-ubuntu-jammy-V1,V1,not_affected,not_affected,True,False,False,first_pass,0.0,True,3,316,46,1.0,1.0,1.0,0.0,0.0
D7-CVE-2026-55203-deb-ubuntu-jammy-V1|DC|llama31_8b|blind|P3|60.0|0.0|0|||0|d7|v3,llama31_8b,DC,blind,CVE-2026-55203,D7-CVE-2026-55203-deb-ubuntu-jammy-V1,V1,not_affected,not_affected,True,False,False,n/a,0.0,True,5,351,53,1.0,1.0,1.0,0.0,0.0
D7-CVE-2026-55203-deb-ubuntu-jammy-V1|DC|llama31_8b|tracker|P3|60.0|0.0|0|||0|d7|v3,llama31_8b,DC,tracker,CVE-2026-55203,D7-CVE-2026-55203-deb-ubuntu-jammy-V1,V1,not_affected,not_affected,True,False,False,n/a,0.0,True,4,420,64,1.0,1.0,1.0,0.0,0.0
D7-CVE-2026-55203-deb-ubuntu-jammy-V1|DC|llama31_8b|withheld|P3|60.0|0.0|0|||0|d7|v3,llama31_8b,DC,withheld,CVE-2026-55203,D7-CVE-2026-55203-deb-ubuntu-jammy-V1,V1,not_affected,not_affected,True,False,False,n/a,0.0,True,3,351,53,1.0,1.0,1.0,0.0,0.0
D7-CVE-2026-55203-deb-ubuntu-noble-V2|DCv21b|llama31_8b|blind|P3|60.0|0.0|0|||0|d7|v3,llama31_8b,DCv21,blind,CVE-2026-55203,D7-CVE-2026-55203-deb-ubuntu-noble-V2,V2,under_investigation,affected,False,False,False,repaired,0.0,True,3,222,35,1.0,1.0,1.0,0.0,0.0
D7-CVE-2026-55203-deb-ubuntu-noble-V2|DCv21b|llama31_8b|tracker|P3|60.0|0.0|0|||0|d7|v3,llama31_8b,DCv21,tracker,CVE-2026-55203,D7-CVE-2026-55203-deb-ubuntu-noble-V2,V2,affected,affected,True,False,False,fallback,1.0,True,1,73,9,1.0,1.0,1.0,0.0,0.0
D7-CVE-2026-55203-deb-ubuntu-noble-V2|DCv21b|llama31_8b|withheld|P3|60.0|0.0|0|||0|d7|v3,llama31_8b,DCv21,withheld,CVE-2026-55203,D7-CVE-2026-55203-deb-ubuntu-noble-V2,V2,under_investigation,affected,False,False,False,first_pass,0.0,True,5,394,62,1.0,1.0,1.0,0.0,0.0
D7-CVE-2026-55203-deb-ubuntu-noble-V2|DC|llama31_8b|blind|P3|60.0|0.0|0|||0|d7|v3,llama31_8b,DC,blind,CVE-2026-55203,D7-CVE-2026-55203-deb-ubuntu-noble-V2,V2,under_investigation,affected,False,False,False,n/a,0.0,True,4,444,64,1.0,1.0,1.0,0.0,0.0
D7-CVE-2026-55203-deb-ubuntu-noble-V2|DC|llama31_8b|tracker|P3|60.0|0.0|0|||0|d7|v3,llama31_8b,DC,tracker,CVE-2026-55203,D7-CVE-2026-55203-deb-ubuntu-noble-V2,V2,affected,affected,True,False,False,n/a,0.0,True,6,473,71,1.0,0.0,0.0,0.0,0.0
D7-CVE-2026-55203-deb-ubuntu-noble-V2|DC|llama31_8b|withheld|P3|60.0|0.0|0|||0|d7|v3,llama31_8b,DC,withheld,CVE-2026-55203,D7-CVE-2026-55203-deb-ubuntu-noble-V2,V2,under_investigation,affected,False,False,False,n/a,0.0,True,4,444,64,1.0,1.0,1.0,0.0,0.0
D7-CVE-2026-55276-vendor-jammy-V3|DCv21b|qwen3_4b|blind|P3|60.0|0.0|0|||0|d7|v3,qwen3_4b,DCv21,blind,CVE-2026-55276,D7-CVE-2026-55276-vendor-jammy-V3,V3,under_investigation,fixed,False,False,False,first_pass,0.0,True,5,386,51,1.0,1.0,1.0,0.0,0.0
D7-CVE-2026-55276-vendor-jammy-V3|DCv21b|qwen3_4b|tracker|P3|60.0|0.0|0|||0|d7|v3,qwen3_4b,DCv21,tracker,CVE-2026-55276,D7-CVE-2026-55276-vendor-jammy-V3,V3,fixed,fixed,True,False,False,fallback,1.0,True,2,191,15,1.0,1.0,1.0,0.0,0.0
D7-CVE-2026-55276-vendor-jammy-V3|DCv21b|qwen3_4b|withheld|P3|60.0|0.0|0|||0|d7|v3,qwen3_4b,DCv21,withheld,CVE-2026-55276,D7-CVE-2026-55276-vendor-jammy-V3,V3,under_investigation,fixed,False,False,False,first_pass,0.0,True,5,386,51,1.0,1.0,1.0,0.0,0.0
D7-CVE-2026-55276-vendor-jammy-V3|DC|qwen3_4b|blind|P3|60.0|0.0|0|||0|d7|v3,qwen3_4b,DC,blind,CVE-2026-55276,D7-CVE-2026-55276-vendor-jammy-V3,V3,under_investigation,fixed,False,False,False,n/a,0.0,True,5,293,42,1.0,1.0,1.0,0.0,0.0
D7-CVE-2026-55276-vendor-jammy-V3|DC|qwen3_4b|tracker|P3|60.0|0.0|0|||0|d7|v3,qwen3_4b,DC,tracker,CVE-2026-55276,D7-CVE-2026-55276-vendor-jammy-V3,V3,fixed,fixed,True,False,False,n/a,0.0,True,6,323,51,1.0,1.0,1.0,0.0,0.0
D7-CVE-2026-55276-vendor-jammy-V3|DC|qwen3_4b|withheld|P3|60.0|0.0|0|||0|d7|v3,qwen3_4b,DC,withheld,CVE-2026-55276,D7-CVE-2026-55276-vendor-jammy-V3,V3,under_investigation,fixed,False,False,False,n/a,0.0,True,5,293,42,1.0,1.0,1.0,0.0,0.0
D7-CVE-2026-55276-vendor-jammy-V6|DCv21b|qwen3_14b|blind|P3|60.0|0.0|0|||0|d7|v3,qwen3_14b,DCv21,blind,CVE-2026-55276,D7-CVE-2026-55276-vendor-jammy-V6,V6,not_affected,not_affected,True,False,False,first_pass,0.0,True,3,292,41,1.0,1.0,1.0,0.0,0.0
D7-CVE-2026-55276-vendor-jammy-V6|DCv21b|qwen3_14b|tracker|P3|60.0|0.0|0|||0|d7|v3,qwen3_14b,DCv21,tracker,CVE-2026-55276,D7-CVE-2026-55276-vendor-jammy-V6,V6,not_affected,not_affected,True,False,False,first_pass,0.0,True,5,397,54,1.0,1.0,1.0,0.0,0.0
D7-CVE-2026-55276-vendor-jammy-V6|DCv21b|qwen3_14b|withheld|P3|60.0|0.0|0|||0|d7|v3,qwen3_14b,DCv21,withheld,CVE-2026-55276,D7-CVE-2026-55276-vendor-jammy-V6,V6,not_affected,not_affected,True,False,False,first_pass,0.0,True,3,292,41,1.0,1.0,1.0,0.0,0.0
D7-CVE-2026-55276-vendor-jammy-V6|DC|qwen3_14b|blind|P3|60.0|0.0|0|||0|d7|v3,qwen3_14b,DC,blind,CVE-2026-55276,D7-CVE-2026-55276-vendor-jammy-V6,V6,not_affected,not_affected,True,False,False,n/a,0.0,True,3,306,47,1.0,1.0,1.0,0.0,0.0
D7-CVE-2026-55276-vendor-jammy-V6|DC|qwen3_14b|tracker|P3|60.0|0.0|0|||0|d7|v3,qwen3_14b,DC,tracker,CVE-2026-55276,D7-CVE-2026-55276-vendor-jammy-V6,V6,not_affected,not_affected,True,False,False,n/a,0.0,True,5,379,56,1.0,1.0,1.0,0.0,0.0
D7-CVE-2026-55276-vendor-jammy-V6|DC|qwen3_14b|withheld|P3|60.0|0.0|0|||0|d7|v3,qwen3_14b,DC,withheld,CVE-2026-55276,D7-CVE-2026-55276-vendor-jammy-V6,V6,not_affected,not_affected,True,False,False,n/a,0.0,True,3,306,47,1.0,1.0,1.0,0.0,0.0
D7-CVE-2026-55956-vendor-noble-V3|DCv21b|qwen3_4b|blind|P3|60.0|0.0|0|||0|d7|v3,qwen3_4b,DCv21,blind,CVE-2026-55956,D7-CVE-2026-55956-vendor-noble-V3,V3,under_investigation,fixed,False,False,False,first_pass,0.0,True,4,353,43,1.0,1.0,1.0,0.0,0.0
D7-CVE-2026-55956-vendor-noble-V3|DCv21b|qwen3_4b|tracker|P3|60.0|0.0|0|||0|d7|v3,qwen3_4b,DCv21,tracker,CVE-2026-55956,D7-CVE-2026-55956-vendor-noble-V3,V3,fixed,fixed,True,False,False,first_pass,0.0,True,5,322,46,1.0,1.0,1.0,0.0,0.0
D7-CVE-2026-55956-vendor-noble-V3|DCv21b|qwen3_4b|withheld|P3|60.0|0.0|0|||0|d7|v3,qwen3_4b,DCv21,withheld,CVE-2026-55956,D7-CVE-2026-55956-vendor-noble-V3,V3,under_investigation,fixed,False,False,False,first_pass,0.0,True,4,353,43,1.0,1.0,1.0,0.0,0.0
D7-CVE-2026-55956-vendor-noble-V3|DC|qwen3_4b|blind|P3|60.0|0.0|0|||0|d7|v3,qwen3_4b,DC,blind,CVE-2026-55956,D7-CVE-2026-55956-vendor-noble-V3,V3,under_investigation,fixed,False,False,False,n/a,0.0,True,6,361,56,1.0,1.0,1.0,0.0,0.0
D7-CVE-2026-55956-vendor-noble-V3|DC|qwen3_4b|tracker|P3|60.0|0.0|0|||0|d7|v3,qwen3_4b,DC,tracker,CVE-2026-55956,D7-CVE-2026-55956-vendor-noble-V3,V3,fixed,fixed,True,False,False,n/a,0.0,True,4,278,45,1.0,1.0,1.0,0.0,0.0
D7-CVE-2026-55956-vendor-noble-V3|DC|qwen3_4b|withheld|P3|60.0|0.0|0|||0|d7|v3,qwen3_4b,DC,withheld,CVE-2026-55956,D7-CVE-2026-55956-vendor-noble-V3,V3,under_investigation,fixed,False,False,False,n/a,0.0,True,6,361,56,1.0,1.0,1.0,0.0,0.0
D7-CVE-2026-55956-vendor-noble-V4|DCv21b|granite41_8b|blind|P3|60.0|0.0|0|||0|d7|v3,granite41_8b,DCv21,blind,CVE-2026-55956,D7-CVE-2026-55956-vendor-noble-V4,V4,under_investigation,fixed,False,False,False,repaired,0.0,True,5,510,67,1.0,1.0,1.0,0.0,0.0
D7-CVE-2026-55956-vendor-noble-V4|DCv21b|granite41_8b|tracker|P3|60.0|0.0|0|||0|d7|v3,granite41_8b,DCv21,tracker,CVE-2026-55956,D7-CVE-2026-55956-vendor-noble-V4,V4,under_investigation,fixed,False,False,False,first_pass,0.0,True,8,659,99,1.0,1.0,1.0,0.0,0.0
D7-CVE-2026-55956-vendor-noble-V4|DCv21b|granite41_8b|withheld|P3|60.0|0.0|0|||0|d7|v3,granite41_8b,DCv21,withheld,CVE-2026-55956,D7-CVE-2026-55956-vendor-noble-V4,V4,under_investigation,fixed,False,False,False,repaired,0.0,True,5,510,67,1.0,1.0,1.0,0.0,0.0
D7-CVE-2026-55956-vendor-noble-V4|DC|granite41_8b|blind|P3|60.0|0.0|0|||0|d7|v3,granite41_8b,DC,blind,CVE-2026-55956,D7-CVE-2026-55956-vendor-noble-V4,V4,under_investigation,fixed,False,False,False,n/a,0.0,True,5,473,61,1.0,1.0,1.0,0.0,0.0
D7-CVE-2026-55956-vendor-noble-V4|DC|granite41_8b|tracker|P3|60.0|0.0|0|||0|d7|v3,granite41_8b,DC,tracker,CVE-2026-55956,D7-CVE-2026-55956-vendor-noble-V4,V4,affected,fixed,False,False,False,n/a,0.0,True,7,469,74,1.0,1.0,1.0,0.0,0.0
D7-CVE-2026-55956-vendor-noble-V4|DC|granite41_8b|withheld|P3|60.0|0.0|0|||0|d7|v3,granite41_8b,DC,withheld,CVE-2026-55956,D7-CVE-2026-55956-vendor-noble-V4,V4,under_investigation,fixed,False,False,False,n/a,0.0,True,5,473,61,1.0,1.0,1.0,0.0,0.0
D7-CVE-2026-56153-vendor-noble-V6|DCv21b|llama31_8b|blind|P3|60.0|0.0|0|||0|d7|v3,llama31_8b,DCv21,blind,CVE-2026-56153,D7-CVE-2026-56153-vendor-noble-V6,V6,not_affected,not_affected,True,False,False,repaired,0.0,True,3,307,49,1.0,1.0,1.0,0.0,0.0
D7-CVE-2026-56153-vendor-noble-V6|DCv21b|llama31_8b|tracker|P3|60.0|0.0|0|||0|d7|v3,llama31_8b,DCv21,tracker,CVE-2026-56153,D7-CVE-2026-56153-vendor-noble-V6,V6,not_affected,not_affected,True,False,False,first_pass,0.0,True,4,485,68,1.0,1.0,1.0,0.0,0.0
D7-CVE-2026-56153-vendor-noble-V6|DCv21b|llama31_8b|withheld|P3|60.0|0.0|0|||0|d7|v3,llama31_8b,DCv21,withheld,CVE-2026-56153,D7-CVE-2026-56153-vendor-noble-V6,V6,not_affected,not_affected,True,False,False,repaired,0.0,True,3,307,49,1.0,1.0,1.0,0.0,0.0
D7-CVE-2026-56153-vendor-noble-V6|DC|llama31_8b|blind|P3|60.0|0.0|0|||0|d7|v3,llama31_8b,DC,blind,CVE-2026-56153,D7-CVE-2026-56153-vendor-noble-V6,V6,not_affected,not_affected,True,False,False,n/a,0.0,True,4,360,55,1.0,1.0,1.0,0.0,0.0
D7-CVE-2026-56153-vendor-noble-V6|DC|llama31_8b|tracker|P3|60.0|0.0|0|||0|d7|v3,llama31_8b,DC,tracker,CVE-2026-56153,D7-CVE-2026-56153-vendor-noble-V6,V6,not_affected,not_affected,True,False,False,n/a,0.0,True,4,304,49,1.0,1.0,1.0,0.0,0.0
D7-CVE-2026-56153-vendor-noble-V6|DC|llama31_8b|withheld|P3|60.0|0.0|0|||0|d7|v3,llama31_8b,DC,withheld,CVE-2026-56153,D7-CVE-2026-56153-vendor-noble-V6,V6,not_affected,not_affected,True,False,False,n/a,0.0,True,3,342,53,1.0,1.0,1.0,0.0,0.0
D7-CVE-2026-56153-vendor-noble-V8-b2|DCv21b|granite41_30b|blind|P3|60.0|0.0|0|||0|d7|v3,granite41_30b,DCv21,blind,CVE-2026-56153,D7-CVE-2026-56153-vendor-noble-V8-b2,V8,under_investigation,affected,False,False,False,first_pass,0.0,True,6,355,42,1.0,1.0,1.0,0.0,0.0
D7-CVE-2026-56153-vendor-noble-V8-b2|DCv21b|granite41_30b|tracker|P3|60.0|0.0|0|||0|d7|v3,granite41_30b,DCv21,tracker,CVE-2026-56153,D7-CVE-2026-56153-vendor-noble-V8-b2,V8,affected,affected,True,False,False,first_pass,0.0,True,4,321,51,1.0,1.0,1.0,0.0,0.0
D7-CVE-2026-56153-vendor-noble-V8-b2|DCv21b|granite41_30b|withheld|P3|60.0|0.0|0|||0|d7|v3,granite41_30b,DCv21,withheld,CVE-2026-56153,D7-CVE-2026-56153-vendor-noble-V8-b2,V8,under_investigation,affected,False,False,False,first_pass,0.0,True,6,355,42,1.0,1.0,1.0,0.0,0.0
D7-CVE-2026-56153-vendor-noble-V8-b2|DC|granite41_30b|blind|P3|60.0|0.0|0|||0|d7|v3,granite41_30b,DC,blind,CVE-2026-56153,D7-CVE-2026-56153-vendor-noble-V8-b2,V8,under_investigation,affected,False,False,False,n/a,0.0,True,5,233,30,1.0,1.0,1.0,0.0,0.0
D7-CVE-2026-56153-vendor-noble-V8-b2|DC|granite41_30b|tracker|P3|60.0|0.0|0|||0|d7|v3,granite41_30b,DC,tracker,CVE-2026-56153,D7-CVE-2026-56153-vendor-noble-V8-b2,V8,affected,affected,True,False,False,n/a,0.0,True,5,321,48,1.0,1.0,1.0,0.0,0.0
D7-CVE-2026-56153-vendor-noble-V8-b2|DC|granite41_30b|withheld|P3|60.0|0.0|0|||0|d7|v3,granite41_30b,DC,withheld,CVE-2026-56153,D7-CVE-2026-56153-vendor-noble-V8-b2,V8,under_investigation,affected,False,False,False,n/a,0.0,True,5,233,30,1.0,1.0,1.0,0.0,0.0
D7-CVE-2026-59846-deb-ubuntu-jammy-V2|DCv21b|granite41_30b|blind|P3|60.0|0.0|0|||0|d7|v3,granite41_30b,DCv21,blind,CVE-2026-59846,D7-CVE-2026-59846-deb-ubuntu-jammy-V2,V2,under_investigation,affected,False,False,False,first_pass,0.0,True,4,453,52,1.0,1.0,1.0,0.0,0.0
D7-CVE-2026-59846-deb-ubuntu-jammy-V2|DCv21b|granite41_30b|tracker|P3|60.0|0.0|0|||0|d7|v3,granite41_30b,DCv21,tracker,CVE-2026-59846,D7-CVE-2026-59846-deb-ubuntu-jammy-V2,V2,affected,affected,True,False,False,first_pass,0.0,True,4,291,37,1.0,1.0,1.0,0.0,0.0
D7-CVE-2026-59846-deb-ubuntu-jammy-V2|DCv21b|granite41_30b|withheld|P3|60.0|0.0|0|||0|d7|v3,granite41_30b,DCv21,withheld,CVE-2026-59846,D7-CVE-2026-59846-deb-ubuntu-jammy-V2,V2,under_investigation,affected,False,False,False,first_pass,0.0,True,4,453,52,1.0,1.0,1.0,0.0,0.0
D7-CVE-2026-59846-deb-ubuntu-jammy-V2|DC|granite41_30b|blind|P3|60.0|0.0|0|||0|d7|v3,granite41_30b,DC,blind,CVE-2026-59846,D7-CVE-2026-59846-deb-ubuntu-jammy-V2,V2,under_investigation,affected,False,False,False,n/a,0.0,True,3,328,44,1.0,1.0,1.0,0.0,0.0
D7-CVE-2026-59846-deb-ubuntu-jammy-V2|DC|granite41_30b|tracker|P3|60.0|0.0|0|||0|d7|v3,granite41_30b,DC,tracker,CVE-2026-59846,D7-CVE-2026-59846-deb-ubuntu-jammy-V2,V2,affected,affected,True,False,False,n/a,0.0,True,6,377,56,1.0,1.0,1.0,0.0,0.0
D7-CVE-2026-59846-deb-ubuntu-jammy-V2|DC|granite41_30b|withheld|P3|60.0|0.0|0|||0|d7|v3,granite41_30b,DC,withheld,CVE-2026-59846,D7-CVE-2026-59846-deb-ubuntu-jammy-V2,V2,under_investigation,affected,False,False,False,n/a,0.0,True,4,262,36,1.0,1.0,1.0,0.0,0.0
D7-CVE-2026-59846-deb-ubuntu-jammy-V4|DCv21b|mistral_small_24b|blind|P3|60.0|0.0|0|||0|d7|v3,mistral_small_24b,DCv21,blind,CVE-2026-59846,D7-CVE-2026-59846-deb-ubuntu-jammy-V4,V4,under_investigation,fixed,False,False,False,first_pass,0.0,True,5,387,45,1.0,1.0,1.0,0.0,0.0
D7-CVE-2026-59846-deb-ubuntu-jammy-V4|DCv21b|mistral_small_24b|tracker|P3|60.0|0.0|0|||0|d7|v3,mistral_small_24b,DCv21,tracker,CVE-2026-59846,D7-CVE-2026-59846-deb-ubuntu-jammy-V4,V4,fixed,fixed,True,False,False,first_pass,0.0,True,4,326,41,1.0,1.0,1.0,0.0,0.0
D7-CVE-2026-59846-deb-ubuntu-jammy-V4|DCv21b|mistral_small_24b|withheld|P3|60.0|0.0|0|||0|d7|v3,mistral_small_24b,DCv21,withheld,CVE-2026-59846,D7-CVE-2026-59846-deb-ubuntu-jammy-V4,V4,under_investigation,fixed,False,False,False,first_pass,0.0,True,5,387,45,1.0,1.0,1.0,0.0,0.0
D7-CVE-2026-59846-deb-ubuntu-jammy-V4|DC|mistral_small_24b|blind|P3|60.0|0.0|0|||0|d7|v3,mistral_small_24b,DC,blind,CVE-2026-59846,D7-CVE-2026-59846-deb-ubuntu-jammy-V4,V4,under_investigation,fixed,False,False,False,n/a,0.0,True,3,374,56,1.0,1.0,1.0,0.0,0.0
D7-CVE-2026-59846-deb-ubuntu-jammy-V4|DC|mistral_small_24b|tracker|P3|60.0|0.0|0|||0|d7|v3,mistral_small_24b,DC,tracker,CVE-2026-59846,D7-CVE-2026-59846-deb-ubuntu-jammy-V4,V4,fixed,fixed,True,False,False,n/a,0.0,True,5,377,52,1.0,1.0,1.0,0.0,0.0
D7-CVE-2026-59846-deb-ubuntu-jammy-V4|DC|mistral_small_24b|withheld|P3|60.0|0.0|0|||0|d7|v3,mistral_small_24b,DC,withheld,CVE-2026-59846,D7-CVE-2026-59846-deb-ubuntu-jammy-V4,V4,under_investigation,fixed,False,False,False,n/a,0.0,True,3,381,57,1.0,1.0,1.0,0.0,0.0
D7-CVE-2026-59846-deb-ubuntu-jammy-V6|DCv21b|mistral_small_24b|blind|P3|60.0|0.0|0|||0|d7|v3,mistral_small_24b,DCv21,blind,CVE-2026-59846,D7-CVE-2026-59846-deb-ubuntu-jammy-V6,V6,not_affected,not_affected,True,False,False,first_pass,0.0,True,2,398,57,1.0,1.0,1.0,0.0,0.0
D7-CVE-2026-59846-deb-ubuntu-jammy-V6|DCv21b|mistral_small_24b|tracker|P3|60.0|0.0|0|||0|d7|v3,mistral_small_24b,DCv21,tracker,CVE-2026-59846,D7-CVE-2026-59846-deb-ubuntu-jammy-V6,V6,not_affected,not_affected,True,False,False,first_pass,0.0,True,3,370,48,1.0,1.0,1.0,0.0,0.0
D7-CVE-2026-59846-deb-ubuntu-jammy-V6|DCv21b|mistral_small_24b|withheld|P3|60.0|0.0|0|||0|d7|v3,mistral_small_24b,DCv21,withheld,CVE-2026-59846,D7-CVE-2026-59846-deb-ubuntu-jammy-V6,V6,not_affected,not_affected,True,False,False,first_pass,0.0,True,2,398,57,1.0,1.0,1.0,0.0,0.0
D7-CVE-2026-59846-deb-ubuntu-jammy-V6|DC|mistral_small_24b|blind|P3|60.0|0.0|0|||0|d7|v3,mistral_small_24b,DC,blind,CVE-2026-59846,D7-CVE-2026-59846-deb-ubuntu-jammy-V6,V6,not_affected,not_affected,True,False,False,n/a,0.0,True,3,324,42,1.0,1.0,1.0,0.0,0.0
D7-CVE-2026-59846-deb-ubuntu-jammy-V6|DC|mistral_small_24b|tracker|P3|60.0|0.0|0|||0|d7|v3,mistral_small_24b,DC,tracker,CVE-2026-59846,D7-CVE-2026-59846-deb-ubuntu-jammy-V6,V6,not_affected,not_affected,True,False,False,n/a,0.0,True,3,324,42,1.0,1.0,1.0,0.0,0.0
D7-CVE-2026-59846-deb-ubuntu-jammy-V6|DC|mistral_small_24b|withheld|P3|60.0|0.0|0|||0|d7|v3,mistral_small_24b,DC,withheld,CVE-2026-59846,D7-CVE-2026-59846-deb-ubuntu-jammy-V6,V6,not_affected,not_affected,True,False,False,n/a,0.0,True,3,324,42,1.0,1.0,1.0,0.0,0.0
D7-CVE-2026-59846-deb-ubuntu-noble-V1|DCv21b|granite41_8b|blind|P3|60.0|0.0|0|||0|d7|v3,granite41_8b,DCv21,blind,CVE-2026-59846,D7-CVE-2026-59846-deb-ubuntu-noble-V1,V1,not_affected,not_affected,True,False,False,first_pass,0.0,True,2,443,63,1.0,1.0,1.0,0.0,0.0
D7-CVE-2026-59846-deb-ubuntu-noble-V1|DCv21b|granite41_8b|tracker|P3|60.0|0.0|0|||0|d7|v3,granite41_8b,DCv21,tracker,CVE-2026-59846,D7-CVE-2026-59846-deb-ubuntu-noble-V1,V1,not_affected,not_affected,True,False,False,first_pass,0.0,True,4,409,52,1.0,1.0,1.0,0.0,0.0
D7-CVE-2026-59846-deb-ubuntu-noble-V1|DCv21b|granite41_8b|withheld|P3|60.0|0.0|0|||0|d7|v3,granite41_8b,DCv21,withheld,CVE-2026-59846,D7-CVE-2026-59846-deb-ubuntu-noble-V1,V1,not_affected,not_affected,True,False,False,first_pass,0.0,True,3,443,63,1.0,1.0,1.0,0.0,0.0
D7-CVE-2026-59846-deb-ubuntu-noble-V1|DC|granite41_8b|blind|P3|60.0|0.0|0|||0|d7|v3,granite41_8b,DC,blind,CVE-2026-59846,D7-CVE-2026-59846-deb-ubuntu-noble-V1,V1,not_affected,not_affected,True,False,False,n/a,0.0,True,5,555,82,1.0,1.0,1.0,0.0,0.0
D7-CVE-2026-59846-deb-ubuntu-noble-V1|DC|granite41_8b|tracker|P3|60.0|0.0|0|||0|d7|v3,granite41_8b,DC,tracker,CVE-2026-59846,D7-CVE-2026-59846-deb-ubuntu-noble-V1,V1,not_affected,not_affected,True,False,False,n/a,0.0,True,4,523,72,1.0,1.0,1.0,0.0,0.0
D7-CVE-2026-59846-deb-ubuntu-noble-V1|DC|granite41_8b|withheld|P3|60.0|0.0|0|||0|d7|v3,granite41_8b,DC,withheld,CVE-2026-59846,D7-CVE-2026-59846-deb-ubuntu-noble-V1,V1,not_affected,not_affected,True,False,False,n/a,0.0,True,6,555,82,1.0,1.0,1.0,0.0,0.0
D7-CVE-2026-59998-deb-ubuntu-jammy-V2|DCv21b|mistral_small_24b|blind|P3|60.0|0.0|0|||0|d7|v3,mistral_small_24b,DCv21,blind,CVE-2026-59998,D7-CVE-2026-59998-deb-ubuntu-jammy-V2,V2,under_investigation,affected,False,False,False,first_pass,0.0,True,5,411,50,1.0,1.0,1.0,0.0,0.0
D7-CVE-2026-59998-deb-ubuntu-jammy-V2|DCv21b|mistral_small_24b|tracker|P3|60.0|0.0|0|||0|d7|v3,mistral_small_24b,DCv21,tracker,CVE-2026-59998,D7-CVE-2026-59998-deb-ubuntu-jammy-V2,V2,affected,affected,True,False,False,first_pass,0.0,True,6,381,49,1.0,1.0,1.0,0.0,0.0
D7-CVE-2026-59998-deb-ubuntu-jammy-V2|DCv21b|mistral_small_24b|withheld|P3|60.0|0.0|0|||0|d7|v3,mistral_small_24b,DCv21,withheld,CVE-2026-59998,D7-CVE-2026-59998-deb-ubuntu-jammy-V2,V2,under_investigation,affected,False,False,False,first_pass,0.0,True,5,411,50,1.0,1.0,1.0,0.0,0.0
D7-CVE-2026-59998-deb-ubuntu-jammy-V2|DC|mistral_small_24b|blind|P3|60.0|0.0|0|||0|d7|v3,mistral_small_24b,DC,blind,CVE-2026-59998,D7-CVE-2026-59998-deb-ubuntu-jammy-V2,V2,under_investigation,affected,False,False,False,n/a,0.0,True,4,431,67,1.0,0.3333333333333333,0.3333333333333333,0.6666666666666666,0.0
D7-CVE-2026-59998-deb-ubuntu-jammy-V2|DC|mistral_small_24b|tracker|P3|60.0|0.0|0|||0|d7|v3,mistral_small_24b,DC,tracker,CVE-2026-59998,D7-CVE-2026-59998-deb-ubuntu-jammy-V2,V2,affected,affected,True,False,False,n/a,0.0,True,5,362,54,1.0,1.0,1.0,0.0,0.0
D7-CVE-2026-59998-deb-ubuntu-jammy-V2|DC|mistral_small_24b|withheld|P3|60.0|0.0|0|||0|d7|v3,mistral_small_24b,DC,withheld,CVE-2026-59998,D7-CVE-2026-59998-deb-ubuntu-jammy-V2,V2,under_investigation,affected,False,False,False,n/a,0.0,True,3,444,60,1.0,1.0,1.0,0.0,0.0
D7-CVE-2026-59998-deb-ubuntu-jammy-V4|DCv21b|granite41_30b|blind|P3|60.0|0.0|0|||0|d7|v3,granite41_30b,DCv21,blind,CVE-2026-59998,D7-CVE-2026-59998-deb-ubuntu-jammy-V4,V4,under_investigation,fixed,False,False,False,first_pass,0.0,True,3,464,58,1.0,1.0,1.0,0.0,0.0
D7-CVE-2026-59998-deb-ubuntu-jammy-V4|DCv21b|granite41_30b|tracker|P3|60.0|0.0|0|||0|d7|v3,granite41_30b,DCv21,tracker,CVE-2026-59998,D7-CVE-2026-59998-deb-ubuntu-jammy-V4,V4,fixed,fixed,True,False,False,first_pass,0.0,True,5,410,57,1.0,1.0,1.0,0.0,0.0
D7-CVE-2026-59998-deb-ubuntu-jammy-V4|DCv21b|granite41_30b|withheld|P3|60.0|0.0|0|||0|d7|v3,granite41_30b,DCv21,withheld,CVE-2026-59998,D7-CVE-2026-59998-deb-ubuntu-jammy-V4,V4,under_investigation,fixed,False,False,False,first_pass,0.0,True,3,464,58,1.0,1.0,1.0,0.0,0.0
D7-CVE-2026-59998-deb-ubuntu-jammy-V4|DC|granite41_30b|blind|P3|60.0|0.0|0|||0|d7|v3,granite41_30b,DC,blind,CVE-2026-59998,D7-CVE-2026-59998-deb-ubuntu-jammy-V4,V4,under_investigation,fixed,False,False,False,n/a,0.0,True,4,372,55,1.0,1.0,1.0,0.0,0.0
D7-CVE-2026-59998-deb-ubuntu-jammy-V4|DC|granite41_30b|tracker|P3|60.0|0.0|0|||0|d7|v3,granite41_30b,DC,tracker,CVE-2026-59998,D7-CVE-2026-59998-deb-ubuntu-jammy-V4,V4,fixed,fixed,True,False,False,n/a,0.0,True,3,179,28,1.0,1.0,1.0,0.0,0.0
D7-CVE-2026-59998-deb-ubuntu-jammy-V4|DC|granite41_30b|withheld|P3|60.0|0.0|0|||0|d7|v3,granite41_30b,DC,withheld,CVE-2026-59998,D7-CVE-2026-59998-deb-ubuntu-jammy-V4,V4,under_investigation,fixed,False,False,False,n/a,0.0,True,7,383,55,1.0,1.0,1.0,0.0,0.0
D7-CVE-2026-64849-pypi-jammy-V1|DCv21b|qwen3_14b|blind|P3|60.0|0.0|0|||0|d7|v3,qwen3_14b,DCv21,blind,CVE-2026-64849,D7-CVE-2026-64849-pypi-jammy-V1,V1,not_affected,not_affected,True,False,False,first_pass,0.0,True,3,369,51,1.0,1.0,1.0,0.0,0.0
D7-CVE-2026-64849-pypi-jammy-V1|DCv21b|qwen3_14b|tracker|P3|60.0|0.0|0|||0|d7|v3,qwen3_14b,DCv21,tracker,CVE-2026-64849,D7-CVE-2026-64849-pypi-jammy-V1,V1,not_affected,not_affected,True,False,False,repaired,0.0,True,4,342,49,1.0,1.0,1.0,0.0,0.0
D7-CVE-2026-64849-pypi-jammy-V1|DCv21b|qwen3_14b|withheld|P3|60.0|0.0|0|||0|d7|v3,qwen3_14b,DCv21,withheld,CVE-2026-64849,D7-CVE-2026-64849-pypi-jammy-V1,V1,not_affected,not_affected,True,False,False,first_pass,0.0,True,4,369,51,1.0,1.0,1.0,0.0,0.0
D7-CVE-2026-64849-pypi-jammy-V1|DC|qwen3_14b|blind|P3|60.0|0.0|0|||0|d7|v3,qwen3_14b,DC,blind,CVE-2026-64849,D7-CVE-2026-64849-pypi-jammy-V1,V1,not_affected,not_affected,True,False,False,n/a,0.0,True,3,366,56,1.0,1.0,1.0,0.0,0.0
D7-CVE-2026-64849-pypi-jammy-V1|DC|qwen3_14b|tracker|P3|60.0|0.0|0|||0|d7|v3,qwen3_14b,DC,tracker,CVE-2026-64849,D7-CVE-2026-64849-pypi-jammy-V1,V1,not_affected,not_affected,True,False,False,n/a,0.0,True,3,366,56,1.0,1.0,1.0,0.0,0.0
D7-CVE-2026-64849-pypi-jammy-V1|DC|qwen3_14b|withheld|P3|60.0|0.0|0|||0|d7|v3,qwen3_14b,DC,withheld,CVE-2026-64849,D7-CVE-2026-64849-pypi-jammy-V1,V1,not_affected,not_affected,True,False,False,n/a,0.0,True,3,366,56,1.0,1.0,1.0,0.0,0.0
D7-CVE-2026-64849-pypi-jammy-V2|DCv21b|qwen3_14b|blind|P3|60.0|0.0|0|||0|d7|v3,qwen3_14b,DCv21,blind,CVE-2026-64849,D7-CVE-2026-64849-pypi-jammy-V2,V2,under_investigation,affected,False,False,False,first_pass,0.0,True,5,356,43,1.0,1.0,1.0,0.0,0.0
D7-CVE-2026-64849-pypi-jammy-V2|DCv21b|qwen3_14b|tracker|P3|60.0|0.0|0|||0|d7|v3,qwen3_14b,DCv21,tracker,CVE-2026-64849,D7-CVE-2026-64849-pypi-jammy-V2,V2,affected,affected,True,False,False,first_pass,0.0,True,5,299,46,1.0,1.0,1.0,0.0,0.0
D7-CVE-2026-64849-pypi-jammy-V2|DCv21b|qwen3_14b|withheld|P3|60.0|0.0|0|||0|d7|v3,qwen3_14b,DCv21,withheld,CVE-2026-64849,D7-CVE-2026-64849-pypi-jammy-V2,V2,under_investigation,affected,False,False,False,first_pass,0.0,True,4,356,43,1.0,1.0,1.0,0.0,0.0
D7-CVE-2026-64849-pypi-jammy-V2|DC|qwen3_14b|blind|P3|60.0|0.0|0|||0|d7|v3,qwen3_14b,DC,blind,CVE-2026-64849,D7-CVE-2026-64849-pypi-jammy-V2,V2,under_investigation,affected,False,False,False,n/a,0.0,True,4,345,50,1.0,1.0,1.0,0.0,0.0
D7-CVE-2026-64849-pypi-jammy-V2|DC|qwen3_14b|tracker|P3|60.0|0.0|0|||0|d7|v3,qwen3_14b,DC,tracker,CVE-2026-64849,D7-CVE-2026-64849-pypi-jammy-V2,V2,affected,affected,True,False,False,n/a,0.0,True,5,339,51,1.0,1.0,1.0,0.0,0.0
D7-CVE-2026-64849-pypi-jammy-V2|DC|qwen3_14b|withheld|P3|60.0|0.0|0|||0|d7|v3,qwen3_14b,DC,withheld,CVE-2026-64849,D7-CVE-2026-64849-pypi-jammy-V2,V2,under_investigation,affected,False,False,False,n/a,0.0,True,4,340,50,1.0,1.0,1.0,0.0,0.0
D7-CVE-2026-65183-vendor-jammy-V1|DCv21b|qwen3_14b|blind|P3|60.0|0.0|0|||0|d7|v3,qwen3_14b,DCv21,blind,CVE-2026-65183,D7-CVE-2026-65183-vendor-jammy-V1,V1,not_affected,not_affected,True,False,False,first_pass,0.0,True,3,316,43,1.0,1.0,1.0,0.0,0.0
D7-CVE-2026-65183-vendor-jammy-V1|DCv21b|qwen3_14b|tracker|P3|60.0|0.0|0|||0|d7|v3,qwen3_14b,DCv21,tracker,CVE-2026-65183,D7-CVE-2026-65183-vendor-jammy-V1,V1,not_affected,not_affected,True,False,False,first_pass,0.0,True,4,362,50,1.0,1.0,1.0,0.0,0.0
D7-CVE-2026-65183-vendor-jammy-V1|DCv21b|qwen3_14b|withheld|P3|60.0|0.0|0|||0|d7|v3,qwen3_14b,DCv21,withheld,CVE-2026-65183,D7-CVE-2026-65183-vendor-jammy-V1,V1,not_affected,not_affected,True,False,False,first_pass,0.0,True,4,361,52,1.0,1.0,1.0,0.0,0.0
D7-CVE-2026-65183-vendor-jammy-V1|DC|qwen3_14b|blind|P3|60.0|0.0|0|||0|d7|v3,qwen3_14b,DC,blind,CVE-2026-65183,D7-CVE-2026-65183-vendor-jammy-V1,V1,not_affected,not_affected,True,False,False,n/a,0.0,True,4,293,45,1.0,1.0,1.0,0.0,0.0
D7-CVE-2026-65183-vendor-jammy-V1|DC|qwen3_14b|tracker|P3|60.0|0.0|0|||0|d7|v3,qwen3_14b,DC,tracker,CVE-2026-65183,D7-CVE-2026-65183-vendor-jammy-V1,V1,not_affected,not_affected,True,False,False,n/a,0.0,True,3,341,48,1.0,1.0,1.0,0.0,0.0
D7-CVE-2026-65183-vendor-jammy-V1|DC|qwen3_14b|withheld|P3|60.0|0.0|0|||0|d7|v3,qwen3_14b,DC,withheld,CVE-2026-65183,D7-CVE-2026-65183-vendor-jammy-V1,V1,not_affected,not_affected,True,False,False,n/a,0.0,True,3,382,60,1.0,1.0,1.0,0.0,0.0
D7-CVE-2026-65183-vendor-jammy-V4|DCv21b|mistral_small_24b|blind|P3|60.0|0.0|0|||0|d7|v3,mistral_small_24b,DCv21,blind,CVE-2026-65183,D7-CVE-2026-65183-vendor-jammy-V4,V4,under_investigation,fixed,False,False,False,first_pass,0.0,True,5,363,46,1.0,1.0,1.0,0.0,0.0
D7-CVE-2026-65183-vendor-jammy-V4|DCv21b|mistral_small_24b|tracker|P3|60.0|0.0|0|||0|d7|v3,mistral_small_24b,DCv21,tracker,CVE-2026-65183,D7-CVE-2026-65183-vendor-jammy-V4,V4,fixed,fixed,True,False,False,first_pass,0.0,True,4,283,40,1.0,1.0,1.0,0.0,0.0
D7-CVE-2026-65183-vendor-jammy-V4|DCv21b|mistral_small_24b|withheld|P3|60.0|0.0|0|||0|d7|v3,mistral_small_24b,DCv21,withheld,CVE-2026-65183,D7-CVE-2026-65183-vendor-jammy-V4,V4,under_investigation,fixed,False,False,False,first_pass,0.0,True,5,363,46,1.0,1.0,1.0,0.0,0.0
D7-CVE-2026-65183-vendor-jammy-V4|DC|mistral_small_24b|blind|P3|60.0|0.0|0|||0|d7|v3,mistral_small_24b,DC,blind,CVE-2026-65183,D7-CVE-2026-65183-vendor-jammy-V4,V4,under_investigation,fixed,False,False,False,n/a,0.0,True,4,421,56,1.0,1.0,1.0,0.0,0.0
D7-CVE-2026-65183-vendor-jammy-V4|DC|mistral_small_24b|tracker|P3|60.0|0.0|0|||0|d7|v3,mistral_small_24b,DC,tracker,CVE-2026-65183,D7-CVE-2026-65183-vendor-jammy-V4,V4,fixed,fixed,True,False,False,n/a,0.0,True,5,345,48,1.0,1.0,1.0,0.0,0.0
D7-CVE-2026-65183-vendor-jammy-V4|DC|mistral_small_24b|withheld|P3|60.0|0.0|0|||0|d7|v3,mistral_small_24b,DC,withheld,CVE-2026-65183,D7-CVE-2026-65183-vendor-jammy-V4,V4,under_investigation,fixed,False,False,False,n/a,0.0,True,4,450,60,1.0,1.0,1.0,0.0,0.0
D7-CVE-2026-6907-pypi-jammy-V1|DCv21b|mistral_medium_128b|blind|P3|60.0|0.0|0|||0|d7|v3,mistral_medium_128b,DCv21,blind,CVE-2026-6907,D7-CVE-2026-6907-pypi-jammy-V1,V1,not_affected,not_affected,True,False,False,first_pass,0.0,True,2,239,30,1.0,1.0,1.0,0.0,0.0
D7-CVE-2026-6907-pypi-jammy-V1|DCv21b|mistral_medium_128b|tracker|P3|60.0|0.0|0|||0|d7|v3,mistral_medium_128b,DCv21,tracker,CVE-2026-6907,D7-CVE-2026-6907-pypi-jammy-V1,V1,not_affected,not_affected,True,False,False,repaired,0.0,True,3,258,34,1.0,1.0,1.0,0.0,0.0
D7-CVE-2026-6907-pypi-jammy-V1|DCv21b|mistral_medium_128b|withheld|P3|60.0|0.0|0|||0|d7|v3,mistral_medium_128b,DCv21,withheld,CVE-2026-6907,D7-CVE-2026-6907-pypi-jammy-V1,V1,not_affected,not_affected,True,False,False,first_pass,0.0,True,2,239,30,1.0,1.0,1.0,0.0,0.0
D7-CVE-2026-6907-pypi-jammy-V1|DC|mistral_medium_128b|blind|P3|60.0|0.0|0|||0|d7|v3,mistral_medium_128b,DC,blind,CVE-2026-6907,D7-CVE-2026-6907-pypi-jammy-V1,V1,not_affected,not_affected,True,False,False,n/a,0.0,True,3,280,34,1.0,1.0,1.0,0.0,0.0
D7-CVE-2026-6907-pypi-jammy-V1|DC|mistral_medium_128b|tracker|P3|60.0|0.0|0|||0|d7|v3,mistral_medium_128b,DC,tracker,CVE-2026-6907,D7-CVE-2026-6907-pypi-jammy-V1,V1,not_affected,not_affected,True,False,False,n/a,0.0,True,4,283,34,1.0,1.0,1.0,0.0,0.0
D7-CVE-2026-6907-pypi-jammy-V1|DC|mistral_medium_128b|withheld|P3|60.0|0.0|0|||0|d7|v3,mistral_medium_128b,DC,withheld,CVE-2026-6907,D7-CVE-2026-6907-pypi-jammy-V1,V1,not_affected,not_affected,True,False,False,n/a,0.0,True,3,280,34,1.0,1.0,1.0,0.0,0.0
D7-CVE-2026-6907-pypi-noble-V2-b2|DCv21b|mistral_small_24b|blind|P3|60.0|0.0|0|||0|d7|v3,mistral_small_24b,DCv21,blind,CVE-2026-6907,D7-CVE-2026-6907-pypi-noble-V2-b2,V2,under_investigation,affected,False,False,False,first_pass,0.0,True,4,315,40,1.0,1.0,1.0,0.0,0.0
D7-CVE-2026-6907-pypi-noble-V2-b2|DCv21b|mistral_small_24b|tracker|P3|60.0|0.0|0|||0|d7|v3,mistral_small_24b,DCv21,tracker,CVE-2026-6907,D7-CVE-2026-6907-pypi-noble-V2-b2,V2,affected,affected,True,False,False,first_pass,0.0,True,4,328,48,1.0,1.0,1.0,0.0,0.0
D7-CVE-2026-6907-pypi-noble-V2-b2|DCv21b|mistral_small_24b|withheld|P3|60.0|0.0|0|||0|d7|v3,mistral_small_24b,DCv21,withheld,CVE-2026-6907,D7-CVE-2026-6907-pypi-noble-V2-b2,V2,under_investigation,affected,False,False,False,first_pass,0.0,True,4,315,40,1.0,1.0,1.0,0.0,0.0
D7-CVE-2026-6907-pypi-noble-V2-b2|DC|mistral_small_24b|blind|P3|60.0|0.0|0|||0|d7|v3,mistral_small_24b,DC,blind,CVE-2026-6907,D7-CVE-2026-6907-pypi-noble-V2-b2,V2,under_investigation,affected,False,False,False,n/a,0.0,True,3,361,54,1.0,1.0,1.0,0.0,0.0
D7-CVE-2026-6907-pypi-noble-V2-b2|DC|mistral_small_24b|tracker|P3|60.0|0.0|0|||0|d7|v3,mistral_small_24b,DC,tracker,CVE-2026-6907,D7-CVE-2026-6907-pypi-noble-V2-b2,V2,affected,affected,True,False,False,n/a,0.0,True,5,362,56,1.0,1.0,1.0,0.0,0.0
D7-CVE-2026-6907-pypi-noble-V2-b2|DC|mistral_small_24b|withheld|P3|60.0|0.0|0|||0|d7|v3,mistral_small_24b,DC,withheld,CVE-2026-6907,D7-CVE-2026-6907-pypi-noble-V2-b2,V2,under_investigation,affected,False,False,False,n/a,0.0,True,3,362,54,1.0,1.0,1.0,0.0,0.0
D7-CVE-2026-6907-pypi-noble-V3|DCv21b|granite41_30b|blind|P3|60.0|0.0|0|||0|d7|v3,granite41_30b,DCv21,blind,CVE-2026-6907,D7-CVE-2026-6907-pypi-noble-V3,V3,under_investigation,fixed,False,False,False,first_pass,0.0,True,2,228,26,1.0,1.0,1.0,0.0,0.0
D7-CVE-2026-6907-pypi-noble-V3|DCv21b|granite41_30b|tracker|P3|60.0|0.0|0|||0|d7|v3,granite41_30b,DCv21,tracker,CVE-2026-6907,D7-CVE-2026-6907-pypi-noble-V3,V3,fixed,fixed,True,False,False,first_pass,0.0,True,6,338,51,1.0,1.0,1.0,0.0,0.0
D7-CVE-2026-6907-pypi-noble-V3|DCv21b|granite41_30b|withheld|P3|60.0|0.0|0|||0|d7|v3,granite41_30b,DCv21,withheld,CVE-2026-6907,D7-CVE-2026-6907-pypi-noble-V3,V3,under_investigation,fixed,False,False,False,first_pass,0.0,True,2,228,26,1.0,1.0,1.0,0.0,0.0
D7-CVE-2026-6907-pypi-noble-V3|DC|granite41_30b|blind|P3|60.0|0.0|0|||0|d7|v3,granite41_30b,DC,blind,CVE-2026-6907,D7-CVE-2026-6907-pypi-noble-V3,V3,under_investigation,fixed,False,False,False,n/a,0.0,True,2,318,49,1.0,1.0,1.0,0.0,0.0
D7-CVE-2026-6907-pypi-noble-V3|DC|granite41_30b|tracker|P3|60.0|0.0|0|||0|d7|v3,granite41_30b,DC,tracker,CVE-2026-6907,D7-CVE-2026-6907-pypi-noble-V3,V3,fixed,fixed,True,False,False,n/a,0.0,True,4,237,39,1.0,1.0,1.0,0.0,0.0
D7-CVE-2026-6907-pypi-noble-V3|DC|granite41_30b|withheld|P3|60.0|0.0|0|||0|d7|v3,granite41_30b,DC,withheld,CVE-2026-6907,D7-CVE-2026-6907-pypi-noble-V3,V3,under_investigation,fixed,False,False,False,n/a,0.0,True,2,318,49,1.0,1.0,1.0,0.0,0.0
D7-CVE-2026-6907-pypi-noble-V6|DCv21b|granite41_8b|blind|P3|60.0|0.0|0|||0|d7|v3,granite41_8b,DCv21,blind,CVE-2026-6907,D7-CVE-2026-6907-pypi-noble-V6,V6,not_affected,not_affected,True,False,False,first_pass,0.0,True,3,396,56,1.0,1.0,1.0,0.0,0.0
D7-CVE-2026-6907-pypi-noble-V6|DCv21b|granite41_8b|tracker|P3|60.0|0.0|0|||0|d7|v3,granite41_8b,DCv21,tracker,CVE-2026-6907,D7-CVE-2026-6907-pypi-noble-V6,V6,not_affected,not_affected,True,False,False,repaired,0.0,True,5,1122,161,1.0,1.0,1.0,0.0,0.0
D7-CVE-2026-6907-pypi-noble-V6|DCv21b|granite41_8b|withheld|P3|60.0|0.0|0|||0|d7|v3,granite41_8b,DCv21,withheld,CVE-2026-6907,D7-CVE-2026-6907-pypi-noble-V6,V6,not_affected,not_affected,True,False,False,first_pass,0.0,True,3,396,56,1.0,1.0,1.0,0.0,0.0
D7-CVE-2026-6907-pypi-noble-V6|DC|granite41_8b|blind|P3|60.0|0.0|0|||0|d7|v3,granite41_8b,DC,blind,CVE-2026-6907,D7-CVE-2026-6907-pypi-noble-V6,V6,not_affected,not_affected,True,False,False,n/a,0.0,True,3,453,65,1.0,1.0,1.0,0.0,0.0
D7-CVE-2026-6907-pypi-noble-V6|DC|granite41_8b|tracker|P3|60.0|0.0|0|||0|d7|v3,granite41_8b,DC,tracker,CVE-2026-6907,D7-CVE-2026-6907-pypi-noble-V6,V6,not_affected,not_affected,True,False,False,n/a,0.0,True,4,427,61,1.0,1.0,1.0,0.0,0.0
D7-CVE-2026-6907-pypi-noble-V6|DC|granite41_8b|withheld|P3|60.0|0.0|0|||0|d7|v3,granite41_8b,DC,withheld,CVE-2026-6907,D7-CVE-2026-6907-pypi-noble-V6,V6,not_affected,not_affected,True,False,False,n/a,0.0,True,5,453,65,1.0,1.0,1.0,0.0,0.0
D7-CVE-2026-8404-pypi-jammy-V2|DCv21b|qwen3_4b|blind|P3|60.0|0.0|0|||0|d7|v3,qwen3_4b,DCv21,blind,CVE-2026-8404,D7-CVE-2026-8404-pypi-jammy-V2,V2,under_investigation,affected,False,False,False,first_pass,0.0,True,4,352,37,1.0,1.0,1.0,0.0,0.0
D7-CVE-2026-8404-pypi-jammy-V2|DCv21b|qwen3_4b|tracker|P3|60.0|0.0|0|||0|d7|v3,qwen3_4b,DCv21,tracker,CVE-2026-8404,D7-CVE-2026-8404-pypi-jammy-V2,V2,affected,affected,True,False,False,first_pass,0.0,True,4,295,47,1.0,1.0,1.0,0.0,0.0
D7-CVE-2026-8404-pypi-jammy-V2|DCv21b|qwen3_4b|withheld|P3|60.0|0.0|0|||0|d7|v3,qwen3_4b,DCv21,withheld,CVE-2026-8404,D7-CVE-2026-8404-pypi-jammy-V2,V2,under_investigation,affected,False,False,False,first_pass,0.0,True,4,352,37,1.0,1.0,1.0,0.0,0.0
D7-CVE-2026-8404-pypi-jammy-V2|DC|qwen3_4b|blind|P3|60.0|0.0|0|||0|d7|v3,qwen3_4b,DC,blind,CVE-2026-8404,D7-CVE-2026-8404-pypi-jammy-V2,V2,under_investigation,affected,False,False,False,n/a,0.0,True,5,336,52,1.0,1.0,1.0,0.0,0.0
D7-CVE-2026-8404-pypi-jammy-V2|DC|qwen3_4b|tracker|P3|60.0|0.0|0|||0|d7|v3,qwen3_4b,DC,tracker,CVE-2026-8404,D7-CVE-2026-8404-pypi-jammy-V2,V2,affected,affected,True,False,False,n/a,0.0,True,4,273,42,1.0,1.0,1.0,0.0,0.0
D7-CVE-2026-8404-pypi-jammy-V2|DC|qwen3_4b|withheld|P3|60.0|0.0|0|||0|d7|v3,qwen3_4b,DC,withheld,CVE-2026-8404,D7-CVE-2026-8404-pypi-jammy-V2,V2,under_investigation,affected,False,False,False,n/a,0.0,True,5,325,45,1.0,1.0,1.0,0.0,0.0
D7-CVE-2026-84645-vendor-jammy-V1|DCv21b|granite41_8b|blind|P3|60.0|0.0|0|||0|d7|v3,granite41_8b,DCv21,blind,CVE-2026-84645,D7-CVE-2026-84645-vendor-jammy-V1,V1,not_affected,not_affected,True,False,False,first_pass,0.0,True,6,519,74,1.0,1.0,1.0,0.0,0.0
D7-CVE-2026-84645-vendor-jammy-V1|DCv21b|granite41_8b|tracker|P3|60.0|0.0|0|||0|d7|v3,granite41_8b,DCv21,tracker,CVE-2026-84645,D7-CVE-2026-84645-vendor-jammy-V1,V1,not_affected,not_affected,True,False,False,first_pass,0.0,True,7,550,76,1.0,1.0,1.0,0.0,0.0
D7-CVE-2026-84645-vendor-jammy-V1|DCv21b|granite41_8b|withheld|P3|60.0|0.0|0|||0|d7|v3,granite41_8b,DCv21,withheld,CVE-2026-84645,D7-CVE-2026-84645-vendor-jammy-V1,V1,not_affected,not_affected,True,False,False,first_pass,0.0,True,6,519,74,1.0,1.0,1.0,0.0,0.0
D7-CVE-2026-84645-vendor-jammy-V1|DC|granite41_8b|blind|P3|60.0|0.0|0|||0|d7|v3,granite41_8b,DC,blind,CVE-2026-84645,D7-CVE-2026-84645-vendor-jammy-V1,V1,not_affected,not_affected,True,False,False,n/a,0.0,True,3,461,65,1.0,1.0,1.0,0.0,0.0
D7-CVE-2026-84645-vendor-jammy-V1|DC|granite41_8b|tracker|P3|60.0|0.0|0|||0|d7|v3,granite41_8b,DC,tracker,CVE-2026-84645,D7-CVE-2026-84645-vendor-jammy-V1,V1,not_affected,not_affected,True,False,False,n/a,0.0,True,4,406,63,1.0,1.0,1.0,0.0,0.0
D7-CVE-2026-84645-vendor-jammy-V1|DC|granite41_8b|withheld|P3|60.0|0.0|0|||0|d7|v3,granite41_8b,DC,withheld,CVE-2026-84645,D7-CVE-2026-84645-vendor-jammy-V1,V1,not_affected,not_affected,True,False,False,n/a,0.0,True,4,460,66,1.0,1.0,1.0,0.0,0.0
D7-CVE-2026-84645-vendor-jammy-V3|DCv21b|qwen3_4b|blind|P3|60.0|0.0|0|||0|d7|v3,qwen3_4b,DCv21,blind,CVE-2026-84645,D7-CVE-2026-84645-vendor-jammy-V3,V3,under_investigation,fixed,False,False,False,first_pass,0.0,True,4,383,53,1.0,1.0,1.0,0.0,0.0
D7-CVE-2026-84645-vendor-jammy-V3|DCv21b|qwen3_4b|tracker|P3|60.0|0.0|0|||0|d7|v3,qwen3_4b,DCv21,tracker,CVE-2026-84645,D7-CVE-2026-84645-vendor-jammy-V3,V3,under_investigation,fixed,False,False,False,fallback,1.0,True,5,115,9,1.0,1.0,1.0,0.0,0.0
D7-CVE-2026-84645-vendor-jammy-V3|DCv21b|qwen3_4b|withheld|P3|60.0|0.0|0|||0|d7|v3,qwen3_4b,DCv21,withheld,CVE-2026-84645,D7-CVE-2026-84645-vendor-jammy-V3,V3,under_investigation,fixed,False,False,False,first_pass,0.0,True,6,388,52,1.0,1.0,1.0,0.0,0.0
D7-CVE-2026-84645-vendor-jammy-V3|DC|qwen3_4b|blind|P3|60.0|0.0|0|||0|d7|v3,qwen3_4b,DC,blind,CVE-2026-84645,D7-CVE-2026-84645-vendor-jammy-V3,V3,under_investigation,fixed,False,False,False,n/a,0.0,True,4,321,48,1.0,1.0,1.0,0.0,0.0
D7-CVE-2026-84645-vendor-jammy-V3|DC|qwen3_4b|tracker|P3|60.0|0.0|0|||0|d7|v3,qwen3_4b,DC,tracker,CVE-2026-84645,D7-CVE-2026-84645-vendor-jammy-V3,V3,under_investigation,fixed,False,False,False,n/a,0.0,True,4,349,53,1.0,1.0,1.0,0.0,0.0
D7-CVE-2026-84645-vendor-jammy-V3|DC|qwen3_4b|withheld|P3|60.0|0.0|0|||0|d7|v3,qwen3_4b,DC,withheld,CVE-2026-84645,D7-CVE-2026-84645-vendor-jammy-V3,V3,under_investigation,fixed,False,False,False,n/a,0.0,True,5,321,48,1.0,1.0,1.0,0.0,0.0
D7-CVE-2026-84645-vendor-jammy-V8|DCv21b|llama31_8b|blind|P3|60.0|0.0|0|||0|d7|v3,llama31_8b,DCv21,blind,CVE-2026-84645,D7-CVE-2026-84645-vendor-jammy-V8,V8,under_investigation,affected,False,False,False,fallback,1.0,True,4,94,6,1.0,1.0,1.0,0.0,0.0
D7-CVE-2026-84645-vendor-jammy-V8|DCv21b|llama31_8b|tracker|P3|60.0|0.0|0|||0|d7|v3,llama31_8b,DCv21,tracker,CVE-2026-84645,D7-CVE-2026-84645-vendor-jammy-V8,V8,under_investigation,affected,False,False,False,first_pass,0.0,True,7,462,72,1.0,1.0,1.0,0.0,0.0
D7-CVE-2026-84645-vendor-jammy-V8|DCv21b|llama31_8b|withheld|P3|60.0|0.0|0|||0|d7|v3,llama31_8b,DCv21,withheld,CVE-2026-84645,D7-CVE-2026-84645-vendor-jammy-V8,V8,under_investigation,affected,False,False,False,fallback,1.0,True,4,94,6,1.0,1.0,1.0,0.0,0.0
D7-CVE-2026-84645-vendor-jammy-V8|DC|llama31_8b|blind|P3|60.0|0.0|0|||0|d7|v3,llama31_8b,DC,blind,CVE-2026-84645,D7-CVE-2026-84645-vendor-jammy-V8,V8,under_investigation,affected,False,False,False,n/a,0.0,True,2,299,41,1.0,1.0,1.0,0.0,0.0
D7-CVE-2026-84645-vendor-jammy-V8|DC|llama31_8b|tracker|P3|60.0|0.0|0|||0|d7|v3,llama31_8b,DC,tracker,CVE-2026-84645,D7-CVE-2026-84645-vendor-jammy-V8,V8,under_investigation,affected,False,False,False,n/a,0.0,True,2,299,41,1.0,1.0,1.0,0.0,0.0
D7-CVE-2026-84645-vendor-jammy-V8|DC|llama31_8b|withheld|P3|60.0|0.0|0|||0|d7|v3,llama31_8b,DC,withheld,CVE-2026-84645,D7-CVE-2026-84645-vendor-jammy-V8,V8,under_investigation,affected,False,False,False,n/a,0.0,True,2,299,41,1.0,1.0,1.0,0.0,0.0
D7-CVE-2026-84645-vendor-noble-V8-b2|DCv21b|gemma4_31b|blind|P3|60.0|0.0|0|||0|d7|v3,gemma4_31b,DCv21,blind,CVE-2026-84645,D7-CVE-2026-84645-vendor-noble-V8-b2,V8,under_investigation,affected,False,False,False,first_pass,0.0,True,3,256,34,1.0,1.0,1.0,0.0,0.0
D7-CVE-2026-84645-vendor-noble-V8-b2|DCv21b|gemma4_31b|tracker|P3|60.0|0.0|0|||0|d7|v3,gemma4_31b,DCv21,tracker,CVE-2026-84645,D7-CVE-2026-84645-vendor-noble-V8-b2,V8,affected,affected,True,False,False,first_pass,0.0,True,3,221,34,1.0,1.0,1.0,0.0,0.0
D7-CVE-2026-84645-vendor-noble-V8-b2|DCv21b|gemma4_31b|withheld|P3|60.0|0.0|0|||0|d7|v3,gemma4_31b,DCv21,withheld,CVE-2026-84645,D7-CVE-2026-84645-vendor-noble-V8-b2,V8,under_investigation,affected,False,False,False,first_pass,0.0,True,3,269,32,1.0,1.0,1.0,0.0,0.0
D7-CVE-2026-84645-vendor-noble-V8-b2|DC|gemma4_31b|blind|P3|60.0|0.0|0|||0|d7|v3,gemma4_31b,DC,blind,CVE-2026-84645,D7-CVE-2026-84645-vendor-noble-V8-b2,V8,under_investigation,affected,False,False,False,n/a,0.0,True,2,224,35,1.0,1.0,1.0,0.0,0.0
D7-CVE-2026-84645-vendor-noble-V8-b2|DC|gemma4_31b|tracker|P3|60.0|0.0|0|||0|d7|v3,gemma4_31b,DC,tracker,CVE-2026-84645,D7-CVE-2026-84645-vendor-noble-V8-b2,V8,under_investigation,affected,False,False,False,n/a,0.0,True,2,230,34,1.0,1.0,1.0,0.0,0.0
D7-CVE-2026-84645-vendor-noble-V8-b2|DC|gemma4_31b|withheld|P3|60.0|0.0|0|||0|d7|v3,gemma4_31b,DC,withheld,CVE-2026-84645,D7-CVE-2026-84645-vendor-noble-V8-b2,V8,under_investigation,affected,False,False,False,n/a,0.0,True,2,224,35,1.0,1.0,1.0,0.0,0.0
D7-CVE-2026-90698-deb-ubuntu-noble-V3|DCv21b|mistral_medium_128b|blind|P3|60.0|0.0|0|||0|d7|v3,mistral_medium_128b,DCv21,blind,CVE-2026-90698,D7-CVE-2026-90698-deb-ubuntu-noble-V3,V3,under_investigation,fixed,False,False,False,first_pass,0.0,True,5,373,42,1.0,1.0,1.0,0.0,0.0
D7-CVE-2026-90698-deb-ubuntu-noble-V3|DCv21b|mistral_medium_128b|tracker|P3|60.0|0.0|0|||0|d7|v3,mistral_medium_128b,DCv21,tracker,CVE-2026-90698,D7-CVE-2026-90698-deb-ubuntu-noble-V3,V3,fixed,fixed,True,False,False,first_pass,0.0,True,5,242,32,1.0,1.0,1.0,0.0,0.0
D7-CVE-2026-90698-deb-ubuntu-noble-V3|DCv21b|mistral_medium_128b|withheld|P3|60.0|0.0|0|||0|d7|v3,mistral_medium_128b,DCv21,withheld,CVE-2026-90698,D7-CVE-2026-90698-deb-ubuntu-noble-V3,V3,under_investigation,fixed,False,False,False,first_pass,0.0,True,5,373,42,1.0,1.0,1.0,0.0,0.0
D7-CVE-2026-90698-deb-ubuntu-noble-V3|DC|mistral_medium_128b|blind|P3|60.0|0.0|0|||0|d7|v3,mistral_medium_128b,DC,blind,CVE-2026-90698,D7-CVE-2026-90698-deb-ubuntu-noble-V3,V3,under_investigation,fixed,False,False,False,n/a,0.0,True,4,327,42,1.0,1.0,1.0,0.0,0.0
D7-CVE-2026-90698-deb-ubuntu-noble-V3|DC|mistral_medium_128b|tracker|P3|60.0|0.0|0|||0|d7|v3,mistral_medium_128b,DC,tracker,CVE-2026-90698,D7-CVE-2026-90698-deb-ubuntu-noble-V3,V3,fixed,fixed,True,False,False,n/a,0.0,True,4,226,36,1.0,1.0,1.0,0.0,0.0
D7-CVE-2026-90698-deb-ubuntu-noble-V3|DC|mistral_medium_128b|withheld|P3|60.0|0.0|0|||0|d7|v3,mistral_medium_128b,DC,withheld,CVE-2026-90698,D7-CVE-2026-90698-deb-ubuntu-noble-V3,V3,under_investigation,fixed,False,False,False,n/a,0.0,True,4,327,42,1.0,1.0,1.0,0.0,0.0
D7-CVE-2026-94054-deb-ubuntu-jammy-V4|DCv21b|mistral_medium_128b|blind|P3|60.0|0.0|0|||0|d7|v3,mistral_medium_128b,DCv21,blind,CVE-2026-94054,D7-CVE-2026-94054-deb-ubuntu-jammy-V4,V4,under_investigation,fixed,False,False,False,first_pass,0.0,True,5,321,39,1.0,1.0,1.0,0.0,0.0
D7-CVE-2026-94054-deb-ubuntu-jammy-V4|DCv21b|mistral_medium_128b|tracker|P3|60.0|0.0|0|||0|d7|v3,mistral_medium_128b,DCv21,tracker,CVE-2026-94054,D7-CVE-2026-94054-deb-ubuntu-jammy-V4,V4,fixed,fixed,True,False,False,first_pass,0.0,True,5,257,32,1.0,1.0,1.0,0.0,0.0
D7-CVE-2026-94054-deb-ubuntu-jammy-V4|DCv21b|mistral_medium_128b|withheld|P3|60.0|0.0|0|||0|d7|v3,mistral_medium_128b,DCv21,withheld,CVE-2026-94054,D7-CVE-2026-94054-deb-ubuntu-jammy-V4,V4,under_investigation,fixed,False,False,False,first_pass,0.0,True,5,321,39,1.0,1.0,1.0,0.0,0.0
D7-CVE-2026-94054-deb-ubuntu-jammy-V4|DC|mistral_medium_128b|blind|P3|60.0|0.0|0|||0|d7|v3,mistral_medium_128b,DC,blind,CVE-2026-94054,D7-CVE-2026-94054-deb-ubuntu-jammy-V4,V4,under_investigation,fixed,False,False,False,n/a,0.0,True,4,321,42,1.0,1.0,1.0,0.0,0.0
D7-CVE-2026-94054-deb-ubuntu-jammy-V4|DC|mistral_medium_128b|tracker|P3|60.0|0.0|0|||0|d7|v3,mistral_medium_128b,DC,tracker,CVE-2026-94054,D7-CVE-2026-94054-deb-ubuntu-jammy-V4,V4,fixed,fixed,True,False,False,n/a,0.0,True,4,244,37,1.0,1.0,1.0,0.0,0.0
D7-CVE-2026-94054-deb-ubuntu-jammy-V4|DC|mistral_medium_128b|withheld|P3|60.0|0.0|0|||0|d7|v3,mistral_medium_128b,DC,withheld,CVE-2026-94054,D7-CVE-2026-94054-deb-ubuntu-jammy-V4,V4,under_investigation,fixed,False,False,False,n/a,0.0,True,4,321,42,1.0,1.0,1.0,0.0,0.0
D7-CVE-2026-9828-maven-jammy-V1|DCv21b|qwen3_14b|blind|P3|60.0|0.0|0|||0|d7|v3,qwen3_14b,DCv21,blind,CVE-2026-9828,D7-CVE-2026-9828-maven-jammy-V1,V1,not_affected,not_affected,True,False,False,first_pass,0.0,True,4,351,43,1.0,1.0,1.0,0.0,0.0
D7-CVE-2026-9828-maven-jammy-V1|DCv21b|qwen3_14b|tracker|P3|60.0|0.0|0|||0|d7|v3,qwen3_14b,DCv21,tracker,CVE-2026-9828,D7-CVE-2026-9828-maven-jammy-V1,V1,not_affected,not_affected,True,False,False,first_pass,0.0,True,3,345,42,1.0,1.0,1.0,0.0,0.0
D7-CVE-2026-9828-maven-jammy-V1|DCv21b|qwen3_14b|withheld|P3|60.0|0.0|0|||0|d7|v3,qwen3_14b,DCv21,withheld,CVE-2026-9828,D7-CVE-2026-9828-maven-jammy-V1,V1,not_affected,not_affected,True,False,False,first_pass,0.0,True,4,351,43,1.0,1.0,1.0,0.0,0.0
D7-CVE-2026-9828-maven-jammy-V1|DC|qwen3_14b|blind|P3|60.0|0.0|0|||0|d7|v3,qwen3_14b,DC,blind,CVE-2026-9828,D7-CVE-2026-9828-maven-jammy-V1,V1,not_affected,not_affected,True,False,False,n/a,0.0,True,2,312,48,1.0,1.0,1.0,0.0,0.0
D7-CVE-2026-9828-maven-jammy-V1|DC|qwen3_14b|tracker|P3|60.0|0.0|0|||0|d7|v3,qwen3_14b,DC,tracker,CVE-2026-9828,D7-CVE-2026-9828-maven-jammy-V1,V1,not_affected,not_affected,True,False,False,n/a,0.0,True,2,312,48,1.0,1.0,1.0,0.0,0.0
D7-CVE-2026-9828-maven-jammy-V1|DC|qwen3_14b|withheld|P3|60.0|0.0|0|||0|d7|v3,qwen3_14b,DC,withheld,CVE-2026-9828,D7-CVE-2026-9828-maven-jammy-V1,V1,not_affected,not_affected,True,False,False,n/a,0.0,True,3,366,53,1.0,1.0,1.0,0.0,0.0
D7-CVE-2026-9828-maven-jammy-V7|DCv21b|granite41_8b|blind|P3|60.0|0.0|0|||0|d7|v3,granite41_8b,DCv21,blind,CVE-2026-9828,D7-CVE-2026-9828-maven-jammy-V7,V7,under_investigation,affected,False,False,False,first_pass,0.0,True,6,626,82,1.0,1.0,1.0,0.0,0.0
D7-CVE-2026-9828-maven-jammy-V7|DCv21b|granite41_8b|tracker|P3|60.0|0.0|0|||0|d7|v3,granite41_8b,DCv21,tracker,CVE-2026-9828,D7-CVE-2026-9828-maven-jammy-V7,V7,affected,affected,True,False,False,first_pass,0.0,True,5,412,56,1.0,1.0,1.0,0.0,0.0
D7-CVE-2026-9828-maven-jammy-V7|DCv21b|granite41_8b|withheld|P3|60.0|0.0|0|||0|d7|v3,granite41_8b,DCv21,withheld,CVE-2026-9828,D7-CVE-2026-9828-maven-jammy-V7,V7,under_investigation,affected,False,False,False,first_pass,0.0,True,6,598,77,1.0,1.0,1.0,0.0,0.0
D7-CVE-2026-9828-maven-jammy-V7|DC|granite41_8b|blind|P3|60.0|0.0|0|||0|d7|v3,granite41_8b,DC,blind,CVE-2026-9828,D7-CVE-2026-9828-maven-jammy-V7,V7,under_investigation,affected,False,False,False,n/a,0.0,True,4,425,59,1.0,1.0,1.0,0.0,0.0
D7-CVE-2026-9828-maven-jammy-V7|DC|granite41_8b|tracker|P3|60.0|0.0|0|||0|d7|v3,granite41_8b,DC,tracker,CVE-2026-9828,D7-CVE-2026-9828-maven-jammy-V7,V7,affected,affected,True,False,False,n/a,0.0,True,6,369,53,1.0,1.0,1.0,0.0,0.0
D7-CVE-2026-9828-maven-jammy-V7|DC|granite41_8b|withheld|P3|60.0|0.0|0|||0|d7|v3,granite41_8b,DC,withheld,CVE-2026-9828,D7-CVE-2026-9828-maven-jammy-V7,V7,under_investigation,affected,False,False,False,n/a,0.0,True,4,425,59,1.0,1.0,1.0,0.0,0.0
