key,model,system,arm,cve,status,gold,correct,error,has_expl,n_claims,n_chars,n_words,one,consistent,consistent_coarse,asserted_none,no_claim
D1-CVE-2014-0160-bookworm-V3|DC|qwen3_14b|tracker|P3|60.0|0.0|0|||0,qwen3_14b,DC,tracker,CVE-2014-0160,fixed,fixed,True,False,True,5,382,57,1.0,1.0,1.0,0.0,0.0
D1-CVE-2014-0160-bookworm-V3|DC|qwen3_14b|withheld|P3|60.0|0.0|0|||0,qwen3_14b,DC,withheld,CVE-2014-0160,not_affected,fixed,False,False,True,4,361,58,1.0,1.0,1.0,0.0,0.0
D1-CVE-2014-0160-bookworm-V3|S2|qwen3_14b|tracker|P1|60.0|0.0|0|||0,qwen3_14b,S2,tracker,CVE-2014-0160,fixed,fixed,True,False,True,8,417,65,1.0,0.0,1.0,0.0,0.0
D1-CVE-2014-0160-bookworm-V3|S2|qwen3_14b|withheld|P1|60.0|0.0|0|||0,qwen3_14b,S2,withheld,CVE-2014-0160,not_affected,fixed,False,False,True,9,472,70,1.0,1.0,1.0,0.0,0.0
D1-CVE-2014-0160-bookworm-V3|S3|qwen3_14b|tracker|P1|60.0|0.0|0|||0,qwen3_14b,S3,tracker,CVE-2014-0160,fixed,fixed,True,False,True,3,273,43,1.0,1.0,1.0,0.0,0.0
D1-CVE-2014-0160-bookworm-V3|S3|qwen3_14b|withheld|P1|60.0|0.0|0|||0,qwen3_14b,S3,withheld,CVE-2014-0160,not_affected,fixed,False,False,True,3,193,29,1.0,1.0,1.0,0.0,0.0
D1-CVE-2014-0160-bookworm-V3|S4|qwen3_14b|tracker|P1|60.0|0.0|0|||0,qwen3_14b,S4,tracker,CVE-2014-0160,fixed,fixed,True,False,True,6,275,44,1.0,0.0,1.0,0.0,0.0
D1-CVE-2014-0160-bookworm-V3|S4|qwen3_14b|withheld|P1|60.0|0.0|0|||0,qwen3_14b,S4,withheld,CVE-2014-0160,not_affected,fixed,False,False,True,3,159,22,1.0,1.0,1.0,0.0,0.0
D1-CVE-2014-0160-bookworm-V3|S5|qwen3_14b|tracker|P1|60.0|0.0|0|||0,qwen3_14b,S5,tracker,CVE-2014-0160,fixed,fixed,True,False,True,3,273,43,1.0,1.0,1.0,0.0,0.0
D1-CVE-2014-0160-bookworm-V3|S5|qwen3_14b|withheld|P1|60.0|0.0|0|||0,qwen3_14b,S5,withheld,CVE-2014-0160,not_affected,fixed,False,False,True,4,291,43,1.0,1.0,1.0,0.0,0.0
D1-CVE-2016-2568-bookworm-V2|DC|gemma4_31b|tracker|P3|60.0|0.0|0|||0,gemma4_31b,DC,tracker,CVE-2016-2568,affected,affected,True,False,True,4,206,32,1.0,1.0,1.0,0.0,0.0
D1-CVE-2016-2568-bookworm-V2|DC|gemma4_31b|withheld|P3|60.0|0.0|0|||0,gemma4_31b,DC,withheld,CVE-2016-2568,affected,affected,True,False,True,2,222,33,1.0,1.0,1.0,0.0,0.0
D1-CVE-2016-2568-bookworm-V2|S2|gemma4_31b|tracker|P1|60.0|0.0|0|||0,gemma4_31b,S2,tracker,CVE-2016-2568,affected,affected,True,False,True,11,614,92,1.0,1.0,1.0,0.0,0.0
D1-CVE-2016-2568-bookworm-V2|S2|gemma4_31b|withheld|P1|60.0|0.0|0|||0,gemma4_31b,S2,withheld,CVE-2016-2568,fixed,affected,False,False,True,8,631,96,1.0,0.0,1.0,0.0,0.0
D1-CVE-2016-2568-bookworm-V2|S3|gemma4_31b|tracker|P1|60.0|0.0|0|||0,gemma4_31b,S3,tracker,CVE-2016-2568,affected,affected,True,False,True,8,463,71,1.0,1.0,1.0,0.0,0.0
D1-CVE-2016-2568-bookworm-V2|S3|gemma4_31b|withheld|P1|60.0|0.0|0|||0,gemma4_31b,S3,withheld,CVE-2016-2568,not_affected,affected,False,False,True,5,543,77,1.0,1.0,1.0,0.0,0.0
D1-CVE-2016-2568-bookworm-V2|S4|gemma4_31b|tracker|P1|60.0|0.0|0|||0,gemma4_31b,S4,tracker,CVE-2016-2568,affected,affected,True,False,True,7,392,58,1.0,1.0,1.0,0.0,0.0
D1-CVE-2016-2568-bookworm-V2|S4|gemma4_31b|withheld|P1|60.0|0.0|0|||0,gemma4_31b,S4,withheld,CVE-2016-2568,not_affected,affected,False,False,True,9,1044,153,1.0,1.0,1.0,0.0,0.0
D1-CVE-2016-2568-bookworm-V2|S5|gemma4_31b|tracker|P1|60.0|0.0|0|||0,gemma4_31b,S5,tracker,CVE-2016-2568,affected,affected,True,False,True,9,506,74,1.0,1.0,1.0,0.0,0.0
D1-CVE-2016-2568-bookworm-V2|S5|gemma4_31b|withheld|P1|60.0|0.0|0|||0,gemma4_31b,S5,withheld,CVE-2016-2568,fixed,affected,False,False,True,7,736,120,1.0,0.0,1.0,0.0,0.0
D1-CVE-2016-2568-bookworm-V6|DC|gemma4_31b|tracker|P3|60.0|0.0|0|||0,gemma4_31b,DC,tracker,CVE-2016-2568,not_affected,not_affected,True,False,True,2,252,33,1.0,1.0,1.0,0.0,0.0
D1-CVE-2016-2568-bookworm-V6|DC|gemma4_31b|withheld|P3|60.0|0.0|0|||0,gemma4_31b,DC,withheld,CVE-2016-2568,not_affected,not_affected,True,False,True,2,252,33,1.0,1.0,1.0,0.0,0.0
D1-CVE-2016-2568-bookworm-V6|S2|gemma4_31b|tracker|P1|60.0|0.0|0|||0,gemma4_31b,S2,tracker,CVE-2016-2568,not_affected,not_affected,True,False,True,9,425,61,1.0,1.0,1.0,0.0,0.0
D1-CVE-2016-2568-bookworm-V6|S2|gemma4_31b|withheld|P1|60.0|0.0|0|||0,gemma4_31b,S2,withheld,CVE-2016-2568,not_affected,not_affected,True,False,True,6,269,37,1.0,1.0,1.0,0.0,0.0
D1-CVE-2016-2568-bookworm-V6|S3|gemma4_31b|tracker|P1|60.0|0.0|0|||0,gemma4_31b,S3,tracker,CVE-2016-2568,not_affected,not_affected,True,False,True,1,73,11,1.0,1.0,1.0,0.0,0.0
D1-CVE-2016-2568-bookworm-V6|S3|gemma4_31b|withheld|P1|60.0|0.0|0|||0,gemma4_31b,S3,withheld,CVE-2016-2568,not_affected,not_affected,True,False,True,5,240,37,1.0,1.0,1.0,0.0,0.0
D1-CVE-2016-2568-bookworm-V6|S4|gemma4_31b|tracker|P1|60.0|0.0|0|||0,gemma4_31b,S4,tracker,CVE-2016-2568,not_affected,not_affected,True,False,True,4,170,27,1.0,1.0,1.0,0.0,0.0
D1-CVE-2016-2568-bookworm-V6|S4|gemma4_31b|withheld|P1|60.0|0.0|0|||0,gemma4_31b,S4,withheld,CVE-2016-2568,not_affected,not_affected,True,False,True,4,170,27,1.0,1.0,1.0,0.0,0.0
D1-CVE-2016-2568-bookworm-V6|S5|gemma4_31b|tracker|P1|60.0|0.0|0|||0,gemma4_31b,S5,tracker,CVE-2016-2568,not_affected,not_affected,True,False,True,1,88,12,1.0,1.0,1.0,0.0,0.0
D1-CVE-2016-2568-bookworm-V6|S5|gemma4_31b|withheld|P1|60.0|0.0|0|||0,gemma4_31b,S5,withheld,CVE-2016-2568,not_affected,not_affected,True,False,True,5,225,32,1.0,1.0,1.0,0.0,0.0
D1-CVE-2016-2568-trixie-V1|DC|gemma4_31b|tracker|P3|60.0|0.0|0|||0,gemma4_31b,DC,tracker,CVE-2016-2568,not_affected,not_affected,True,False,True,2,211,30,1.0,1.0,1.0,0.0,0.0
D1-CVE-2016-2568-trixie-V1|DC|gemma4_31b|withheld|P3|60.0|0.0|0|||0,gemma4_31b,DC,withheld,CVE-2016-2568,not_affected,not_affected,True,False,True,2,211,30,1.0,1.0,1.0,0.0,0.0
D1-CVE-2016-2568-trixie-V1|S2|gemma4_31b|tracker|P1|60.0|0.0|0|||0,gemma4_31b,S2,tracker,CVE-2016-2568,not_affected,not_affected,True,False,True,6,257,36,1.0,1.0,1.0,0.0,0.0
D1-CVE-2016-2568-trixie-V1|S2|gemma4_31b|withheld|P1|60.0|0.0|0|||0,gemma4_31b,S2,withheld,CVE-2016-2568,not_affected,not_affected,True,False,True,6,280,40,1.0,1.0,1.0,0.0,0.0
D1-CVE-2016-2568-trixie-V1|S3|gemma4_31b|tracker|P1|60.0|0.0|0|||0,gemma4_31b,S3,tracker,CVE-2016-2568,not_affected,not_affected,True,False,True,4,130,19,1.0,1.0,1.0,0.0,0.0
D1-CVE-2016-2568-trixie-V1|S3|gemma4_31b|withheld|P1|60.0|0.0|0|||0,gemma4_31b,S3,withheld,CVE-2016-2568,not_affected,not_affected,True,False,True,4,123,18,1.0,1.0,1.0,0.0,0.0
D1-CVE-2016-2568-trixie-V1|S4|gemma4_31b|tracker|P1|60.0|0.0|0|||0,gemma4_31b,S4,tracker,CVE-2016-2568,not_affected,not_affected,True,False,True,1,73,11,1.0,1.0,1.0,0.0,0.0
D1-CVE-2016-2568-trixie-V1|S4|gemma4_31b|withheld|P1|60.0|0.0|0|||0,gemma4_31b,S4,withheld,CVE-2016-2568,not_affected,not_affected,True,False,True,4,174,28,1.0,1.0,1.0,0.0,0.0
D1-CVE-2016-2568-trixie-V1|S5|gemma4_31b|tracker|P1|60.0|0.0|0|||0,gemma4_31b,S5,tracker,CVE-2016-2568,not_affected,not_affected,True,False,True,1,140,21,1.0,1.0,1.0,0.0,0.0
D1-CVE-2016-2568-trixie-V1|S5|gemma4_31b|withheld|P1|60.0|0.0|0|||0,gemma4_31b,S5,withheld,CVE-2016-2568,not_affected,not_affected,True,False,True,3,140,22,1.0,1.0,1.0,0.0,0.0
D1-CVE-2016-2568-trixie-V4|DC|granite41_8b|tracker|P3|60.0|0.0|0|||0,granite41_8b,DC,tracker,CVE-2016-2568,fixed,fixed,True,False,True,4,376,57,1.0,1.0,1.0,0.0,0.0
D1-CVE-2016-2568-trixie-V4|DC|granite41_8b|withheld|P3|60.0|0.0|0|||0,granite41_8b,DC,withheld,CVE-2016-2568,not_affected,fixed,False,False,True,4,502,84,1.0,1.0,1.0,0.0,0.0
D1-CVE-2016-2568-trixie-V4|S2|granite41_8b|tracker|P1|60.0|0.0|0|||0,granite41_8b,S2,tracker,CVE-2016-2568,fixed,fixed,True,False,True,8,593,84,1.0,1.0,1.0,0.0,0.0
D1-CVE-2016-2568-trixie-V4|S2|granite41_8b|withheld|P1|60.0|0.0|0|||0,granite41_8b,S2,withheld,CVE-2016-2568,not_affected,fixed,False,False,True,8,540,81,1.0,1.0,1.0,0.0,0.0
D1-CVE-2016-2568-trixie-V4|S3|granite41_8b|tracker|P1|60.0|0.0|0|||0,granite41_8b,S3,tracker,CVE-2016-2568,fixed,fixed,True,False,True,5,191,31,1.0,0.5,1.0,0.0,0.0
D1-CVE-2016-2568-trixie-V4|S3|granite41_8b|withheld|P1|60.0|0.0|0|||0,granite41_8b,S3,withheld,CVE-2016-2568,fixed,fixed,True,False,True,3,142,21,1.0,1.0,1.0,0.0,0.0
D1-CVE-2016-2568-trixie-V4|S4|granite41_8b|tracker|P1|60.0|0.0|0|||0,granite41_8b,S4,tracker,CVE-2016-2568,fixed,fixed,True,False,True,4,229,34,1.0,1.0,1.0,0.0,0.0
D1-CVE-2016-2568-trixie-V4|S4|granite41_8b|withheld|P1|60.0|0.0|0|||0,granite41_8b,S4,withheld,CVE-2016-2568,fixed,fixed,True,False,True,3,134,20,1.0,0.5,1.0,0.0,0.0
D1-CVE-2016-2568-trixie-V4|S5|granite41_8b|tracker|P1|60.0|0.0|0|||0,granite41_8b,S5,tracker,CVE-2016-2568,fixed,fixed,True,False,True,6,348,52,1.0,1.0,1.0,0.0,0.0
D1-CVE-2016-2568-trixie-V4|S5|granite41_8b|withheld|P1|60.0|0.0|0|||0,granite41_8b,S5,withheld,CVE-2016-2568,affected,fixed,False,False,True,7,433,65,1.0,1.0,1.0,0.0,0.0
D1-CVE-2018-6789-trixie-V1|DC|mistral_small_24b|tracker|P3|60.0|0.0|0|||0,mistral_small_24b,DC,tracker,CVE-2018-6789,not_affected,not_affected,True,False,True,3,311,40,1.0,1.0,1.0,0.0,0.0
D1-CVE-2018-6789-trixie-V1|DC|mistral_small_24b|withheld|P3|60.0|0.0|0|||0,mistral_small_24b,DC,withheld,CVE-2018-6789,not_affected,not_affected,True,False,True,3,332,44,1.0,1.0,1.0,0.0,0.0
D1-CVE-2018-6789-trixie-V1|S2|mistral_small_24b|tracker|P1|60.0|0.0|0|||0,mistral_small_24b,S2,tracker,CVE-2018-6789,not_affected,not_affected,True,False,True,11,646,103,1.0,1.0,1.0,0.0,0.0
D1-CVE-2018-6789-trixie-V1|S2|mistral_small_24b|withheld|P1|60.0|0.0|0|||0,mistral_small_24b,S2,withheld,CVE-2018-6789,not_affected,not_affected,True,False,True,5,337,50,1.0,1.0,1.0,0.0,0.0
D1-CVE-2018-6789-trixie-V1|S3|mistral_small_24b|tracker|P1|60.0|0.0|0|||0,mistral_small_24b,S3,tracker,CVE-2018-6789,not_affected,not_affected,True,False,True,1,56,10,1.0,1.0,1.0,0.0,0.0
D1-CVE-2018-6789-trixie-V1|S3|mistral_small_24b|withheld|P1|60.0|0.0|0|||0,mistral_small_24b,S3,withheld,CVE-2018-6789,not_affected,not_affected,True,False,True,1,54,10,1.0,1.0,1.0,0.0,0.0
D1-CVE-2018-6789-trixie-V1|S4|mistral_small_24b|tracker|P1|60.0|0.0|0|||0,mistral_small_24b,S4,tracker,CVE-2018-6789,not_affected,not_affected,True,False,True,1,47,9,1.0,1.0,1.0,0.0,0.0
D1-CVE-2018-6789-trixie-V1|S4|mistral_small_24b|withheld|P1|60.0|0.0|0|||0,mistral_small_24b,S4,withheld,CVE-2018-6789,not_affected,not_affected,True,False,True,1,47,9,1.0,1.0,1.0,0.0,0.0
D1-CVE-2018-6789-trixie-V1|S5|mistral_small_24b|tracker|P1|60.0|0.0|0|||0,mistral_small_24b,S5,tracker,CVE-2018-6789,not_affected,not_affected,True,False,True,1,54,10,1.0,1.0,1.0,0.0,0.0
D1-CVE-2018-6789-trixie-V1|S5|mistral_small_24b|withheld|P1|60.0|0.0|0|||0,mistral_small_24b,S5,withheld,CVE-2018-6789,not_affected,not_affected,True,False,True,1,56,10,1.0,1.0,1.0,0.0,0.0
D1-CVE-2019-10149-bookworm-V1|DC|llama31_8b|tracker|P3|60.0|0.0|0|||0,llama31_8b,DC,tracker,CVE-2019-10149,not_affected,not_affected,True,False,True,2,348,57,1.0,1.0,1.0,0.0,0.0
D1-CVE-2019-10149-bookworm-V1|DC|llama31_8b|withheld|P3|60.0|0.0|0|||0,llama31_8b,DC,withheld,CVE-2019-10149,not_affected,not_affected,True,False,True,4,384,58,1.0,1.0,1.0,0.0,0.0
D1-CVE-2019-10149-bookworm-V1|S2|llama31_8b|tracker|P1|60.0|0.0|0|||0,llama31_8b,S2,tracker,CVE-2019-10149,not_affected,not_affected,True,False,True,6,397,59,1.0,1.0,1.0,0.0,0.0
D1-CVE-2019-10149-bookworm-V1|S2|llama31_8b|withheld|P1|60.0|0.0|0|||0,llama31_8b,S2,withheld,CVE-2019-10149,not_affected,not_affected,True,False,True,6,258,35,1.0,1.0,1.0,0.0,0.0
D1-CVE-2019-10149-bookworm-V1|S3|llama31_8b|tracker|P1|60.0|0.0|0|||0,llama31_8b,S3,tracker,CVE-2019-10149,not_affected,not_affected,True,False,True,1,22,4,1.0,1.0,1.0,0.0,0.0
D1-CVE-2019-10149-bookworm-V1|S3|llama31_8b|withheld|P1|60.0|0.0|0|||0,llama31_8b,S3,withheld,CVE-2019-10149,not_affected,not_affected,True,False,True,2,22,4,1.0,1.0,1.0,0.0,0.0
D1-CVE-2019-10149-bookworm-V1|S4|llama31_8b|tracker|P1|60.0|0.0|0|||0,llama31_8b,S4,tracker,CVE-2019-10149,not_affected,not_affected,True,False,True,1,39,6,1.0,1.0,1.0,0.0,0.0
D1-CVE-2019-10149-bookworm-V1|S4|llama31_8b|withheld|P1|60.0|0.0|0|||0,llama31_8b,S4,withheld,CVE-2019-10149,under_investigation,not_affected,False,False,True,0,60,9,1.0,0.0,0.0,1.0,1.0
D1-CVE-2019-10149-bookworm-V1|S5|llama31_8b|tracker|P1|60.0|0.0|0|||0,llama31_8b,S5,tracker,CVE-2019-10149,not_affected,not_affected,True,False,True,3,163,29,1.0,1.0,1.0,0.0,0.0
D1-CVE-2019-10149-bookworm-V1|S5|llama31_8b|withheld|P1|60.0|0.0|0|||0,llama31_8b,S5,withheld,CVE-2019-10149,not_affected,not_affected,True,False,True,1,39,6,1.0,1.0,1.0,0.0,0.0
D1-CVE-2019-10149-trixie-V3|DC|qwen3_4b|tracker|P3|60.0|0.0|0|||0,qwen3_4b,DC,tracker,CVE-2019-10149,fixed,fixed,True,False,True,3,228,37,1.0,1.0,1.0,0.0,0.0
D1-CVE-2019-10149-trixie-V3|DC|qwen3_4b|withheld|P3|60.0|0.0|0|||0,qwen3_4b,DC,withheld,CVE-2019-10149,not_affected,fixed,False,False,True,8,362,63,1.0,1.0,1.0,0.0,0.0
D1-CVE-2019-10149-trixie-V3|S2|qwen3_4b|tracker|P1|60.0|0.0|0|||0,qwen3_4b,S2,tracker,CVE-2019-10149,fixed,fixed,True,False,True,10,434,63,1.0,0.0,1.0,0.0,0.0
D1-CVE-2019-10149-trixie-V3|S2|qwen3_4b|withheld|P1|60.0|0.0|0|||0,qwen3_4b,S2,withheld,CVE-2019-10149,fixed,fixed,True,False,True,9,410,59,1.0,0.0,1.0,0.0,0.0
D1-CVE-2019-10149-trixie-V3|S3|qwen3_4b|tracker|P1|60.0|0.0|0|||0,qwen3_4b,S3,tracker,CVE-2019-10149,fixed,fixed,True,False,True,5,228,31,1.0,1.0,1.0,0.0,0.0
D1-CVE-2019-10149-trixie-V3|S3|qwen3_4b|withheld|P1|60.0|0.0|0|||0,qwen3_4b,S3,withheld,CVE-2019-10149,affected,fixed,False,False,True,7,332,46,1.0,0.0,0.0,0.0,0.0
D1-CVE-2019-10149-trixie-V3|S4|qwen3_4b|tracker|P1|60.0|0.0|0|||0,qwen3_4b,S4,tracker,CVE-2019-10149,fixed,fixed,True,False,True,4,200,30,1.0,1.0,1.0,0.0,0.0
D1-CVE-2019-10149-trixie-V3|S4|qwen3_4b|withheld|P1|60.0|0.0|0|||0,qwen3_4b,S4,withheld,CVE-2019-10149,not_affected,fixed,False,False,True,4,100,15,1.0,1.0,1.0,0.0,0.0
D1-CVE-2019-10149-trixie-V3|S5|qwen3_4b|tracker|P1|60.0|0.0|0|||0,qwen3_4b,S5,tracker,CVE-2019-10149,fixed,fixed,True,False,True,5,228,31,1.0,1.0,1.0,0.0,0.0
D1-CVE-2019-10149-trixie-V3|S5|qwen3_4b|withheld|P1|60.0|0.0|0|||0,qwen3_4b,S5,withheld,CVE-2019-10149,affected,fixed,False,False,True,9,319,46,1.0,0.0,0.0,0.0,0.0
D1-CVE-2019-10149-trixie-V6|DC|llama31_8b|tracker|P3|60.0|0.0|0|||0,llama31_8b,DC,tracker,CVE-2019-10149,not_affected,not_affected,True,False,True,3,363,58,1.0,1.0,1.0,0.0,0.0
D1-CVE-2019-10149-trixie-V6|DC|llama31_8b|withheld|P3|60.0|0.0|0|||0,llama31_8b,DC,withheld,CVE-2019-10149,not_affected,not_affected,True,False,True,3,371,59,1.0,1.0,1.0,0.0,0.0
D1-CVE-2019-10149-trixie-V6|S2|llama31_8b|tracker|P1|60.0|0.0|0|||0,llama31_8b,S2,tracker,CVE-2019-10149,not_affected,not_affected,True,False,True,4,263,44,1.0,1.0,1.0,0.0,0.0
D1-CVE-2019-10149-trixie-V6|S2|llama31_8b|withheld|P1|60.0|0.0|0|||0,llama31_8b,S2,withheld,CVE-2019-10149,not_affected,not_affected,True,False,True,8,322,52,1.0,1.0,1.0,0.0,0.0
D1-CVE-2019-10149-trixie-V6|S3|llama31_8b|tracker|P1|60.0|0.0|0|||0,llama31_8b,S3,tracker,CVE-2019-10149,not_affected,not_affected,True,False,True,1,22,4,1.0,1.0,1.0,0.0,0.0
D1-CVE-2019-10149-trixie-V6|S3|llama31_8b|withheld|P1|60.0|0.0|0|||0,llama31_8b,S3,withheld,CVE-2019-10149,not_affected,not_affected,True,False,True,1,22,4,1.0,1.0,1.0,0.0,0.0
D1-CVE-2019-10149-trixie-V6|S4|llama31_8b|tracker|P1|60.0|0.0|0|||0,llama31_8b,S4,tracker,CVE-2019-10149,not_affected,not_affected,True,False,True,1,22,4,1.0,1.0,1.0,0.0,0.0
D1-CVE-2019-10149-trixie-V6|S4|llama31_8b|withheld|P1|60.0|0.0|0|||0,llama31_8b,S4,withheld,CVE-2019-10149,under_investigation,not_affected,False,False,True,0,60,9,1.0,0.0,0.0,1.0,1.0
D1-CVE-2019-10149-trixie-V6|S5|llama31_8b|tracker|P1|60.0|0.0|0|||0,llama31_8b,S5,tracker,CVE-2019-10149,not_affected,not_affected,True,False,True,2,67,11,1.0,1.0,1.0,0.0,0.0
D1-CVE-2019-10149-trixie-V6|S5|llama31_8b|withheld|P1|60.0|0.0|0|||0,llama31_8b,S5,withheld,CVE-2019-10149,not_affected,not_affected,True,False,True,1,39,6,1.0,1.0,1.0,0.0,0.0
D1-CVE-2020-1472-bookworm-V6|DC|qwen3_4b|tracker|P3|60.0|0.0|0|||0,qwen3_4b,DC,tracker,CVE-2020-1472,not_affected,not_affected,True,False,True,3,330,52,1.0,1.0,1.0,0.0,0.0
D1-CVE-2020-1472-bookworm-V6|DC|qwen3_4b|withheld|P3|60.0|0.0|0|||0,qwen3_4b,DC,withheld,CVE-2020-1472,not_affected,not_affected,True,False,True,3,344,49,1.0,1.0,1.0,0.0,0.0
D1-CVE-2020-1472-bookworm-V6|S2|qwen3_4b|tracker|P1|60.0|0.0|0|||0,qwen3_4b,S2,tracker,CVE-2020-1472,not_affected,not_affected,True,False,True,3,231,36,1.0,1.0,1.0,0.0,0.0
D1-CVE-2020-1472-bookworm-V6|S2|qwen3_4b|withheld|P1|60.0|0.0|0|||0,qwen3_4b,S2,withheld,CVE-2020-1472,not_affected,not_affected,True,False,True,5,278,47,1.0,1.0,1.0,0.0,0.0
D1-CVE-2020-1472-bookworm-V6|S3|qwen3_4b|tracker|P1|60.0|0.0|0|||0,qwen3_4b,S3,tracker,CVE-2020-1472,not_affected,not_affected,True,False,True,2,101,19,1.0,1.0,1.0,0.0,0.0
D1-CVE-2020-1472-bookworm-V6|S3|qwen3_4b|withheld|P1|60.0|0.0|0|||0,qwen3_4b,S3,withheld,CVE-2020-1472,not_affected,not_affected,True,False,True,2,107,18,1.0,1.0,1.0,0.0,0.0
D1-CVE-2020-1472-bookworm-V6|S4|qwen3_4b|tracker|P1|60.0|0.0|0|||0,qwen3_4b,S4,tracker,CVE-2020-1472,not_affected,not_affected,True,False,True,2,101,19,1.0,1.0,1.0,0.0,0.0
D1-CVE-2020-1472-bookworm-V6|S4|qwen3_4b|withheld|P1|60.0|0.0|0|||0,qwen3_4b,S4,withheld,CVE-2020-1472,not_affected,not_affected,True,False,True,2,107,18,1.0,1.0,1.0,0.0,0.0
D1-CVE-2020-1472-bookworm-V6|S5|qwen3_4b|tracker|P1|60.0|0.0|0|||0,qwen3_4b,S5,tracker,CVE-2020-1472,not_affected,not_affected,True,False,True,2,101,19,1.0,1.0,1.0,0.0,0.0
D1-CVE-2020-1472-bookworm-V6|S5|qwen3_4b|withheld|P1|60.0|0.0|0|||0,qwen3_4b,S5,withheld,CVE-2020-1472,not_affected,not_affected,True,False,True,2,107,18,1.0,1.0,1.0,0.0,0.0
D1-CVE-2021-23017-bookworm-V3|DC|llama31_8b|tracker|P3|60.0|0.0|0|||0,llama31_8b,DC,tracker,CVE-2021-23017,fixed,fixed,True,False,True,5,408,62,1.0,1.0,1.0,0.0,0.0
D1-CVE-2021-23017-bookworm-V3|DC|llama31_8b|withheld|P3|60.0|0.0|0|||0,llama31_8b,DC,withheld,CVE-2021-23017,not_affected,fixed,False,False,True,5,435,67,1.0,1.0,1.0,0.0,0.0
D1-CVE-2021-23017-bookworm-V3|S2|llama31_8b|tracker|P1|60.0|0.0|0|||0,llama31_8b,S2,tracker,CVE-2021-23017,not_affected,fixed,False,False,True,4,287,43,1.0,0.5,0.5,0.5,0.0
D1-CVE-2021-23017-bookworm-V3|S2|llama31_8b|withheld|P1|60.0|0.0|0|||0,llama31_8b,S2,withheld,CVE-2021-23017,not_affected,fixed,False,False,True,10,440,68,1.0,1.0,1.0,0.0,0.0
D1-CVE-2021-23017-bookworm-V3|S3|llama31_8b|tracker|P1|60.0|0.0|0|||0,llama31_8b,S3,tracker,CVE-2021-23017,under_investigation,fixed,False,False,True,0,33,4,1.0,1.0,1.0,0.0,1.0
D1-CVE-2021-23017-bookworm-V3|S3|llama31_8b|withheld|P1|60.0|0.0|0|||0,llama31_8b,S3,withheld,CVE-2021-23017,under_investigation,fixed,False,False,True,0,23,3,1.0,0.0,0.0,1.0,1.0
D1-CVE-2021-23017-bookworm-V3|S4|llama31_8b|tracker|P1|60.0|0.0|0|||0,llama31_8b,S4,tracker,CVE-2021-23017,not_affected,fixed,False,False,True,2,65,8,1.0,1.0,1.0,0.0,0.0
D1-CVE-2021-23017-bookworm-V3|S4|llama31_8b|withheld|P1|60.0|0.0|0|||0,llama31_8b,S4,withheld,CVE-2021-23017,not_affected,fixed,False,False,True,1,35,7,1.0,1.0,1.0,0.0,0.0
D1-CVE-2021-23017-bookworm-V3|S5|llama31_8b|tracker|P1|60.0|0.0|0|||0,llama31_8b,S5,tracker,CVE-2021-23017,under_investigation,fixed,False,False,True,0,33,4,1.0,1.0,1.0,0.0,1.0
D1-CVE-2021-23017-bookworm-V3|S5|llama31_8b|withheld|P1|60.0|0.0|0|||0,llama31_8b,S5,withheld,CVE-2021-23017,under_investigation,fixed,False,False,True,0,23,3,1.0,0.0,0.0,1.0,1.0
D1-CVE-2021-40438-bookworm-V3|DC|llama31_8b|tracker|P3|60.0|0.0|0|||0,llama31_8b,DC,tracker,CVE-2021-40438,fixed,fixed,True,False,True,3,368,54,1.0,0.5,0.5,0.5,0.0
D1-CVE-2021-40438-bookworm-V3|DC|llama31_8b|withheld|P3|60.0|0.0|0|||0,llama31_8b,DC,withheld,CVE-2021-40438,not_affected,fixed,False,False,True,7,499,77,1.0,1.0,1.0,0.0,0.0
D1-CVE-2021-40438-bookworm-V3|S2|llama31_8b|tracker|P1|60.0|0.0|0|||0,llama31_8b,S2,tracker,CVE-2021-40438,not_affected,fixed,False,False,True,4,195,29,1.0,0.5,1.0,0.0,0.0
D1-CVE-2021-40438-bookworm-V3|S2|llama31_8b|withheld|P1|60.0|0.0|0|||0,llama31_8b,S2,withheld,CVE-2021-40438,not_affected,fixed,False,False,True,4,273,40,1.0,1.0,1.0,0.0,0.0
D1-CVE-2021-40438-bookworm-V3|S3|llama31_8b|tracker|P1|60.0|0.0|0|||0,llama31_8b,S3,tracker,CVE-2021-40438,not_affected,fixed,False,False,True,1,41,8,1.0,1.0,1.0,0.0,0.0
D1-CVE-2021-40438-bookworm-V3|S3|llama31_8b|withheld|P1|60.0|0.0|0|||0,llama31_8b,S3,withheld,CVE-2021-40438,under_investigation,fixed,False,False,True,0,23,3,1.0,0.0,0.0,1.0,1.0
D1-CVE-2021-40438-bookworm-V3|S4|llama31_8b|tracker|P1|60.0|0.0|0|||0,llama31_8b,S4,tracker,CVE-2021-40438,not_affected,fixed,False,False,True,2,74,12,1.0,1.0,1.0,0.0,0.0
D1-CVE-2021-40438-bookworm-V3|S4|llama31_8b|withheld|P1|60.0|0.0|0|||0,llama31_8b,S4,withheld,CVE-2021-40438,not_affected,fixed,False,False,True,0,4,1,1.0,0.0,0.0,1.0,1.0
D1-CVE-2021-40438-bookworm-V3|S5|llama31_8b|tracker|P1|60.0|0.0|0|||0,llama31_8b,S5,tracker,CVE-2021-40438,not_affected,fixed,False,False,True,1,41,8,1.0,1.0,1.0,0.0,0.0
D1-CVE-2021-40438-bookworm-V3|S5|llama31_8b|withheld|P1|60.0|0.0|0|||0,llama31_8b,S5,withheld,CVE-2021-40438,under_investigation,fixed,False,False,True,0,23,3,1.0,0.0,0.0,1.0,1.0
D1-CVE-2021-40438-trixie-V3|DC|mistral_small_24b|tracker|P3|60.0|0.0|0|||0,mistral_small_24b,DC,tracker,CVE-2021-40438,fixed,fixed,True,False,True,5,347,51,1.0,1.0,1.0,0.0,0.0
D1-CVE-2021-40438-trixie-V3|DC|mistral_small_24b|withheld|P3|60.0|0.0|0|||0,mistral_small_24b,DC,withheld,CVE-2021-40438,not_affected,fixed,False,False,True,6,421,63,1.0,1.0,1.0,0.0,0.0
D1-CVE-2021-40438-trixie-V3|S2|mistral_small_24b|tracker|P1|60.0|0.0|0|||0,mistral_small_24b,S2,tracker,CVE-2021-40438,fixed,fixed,True,False,True,5,261,38,1.0,1.0,1.0,0.0,0.0
D1-CVE-2021-40438-trixie-V3|S2|mistral_small_24b|withheld|P1|60.0|0.0|0|||0,mistral_small_24b,S2,withheld,CVE-2021-40438,fixed,fixed,True,False,True,5,303,44,1.0,0.0,1.0,0.0,0.0
D1-CVE-2021-40438-trixie-V3|S3|mistral_small_24b|tracker|P1|60.0|0.0|0|||0,mistral_small_24b,S3,tracker,CVE-2021-40438,not_affected,fixed,False,False,True,3,130,19,1.0,0.6666666666666666,1.0,0.0,0.0
D1-CVE-2021-40438-trixie-V3|S3|mistral_small_24b|withheld|P1|60.0|0.0|0|||0,mistral_small_24b,S3,withheld,CVE-2021-40438,not_affected,fixed,False,False,True,2,118,17,1.0,1.0,1.0,0.0,0.0
D1-CVE-2021-40438-trixie-V3|S4|mistral_small_24b|tracker|P1|60.0|0.0|0|||0,mistral_small_24b,S4,tracker,CVE-2021-40438,not_affected,fixed,False,False,True,4,136,20,1.0,0.3333333333333333,1.0,0.0,0.0
D1-CVE-2021-40438-trixie-V3|S4|mistral_small_24b|withheld|P1|60.0|0.0|0|||0,mistral_small_24b,S4,withheld,CVE-2021-40438,under_investigation,fixed,False,False,True,0,172,25,1.0,1.0,1.0,0.0,1.0
D1-CVE-2021-40438-trixie-V3|S5|mistral_small_24b|tracker|P1|60.0|0.0|0|||0,mistral_small_24b,S5,tracker,CVE-2021-40438,fixed,fixed,True,False,True,3,145,22,1.0,1.0,1.0,0.0,0.0
D1-CVE-2021-40438-trixie-V3|S5|mistral_small_24b|withheld|P1|60.0|0.0|0|||0,mistral_small_24b,S5,withheld,CVE-2021-40438,not_affected,fixed,False,False,True,4,108,15,1.0,1.0,1.0,0.0,0.0
D1-CVE-2021-40438-trixie-V6|DC|qwen3_4b|tracker|P3|60.0|0.0|0|||0,qwen3_4b,DC,tracker,CVE-2021-40438,not_affected,not_affected,True,False,True,4,285,41,1.0,1.0,1.0,0.0,0.0
D1-CVE-2021-40438-trixie-V6|DC|qwen3_4b|withheld|P3|60.0|0.0|0|||0,qwen3_4b,DC,withheld,CVE-2021-40438,not_affected,not_affected,True,False,True,5,279,42,1.0,1.0,1.0,0.0,0.0
D1-CVE-2021-40438-trixie-V6|S2|qwen3_4b|tracker|P1|60.0|0.0|0|||0,qwen3_4b,S2,tracker,CVE-2021-40438,not_affected,not_affected,True,False,True,3,278,42,1.0,1.0,1.0,0.0,0.0
D1-CVE-2021-40438-trixie-V6|S2|qwen3_4b|withheld|P1|60.0|0.0|0|||0,qwen3_4b,S2,withheld,CVE-2021-40438,not_affected,not_affected,True,False,True,2,207,30,1.0,1.0,1.0,0.0,0.0
D1-CVE-2021-40438-trixie-V6|S3|qwen3_4b|tracker|P1|60.0|0.0|0|||0,qwen3_4b,S3,tracker,CVE-2021-40438,not_affected,not_affected,True,False,True,2,119,20,1.0,1.0,1.0,0.0,0.0
D1-CVE-2021-40438-trixie-V6|S3|qwen3_4b|withheld|P1|60.0|0.0|0|||0,qwen3_4b,S3,withheld,CVE-2021-40438,not_affected,not_affected,True,False,True,2,127,19,1.0,1.0,1.0,0.0,0.0
D1-CVE-2021-40438-trixie-V6|S4|qwen3_4b|tracker|P1|60.0|0.0|0|||0,qwen3_4b,S4,tracker,CVE-2021-40438,not_affected,not_affected,True,False,True,2,119,18,1.0,1.0,1.0,0.0,0.0
D1-CVE-2021-40438-trixie-V6|S4|qwen3_4b|withheld|P1|60.0|0.0|0|||0,qwen3_4b,S4,withheld,CVE-2021-40438,not_affected,not_affected,True,False,True,2,92,16,1.0,1.0,1.0,0.0,0.0
D1-CVE-2021-40438-trixie-V6|S5|qwen3_4b|tracker|P1|60.0|0.0|0|||0,qwen3_4b,S5,tracker,CVE-2021-40438,not_affected,not_affected,True,False,True,2,110,18,1.0,1.0,1.0,0.0,0.0
D1-CVE-2021-40438-trixie-V6|S5|qwen3_4b|withheld|P1|60.0|0.0|0|||0,qwen3_4b,S5,withheld,CVE-2021-40438,not_affected,not_affected,True,False,True,2,127,19,1.0,1.0,1.0,0.0,0.0
D1-CVE-2021-41617-bookworm-V1|DC|qwen3_14b|tracker|P3|60.0|0.0|0|||0,qwen3_14b,DC,tracker,CVE-2021-41617,not_affected,not_affected,True,False,True,2,308,46,1.0,1.0,1.0,0.0,0.0
D1-CVE-2021-41617-bookworm-V1|DC|qwen3_14b|withheld|P3|60.0|0.0|0|||0,qwen3_14b,DC,withheld,CVE-2021-41617,not_affected,not_affected,True,False,True,2,308,46,1.0,1.0,1.0,0.0,0.0
D1-CVE-2021-41617-bookworm-V1|S2|qwen3_14b|tracker|P1|60.0|0.0|0|||0,qwen3_14b,S2,tracker,CVE-2021-41617,not_affected,not_affected,True,False,True,2,206,32,1.0,1.0,1.0,0.0,0.0
D1-CVE-2021-41617-bookworm-V1|S2|qwen3_14b|withheld|P1|60.0|0.0|0|||0,qwen3_14b,S2,withheld,CVE-2021-41617,not_affected,not_affected,True,False,True,2,188,30,1.0,1.0,1.0,0.0,0.0
D1-CVE-2021-41617-bookworm-V1|S3|qwen3_14b|tracker|P1|60.0|0.0|0|||0,qwen3_14b,S3,tracker,CVE-2021-41617,not_affected,not_affected,True,False,True,2,105,17,1.0,1.0,1.0,0.0,0.0
D1-CVE-2021-41617-bookworm-V1|S3|qwen3_14b|withheld|P1|60.0|0.0|0|||0,qwen3_14b,S3,withheld,CVE-2021-41617,not_affected,not_affected,True,False,True,2,105,17,1.0,1.0,1.0,0.0,0.0
D1-CVE-2021-41617-bookworm-V1|S4|qwen3_14b|tracker|P1|60.0|0.0|0|||0,qwen3_14b,S4,tracker,CVE-2021-41617,not_affected,not_affected,True,False,True,2,110,19,1.0,1.0,1.0,0.0,0.0
D1-CVE-2021-41617-bookworm-V1|S4|qwen3_14b|withheld|P1|60.0|0.0|0|||0,qwen3_14b,S4,withheld,CVE-2021-41617,not_affected,not_affected,True,False,True,2,102,17,1.0,1.0,1.0,0.0,0.0
D1-CVE-2021-41617-bookworm-V1|S5|qwen3_14b|tracker|P1|60.0|0.0|0|||0,qwen3_14b,S5,tracker,CVE-2021-41617,not_affected,not_affected,True,False,True,2,105,17,1.0,1.0,1.0,0.0,0.0
D1-CVE-2021-41617-bookworm-V1|S5|qwen3_14b|withheld|P1|60.0|0.0|0|||0,qwen3_14b,S5,withheld,CVE-2021-41617,not_affected,not_affected,True,False,True,2,105,17,1.0,1.0,1.0,0.0,0.0
D1-CVE-2021-41617-bookworm-V3|DC|qwen3_14b|tracker|P3|60.0|0.0|0|||0,qwen3_14b,DC,tracker,CVE-2021-41617,fixed,fixed,True,False,True,4,354,56,1.0,1.0,1.0,0.0,0.0
D1-CVE-2021-41617-bookworm-V3|DC|qwen3_14b|withheld|P3|60.0|0.0|0|||0,qwen3_14b,DC,withheld,CVE-2021-41617,not_affected,fixed,False,False,True,4,356,56,1.0,1.0,1.0,0.0,0.0
D1-CVE-2021-41617-bookworm-V3|S2|qwen3_14b|tracker|P1|60.0|0.0|0|||0,qwen3_14b,S2,tracker,CVE-2021-41617,not_affected,fixed,False,False,True,7,442,63,1.0,0.3333333333333333,1.0,0.0,0.0
D1-CVE-2021-41617-bookworm-V3|S2|qwen3_14b|withheld|P1|60.0|0.0|0|||0,qwen3_14b,S2,withheld,CVE-2021-41617,not_affected,fixed,False,False,True,6,425,63,1.0,1.0,1.0,0.0,0.0
D1-CVE-2021-41617-bookworm-V3|S3|qwen3_14b|tracker|P1|60.0|0.0|0|||0,qwen3_14b,S3,tracker,CVE-2021-41617,not_affected,fixed,False,False,True,6,398,57,1.0,1.0,1.0,0.0,0.0
D1-CVE-2021-41617-bookworm-V3|S3|qwen3_14b|withheld|P1|60.0|0.0|0|||0,qwen3_14b,S3,withheld,CVE-2021-41617,not_affected,fixed,False,False,True,4,174,26,1.0,1.0,1.0,0.0,0.0
D1-CVE-2021-41617-bookworm-V3|S4|qwen3_14b|tracker|P1|60.0|0.0|0|||0,qwen3_14b,S4,tracker,CVE-2021-41617,affected,fixed,False,False,True,10,492,67,1.0,0.0,0.0,0.3333333333333333,0.0
D1-CVE-2021-41617-bookworm-V3|S4|qwen3_14b|withheld|P1|60.0|0.0|0|||0,qwen3_14b,S4,withheld,CVE-2021-41617,not_affected,fixed,False,False,True,3,162,22,1.0,1.0,1.0,0.0,0.0
D1-CVE-2021-41617-bookworm-V3|S5|qwen3_14b|tracker|P1|60.0|0.0|0|||0,qwen3_14b,S5,tracker,CVE-2021-41617,not_affected,fixed,False,False,True,6,398,57,1.0,1.0,1.0,0.0,0.0
D1-CVE-2021-41617-bookworm-V3|S5|qwen3_14b|withheld|P1|60.0|0.0|0|||0,qwen3_14b,S5,withheld,CVE-2021-41617,not_affected,fixed,False,False,True,4,174,26,1.0,1.0,1.0,0.0,0.0
D1-CVE-2021-41617-trixie-V3|DC|gemma4_31b|tracker|P3|60.0|0.0|0|||0,gemma4_31b,DC,tracker,CVE-2021-41617,fixed,fixed,True,False,True,3,198,30,1.0,1.0,1.0,0.0,0.0
D1-CVE-2021-41617-trixie-V3|DC|gemma4_31b|withheld|P3|60.0|0.0|0|||0,gemma4_31b,DC,withheld,CVE-2021-41617,not_affected,fixed,False,False,True,4,257,40,1.0,1.0,1.0,0.0,0.0
D1-CVE-2021-41617-trixie-V3|S2|gemma4_31b|tracker|P1|60.0|0.0|0|||0,gemma4_31b,S2,tracker,CVE-2021-41617,fixed,fixed,True,False,True,6,432,57,1.0,1.0,1.0,0.0,0.0
D1-CVE-2021-41617-trixie-V3|S2|gemma4_31b|withheld|P1|60.0|0.0|0|||0,gemma4_31b,S2,withheld,CVE-2021-41617,fixed,fixed,True,False,True,3,312,44,1.0,0.0,1.0,0.0,0.0
D1-CVE-2021-41617-trixie-V3|S3|gemma4_31b|tracker|P1|60.0|0.0|0|||0,gemma4_31b,S3,tracker,CVE-2021-41617,fixed,fixed,True,False,True,5,386,53,1.0,1.0,1.0,0.0,0.0
D1-CVE-2021-41617-trixie-V3|S3|gemma4_31b|withheld|P1|60.0|0.0|0|||0,gemma4_31b,S3,withheld,CVE-2021-41617,not_affected,fixed,False,False,True,4,276,40,1.0,1.0,1.0,0.0,0.0
D1-CVE-2021-41617-trixie-V3|S4|gemma4_31b|tracker|P1|60.0|0.0|0|||0,gemma4_31b,S4,tracker,CVE-2021-41617,fixed,fixed,True,False,True,4,236,34,1.0,1.0,1.0,0.0,0.0
D1-CVE-2021-41617-trixie-V3|S4|gemma4_31b|withheld|P1|60.0|0.0|0|||0,gemma4_31b,S4,withheld,CVE-2021-41617,not_affected,fixed,False,False,True,4,277,39,1.0,1.0,1.0,0.0,0.0
D1-CVE-2021-41617-trixie-V3|S5|gemma4_31b|tracker|P1|60.0|0.0|0|||0,gemma4_31b,S5,tracker,CVE-2021-41617,fixed,fixed,True,False,True,7,380,53,1.0,1.0,1.0,0.0,0.0
D1-CVE-2021-41617-trixie-V3|S5|gemma4_31b|withheld|P1|60.0|0.0|0|||0,gemma4_31b,S5,withheld,CVE-2021-41617,not_affected,fixed,False,False,True,5,314,43,1.0,1.0,1.0,0.0,0.0
D1-CVE-2021-44224-trixie-V1|DC|granite41_8b|tracker|P3|60.0|0.0|0|||0,granite41_8b,DC,tracker,CVE-2021-44224,not_affected,not_affected,True,False,True,4,513,71,1.0,1.0,1.0,0.0,0.0
D1-CVE-2021-44224-trixie-V1|DC|granite41_8b|withheld|P3|60.0|0.0|0|||0,granite41_8b,DC,withheld,CVE-2021-44224,not_affected,not_affected,True,False,True,4,502,70,1.0,1.0,1.0,0.0,0.0
D1-CVE-2021-44224-trixie-V1|S2|granite41_8b|tracker|P1|60.0|0.0|0|||0,granite41_8b,S2,tracker,CVE-2021-44224,not_affected,not_affected,True,False,True,2,305,45,1.0,1.0,1.0,0.0,0.0
D1-CVE-2021-44224-trixie-V1|S2|granite41_8b|withheld|P1|60.0|0.0|0|||0,granite41_8b,S2,withheld,CVE-2021-44224,not_affected,not_affected,True,False,True,2,245,37,1.0,1.0,1.0,0.0,0.0
D1-CVE-2021-44224-trixie-V1|S3|granite41_8b|tracker|P1|60.0|0.0|0|||0,granite41_8b,S3,tracker,CVE-2021-44224,not_affected,not_affected,True,False,True,5,231,34,1.0,1.0,1.0,0.0,0.0
D1-CVE-2021-44224-trixie-V1|S3|granite41_8b|withheld|P1|60.0|0.0|0|||0,granite41_8b,S3,withheld,CVE-2021-44224,fixed,not_affected,False,False,True,3,148,22,1.0,0.5,1.0,0.0,0.0
D1-CVE-2021-44224-trixie-V1|S4|granite41_8b|tracker|P1|60.0|0.0|0|||0,granite41_8b,S4,tracker,CVE-2021-44224,not_affected,not_affected,True,False,True,4,154,24,1.0,1.0,1.0,0.0,0.0
D1-CVE-2021-44224-trixie-V1|S4|granite41_8b|withheld|P1|60.0|0.0|0|||0,granite41_8b,S4,withheld,CVE-2021-44224,not_affected,not_affected,True,False,True,3,130,22,1.0,1.0,1.0,0.0,0.0
D1-CVE-2021-44224-trixie-V1|S5|granite41_8b|tracker|P1|60.0|0.0|0|||0,granite41_8b,S5,tracker,CVE-2021-44224,fixed,not_affected,False,False,True,5,317,41,1.0,0.5,1.0,0.0,0.0
D1-CVE-2021-44224-trixie-V1|S5|granite41_8b|withheld|P1|60.0|0.0|0|||0,granite41_8b,S5,withheld,CVE-2021-44224,not_affected,not_affected,True,False,True,4,149,24,1.0,0.5,1.0,0.0,0.0
D1-CVE-2023-24329-bookworm-V1|DC|qwen3_14b|tracker|P3|60.0|0.0|0|||0,qwen3_14b,DC,tracker,CVE-2023-24329,not_affected,not_affected,True,False,True,2,335,52,1.0,1.0,1.0,0.0,0.0
D1-CVE-2023-24329-bookworm-V1|DC|qwen3_14b|withheld|P3|60.0|0.0|0|||0,qwen3_14b,DC,withheld,CVE-2023-24329,not_affected,not_affected,True,False,True,3,356,52,1.0,1.0,1.0,0.0,0.0
D1-CVE-2023-24329-bookworm-V1|S2|qwen3_14b|tracker|P1|60.0|0.0|0|||0,qwen3_14b,S2,tracker,CVE-2023-24329,not_affected,not_affected,True,False,True,2,188,30,1.0,1.0,1.0,0.0,0.0
D1-CVE-2023-24329-bookworm-V1|S2|qwen3_14b|withheld|P1|60.0|0.0|0|||0,qwen3_14b,S2,withheld,CVE-2023-24329,not_affected,not_affected,True,False,True,2,191,30,1.0,1.0,1.0,0.0,0.0
D1-CVE-2023-24329-bookworm-V1|S3|qwen3_14b|tracker|P1|60.0|0.0|0|||0,qwen3_14b,S3,tracker,CVE-2023-24329,not_affected,not_affected,True,False,True,2,113,19,1.0,1.0,1.0,0.0,0.0
D1-CVE-2023-24329-bookworm-V1|S3|qwen3_14b|withheld|P1|60.0|0.0|0|||0,qwen3_14b,S3,withheld,CVE-2023-24329,not_affected,not_affected,True,False,True,2,122,19,1.0,1.0,1.0,0.0,0.0
D1-CVE-2023-24329-bookworm-V1|S4|qwen3_14b|tracker|P1|60.0|0.0|0|||0,qwen3_14b,S4,tracker,CVE-2023-24329,not_affected,not_affected,True,False,True,2,85,16,1.0,1.0,1.0,0.0,0.0
D1-CVE-2023-24329-bookworm-V1|S4|qwen3_14b|withheld|P1|60.0|0.0|0|||0,qwen3_14b,S4,withheld,CVE-2023-24329,not_affected,not_affected,True,False,True,2,122,19,1.0,1.0,1.0,0.0,0.0
D1-CVE-2023-24329-bookworm-V1|S5|qwen3_14b|tracker|P1|60.0|0.0|0|||0,qwen3_14b,S5,tracker,CVE-2023-24329,not_affected,not_affected,True,False,True,2,113,19,1.0,1.0,1.0,0.0,0.0
D1-CVE-2023-24329-bookworm-V1|S5|qwen3_14b|withheld|P1|60.0|0.0|0|||0,qwen3_14b,S5,withheld,CVE-2023-24329,not_affected,not_affected,True,False,True,2,122,19,1.0,1.0,1.0,0.0,0.0
D1-CVE-2023-24329-bookworm-V2|DC|granite41_8b|tracker|P3|60.0|0.0|0|||0,granite41_8b,DC,tracker,CVE-2023-24329,affected,affected,True,False,True,7,539,84,1.0,1.0,1.0,0.0,0.0
D1-CVE-2023-24329-bookworm-V2|DC|granite41_8b|withheld|P3|60.0|0.0|0|||0,granite41_8b,DC,withheld,CVE-2023-24329,affected,affected,True,False,True,6,456,69,1.0,1.0,1.0,0.0,0.0
D1-CVE-2023-24329-bookworm-V2|S2|granite41_8b|tracker|P1|60.0|0.0|0|||0,granite41_8b,S2,tracker,CVE-2023-24329,fixed,affected,False,False,True,12,1299,191,1.0,1.0,1.0,0.0,0.0
D1-CVE-2023-24329-bookworm-V2|S2|granite41_8b|withheld|P1|60.0|0.0|0|||0,granite41_8b,S2,withheld,CVE-2023-24329,fixed,affected,False,False,True,9,672,91,1.0,0.0,1.0,0.0,0.0
D1-CVE-2023-24329-bookworm-V2|S3|granite41_8b|tracker|P1|60.0|0.0|0|||0,granite41_8b,S3,tracker,CVE-2023-24329,fixed,affected,False,False,True,5,234,35,1.0,1.0,1.0,0.0,0.0
D1-CVE-2023-24329-bookworm-V2|S3|granite41_8b|withheld|P1|60.0|0.0|0|||0,granite41_8b,S3,withheld,CVE-2023-24329,affected,affected,True,False,True,5,227,33,1.0,1.0,1.0,0.0,0.0
D1-CVE-2023-24329-bookworm-V2|S4|granite41_8b|tracker|P1|60.0|0.0|0|||0,granite41_8b,S4,tracker,CVE-2023-24329,fixed,affected,False,False,True,3,179,23,1.0,1.0,1.0,0.0,0.0
D1-CVE-2023-24329-bookworm-V2|S4|granite41_8b|withheld|P1|60.0|0.0|0|||0,granite41_8b,S4,withheld,CVE-2023-24329,affected,affected,True,False,True,5,255,40,1.0,0.0,0.0,0.0,0.0
D1-CVE-2023-24329-bookworm-V2|S5|granite41_8b|tracker|P1|60.0|0.0|0|||0,granite41_8b,S5,tracker,CVE-2023-24329,fixed,affected,False,False,True,6,328,47,1.0,1.0,1.0,0.0,0.0
D1-CVE-2023-24329-bookworm-V2|S5|granite41_8b|withheld|P1|60.0|0.0|0|||0,granite41_8b,S5,withheld,CVE-2023-24329,affected,affected,True,False,True,7,339,52,1.0,1.0,1.0,0.0,0.0
D1-CVE-2023-24329-bookworm-V4|DC|granite41_8b|tracker|P3|60.0|0.0|0|||0,granite41_8b,DC,tracker,CVE-2023-24329,fixed,fixed,True,False,True,5,421,66,1.0,1.0,1.0,0.0,0.0
D1-CVE-2023-24329-bookworm-V4|DC|granite41_8b|withheld|P3|60.0|0.0|0|||0,granite41_8b,DC,withheld,CVE-2023-24329,not_affected,fixed,False,False,True,3,367,53,1.0,1.0,1.0,0.0,0.0
D1-CVE-2023-24329-bookworm-V4|S2|granite41_8b|tracker|P1|60.0|0.0|0|||0,granite41_8b,S2,tracker,CVE-2023-24329,fixed,fixed,True,False,True,6,436,59,1.0,0.5,1.0,0.0,0.0
D1-CVE-2023-24329-bookworm-V4|S2|granite41_8b|withheld|P1|60.0|0.0|0|||0,granite41_8b,S2,withheld,CVE-2023-24329,not_affected,fixed,False,False,True,7,531,70,1.0,1.0,1.0,0.0,0.0
D1-CVE-2023-24329-bookworm-V4|S3|granite41_8b|tracker|P1|60.0|0.0|0|||0,granite41_8b,S3,tracker,CVE-2023-24329,fixed,fixed,True,False,True,4,231,32,1.0,1.0,1.0,0.0,0.0
D1-CVE-2023-24329-bookworm-V4|S3|granite41_8b|withheld|P1|60.0|0.0|0|||0,granite41_8b,S3,withheld,CVE-2023-24329,affected,fixed,False,False,True,3,168,21,1.0,1.0,1.0,0.0,0.0
D1-CVE-2023-24329-bookworm-V4|S4|granite41_8b|tracker|P1|60.0|0.0|0|||0,granite41_8b,S4,tracker,CVE-2023-24329,fixed,fixed,True,False,True,4,231,32,1.0,1.0,1.0,0.0,0.0
D1-CVE-2023-24329-bookworm-V4|S4|granite41_8b|withheld|P1|60.0|0.0|0|||0,granite41_8b,S4,withheld,CVE-2023-24329,affected,fixed,False,False,True,8,380,56,1.0,1.0,1.0,0.0,0.0
D1-CVE-2023-24329-bookworm-V4|S5|granite41_8b|tracker|P1|60.0|0.0|0|||0,granite41_8b,S5,tracker,CVE-2023-24329,fixed,fixed,True,False,True,4,231,32,1.0,1.0,1.0,0.0,0.0
D1-CVE-2023-24329-bookworm-V4|S5|granite41_8b|withheld|P1|60.0|0.0|0|||0,granite41_8b,S5,withheld,CVE-2023-24329,affected,fixed,False,False,True,6,329,50,1.0,1.0,1.0,0.0,0.0
D1-CVE-2023-24329-bookworm-V6|DC|qwen3_14b|tracker|P3|60.0|0.0|0|||0,qwen3_14b,DC,tracker,CVE-2023-24329,not_affected,not_affected,True,False,True,4,383,56,1.0,1.0,1.0,0.0,0.0
D1-CVE-2023-24329-bookworm-V6|DC|qwen3_14b|withheld|P3|60.0|0.0|0|||0,qwen3_14b,DC,withheld,CVE-2023-24329,not_affected,not_affected,True,False,True,4,383,56,1.0,1.0,1.0,0.0,0.0
D1-CVE-2023-24329-bookworm-V6|S2|qwen3_14b|tracker|P1|60.0|0.0|0|||0,qwen3_14b,S2,tracker,CVE-2023-24329,not_affected,not_affected,True,False,True,2,181,26,1.0,1.0,1.0,0.0,0.0
D1-CVE-2023-24329-bookworm-V6|S2|qwen3_14b|withheld|P1|60.0|0.0|0|||0,qwen3_14b,S2,withheld,CVE-2023-24329,not_affected,not_affected,True,False,True,2,207,31,1.0,1.0,1.0,0.0,0.0
D1-CVE-2023-24329-bookworm-V6|S3|qwen3_14b|tracker|P1|60.0|0.0|0|||0,qwen3_14b,S3,tracker,CVE-2023-24329,not_affected,not_affected,True,False,True,2,113,19,1.0,1.0,1.0,0.0,0.0
D1-CVE-2023-24329-bookworm-V6|S3|qwen3_14b|withheld|P1|60.0|0.0|0|||0,qwen3_14b,S3,withheld,CVE-2023-24329,not_affected,not_affected,True,False,True,2,122,19,1.0,1.0,1.0,0.0,0.0
D1-CVE-2023-24329-bookworm-V6|S4|qwen3_14b|tracker|P1|60.0|0.0|0|||0,qwen3_14b,S4,tracker,CVE-2023-24329,not_affected,not_affected,True,False,True,2,85,16,1.0,1.0,1.0,0.0,0.0
D1-CVE-2023-24329-bookworm-V6|S4|qwen3_14b|withheld|P1|60.0|0.0|0|||0,qwen3_14b,S4,withheld,CVE-2023-24329,not_affected,not_affected,True,False,True,2,122,19,1.0,1.0,1.0,0.0,0.0
D1-CVE-2023-24329-bookworm-V6|S5|qwen3_14b|tracker|P1|60.0|0.0|0|||0,qwen3_14b,S5,tracker,CVE-2023-24329,not_affected,not_affected,True,False,True,2,113,19,1.0,1.0,1.0,0.0,0.0
D1-CVE-2023-24329-bookworm-V6|S5|qwen3_14b|withheld|P1|60.0|0.0|0|||0,qwen3_14b,S5,withheld,CVE-2023-24329,not_affected,not_affected,True,False,True,2,122,19,1.0,1.0,1.0,0.0,0.0
D1-CVE-2023-25652-bookworm-V1|DC|qwen3_14b|tracker|P3|60.0|0.0|0|||0,qwen3_14b,DC,tracker,CVE-2023-25652,not_affected,not_affected,True,False,True,4,383,56,1.0,1.0,1.0,0.0,0.0
D1-CVE-2023-25652-bookworm-V1|DC|qwen3_14b|withheld|P3|60.0|0.0|0|||0,qwen3_14b,DC,withheld,CVE-2023-25652,not_affected,not_affected,True,False,True,4,383,56,1.0,1.0,1.0,0.0,0.0
D1-CVE-2023-25652-bookworm-V1|S2|qwen3_14b|tracker|P1|60.0|0.0|0|||0,qwen3_14b,S2,tracker,CVE-2023-25652,not_affected,not_affected,True,False,True,3,209,35,1.0,1.0,1.0,0.0,0.0
D1-CVE-2023-25652-bookworm-V1|S2|qwen3_14b|withheld|P1|60.0|0.0|0|||0,qwen3_14b,S2,withheld,CVE-2023-25652,not_affected,not_affected,True,False,True,2,197,31,1.0,1.0,1.0,0.0,0.0
D1-CVE-2023-25652-bookworm-V1|S3|qwen3_14b|tracker|P1|60.0|0.0|0|||0,qwen3_14b,S3,tracker,CVE-2023-25652,not_affected,not_affected,True,False,True,2,115,19,1.0,1.0,1.0,0.0,0.0
D1-CVE-2023-25652-bookworm-V1|S3|qwen3_14b|withheld|P1|60.0|0.0|0|||0,qwen3_14b,S3,withheld,CVE-2023-25652,not_affected,not_affected,True,False,True,2,109,18,1.0,1.0,1.0,0.0,0.0
D1-CVE-2023-25652-bookworm-V1|S4|qwen3_14b|tracker|P1|60.0|0.0|0|||0,qwen3_14b,S4,tracker,CVE-2023-25652,not_affected,not_affected,True,False,True,2,88,16,1.0,1.0,1.0,0.0,0.0
D1-CVE-2023-25652-bookworm-V1|S4|qwen3_14b|withheld|P1|60.0|0.0|0|||0,qwen3_14b,S4,withheld,CVE-2023-25652,not_affected,not_affected,True,False,True,2,109,18,1.0,1.0,1.0,0.0,0.0
D1-CVE-2023-25652-bookworm-V1|S5|qwen3_14b|tracker|P1|60.0|0.0|0|||0,qwen3_14b,S5,tracker,CVE-2023-25652,not_affected,not_affected,True,False,True,2,115,19,1.0,1.0,1.0,0.0,0.0
D1-CVE-2023-25652-bookworm-V1|S5|qwen3_14b|withheld|P1|60.0|0.0|0|||0,qwen3_14b,S5,withheld,CVE-2023-25652,not_affected,not_affected,True,False,True,2,109,18,1.0,1.0,1.0,0.0,0.0
D1-CVE-2023-25652-bookworm-V3|DC|granite41_8b|tracker|P3|60.0|0.0|0|||0,granite41_8b,DC,tracker,CVE-2023-25652,fixed,fixed,True,False,True,5,417,66,1.0,1.0,1.0,0.0,0.0
D1-CVE-2023-25652-bookworm-V3|DC|granite41_8b|withheld|P3|60.0|0.0|0|||0,granite41_8b,DC,withheld,CVE-2023-25652,not_affected,fixed,False,False,True,4,465,61,1.0,1.0,1.0,0.0,0.0
D1-CVE-2023-25652-bookworm-V3|S2|granite41_8b|tracker|P1|60.0|0.0|0|||0,granite41_8b,S2,tracker,CVE-2023-25652,fixed,fixed,True,False,True,7,475,65,1.0,1.0,1.0,0.0,0.0
D1-CVE-2023-25652-bookworm-V3|S2|granite41_8b|withheld|P1|60.0|0.0|0|||0,granite41_8b,S2,withheld,CVE-2023-25652,not_affected,fixed,False,False,True,3,214,34,1.0,1.0,1.0,0.0,0.0
D1-CVE-2023-25652-bookworm-V3|S3|granite41_8b|tracker|P1|60.0|0.0|0|||0,granite41_8b,S3,tracker,CVE-2023-25652,fixed,fixed,True,False,True,3,189,25,1.0,1.0,1.0,0.0,0.0
D1-CVE-2023-25652-bookworm-V3|S3|granite41_8b|withheld|P1|60.0|0.0|0|||0,granite41_8b,S3,withheld,CVE-2023-25652,fixed,fixed,True,False,True,3,139,21,1.0,1.0,1.0,0.0,0.0
D1-CVE-2023-25652-bookworm-V3|S4|granite41_8b|tracker|P1|60.0|0.0|0|||0,granite41_8b,S4,tracker,CVE-2023-25652,fixed,fixed,True,False,True,5,227,31,1.0,1.0,1.0,0.0,0.0
D1-CVE-2023-25652-bookworm-V3|S4|granite41_8b|withheld|P1|60.0|0.0|0|||0,granite41_8b,S4,withheld,CVE-2023-25652,fixed,fixed,True,False,True,4,133,22,1.0,1.0,1.0,0.0,0.0
D1-CVE-2023-25652-bookworm-V3|S5|granite41_8b|tracker|P1|60.0|0.0|0|||0,granite41_8b,S5,tracker,CVE-2023-25652,fixed,fixed,True,False,True,6,293,40,1.0,1.0,1.0,0.0,0.0
D1-CVE-2023-25652-bookworm-V3|S5|granite41_8b|withheld|P1|60.0|0.0|0|||0,granite41_8b,S5,withheld,CVE-2023-25652,affected,fixed,False,False,True,7,1307,161,1.0,1.0,1.0,0.0,0.0
D1-CVE-2023-25652-trixie-V3|DC|mistral_small_24b|tracker|P3|60.0|0.0|0|||0,mistral_small_24b,DC,tracker,CVE-2023-25652,fixed,fixed,True,False,True,5,391,54,1.0,1.0,1.0,0.0,0.0
D1-CVE-2023-25652-trixie-V3|DC|mistral_small_24b|withheld|P3|60.0|0.0|0|||0,mistral_small_24b,DC,withheld,CVE-2023-25652,not_affected,fixed,False,False,True,6,401,60,1.0,1.0,1.0,0.0,0.0
D1-CVE-2023-25652-trixie-V3|S2|mistral_small_24b|tracker|P1|60.0|0.0|0|||0,mistral_small_24b,S2,tracker,CVE-2023-25652,fixed,fixed,True,False,True,5,318,46,1.0,1.0,1.0,0.0,0.0
D1-CVE-2023-25652-trixie-V3|S2|mistral_small_24b|withheld|P1|60.0|0.0|0|||0,mistral_small_24b,S2,withheld,CVE-2023-25652,not_affected,fixed,False,False,True,12,419,59,1.0,1.0,1.0,0.0,0.0
D1-CVE-2023-25652-trixie-V3|S3|mistral_small_24b|tracker|P1|60.0|0.0|0|||0,mistral_small_24b,S3,tracker,CVE-2023-25652,fixed,fixed,True,False,True,3,119,17,1.0,1.0,1.0,0.0,0.0
D1-CVE-2023-25652-trixie-V3|S3|mistral_small_24b|withheld|P1|60.0|0.0|0|||0,mistral_small_24b,S3,withheld,CVE-2023-25652,not_affected,fixed,False,False,True,3,149,23,1.0,0.6666666666666666,1.0,0.0,0.0
D1-CVE-2023-25652-trixie-V3|S4|mistral_small_24b|tracker|P1|60.0|0.0|0|||0,mistral_small_24b,S4,tracker,CVE-2023-25652,not_affected,fixed,False,False,True,2,108,17,1.0,1.0,1.0,0.0,0.0
D1-CVE-2023-25652-trixie-V3|S4|mistral_small_24b|withheld|P1|60.0|0.0|0|||0,mistral_small_24b,S4,withheld,CVE-2023-25652,not_affected,fixed,False,False,True,3,139,21,1.0,1.0,1.0,0.0,0.0
D1-CVE-2023-25652-trixie-V3|S5|mistral_small_24b|tracker|P1|60.0|0.0|0|||0,mistral_small_24b,S5,tracker,CVE-2023-25652,fixed,fixed,True,False,True,4,158,22,1.0,1.0,1.0,0.0,0.0
D1-CVE-2023-25652-trixie-V3|S5|mistral_small_24b|withheld|P1|60.0|0.0|0|||0,mistral_small_24b,S5,withheld,CVE-2023-25652,not_affected,fixed,False,False,True,3,157,24,1.0,0.6666666666666666,1.0,0.0,0.0
D1-CVE-2023-25690-bookworm-V1|DC|granite41_8b|tracker|P3|60.0|0.0|0|||0,granite41_8b,DC,tracker,CVE-2023-25690,not_affected,not_affected,True,False,True,4,414,61,1.0,1.0,1.0,0.0,0.0
D1-CVE-2023-25690-bookworm-V1|DC|granite41_8b|withheld|P3|60.0|0.0|0|||0,granite41_8b,DC,withheld,CVE-2023-25690,not_affected,not_affected,True,False,True,4,414,61,1.0,1.0,1.0,0.0,0.0
D1-CVE-2023-25690-bookworm-V1|S2|granite41_8b|tracker|P1|60.0|0.0|0|||0,granite41_8b,S2,tracker,CVE-2023-25690,not_affected,not_affected,True,False,True,2,228,34,1.0,1.0,1.0,0.0,0.0
D1-CVE-2023-25690-bookworm-V1|S2|granite41_8b|withheld|P1|60.0|0.0|0|||0,granite41_8b,S2,withheld,CVE-2023-25690,not_affected,not_affected,True,False,True,4,328,48,1.0,1.0,1.0,0.0,0.0
D1-CVE-2023-25690-bookworm-V1|S3|granite41_8b|tracker|P1|60.0|0.0|0|||0,granite41_8b,S3,tracker,CVE-2023-25690,not_affected,not_affected,True,False,True,2,113,17,1.0,1.0,1.0,0.0,0.0
D1-CVE-2023-25690-bookworm-V1|S3|granite41_8b|withheld|P1|60.0|0.0|0|||0,granite41_8b,S3,withheld,CVE-2023-25690,not_affected,not_affected,True,False,True,3,158,27,1.0,1.0,1.0,0.0,0.0
D1-CVE-2023-25690-bookworm-V1|S4|granite41_8b|tracker|P1|60.0|0.0|0|||0,granite41_8b,S4,tracker,CVE-2023-25690,not_affected,not_affected,True,False,True,3,99,18,1.0,1.0,1.0,0.0,0.0
D1-CVE-2023-25690-bookworm-V1|S4|granite41_8b|withheld|P1|60.0|0.0|0|||0,granite41_8b,S4,withheld,CVE-2023-25690,not_affected,not_affected,True,False,True,3,215,34,1.0,1.0,1.0,0.0,0.0
D1-CVE-2023-25690-bookworm-V1|S5|granite41_8b|tracker|P1|60.0|0.0|0|||0,granite41_8b,S5,tracker,CVE-2023-25690,not_affected,not_affected,True,False,True,2,113,17,1.0,1.0,1.0,0.0,0.0
D1-CVE-2023-25690-bookworm-V1|S5|granite41_8b|withheld|P1|60.0|0.0|0|||0,granite41_8b,S5,withheld,CVE-2023-25690,not_affected,not_affected,True,False,True,3,246,36,1.0,1.0,1.0,0.0,0.0
D1-CVE-2023-31484-bookworm-V2|DC|qwen3_4b|tracker|P3|60.0|0.0|0|||0,qwen3_4b,DC,tracker,CVE-2023-31484,affected,affected,True,False,True,3,244,38,1.0,1.0,1.0,0.0,0.0
D1-CVE-2023-31484-bookworm-V2|DC|qwen3_4b|withheld|P3|60.0|0.0|0|||0,qwen3_4b,DC,withheld,CVE-2023-31484,affected,affected,True,False,True,4,251,38,1.0,1.0,1.0,0.0,0.0
D1-CVE-2023-31484-bookworm-V2|S2|qwen3_4b|tracker|P1|60.0|0.0|0|||0,qwen3_4b,S2,tracker,CVE-2023-31484,fixed,affected,False,False,True,5,321,47,1.0,1.0,1.0,0.0,0.0
D1-CVE-2023-31484-bookworm-V2|S2|qwen3_4b|withheld|P1|60.0|0.0|0|||0,qwen3_4b,S2,withheld,CVE-2023-31484,fixed,affected,False,False,True,7,341,48,1.0,0.3333333333333333,0.3333333333333333,0.6666666666666666,0.0
D1-CVE-2023-31484-bookworm-V2|S3|qwen3_4b|tracker|P1|60.0|0.0|0|||0,qwen3_4b,S3,tracker,CVE-2023-31484,fixed,affected,False,False,True,4,243,34,1.0,0.6666666666666666,0.6666666666666666,0.3333333333333333,0.0
D1-CVE-2023-31484-bookworm-V2|S3|qwen3_4b|withheld|P1|60.0|0.0|0|||0,qwen3_4b,S3,withheld,CVE-2023-31484,not_affected,affected,False,False,True,5,286,39,1.0,1.0,1.0,0.0,0.0
D1-CVE-2023-31484-bookworm-V2|S4|qwen3_4b|tracker|P1|60.0|0.0|0|||0,qwen3_4b,S4,tracker,CVE-2023-31484,fixed,affected,False,False,True,7,387,60,1.0,0.0,0.3333333333333333,0.6666666666666666,0.0
D1-CVE-2023-31484-bookworm-V2|S4|qwen3_4b|withheld|P1|60.0|0.0|0|||0,qwen3_4b,S4,withheld,CVE-2023-31484,not_affected,affected,False,False,True,4,221,32,1.0,1.0,1.0,0.0,0.0
D1-CVE-2023-31484-bookworm-V2|S5|qwen3_4b|tracker|P1|60.0|0.0|0|||0,qwen3_4b,S5,tracker,CVE-2023-31484,fixed,affected,False,False,True,4,243,34,1.0,0.6666666666666666,0.6666666666666666,0.3333333333333333,0.0
D1-CVE-2023-31484-bookworm-V2|S5|qwen3_4b|withheld|P1|60.0|0.0|0|||0,qwen3_4b,S5,withheld,CVE-2023-31484,not_affected,affected,False,False,True,5,286,39,1.0,1.0,1.0,0.0,0.0
D1-CVE-2023-31484-bookworm-V4|DC|gemma4_31b|tracker|P3|60.0|0.0|0|||0,gemma4_31b,DC,tracker,CVE-2023-31484,fixed,fixed,True,False,True,4,208,32,1.0,1.0,1.0,0.0,0.0
D1-CVE-2023-31484-bookworm-V4|DC|gemma4_31b|withheld|P3|60.0|0.0|0|||0,gemma4_31b,DC,withheld,CVE-2023-31484,not_affected,fixed,False,False,True,4,289,44,1.0,1.0,1.0,0.0,0.0
D1-CVE-2023-31484-bookworm-V4|S2|gemma4_31b|tracker|P1|60.0|0.0|0|||0,gemma4_31b,S2,tracker,CVE-2023-31484,fixed,fixed,True,False,True,11,494,69,1.0,1.0,1.0,0.0,0.0
D1-CVE-2023-31484-bookworm-V4|S2|gemma4_31b|withheld|P1|60.0|0.0|0|||0,gemma4_31b,S2,withheld,CVE-2023-31484,fixed,fixed,True,False,True,7,452,52,1.0,1.0,1.0,0.0,0.0
D1-CVE-2023-31484-bookworm-V4|S3|gemma4_31b|tracker|P1|60.0|0.0|0|||0,gemma4_31b,S3,tracker,CVE-2023-31484,fixed,fixed,True,False,True,7,390,59,1.0,1.0,1.0,0.0,0.0
D1-CVE-2023-31484-bookworm-V4|S3|gemma4_31b|withheld|P1|60.0|0.0|0|||0,gemma4_31b,S3,withheld,CVE-2023-31484,fixed,fixed,True,False,True,6,411,53,1.0,1.0,1.0,0.0,0.0
D1-CVE-2023-31484-bookworm-V4|S4|gemma4_31b|tracker|P1|60.0|0.0|0|||0,gemma4_31b,S4,tracker,CVE-2023-31484,fixed,fixed,True,False,True,5,370,56,1.0,1.0,1.0,0.0,0.0
D1-CVE-2023-31484-bookworm-V4|S4|gemma4_31b|withheld|P1|60.0|0.0|0|||0,gemma4_31b,S4,withheld,CVE-2023-31484,fixed,fixed,True,False,True,3,226,30,1.0,1.0,1.0,0.0,0.0
D1-CVE-2023-31484-bookworm-V4|S5|gemma4_31b|tracker|P1|60.0|0.0|0|||0,gemma4_31b,S5,tracker,CVE-2023-31484,fixed,fixed,True,False,True,5,309,46,1.0,1.0,1.0,0.0,0.0
D1-CVE-2023-31484-bookworm-V4|S5|gemma4_31b|withheld|P1|60.0|0.0|0|||0,gemma4_31b,S5,withheld,CVE-2023-31484,fixed,fixed,True,False,True,5,455,66,1.0,1.0,1.0,0.0,0.0
D1-CVE-2023-41105-bookworm-V1|DC|llama31_8b|tracker|P3|60.0|0.0|0|||0,llama31_8b,DC,tracker,CVE-2023-41105,not_affected,not_affected,True,False,True,4,369,54,1.0,1.0,1.0,0.0,0.0
D1-CVE-2023-41105-bookworm-V1|DC|llama31_8b|withheld|P3|60.0|0.0|0|||0,llama31_8b,DC,withheld,CVE-2023-41105,not_affected,not_affected,True,False,True,4,372,55,1.0,1.0,1.0,0.0,0.0
D1-CVE-2023-41105-bookworm-V1|S2|llama31_8b|tracker|P1|60.0|0.0|0|||0,llama31_8b,S2,tracker,CVE-2023-41105,not_affected,not_affected,True,False,True,4,282,44,1.0,1.0,1.0,0.0,0.0
D1-CVE-2023-41105-bookworm-V1|S2|llama31_8b|withheld|P1|60.0|0.0|0|||0,llama31_8b,S2,withheld,CVE-2023-41105,not_affected,not_affected,True,False,True,5,313,50,1.0,1.0,1.0,0.0,0.0
D1-CVE-2023-41105-bookworm-V1|S3|llama31_8b|tracker|P1|60.0|0.0|0|||0,llama31_8b,S3,tracker,CVE-2023-41105,not_affected,not_affected,True,False,True,1,59,10,1.0,1.0,1.0,0.0,0.0
D1-CVE-2023-41105-bookworm-V1|S3|llama31_8b|withheld|P1|60.0|0.0|0|||0,llama31_8b,S3,withheld,CVE-2023-41105,under_investigation,not_affected,False,False,True,0,60,9,1.0,0.0,0.0,1.0,1.0
D1-CVE-2023-41105-bookworm-V1|S4|llama31_8b|tracker|P1|60.0|0.0|0|||0,llama31_8b,S4,tracker,CVE-2023-41105,not_affected,not_affected,True,False,True,2,27,4,1.0,1.0,1.0,0.0,0.0
D1-CVE-2023-41105-bookworm-V1|S4|llama31_8b|withheld|P1|60.0|0.0|0|||0,llama31_8b,S4,withheld,CVE-2023-41105,not_affected,not_affected,True,False,True,1,45,6,1.0,1.0,1.0,0.0,0.0
D1-CVE-2023-41105-bookworm-V1|S5|llama31_8b|tracker|P1|60.0|0.0|0|||0,llama31_8b,S5,tracker,CVE-2023-41105,not_affected,not_affected,True,False,True,1,59,10,1.0,1.0,1.0,0.0,0.0
D1-CVE-2023-41105-bookworm-V1|S5|llama31_8b|withheld|P1|60.0|0.0|0|||0,llama31_8b,S5,withheld,CVE-2023-41105,not_affected,not_affected,True,False,True,1,45,6,1.0,1.0,1.0,0.0,0.0
D1-CVE-2023-41105-bookworm-V2|DC|llama31_8b|tracker|P3|60.0|0.0|0|||0,llama31_8b,DC,tracker,CVE-2023-41105,affected,affected,True,False,True,3,355,52,1.0,0.0,0.0,0.5,0.0
D1-CVE-2023-41105-bookworm-V2|DC|llama31_8b|withheld|P3|60.0|0.0|0|||0,llama31_8b,DC,withheld,CVE-2023-41105,affected,affected,True,False,True,4,404,61,1.0,1.0,1.0,0.0,0.0
D1-CVE-2023-41105-bookworm-V2|S2|llama31_8b|tracker|P1|60.0|0.0|0|||0,llama31_8b,S2,tracker,CVE-2023-41105,not_affected,affected,False,False,True,4,276,41,1.0,0.0,0.0,1.0,0.0
D1-CVE-2023-41105-bookworm-V2|S2|llama31_8b|withheld|P1|60.0|0.0|0|||0,llama31_8b,S2,withheld,CVE-2023-41105,not_affected,affected,False,False,True,4,260,39,1.0,1.0,1.0,0.0,0.0
D1-CVE-2023-41105-bookworm-V2|S3|llama31_8b|tracker|P1|60.0|0.0|0|||0,llama31_8b,S3,tracker,CVE-2023-41105,not_affected,affected,False,False,True,1,69,10,1.0,0.0,1.0,0.0,0.0
D1-CVE-2023-41105-bookworm-V2|S3|llama31_8b|withheld|P1|60.0|0.0|0|||0,llama31_8b,S3,withheld,CVE-2023-41105,not_affected,affected,False,False,True,2,75,13,1.0,1.0,1.0,0.0,0.0
D1-CVE-2023-41105-bookworm-V2|S4|llama31_8b|tracker|P1|60.0|0.0|0|||0,llama31_8b,S4,tracker,CVE-2023-41105,not_affected,affected,False,False,True,3,87,11,1.0,1.0,1.0,0.0,0.0
D1-CVE-2023-41105-bookworm-V2|S4|llama31_8b|withheld|P1|60.0|0.0|0|||0,llama31_8b,S4,withheld,CVE-2023-41105,not_affected,affected,False,False,True,2,75,13,1.0,1.0,1.0,0.0,0.0
D1-CVE-2023-41105-bookworm-V2|S5|llama31_8b|tracker|P1|60.0|0.0|0|||0,llama31_8b,S5,tracker,CVE-2023-41105,not_affected,affected,False,False,True,1,69,10,1.0,0.0,1.0,0.0,0.0
D1-CVE-2023-41105-bookworm-V2|S5|llama31_8b|withheld|P1|60.0|0.0|0|||0,llama31_8b,S5,withheld,CVE-2023-41105,not_affected,affected,False,False,True,2,75,13,1.0,1.0,1.0,0.0,0.0
D1-CVE-2023-42116-bookworm-V6|DC|mistral_small_24b|tracker|P3|60.0|0.0|0|||0,mistral_small_24b,DC,tracker,CVE-2023-42116,not_affected,not_affected,True,False,True,3,347,46,1.0,1.0,1.0,0.0,0.0
D1-CVE-2023-42116-bookworm-V6|DC|mistral_small_24b|withheld|P3|60.0|0.0|0|||0,mistral_small_24b,DC,withheld,CVE-2023-42116,not_affected,not_affected,True,False,True,3,334,44,1.0,1.0,1.0,0.0,0.0
D1-CVE-2023-42116-bookworm-V6|S2|mistral_small_24b|tracker|P1|60.0|0.0|0|||0,mistral_small_24b,S2,tracker,CVE-2023-42116,not_affected,not_affected,True,False,True,5,392,61,1.0,1.0,1.0,0.0,0.0
D1-CVE-2023-42116-bookworm-V6|S2|mistral_small_24b|withheld|P1|60.0|0.0|0|||0,mistral_small_24b,S2,withheld,CVE-2023-42116,not_affected,not_affected,True,False,True,4,364,56,1.0,1.0,1.0,0.0,0.0
D1-CVE-2023-42116-bookworm-V6|S3|mistral_small_24b|tracker|P1|60.0|0.0|0|||0,mistral_small_24b,S3,tracker,CVE-2023-42116,not_affected,not_affected,True,False,True,2,103,19,1.0,1.0,1.0,0.0,0.0
D1-CVE-2023-42116-bookworm-V6|S3|mistral_small_24b|withheld|P1|60.0|0.0|0|||0,mistral_small_24b,S3,withheld,CVE-2023-42116,not_affected,not_affected,True,False,True,2,101,18,1.0,1.0,1.0,0.0,0.0
D1-CVE-2023-42116-bookworm-V6|S4|mistral_small_24b|tracker|P1|60.0|0.0|0|||0,mistral_small_24b,S4,tracker,CVE-2023-42116,not_affected,not_affected,True,False,True,1,47,9,1.0,1.0,1.0,0.0,0.0
D1-CVE-2023-42116-bookworm-V6|S4|mistral_small_24b|withheld|P1|60.0|0.0|0|||0,mistral_small_24b,S4,withheld,CVE-2023-42116,not_affected,not_affected,True,False,True,1,47,9,1.0,1.0,1.0,0.0,0.0
D1-CVE-2023-42116-bookworm-V6|S5|mistral_small_24b|tracker|P1|60.0|0.0|0|||0,mistral_small_24b,S5,tracker,CVE-2023-42116,not_affected,not_affected,True,False,True,2,103,19,1.0,1.0,1.0,0.0,0.0
D1-CVE-2023-42116-bookworm-V6|S5|mistral_small_24b|withheld|P1|60.0|0.0|0|||0,mistral_small_24b,S5,withheld,CVE-2023-42116,not_affected,not_affected,True,False,True,1,54,10,1.0,1.0,1.0,0.0,0.0
D1-CVE-2023-45853-trixie-V3|DC|qwen3_4b|tracker|P3|60.0|0.0|0|||0,qwen3_4b,DC,tracker,CVE-2023-45853,fixed,fixed,True,False,True,3,214,35,1.0,1.0,1.0,0.0,0.0
D1-CVE-2023-45853-trixie-V3|DC|qwen3_4b|withheld|P3|60.0|0.0|0|||0,qwen3_4b,DC,withheld,CVE-2023-45853,not_affected,fixed,False,False,True,5,334,53,1.0,1.0,1.0,0.0,0.0
D1-CVE-2023-45853-trixie-V3|S2|qwen3_4b|tracker|P1|60.0|0.0|0|||0,qwen3_4b,S2,tracker,CVE-2023-45853,fixed,fixed,True,False,True,7,404,63,1.0,0.0,1.0,0.0,0.0
D1-CVE-2023-45853-trixie-V3|S2|qwen3_4b|withheld|P1|60.0|0.0|0|||0,qwen3_4b,S2,withheld,CVE-2023-45853,not_affected,fixed,False,False,True,7,430,66,1.0,1.0,1.0,0.0,0.0
D1-CVE-2023-45853-trixie-V3|S3|qwen3_4b|tracker|P1|60.0|0.0|0|||0,qwen3_4b,S3,tracker,CVE-2023-45853,fixed,fixed,True,False,True,3,143,18,1.0,1.0,1.0,0.0,0.0
D1-CVE-2023-45853-trixie-V3|S3|qwen3_4b|withheld|P1|60.0|0.0|0|||0,qwen3_4b,S3,withheld,CVE-2023-45853,not_affected,fixed,False,False,True,3,153,24,1.0,1.0,1.0,0.0,0.0
D1-CVE-2023-45853-trixie-V3|S4|qwen3_4b|tracker|P1|60.0|0.0|0|||0,qwen3_4b,S4,tracker,CVE-2023-45853,fixed,fixed,True,False,True,4,206,27,1.0,1.0,1.0,0.0,0.0
D1-CVE-2023-45853-trixie-V3|S4|qwen3_4b|withheld|P1|60.0|0.0|0|||0,qwen3_4b,S4,withheld,CVE-2023-45853,affected,fixed,False,False,True,5,241,33,1.0,0.0,0.0,0.0,0.0
D1-CVE-2023-45853-trixie-V3|S5|qwen3_4b|tracker|P1|60.0|0.0|0|||0,qwen3_4b,S5,tracker,CVE-2023-45853,fixed,fixed,True,False,True,4,229,31,1.0,1.0,1.0,0.0,0.0
D1-CVE-2023-45853-trixie-V3|S5|qwen3_4b|withheld|P1|60.0|0.0|0|||0,qwen3_4b,S5,withheld,CVE-2023-45853,not_affected,fixed,False,False,True,3,153,24,1.0,1.0,1.0,0.0,0.0
D1-CVE-2023-51764-bookworm-V2|DC|mistral_small_24b|tracker|P3|60.0|0.0|0|||0,mistral_small_24b,DC,tracker,CVE-2023-51764,affected,affected,True,False,True,5,358,54,1.0,1.0,1.0,0.0,0.0
D1-CVE-2023-51764-bookworm-V2|DC|mistral_small_24b|withheld|P3|60.0|0.0|0|||0,mistral_small_24b,DC,withheld,CVE-2023-51764,affected,affected,True,False,True,5,371,56,1.0,1.0,1.0,0.0,0.0
D1-CVE-2023-51764-bookworm-V2|S2|mistral_small_24b|tracker|P1|60.0|0.0|0|||0,mistral_small_24b,S2,tracker,CVE-2023-51764,fixed,affected,False,False,True,5,307,45,1.0,0.0,1.0,0.0,0.0
D1-CVE-2023-51764-bookworm-V2|S2|mistral_small_24b|withheld|P1|60.0|0.0|0|||0,mistral_small_24b,S2,withheld,CVE-2023-51764,fixed,affected,False,False,True,5,250,39,1.0,0.0,1.0,0.0,0.0
D1-CVE-2023-51764-bookworm-V2|S3|mistral_small_24b|tracker|P1|60.0|0.0|0|||0,mistral_small_24b,S3,tracker,CVE-2023-51764,affected,affected,True,False,True,5,157,23,1.0,1.0,1.0,0.0,0.0
D1-CVE-2023-51764-bookworm-V2|S3|mistral_small_24b|withheld|P1|60.0|0.0|0|||0,mistral_small_24b,S3,withheld,CVE-2023-51764,affected,affected,True,False,True,3,236,34,1.0,1.0,1.0,0.0,0.0
D1-CVE-2023-51764-bookworm-V2|S4|mistral_small_24b|tracker|P1|60.0|0.0|0|||0,mistral_small_24b,S4,tracker,CVE-2023-51764,affected,affected,True,False,True,4,173,27,1.0,1.0,1.0,0.0,0.0
D1-CVE-2023-51764-bookworm-V2|S4|mistral_small_24b|withheld|P1|60.0|0.0|0|||0,mistral_small_24b,S4,withheld,CVE-2023-51764,affected,affected,True,False,True,3,165,23,1.0,1.0,1.0,0.0,0.0
D1-CVE-2023-51764-bookworm-V2|S5|mistral_small_24b|tracker|P1|60.0|0.0|0|||0,mistral_small_24b,S5,tracker,CVE-2023-51764,affected,affected,True,False,True,2,154,21,1.0,1.0,1.0,0.0,0.0
D1-CVE-2023-51764-bookworm-V2|S5|mistral_small_24b|withheld|P1|60.0|0.0|0|||0,mistral_small_24b,S5,withheld,CVE-2023-51764,affected,affected,True,False,True,3,247,37,1.0,1.0,1.0,0.0,0.0
D1-CVE-2023-51764-bookworm-V3|DC|mistral_small_24b|tracker|P3|60.0|0.0|0|||0,mistral_small_24b,DC,tracker,CVE-2023-51764,fixed,fixed,True,False,True,4,327,48,1.0,1.0,1.0,0.0,0.0
D1-CVE-2023-51764-bookworm-V3|DC|mistral_small_24b|withheld|P3|60.0|0.0|0|||0,mistral_small_24b,DC,withheld,CVE-2023-51764,not_affected,fixed,False,False,True,6,422,63,1.0,1.0,1.0,0.0,0.0
D1-CVE-2023-51764-bookworm-V3|S2|mistral_small_24b|tracker|P1|60.0|0.0|0|||0,mistral_small_24b,S2,tracker,CVE-2023-51764,fixed,fixed,True,False,True,4,182,25,1.0,1.0,1.0,0.0,0.0
D1-CVE-2023-51764-bookworm-V3|S2|mistral_small_24b|withheld|P1|60.0|0.0|0|||0,mistral_small_24b,S2,withheld,CVE-2023-51764,fixed,fixed,True,False,True,4,326,49,1.0,0.0,1.0,0.0,0.0
D1-CVE-2023-51764-bookworm-V3|S3|mistral_small_24b|tracker|P1|60.0|0.0|0|||0,mistral_small_24b,S3,tracker,CVE-2023-51764,fixed,fixed,True,False,True,3,123,16,1.0,1.0,1.0,0.0,0.0
D1-CVE-2023-51764-bookworm-V3|S3|mistral_small_24b|withheld|P1|60.0|0.0|0|||0,mistral_small_24b,S3,withheld,CVE-2023-51764,affected,fixed,False,False,True,6,284,39,1.0,1.0,1.0,0.0,0.0
D1-CVE-2023-51764-bookworm-V3|S4|mistral_small_24b|tracker|P1|60.0|0.0|0|||0,mistral_small_24b,S4,tracker,CVE-2023-51764,fixed,fixed,True,False,True,3,109,15,1.0,1.0,1.0,0.0,0.0
D1-CVE-2023-51764-bookworm-V3|S4|mistral_small_24b|withheld|P1|60.0|0.0|0|||0,mistral_small_24b,S4,withheld,CVE-2023-51764,affected,fixed,False,False,True,4,211,31,1.0,1.0,1.0,0.0,0.0
D1-CVE-2023-51764-bookworm-V3|S5|mistral_small_24b|tracker|P1|60.0|0.0|0|||0,mistral_small_24b,S5,tracker,CVE-2023-51764,fixed,fixed,True,False,True,3,123,16,1.0,1.0,1.0,0.0,0.0
D1-CVE-2023-51764-bookworm-V3|S5|mistral_small_24b|withheld|P1|60.0|0.0|0|||0,mistral_small_24b,S5,withheld,CVE-2023-51764,not_affected,fixed,False,False,True,2,130,18,1.0,1.0,1.0,0.0,0.0
D1-CVE-2023-51764-trixie-V3|DC|mistral_small_24b|tracker|P3|60.0|0.0|0|||0,mistral_small_24b,DC,tracker,CVE-2023-51764,fixed,fixed,True,False,True,5,345,51,1.0,1.0,1.0,0.0,0.0
D1-CVE-2023-51764-trixie-V3|DC|mistral_small_24b|withheld|P3|60.0|0.0|0|||0,mistral_small_24b,DC,withheld,CVE-2023-51764,not_affected,fixed,False,False,True,5,422,63,1.0,1.0,1.0,0.0,0.0
D1-CVE-2023-51764-trixie-V3|S2|mistral_small_24b|tracker|P1|60.0|0.0|0|||0,mistral_small_24b,S2,tracker,CVE-2023-51764,fixed,fixed,True,False,True,5,238,34,1.0,1.0,1.0,0.0,0.0
D1-CVE-2023-51764-trixie-V3|S2|mistral_small_24b|withheld|P1|60.0|0.0|0|||0,mistral_small_24b,S2,withheld,CVE-2023-51764,under_investigation,fixed,False,False,True,0,70,11,1.0,1.0,1.0,0.0,1.0
D1-CVE-2023-51764-trixie-V3|S3|mistral_small_24b|tracker|P1|60.0|0.0|0|||0,mistral_small_24b,S3,tracker,CVE-2023-51764,fixed,fixed,True,False,True,4,185,26,1.0,1.0,1.0,0.0,0.0
D1-CVE-2023-51764-trixie-V3|S3|mistral_small_24b|withheld|P1|60.0|0.0|0|||0,mistral_small_24b,S3,withheld,CVE-2023-51764,not_affected,fixed,False,False,True,2,131,18,1.0,1.0,1.0,0.0,0.0
D1-CVE-2023-51764-trixie-V3|S4|mistral_small_24b|tracker|P1|60.0|0.0|0|||0,mistral_small_24b,S4,tracker,CVE-2023-51764,not_affected,fixed,False,False,True,3,97,13,1.0,0.0,1.0,0.0,0.0
D1-CVE-2023-51764-trixie-V3|S4|mistral_small_24b|withheld|P1|60.0|0.0|0|||0,mistral_small_24b,S4,withheld,CVE-2023-51764,not_affected,fixed,False,False,True,2,115,16,1.0,1.0,1.0,0.0,0.0
D1-CVE-2023-51764-trixie-V3|S5|mistral_small_24b|tracker|P1|60.0|0.0|0|||0,mistral_small_24b,S5,tracker,CVE-2023-51764,fixed,fixed,True,False,True,4,184,26,1.0,1.0,1.0,0.0,0.0
D1-CVE-2023-51764-trixie-V3|S5|mistral_small_24b|withheld|P1|60.0|0.0|0|||0,mistral_small_24b,S5,withheld,CVE-2023-51764,not_affected,fixed,False,False,True,2,131,18,1.0,1.0,1.0,0.0,0.0
D1-CVE-2024-38475-bookworm-V1|DC|mistral_small_24b|tracker|P3|60.0|0.0|0|||0,mistral_small_24b,DC,tracker,CVE-2024-38475,not_affected,not_affected,True,False,True,3,355,47,1.0,1.0,1.0,0.0,0.0
D1-CVE-2024-38475-bookworm-V1|DC|mistral_small_24b|withheld|P3|60.0|0.0|0|||0,mistral_small_24b,DC,withheld,CVE-2024-38475,not_affected,not_affected,True,False,True,3,324,42,1.0,1.0,1.0,0.0,0.0
D1-CVE-2024-38475-bookworm-V1|S2|mistral_small_24b|tracker|P1|60.0|0.0|0|||0,mistral_small_24b,S2,tracker,CVE-2024-38475,not_affected,not_affected,True,False,True,3,186,29,1.0,1.0,1.0,0.0,0.0
D1-CVE-2024-38475-bookworm-V1|S2|mistral_small_24b|withheld|P1|60.0|0.0|0|||0,mistral_small_24b,S2,withheld,CVE-2024-38475,not_affected,not_affected,True,False,True,3,243,40,1.0,1.0,1.0,0.0,0.0
D1-CVE-2024-38475-bookworm-V1|S3|mistral_small_24b|tracker|P1|60.0|0.0|0|||0,mistral_small_24b,S3,tracker,CVE-2024-38475,not_affected,not_affected,True,False,True,1,58,10,1.0,1.0,1.0,0.0,0.0
D1-CVE-2024-38475-bookworm-V1|S3|mistral_small_24b|withheld|P1|60.0|0.0|0|||0,mistral_small_24b,S3,withheld,CVE-2024-38475,not_affected,not_affected,True,False,True,1,56,10,1.0,1.0,1.0,0.0,0.0
D1-CVE-2024-38475-bookworm-V1|S4|mistral_small_24b|tracker|P1|60.0|0.0|0|||0,mistral_small_24b,S4,tracker,CVE-2024-38475,not_affected,not_affected,True,False,True,1,56,10,1.0,1.0,1.0,0.0,0.0
D1-CVE-2024-38475-bookworm-V1|S4|mistral_small_24b|withheld|P1|60.0|0.0|0|||0,mistral_small_24b,S4,withheld,CVE-2024-38475,not_affected,not_affected,True,False,True,1,56,10,1.0,1.0,1.0,0.0,0.0
D1-CVE-2024-38475-bookworm-V1|S5|mistral_small_24b|tracker|P1|60.0|0.0|0|||0,mistral_small_24b,S5,tracker,CVE-2024-38475,not_affected,not_affected,True,False,True,1,58,10,1.0,1.0,1.0,0.0,0.0
D1-CVE-2024-38475-bookworm-V1|S5|mistral_small_24b|withheld|P1|60.0|0.0|0|||0,mistral_small_24b,S5,withheld,CVE-2024-38475,not_affected,not_affected,True,False,True,1,57,10,1.0,1.0,1.0,0.0,0.0
D1-CVE-2024-38475-bookworm-V2|DC|llama31_8b|tracker|P3|60.0|0.0|0|||0,llama31_8b,DC,tracker,CVE-2024-38475,affected,affected,True,False,True,4,470,69,1.0,0.0,0.0,1.0,0.0
D1-CVE-2024-38475-bookworm-V2|DC|llama31_8b|withheld|P3|60.0|0.0|0|||0,llama31_8b,DC,withheld,CVE-2024-38475,affected,affected,True,False,True,3,354,52,1.0,1.0,1.0,0.0,0.0
D1-CVE-2024-38475-bookworm-V2|S2|llama31_8b|tracker|P1|60.0|0.0|0|||0,llama31_8b,S2,tracker,CVE-2024-38475,not_affected,affected,False,False,True,5,323,45,1.0,0.5,0.5,0.5,0.0
D1-CVE-2024-38475-bookworm-V2|S2|llama31_8b|withheld|P1|60.0|0.0|0|||0,llama31_8b,S2,withheld,CVE-2024-38475,not_affected,affected,False,False,True,4,261,37,1.0,1.0,1.0,0.0,0.0
D1-CVE-2024-38475-bookworm-V2|S3|llama31_8b|tracker|P1|60.0|0.0|0|||0,llama31_8b,S3,tracker,CVE-2024-38475,fixed,affected,False,False,True,3,108,17,1.0,1.0,1.0,0.0,0.0
D1-CVE-2024-38475-bookworm-V2|S3|llama31_8b|withheld|P1|60.0|0.0|0|||0,llama31_8b,S3,withheld,CVE-2024-38475,affected,affected,True,False,True,1,104,17,1.0,1.0,1.0,0.0,0.0
D1-CVE-2024-38475-bookworm-V2|S4|llama31_8b|tracker|P1|60.0|0.0|0|||0,llama31_8b,S4,tracker,CVE-2024-38475,affected,affected,True,False,True,1,64,11,1.0,1.0,1.0,0.0,0.0
D1-CVE-2024-38475-bookworm-V2|S4|llama31_8b|withheld|P1|60.0|0.0|0|||0,llama31_8b,S4,withheld,CVE-2024-38475,fixed,affected,False,False,True,2,72,13,1.0,0.5,0.5,0.5,0.0
D1-CVE-2024-38475-bookworm-V2|S5|llama31_8b|tracker|P1|60.0|0.0|0|||0,llama31_8b,S5,tracker,CVE-2024-38475,fixed,affected,False,False,True,6,209,34,1.0,1.0,1.0,0.0,0.0
D1-CVE-2024-38475-bookworm-V2|S5|llama31_8b|withheld|P1|60.0|0.0|0|||0,llama31_8b,S5,withheld,CVE-2024-38475,affected,affected,True,False,True,6,446,68,1.0,1.0,1.0,0.0,0.0
D1-CVE-2024-38475-trixie-V3|DC|qwen3_14b|tracker|P3|60.0|0.0|0|||0,qwen3_14b,DC,tracker,CVE-2024-38475,fixed,fixed,True,False,True,4,394,61,1.0,1.0,1.0,0.0,0.0
D1-CVE-2024-38475-trixie-V3|DC|qwen3_14b|withheld|P3|60.0|0.0|0|||0,qwen3_14b,DC,withheld,CVE-2024-38475,not_affected,fixed,False,False,True,4,357,59,1.0,1.0,1.0,0.0,0.0
D1-CVE-2024-38475-trixie-V3|S2|qwen3_14b|tracker|P1|60.0|0.0|0|||0,qwen3_14b,S2,tracker,CVE-2024-38475,fixed,fixed,True,False,True,3,212,32,1.0,0.3333333333333333,1.0,0.0,0.0
D1-CVE-2024-38475-trixie-V3|S2|qwen3_14b|withheld|P1|60.0|0.0|0|||0,qwen3_14b,S2,withheld,CVE-2024-38475,not_affected,fixed,False,False,True,6,382,52,1.0,1.0,1.0,0.0,0.0
D1-CVE-2024-38475-trixie-V3|S3|qwen3_14b|tracker|P1|60.0|0.0|0|||0,qwen3_14b,S3,tracker,CVE-2024-38475,fixed,fixed,True,False,True,3,185,26,1.0,1.0,1.0,0.0,0.0
D1-CVE-2024-38475-trixie-V3|S3|qwen3_14b|withheld|P1|60.0|0.0|0|||0,qwen3_14b,S3,withheld,CVE-2024-38475,not_affected,fixed,False,False,True,3,206,31,1.0,1.0,1.0,0.0,0.0
D1-CVE-2024-38475-trixie-V3|S4|qwen3_14b|tracker|P1|60.0|0.0|0|||0,qwen3_14b,S4,tracker,CVE-2024-38475,affected,fixed,False,False,True,4,217,32,1.0,0.0,0.0,0.0,0.0
D1-CVE-2024-38475-trixie-V3|S4|qwen3_14b|withheld|P1|60.0|0.0|0|||0,qwen3_14b,S4,withheld,CVE-2024-38475,not_affected,fixed,False,False,True,3,160,22,1.0,1.0,1.0,0.0,0.0
D1-CVE-2024-38475-trixie-V3|S5|qwen3_14b|tracker|P1|60.0|0.0|0|||0,qwen3_14b,S5,tracker,CVE-2024-38475,fixed,fixed,True,False,True,3,185,26,1.0,1.0,1.0,0.0,0.0
D1-CVE-2024-38475-trixie-V3|S5|qwen3_14b|withheld|P1|60.0|0.0|0|||0,qwen3_14b,S5,withheld,CVE-2024-38475,not_affected,fixed,False,False,True,4,240,32,1.0,1.0,1.0,0.0,0.0
D1-CVE-2024-56406-bookworm-V2|DC|qwen3_14b|tracker|P3|60.0|0.0|0|||0,qwen3_14b,DC,tracker,CVE-2024-56406,affected,affected,True,False,True,3,252,35,1.0,1.0,1.0,0.0,0.0
D1-CVE-2024-56406-bookworm-V2|DC|qwen3_14b|withheld|P3|60.0|0.0|0|||0,qwen3_14b,DC,withheld,CVE-2024-56406,affected,affected,True,False,True,3,296,49,1.0,1.0,1.0,0.0,0.0
D1-CVE-2024-56406-bookworm-V2|S2|qwen3_14b|tracker|P1|60.0|0.0|0|||0,qwen3_14b,S2,tracker,CVE-2024-56406,fixed,affected,False,False,True,7,383,60,1.0,0.0,1.0,0.0,0.0
D1-CVE-2024-56406-bookworm-V2|S2|qwen3_14b|withheld|P1|60.0|0.0|0|||0,qwen3_14b,S2,withheld,CVE-2024-56406,fixed,affected,False,False,True,5,334,52,1.0,0.3333333333333333,0.6666666666666666,0.3333333333333333,0.0
D1-CVE-2024-56406-bookworm-V2|S3|qwen3_14b|tracker|P1|60.0|0.0|0|||0,qwen3_14b,S3,tracker,CVE-2024-56406,fixed,affected,False,False,True,3,106,14,1.0,1.0,1.0,0.0,0.0
D1-CVE-2024-56406-bookworm-V2|S3|qwen3_14b|withheld|P1|60.0|0.0|0|||0,qwen3_14b,S3,withheld,CVE-2024-56406,fixed,affected,False,False,True,5,220,31,1.0,1.0,1.0,0.0,0.0
D1-CVE-2024-56406-bookworm-V2|S4|qwen3_14b|tracker|P1|60.0|0.0|0|||0,qwen3_14b,S4,tracker,CVE-2024-56406,fixed,affected,False,False,True,3,132,17,1.0,1.0,1.0,0.0,0.0
D1-CVE-2024-56406-bookworm-V2|S4|qwen3_14b|withheld|P1|60.0|0.0|0|||0,qwen3_14b,S4,withheld,CVE-2024-56406,fixed,affected,False,False,True,2,120,15,1.0,1.0,1.0,0.0,0.0
D1-CVE-2024-56406-bookworm-V2|S5|qwen3_14b|tracker|P1|60.0|0.0|0|||0,qwen3_14b,S5,tracker,CVE-2024-56406,affected,affected,True,False,True,5,317,44,1.0,1.0,1.0,0.0,0.0
D1-CVE-2024-56406-bookworm-V2|S5|qwen3_14b|withheld|P1|60.0|0.0|0|||0,qwen3_14b,S5,withheld,CVE-2024-56406,fixed,affected,False,False,True,6,334,51,1.0,1.0,1.0,0.0,0.0
D1-CVE-2024-56406-trixie-V4|DC|llama31_8b|tracker|P3|60.0|0.0|0|||0,llama31_8b,DC,tracker,CVE-2024-56406,fixed,fixed,True,False,True,6,535,79,1.0,1.0,1.0,0.0,0.0
D1-CVE-2024-56406-trixie-V4|DC|llama31_8b|withheld|P3|60.0|0.0|0|||0,llama31_8b,DC,withheld,CVE-2024-56406,not_affected,fixed,False,False,True,4,545,79,1.0,1.0,1.0,0.0,0.0
D1-CVE-2024-56406-trixie-V4|S2|llama31_8b|tracker|P1|60.0|0.0|0|||0,llama31_8b,S2,tracker,CVE-2024-56406,not_affected,fixed,False,False,True,6,300,48,1.0,0.5,0.5,0.5,0.0
D1-CVE-2024-56406-trixie-V4|S2|llama31_8b|withheld|P1|60.0|0.0|0|||0,llama31_8b,S2,withheld,CVE-2024-56406,not_affected,fixed,False,False,True,5,420,64,1.0,1.0,1.0,0.0,0.0
D1-CVE-2024-56406-trixie-V4|S3|llama31_8b|tracker|P1|60.0|0.0|0|||0,llama31_8b,S3,tracker,CVE-2024-56406,not_affected,fixed,False,False,True,2,101,18,1.0,1.0,1.0,0.0,0.0
D1-CVE-2024-56406-trixie-V4|S3|llama31_8b|withheld|P1|60.0|0.0|0|||0,llama31_8b,S3,withheld,CVE-2024-56406,under_investigation,fixed,False,False,True,0,23,3,1.0,0.0,0.0,1.0,1.0
D1-CVE-2024-56406-trixie-V4|S4|llama31_8b|tracker|P1|60.0|0.0|0|||0,llama31_8b,S4,tracker,CVE-2024-56406,not_affected,fixed,False,False,True,3,109,15,1.0,1.0,1.0,0.0,0.0
D1-CVE-2024-56406-trixie-V4|S4|llama31_8b|withheld|P1|60.0|0.0|0|||0,llama31_8b,S4,withheld,CVE-2024-56406,under_investigation,fixed,False,False,True,0,33,4,1.0,1.0,1.0,0.0,1.0
D1-CVE-2024-56406-trixie-V4|S5|llama31_8b|tracker|P1|60.0|0.0|0|||0,llama31_8b,S5,tracker,CVE-2024-56406,not_affected,fixed,False,False,True,2,74,12,1.0,1.0,1.0,0.0,0.0
D1-CVE-2024-56406-trixie-V4|S5|llama31_8b|withheld|P1|60.0|0.0|0|||0,llama31_8b,S5,withheld,CVE-2024-56406,under_investigation,fixed,False,False,True,0,23,3,1.0,0.0,0.0,1.0,1.0
D1-CVE-2025-10230-bookworm-V1|DC|mistral_small_24b|tracker|P3|60.0|0.0|0|||0,mistral_small_24b,DC,tracker,CVE-2025-10230,not_affected,not_affected,True,False,True,3,323,42,1.0,1.0,1.0,0.0,0.0
D1-CVE-2025-10230-bookworm-V1|DC|mistral_small_24b|withheld|P3|60.0|0.0|0|||0,mistral_small_24b,DC,withheld,CVE-2025-10230,not_affected,not_affected,True,False,True,3,323,42,1.0,1.0,1.0,0.0,0.0
D1-CVE-2025-10230-bookworm-V1|S2|mistral_small_24b|tracker|P1|60.0|0.0|0|||0,mistral_small_24b,S2,tracker,CVE-2025-10230,not_affected,not_affected,True,False,True,4,224,37,1.0,1.0,1.0,0.0,0.0
D1-CVE-2025-10230-bookworm-V1|S2|mistral_small_24b|withheld|P1|60.0|0.0|0|||0,mistral_small_24b,S2,withheld,CVE-2025-10230,not_affected,not_affected,True,False,True,4,252,42,1.0,1.0,1.0,0.0,0.0
D1-CVE-2025-10230-bookworm-V1|S3|mistral_small_24b|tracker|P1|60.0|0.0|0|||0,mistral_small_24b,S3,tracker,CVE-2025-10230,not_affected,not_affected,True,False,True,1,54,10,1.0,1.0,1.0,0.0,0.0
D1-CVE-2025-10230-bookworm-V1|S3|mistral_small_24b|withheld|P1|60.0|0.0|0|||0,mistral_small_24b,S3,withheld,CVE-2025-10230,not_affected,not_affected,True,False,True,2,88,16,1.0,1.0,1.0,0.0,0.0
D1-CVE-2025-10230-bookworm-V1|S4|mistral_small_24b|tracker|P1|60.0|0.0|0|||0,mistral_small_24b,S4,tracker,CVE-2025-10230,not_affected,not_affected,True,False,True,2,93,17,1.0,1.0,1.0,0.0,0.0
D1-CVE-2025-10230-bookworm-V1|S4|mistral_small_24b|withheld|P1|60.0|0.0|0|||0,mistral_small_24b,S4,withheld,CVE-2025-10230,not_affected,not_affected,True,False,True,1,76,14,1.0,0.6666666666666666,0.6666666666666666,0.3333333333333333,0.0
D1-CVE-2025-10230-bookworm-V1|S5|mistral_small_24b|tracker|P1|60.0|0.0|0|||0,mistral_small_24b,S5,tracker,CVE-2025-10230,not_affected,not_affected,True,False,True,2,101,18,1.0,1.0,1.0,0.0,0.0
D1-CVE-2025-10230-bookworm-V1|S5|mistral_small_24b|withheld|P1|60.0|0.0|0|||0,mistral_small_24b,S5,withheld,CVE-2025-10230,not_affected,not_affected,True,False,True,2,101,18,1.0,1.0,1.0,0.0,0.0
D1-CVE-2025-10230-bookworm-V2|DC|granite41_8b|tracker|P3|60.0|0.0|0|||0,granite41_8b,DC,tracker,CVE-2025-10230,affected,affected,True,False,True,7,565,85,1.0,1.0,1.0,0.0,0.0
D1-CVE-2025-10230-bookworm-V2|DC|granite41_8b|withheld|P3|60.0|0.0|0|||0,granite41_8b,DC,withheld,CVE-2025-10230,affected,affected,True,False,True,4,515,75,1.0,1.0,1.0,0.0,0.0
D1-CVE-2025-10230-bookworm-V2|S2|granite41_8b|tracker|P1|60.0|0.0|0|||0,granite41_8b,S2,tracker,CVE-2025-10230,fixed,affected,False,False,True,7,766,100,1.0,0.5,0.5,0.5,0.0
D1-CVE-2025-10230-bookworm-V2|S2|granite41_8b|withheld|P1|60.0|0.0|0|||0,granite41_8b,S2,withheld,CVE-2025-10230,fixed,affected,False,False,True,8,1001,139,1.0,1.0,1.0,0.0,0.0
D1-CVE-2025-10230-bookworm-V2|S3|granite41_8b|tracker|P1|60.0|0.0|0|||0,granite41_8b,S3,tracker,CVE-2025-10230,affected,affected,True,False,True,6,438,57,1.0,1.0,1.0,0.0,0.0
D1-CVE-2025-10230-bookworm-V2|S3|granite41_8b|withheld|P1|60.0|0.0|0|||0,granite41_8b,S3,withheld,CVE-2025-10230,affected,affected,True,False,True,4,310,41,1.0,1.0,1.0,0.0,0.0
D1-CVE-2025-10230-bookworm-V2|S4|granite41_8b|tracker|P1|60.0|0.0|0|||0,granite41_8b,S4,tracker,CVE-2025-10230,affected,affected,True,False,True,3,229,28,1.0,1.0,1.0,0.0,0.0
D1-CVE-2025-10230-bookworm-V2|S4|granite41_8b|withheld|P1|60.0|0.0|0|||0,granite41_8b,S4,withheld,CVE-2025-10230,not_affected,affected,False,False,True,5,294,45,1.0,1.0,1.0,0.0,0.0
D1-CVE-2025-10230-bookworm-V2|S5|granite41_8b|tracker|P1|60.0|0.0|0|||0,granite41_8b,S5,tracker,CVE-2025-10230,affected,affected,True,False,True,6,372,48,1.0,1.0,1.0,0.0,0.0
D1-CVE-2025-10230-bookworm-V2|S5|granite41_8b|withheld|P1|60.0|0.0|0|||0,granite41_8b,S5,withheld,CVE-2025-10230,affected,affected,True,False,True,6,337,45,1.0,1.0,1.0,0.0,0.0
D1-CVE-2025-10230-trixie-V3|DC|mistral_small_24b|tracker|P3|60.0|0.0|0|||0,mistral_small_24b,DC,tracker,CVE-2025-10230,fixed,fixed,True,False,True,4,368,55,1.0,1.0,1.0,0.0,0.0
D1-CVE-2025-10230-trixie-V3|DC|mistral_small_24b|withheld|P3|60.0|0.0|0|||0,mistral_small_24b,DC,withheld,CVE-2025-10230,not_affected,fixed,False,False,True,6,430,64,1.0,1.0,1.0,0.0,0.0
D1-CVE-2025-10230-trixie-V3|S2|mistral_small_24b|tracker|P1|60.0|0.0|0|||0,mistral_small_24b,S2,tracker,CVE-2025-10230,affected,fixed,False,False,True,5,228,29,1.0,1.0,1.0,0.0,0.0
D1-CVE-2025-10230-trixie-V3|S2|mistral_small_24b|withheld|P1|60.0|0.0|0|||0,mistral_small_24b,S2,withheld,CVE-2025-10230,under_investigation,fixed,False,False,True,6,333,52,1.0,1.0,1.0,0.0,0.0
D1-CVE-2025-10230-trixie-V3|S3|mistral_small_24b|tracker|P1|60.0|0.0|0|||0,mistral_small_24b,S3,tracker,CVE-2025-10230,fixed,fixed,True,False,True,3,140,17,1.0,1.0,1.0,0.0,0.0
D1-CVE-2025-10230-trixie-V3|S3|mistral_small_24b|withheld|P1|60.0|0.0|0|||0,mistral_small_24b,S3,withheld,CVE-2025-10230,not_affected,fixed,False,False,True,4,239,36,1.0,0.3333333333333333,0.3333333333333333,0.6666666666666666,0.0
D1-CVE-2025-10230-trixie-V3|S4|mistral_small_24b|tracker|P1|60.0|0.0|0|||0,mistral_small_24b,S4,tracker,CVE-2025-10230,affected,fixed,False,False,True,2,222,38,1.0,1.0,1.0,0.0,0.0
D1-CVE-2025-10230-trixie-V3|S4|mistral_small_24b|withheld|P1|60.0|0.0|0|||0,mistral_small_24b,S4,withheld,CVE-2025-10230,not_affected,fixed,False,False,True,2,90,16,1.0,0.6666666666666666,0.6666666666666666,0.3333333333333333,0.0
D1-CVE-2025-10230-trixie-V3|S5|mistral_small_24b|tracker|P1|60.0|0.0|0|||0,mistral_small_24b,S5,tracker,CVE-2025-10230,fixed,fixed,True,False,True,3,140,17,1.0,1.0,1.0,0.0,0.0
D1-CVE-2025-10230-trixie-V3|S5|mistral_small_24b|withheld|P1|60.0|0.0|0|||0,mistral_small_24b,S5,withheld,CVE-2025-10230,under_investigation,fixed,False,False,True,3,301,47,1.0,1.0,1.0,0.0,0.0
D1-CVE-2025-12084-trixie-V1|DC|granite41_8b|tracker|P3|60.0|0.0|0|||0,granite41_8b,DC,tracker,CVE-2025-12084,not_affected,not_affected,True,False,True,4,579,88,1.0,1.0,1.0,0.0,0.0
D1-CVE-2025-12084-trixie-V1|DC|granite41_8b|withheld|P3|60.0|0.0|0|||0,granite41_8b,DC,withheld,CVE-2025-12084,not_affected,not_affected,True,False,True,5,482,68,1.0,1.0,1.0,0.0,0.0
D1-CVE-2025-12084-trixie-V1|S2|granite41_8b|tracker|P1|60.0|0.0|0|||0,granite41_8b,S2,tracker,CVE-2025-12084,not_affected,not_affected,True,False,True,3,276,41,1.0,1.0,1.0,0.0,0.0
D1-CVE-2025-12084-trixie-V1|S2|granite41_8b|withheld|P1|60.0|0.0|0|||0,granite41_8b,S2,withheld,CVE-2025-12084,not_affected,not_affected,True,False,True,5,346,57,1.0,1.0,1.0,0.0,0.0
D1-CVE-2025-12084-trixie-V1|S3|granite41_8b|tracker|P1|60.0|0.0|0|||0,granite41_8b,S3,tracker,CVE-2025-12084,not_affected,not_affected,True,False,True,3,131,22,1.0,1.0,1.0,0.0,0.0
D1-CVE-2025-12084-trixie-V1|S3|granite41_8b|withheld|P1|60.0|0.0|0|||0,granite41_8b,S3,withheld,CVE-2025-12084,not_affected,not_affected,True,False,True,3,164,26,1.0,1.0,1.0,0.0,0.0
D1-CVE-2025-12084-trixie-V1|S4|granite41_8b|tracker|P1|60.0|0.0|0|||0,granite41_8b,S4,tracker,CVE-2025-12084,not_affected,not_affected,True,False,True,3,148,25,1.0,1.0,1.0,0.0,0.0
D1-CVE-2025-12084-trixie-V1|S4|granite41_8b|withheld|P1|60.0|0.0|0|||0,granite41_8b,S4,withheld,CVE-2025-12084,not_affected,not_affected,True,False,True,2,175,24,1.0,1.0,1.0,0.0,0.0
D1-CVE-2025-12084-trixie-V1|S5|granite41_8b|tracker|P1|60.0|0.0|0|||0,granite41_8b,S5,tracker,CVE-2025-12084,not_affected,not_affected,True,False,True,2,209,29,1.0,1.0,1.0,0.0,0.0
D1-CVE-2025-12084-trixie-V1|S5|granite41_8b|withheld|P1|60.0|0.0|0|||0,granite41_8b,S5,withheld,CVE-2025-12084,not_affected,not_affected,True,False,True,3,164,26,1.0,1.0,1.0,0.0,0.0
D1-CVE-2025-14524-trixie-V4|DC|qwen3_14b|tracker|P3|60.0|0.0|0|||0,qwen3_14b,DC,tracker,CVE-2025-14524,fixed,fixed,True,False,True,4,347,53,1.0,1.0,1.0,0.0,0.0
D1-CVE-2025-14524-trixie-V4|DC|qwen3_14b|withheld|P3|60.0|0.0|0|||0,qwen3_14b,DC,withheld,CVE-2025-14524,not_affected,fixed,False,False,True,5,356,57,1.0,1.0,1.0,0.0,0.0
D1-CVE-2025-14524-trixie-V4|S2|qwen3_14b|tracker|P1|60.0|0.0|0|||0,qwen3_14b,S2,tracker,CVE-2025-14524,fixed,fixed,True,False,True,4,277,40,1.0,1.0,1.0,0.0,0.0
D1-CVE-2025-14524-trixie-V4|S2|qwen3_14b|withheld|P1|60.0|0.0|0|||0,qwen3_14b,S2,withheld,CVE-2025-14524,not_affected,fixed,False,False,True,7,318,49,1.0,1.0,1.0,0.0,0.0
D1-CVE-2025-14524-trixie-V4|S3|qwen3_14b|tracker|P1|60.0|0.0|0|||0,qwen3_14b,S3,tracker,CVE-2025-14524,fixed,fixed,True,False,True,4,177,25,1.0,1.0,1.0,0.0,0.0
D1-CVE-2025-14524-trixie-V4|S3|qwen3_14b|withheld|P1|60.0|0.0|0|||0,qwen3_14b,S3,withheld,CVE-2025-14524,not_affected,fixed,False,False,True,2,155,24,1.0,1.0,1.0,0.0,0.0
D1-CVE-2025-14524-trixie-V4|S4|qwen3_14b|tracker|P1|60.0|0.0|0|||0,qwen3_14b,S4,tracker,CVE-2025-14524,fixed,fixed,True,False,True,4,171,24,1.0,1.0,1.0,0.0,0.0
D1-CVE-2025-14524-trixie-V4|S4|qwen3_14b|withheld|P1|60.0|0.0|0|||0,qwen3_14b,S4,withheld,CVE-2025-14524,not_affected,fixed,False,False,True,3,157,22,1.0,1.0,1.0,0.0,0.0
D1-CVE-2025-14524-trixie-V4|S5|qwen3_14b|tracker|P1|60.0|0.0|0|||0,qwen3_14b,S5,tracker,CVE-2025-14524,fixed,fixed,True,False,True,4,177,25,1.0,1.0,1.0,0.0,0.0
D1-CVE-2025-14524-trixie-V4|S5|qwen3_14b|withheld|P1|60.0|0.0|0|||0,qwen3_14b,S5,withheld,CVE-2025-14524,not_affected,fixed,False,False,True,4,271,42,1.0,1.0,1.0,0.0,0.0
D1-CVE-2025-32462-bookworm-V1|DC|granite41_8b|tracker|P3|60.0|0.0|0|||0,granite41_8b,DC,tracker,CVE-2025-32462,not_affected,not_affected,True,False,True,4,417,62,1.0,1.0,1.0,0.0,0.0
D1-CVE-2025-32462-bookworm-V1|DC|granite41_8b|withheld|P3|60.0|0.0|0|||0,granite41_8b,DC,withheld,CVE-2025-32462,not_affected,not_affected,True,False,True,4,417,62,1.0,1.0,1.0,0.0,0.0
D1-CVE-2025-32462-bookworm-V1|S2|granite41_8b|tracker|P1|60.0|0.0|0|||0,granite41_8b,S2,tracker,CVE-2025-32462,not_affected,not_affected,True,False,True,2,279,42,1.0,1.0,1.0,0.0,0.0
D1-CVE-2025-32462-bookworm-V1|S2|granite41_8b|withheld|P1|60.0|0.0|0|||0,granite41_8b,S2,withheld,CVE-2025-32462,not_affected,not_affected,True,False,True,2,194,30,1.0,1.0,1.0,0.0,0.0
D1-CVE-2025-32462-bookworm-V1|S3|granite41_8b|tracker|P1|60.0|0.0|0|||0,granite41_8b,S3,tracker,CVE-2025-32462,not_affected,not_affected,True,False,True,2,122,17,1.0,1.0,1.0,0.0,0.0
D1-CVE-2025-32462-bookworm-V1|S3|granite41_8b|withheld|P1|60.0|0.0|0|||0,granite41_8b,S3,withheld,CVE-2025-32462,not_affected,not_affected,True,False,True,4,213,35,1.0,1.0,1.0,0.0,0.0
D1-CVE-2025-32462-bookworm-V1|S4|granite41_8b|tracker|P1|60.0|0.0|0|||0,granite41_8b,S4,tracker,CVE-2025-32462,not_affected,not_affected,True,False,True,2,94,16,1.0,1.0,1.0,0.0,0.0
D1-CVE-2025-32462-bookworm-V1|S4|granite41_8b|withheld|P1|60.0|0.0|0|||0,granite41_8b,S4,withheld,CVE-2025-32462,not_affected,not_affected,True,False,True,4,161,27,1.0,1.0,1.0,0.0,0.0
D1-CVE-2025-32462-bookworm-V1|S5|granite41_8b|tracker|P1|60.0|0.0|0|||0,granite41_8b,S5,tracker,CVE-2025-32462,not_affected,not_affected,True,False,True,4,206,31,1.0,1.0,1.0,0.0,0.0
D1-CVE-2025-32462-bookworm-V1|S5|granite41_8b|withheld|P1|60.0|0.0|0|||0,granite41_8b,S5,withheld,CVE-2025-32462,not_affected,not_affected,True,False,True,2,434,66,1.0,1.0,1.0,0.0,0.0
D1-CVE-2025-32462-bookworm-V4|DC|gemma4_31b|tracker|P3|60.0|0.0|0|||0,gemma4_31b,DC,tracker,CVE-2025-32462,fixed,fixed,True,False,True,4,177,28,1.0,1.0,1.0,0.0,0.0
D1-CVE-2025-32462-bookworm-V4|DC|gemma4_31b|withheld|P3|60.0|0.0|0|||0,gemma4_31b,DC,withheld,CVE-2025-32462,not_affected,fixed,False,False,True,4,330,51,1.0,1.0,1.0,0.0,0.0
D1-CVE-2025-32462-bookworm-V4|S2|gemma4_31b|tracker|P1|60.0|0.0|0|||0,gemma4_31b,S2,tracker,CVE-2025-32462,fixed,fixed,True,False,True,5,375,55,1.0,1.0,1.0,0.0,0.0
D1-CVE-2025-32462-bookworm-V4|S2|gemma4_31b|withheld|P1|60.0|0.0|0|||0,gemma4_31b,S2,withheld,CVE-2025-32462,under_investigation,fixed,False,False,True,6,850,117,1.0,1.0,1.0,0.0,0.0
D1-CVE-2025-32462-bookworm-V4|S3|gemma4_31b|tracker|P1|60.0|0.0|0|||0,gemma4_31b,S3,tracker,CVE-2025-32462,fixed,fixed,True,False,True,6,263,39,1.0,1.0,1.0,0.0,0.0
D1-CVE-2025-32462-bookworm-V4|S3|gemma4_31b|withheld|P1|60.0|0.0|0|||0,gemma4_31b,S3,withheld,CVE-2025-32462,under_investigation,fixed,False,False,True,6,564,86,1.0,1.0,1.0,0.0,0.0
D1-CVE-2025-32462-bookworm-V4|S4|gemma4_31b|tracker|P1|60.0|0.0|0|||0,gemma4_31b,S4,tracker,CVE-2025-32462,fixed,fixed,True,False,True,3,362,50,1.0,1.0,1.0,0.0,0.0
D1-CVE-2025-32462-bookworm-V4|S4|gemma4_31b|withheld|P1|60.0|0.0|0|||0,gemma4_31b,S4,withheld,CVE-2025-32462,affected,fixed,False,False,True,7,423,60,1.0,1.0,1.0,0.0,0.0
D1-CVE-2025-32462-bookworm-V4|S5|gemma4_31b|tracker|P1|60.0|0.0|0|||0,gemma4_31b,S5,tracker,CVE-2025-32462,fixed,fixed,True,False,True,7,388,53,1.0,1.0,1.0,0.0,0.0
D1-CVE-2025-32462-bookworm-V4|S5|gemma4_31b|withheld|P1|60.0|0.0|0|||0,gemma4_31b,S5,withheld,CVE-2025-32462,under_investigation,fixed,False,False,True,7,623,90,1.0,1.0,1.0,0.0,0.0
D1-CVE-2025-32462-trixie-V4|DC|gemma4_31b|tracker|P3|60.0|0.0|0|||0,gemma4_31b,DC,tracker,CVE-2025-32462,fixed,fixed,True,False,True,4,182,28,1.0,1.0,1.0,0.0,0.0
D1-CVE-2025-32462-trixie-V4|DC|gemma4_31b|withheld|P3|60.0|0.0|0|||0,gemma4_31b,DC,withheld,CVE-2025-32462,not_affected,fixed,False,False,True,4,300,45,1.0,1.0,1.0,0.0,0.0
D1-CVE-2025-32462-trixie-V4|S2|gemma4_31b|tracker|P1|60.0|0.0|0|||0,gemma4_31b,S2,tracker,CVE-2025-32462,fixed,fixed,True,False,True,5,352,54,1.0,1.0,1.0,0.0,0.0
D1-CVE-2025-32462-trixie-V4|S2|gemma4_31b|withheld|P1|60.0|0.0|0|||0,gemma4_31b,S2,withheld,CVE-2025-32462,under_investigation,fixed,False,False,True,8,820,117,1.0,1.0,1.0,0.0,0.0
D1-CVE-2025-32462-trixie-V4|S3|gemma4_31b|tracker|P1|60.0|0.0|0|||0,gemma4_31b,S3,tracker,CVE-2025-32462,fixed,fixed,True,False,True,6,404,57,1.0,1.0,1.0,0.0,0.0
D1-CVE-2025-32462-trixie-V4|S3|gemma4_31b|withheld|P1|60.0|0.0|0|||0,gemma4_31b,S3,withheld,CVE-2025-32462,affected,fixed,False,False,True,5,407,61,1.0,1.0,1.0,0.0,0.0
D1-CVE-2025-32462-trixie-V4|S4|gemma4_31b|tracker|P1|60.0|0.0|0|||0,gemma4_31b,S4,tracker,CVE-2025-32462,fixed,fixed,True,False,True,4,349,49,1.0,1.0,1.0,0.0,0.0
D1-CVE-2025-32462-trixie-V4|S4|gemma4_31b|withheld|P1|60.0|0.0|0|||0,gemma4_31b,S4,withheld,CVE-2025-32462,affected,fixed,False,False,True,7,482,71,1.0,1.0,1.0,0.0,0.0
D1-CVE-2025-32462-trixie-V4|S5|gemma4_31b|tracker|P1|60.0|0.0|0|||0,gemma4_31b,S5,tracker,CVE-2025-32462,fixed,fixed,True,False,True,7,425,61,1.0,1.0,1.0,0.0,0.0
D1-CVE-2025-32462-trixie-V4|S5|gemma4_31b|withheld|P1|60.0|0.0|0|||0,gemma4_31b,S5,withheld,CVE-2025-32462,affected,fixed,False,False,True,6,404,60,1.0,1.0,1.0,0.0,0.0
D1-CVE-2025-32463-bookworm-V6|DC|llama31_8b|tracker|P3|60.0|0.0|0|||0,llama31_8b,DC,tracker,CVE-2025-32463,not_affected,not_affected,True,False,True,4,375,59,1.0,1.0,1.0,0.0,0.0
D1-CVE-2025-32463-bookworm-V6|DC|llama31_8b|withheld|P3|60.0|0.0|0|||0,llama31_8b,DC,withheld,CVE-2025-32463,not_affected,not_affected,True,False,True,4,370,58,1.0,1.0,1.0,0.0,0.0
D1-CVE-2025-32463-bookworm-V6|S2|llama31_8b|tracker|P1|60.0|0.0|0|||0,llama31_8b,S2,tracker,CVE-2025-32463,not_affected,not_affected,True,False,True,5,230,37,1.0,0.0,1.0,0.0,0.0
D1-CVE-2025-32463-bookworm-V6|S2|llama31_8b|withheld|P1|60.0|0.0|0|||0,llama31_8b,S2,withheld,CVE-2025-32463,not_affected,not_affected,True,False,True,1,140,22,1.0,1.0,1.0,0.0,0.0
D1-CVE-2025-32463-bookworm-V6|S3|llama31_8b|tracker|P1|60.0|0.0|0|||0,llama31_8b,S3,tracker,CVE-2025-32463,not_affected,not_affected,True,False,True,1,66,11,1.0,1.0,1.0,0.0,0.0
D1-CVE-2025-32463-bookworm-V6|S3|llama31_8b|withheld|P1|60.0|0.0|0|||0,llama31_8b,S3,withheld,CVE-2025-32463,not_affected,not_affected,True,False,True,1,66,11,1.0,1.0,1.0,0.0,0.0
D1-CVE-2025-32463-bookworm-V6|S4|llama31_8b|tracker|P1|60.0|0.0|0|||0,llama31_8b,S4,tracker,CVE-2025-32463,not_affected,not_affected,True,False,True,2,52,9,1.0,1.0,1.0,0.0,0.0
D1-CVE-2025-32463-bookworm-V6|S4|llama31_8b|withheld|P1|60.0|0.0|0|||0,llama31_8b,S4,withheld,CVE-2025-32463,not_affected,not_affected,True,False,True,2,59,10,1.0,1.0,1.0,0.0,0.0
D1-CVE-2025-32463-bookworm-V6|S5|llama31_8b|tracker|P1|60.0|0.0|0|||0,llama31_8b,S5,tracker,CVE-2025-32463,not_affected,not_affected,True,False,True,3,197,33,1.0,1.0,1.0,0.0,0.0
D1-CVE-2025-32463-bookworm-V6|S5|llama31_8b|withheld|P1|60.0|0.0|0|||0,llama31_8b,S5,withheld,CVE-2025-32463,not_affected,not_affected,True,False,True,1,66,11,1.0,1.0,1.0,0.0,0.0
D1-CVE-2025-32463-trixie-V1|DC|llama31_8b|tracker|P3|60.0|0.0|0|||0,llama31_8b,DC,tracker,CVE-2025-32463,not_affected,not_affected,True,False,True,3,380,64,1.0,1.0,1.0,0.0,0.0
D1-CVE-2025-32463-trixie-V1|DC|llama31_8b|withheld|P3|60.0|0.0|0|||0,llama31_8b,DC,withheld,CVE-2025-32463,not_affected,not_affected,True,False,True,3,380,64,1.0,1.0,1.0,0.0,0.0
D1-CVE-2025-32463-trixie-V1|S2|llama31_8b|tracker|P1|60.0|0.0|0|||0,llama31_8b,S2,tracker,CVE-2025-32463,not_affected,not_affected,True,False,True,5,213,31,1.0,0.0,1.0,0.0,0.0
D1-CVE-2025-32463-trixie-V1|S2|llama31_8b|withheld|P1|60.0|0.0|0|||0,llama31_8b,S2,withheld,CVE-2025-32463,not_affected,not_affected,True,False,True,6,372,59,1.0,1.0,1.0,0.0,0.0
D1-CVE-2025-32463-trixie-V1|S3|llama31_8b|tracker|P1|60.0|0.0|0|||0,llama31_8b,S3,tracker,CVE-2025-32463,not_affected,not_affected,True,False,True,1,66,11,1.0,1.0,1.0,0.0,0.0
D1-CVE-2025-32463-trixie-V1|S3|llama31_8b|withheld|P1|60.0|0.0|0|||0,llama31_8b,S3,withheld,CVE-2025-32463,not_affected,not_affected,True,False,True,1,66,11,1.0,1.0,1.0,0.0,0.0
D1-CVE-2025-32463-trixie-V1|S4|llama31_8b|tracker|P1|60.0|0.0|0|||0,llama31_8b,S4,tracker,CVE-2025-32463,not_affected,not_affected,True,False,True,2,56,9,1.0,1.0,1.0,0.0,0.0
D1-CVE-2025-32463-trixie-V1|S4|llama31_8b|withheld|P1|60.0|0.0|0|||0,llama31_8b,S4,withheld,CVE-2025-32463,under_investigation,not_affected,False,False,True,0,60,9,1.0,0.0,0.0,1.0,1.0
D1-CVE-2025-32463-trixie-V1|S5|llama31_8b|tracker|P1|60.0|0.0|0|||0,llama31_8b,S5,tracker,CVE-2025-32463,not_affected,not_affected,True,False,True,1,66,11,1.0,1.0,1.0,0.0,0.0
D1-CVE-2025-32463-trixie-V1|S5|llama31_8b|withheld|P1|60.0|0.0|0|||0,llama31_8b,S5,withheld,CVE-2025-32463,not_affected,not_affected,True,False,True,1,66,11,1.0,1.0,1.0,0.0,0.0
D1-CVE-2025-32463-trixie-V4|DC|llama31_8b|tracker|P3|60.0|0.0|0|||0,llama31_8b,DC,tracker,CVE-2025-32463,fixed,fixed,True,False,True,3,451,74,1.0,1.0,1.0,0.0,0.0
D1-CVE-2025-32463-trixie-V4|DC|llama31_8b|withheld|P3|60.0|0.0|0|||0,llama31_8b,DC,withheld,CVE-2025-32463,not_affected,fixed,False,False,True,6,449,68,1.0,1.0,1.0,0.0,0.0
D1-CVE-2025-32463-trixie-V4|S2|llama31_8b|tracker|P1|60.0|0.0|0|||0,llama31_8b,S2,tracker,CVE-2025-32463,not_affected,fixed,False,False,True,6,304,46,1.0,1.0,1.0,0.0,0.0
D1-CVE-2025-32463-trixie-V4|S2|llama31_8b|withheld|P1|60.0|0.0|0|||0,llama31_8b,S2,withheld,CVE-2025-32463,not_affected,fixed,False,False,True,9,470,76,1.0,1.0,1.0,0.0,0.0
D1-CVE-2025-32463-trixie-V4|S3|llama31_8b|tracker|P1|60.0|0.0|0|||0,llama31_8b,S3,tracker,CVE-2025-32463,not_affected,fixed,False,False,True,2,87,14,1.0,1.0,1.0,0.0,0.0
D1-CVE-2025-32463-trixie-V4|S3|llama31_8b|withheld|P1|60.0|0.0|0|||0,llama31_8b,S3,withheld,CVE-2025-32463,not_affected,fixed,False,False,True,0,4,1,1.0,0.0,0.0,1.0,1.0
D1-CVE-2025-32463-trixie-V4|S4|llama31_8b|tracker|P1|60.0|0.0|0|||0,llama31_8b,S4,tracker,CVE-2025-32463,not_affected,fixed,False,False,True,2,65,11,1.0,1.0,1.0,0.0,0.0
D1-CVE-2025-32463-trixie-V4|S4|llama31_8b|withheld|P1|60.0|0.0|0|||0,llama31_8b,S4,withheld,CVE-2025-32463,under_investigation,fixed,False,False,True,0,23,3,1.0,0.0,0.0,1.0,1.0
D1-CVE-2025-32463-trixie-V4|S5|llama31_8b|tracker|P1|60.0|0.0|0|||0,llama31_8b,S5,tracker,CVE-2025-32463,not_affected,fixed,False,False,True,4,155,23,1.0,0.0,1.0,0.0,0.0
D1-CVE-2025-32463-trixie-V4|S5|llama31_8b|withheld|P1|60.0|0.0|0|||0,llama31_8b,S5,withheld,CVE-2025-32463,not_affected,fixed,False,False,True,0,4,1,1.0,0.0,0.0,1.0,1.0
D1-CVE-2025-46835-bookworm-V1|DC|qwen3_4b|tracker|P3|60.0|0.0|0|||0,qwen3_4b,DC,tracker,CVE-2025-46835,not_affected,not_affected,True,False,True,2,274,40,1.0,1.0,1.0,0.0,0.0
D1-CVE-2025-46835-bookworm-V1|DC|qwen3_4b|withheld|P3|60.0|0.0|0|||0,qwen3_4b,DC,withheld,CVE-2025-46835,not_affected,not_affected,True,False,True,2,274,40,1.0,1.0,1.0,0.0,0.0
D1-CVE-2025-46835-bookworm-V1|S2|qwen3_4b|tracker|P1|60.0|0.0|0|||0,qwen3_4b,S2,tracker,CVE-2025-46835,not_affected,not_affected,True,False,True,3,231,36,1.0,1.0,1.0,0.0,0.0
D1-CVE-2025-46835-bookworm-V1|S2|qwen3_4b|withheld|P1|60.0|0.0|0|||0,qwen3_4b,S2,withheld,CVE-2025-46835,not_affected,not_affected,True,False,True,3,236,36,1.0,1.0,1.0,0.0,0.0
D1-CVE-2025-46835-bookworm-V1|S3|qwen3_4b|tracker|P1|60.0|0.0|0|||0,qwen3_4b,S3,tracker,CVE-2025-46835,not_affected,not_affected,True,False,True,2,106,18,1.0,1.0,1.0,0.0,0.0
D1-CVE-2025-46835-bookworm-V1|S3|qwen3_4b|withheld|P1|60.0|0.0|0|||0,qwen3_4b,S3,withheld,CVE-2025-46835,not_affected,not_affected,True,False,True,2,106,18,1.0,1.0,1.0,0.0,0.0
D1-CVE-2025-46835-bookworm-V1|S4|qwen3_4b|tracker|P1|60.0|0.0|0|||0,qwen3_4b,S4,tracker,CVE-2025-46835,not_affected,not_affected,True,False,True,1,65,11,1.0,1.0,1.0,0.0,0.0
D1-CVE-2025-46835-bookworm-V1|S4|qwen3_4b|withheld|P1|60.0|0.0|0|||0,qwen3_4b,S4,withheld,CVE-2025-46835,not_affected,not_affected,True,False,True,1,65,11,1.0,1.0,1.0,0.0,0.0
D1-CVE-2025-46835-bookworm-V1|S5|qwen3_4b|tracker|P1|60.0|0.0|0|||0,qwen3_4b,S5,tracker,CVE-2025-46835,not_affected,not_affected,True,False,True,2,106,18,1.0,1.0,1.0,0.0,0.0
D1-CVE-2025-46835-bookworm-V1|S5|qwen3_4b|withheld|P1|60.0|0.0|0|||0,qwen3_4b,S5,withheld,CVE-2025-46835,not_affected,not_affected,True,False,True,2,106,18,1.0,1.0,1.0,0.0,0.0
D1-CVE-2025-46835-bookworm-V3|DC|gemma4_31b|tracker|P3|60.0|0.0|0|||0,gemma4_31b,DC,tracker,CVE-2025-46835,fixed,fixed,True,False,True,3,198,30,1.0,1.0,1.0,0.0,0.0
D1-CVE-2025-46835-bookworm-V3|DC|gemma4_31b|withheld|P3|60.0|0.0|0|||0,gemma4_31b,DC,withheld,CVE-2025-46835,not_affected,fixed,False,False,True,4,276,42,1.0,1.0,1.0,0.0,0.0
D1-CVE-2025-46835-bookworm-V3|S2|gemma4_31b|tracker|P1|60.0|0.0|0|||0,gemma4_31b,S2,tracker,CVE-2025-46835,fixed,fixed,True,False,True,7,301,45,1.0,1.0,1.0,0.0,0.0
D1-CVE-2025-46835-bookworm-V3|S2|gemma4_31b|withheld|P1|60.0|0.0|0|||0,gemma4_31b,S2,withheld,CVE-2025-46835,affected,fixed,False,False,True,6,481,67,1.0,1.0,1.0,0.0,0.0
D1-CVE-2025-46835-bookworm-V3|S3|gemma4_31b|tracker|P1|60.0|0.0|0|||0,gemma4_31b,S3,tracker,CVE-2025-46835,fixed,fixed,True,False,True,5,345,51,1.0,1.0,1.0,0.0,0.0
D1-CVE-2025-46835-bookworm-V3|S3|gemma4_31b|withheld|P1|60.0|0.0|0|||0,gemma4_31b,S3,withheld,CVE-2025-46835,not_affected,fixed,False,False,True,4,287,42,1.0,1.0,1.0,0.0,0.0
D1-CVE-2025-46835-bookworm-V3|S4|gemma4_31b|tracker|P1|60.0|0.0|0|||0,gemma4_31b,S4,tracker,CVE-2025-46835,fixed,fixed,True,False,True,3,182,26,1.0,1.0,1.0,0.0,0.0
D1-CVE-2025-46835-bookworm-V3|S4|gemma4_31b|withheld|P1|60.0|0.0|0|||0,gemma4_31b,S4,withheld,CVE-2025-46835,not_affected,fixed,False,False,True,7,650,97,1.0,1.0,1.0,0.0,0.0
D1-CVE-2025-46835-bookworm-V3|S5|gemma4_31b|tracker|P1|60.0|0.0|0|||0,gemma4_31b,S5,tracker,CVE-2025-46835,fixed,fixed,True,False,True,5,371,52,1.0,1.0,1.0,0.0,0.0
D1-CVE-2025-46835-bookworm-V3|S5|gemma4_31b|withheld|P1|60.0|0.0|0|||0,gemma4_31b,S5,withheld,CVE-2025-46835,not_affected,fixed,False,False,True,5,255,36,1.0,1.0,1.0,0.0,0.0
D1-CVE-2025-46835-trixie-V3|DC|gemma4_31b|tracker|P3|60.0|0.0|0|||0,gemma4_31b,DC,tracker,CVE-2025-46835,fixed,fixed,True,False,True,3,216,32,1.0,1.0,1.0,0.0,0.0
D1-CVE-2025-46835-trixie-V3|DC|gemma4_31b|withheld|P3|60.0|0.0|0|||0,gemma4_31b,DC,withheld,CVE-2025-46835,not_affected,fixed,False,False,True,4,326,51,1.0,1.0,1.0,0.0,0.0
D1-CVE-2025-46835-trixie-V3|S2|gemma4_31b|tracker|P1|60.0|0.0|0|||0,gemma4_31b,S2,tracker,CVE-2025-46835,fixed,fixed,True,False,True,6,360,54,1.0,1.0,1.0,0.0,0.0
D1-CVE-2025-46835-trixie-V3|S2|gemma4_31b|withheld|P1|60.0|0.0|0|||0,gemma4_31b,S2,withheld,CVE-2025-46835,fixed,fixed,True,False,True,7,478,75,1.0,0.0,1.0,0.0,0.0
D1-CVE-2025-46835-trixie-V3|S3|gemma4_31b|tracker|P1|60.0|0.0|0|||0,gemma4_31b,S3,tracker,CVE-2025-46835,fixed,fixed,True,False,True,5,341,51,1.0,1.0,1.0,0.0,0.0
D1-CVE-2025-46835-trixie-V3|S3|gemma4_31b|withheld|P1|60.0|0.0|0|||0,gemma4_31b,S3,withheld,CVE-2025-46835,not_affected,fixed,False,False,True,4,249,33,1.0,1.0,1.0,0.0,0.0
D1-CVE-2025-46835-trixie-V3|S4|gemma4_31b|tracker|P1|60.0|0.0|0|||0,gemma4_31b,S4,tracker,CVE-2025-46835,fixed,fixed,True,False,True,4,158,24,1.0,1.0,1.0,0.0,0.0
D1-CVE-2025-46835-trixie-V3|S4|gemma4_31b|withheld|P1|60.0|0.0|0|||0,gemma4_31b,S4,withheld,CVE-2025-46835,fixed,fixed,True,False,True,6,368,57,1.0,1.0,1.0,0.0,0.0
D1-CVE-2025-46835-trixie-V3|S5|gemma4_31b|tracker|P1|60.0|0.0|0|||0,gemma4_31b,S5,tracker,CVE-2025-46835,fixed,fixed,True,False,True,5,327,47,1.0,1.0,1.0,0.0,0.0
D1-CVE-2025-46835-trixie-V3|S5|gemma4_31b|withheld|P1|60.0|0.0|0|||0,gemma4_31b,S5,withheld,CVE-2025-46835,not_affected,fixed,False,False,True,4,333,50,1.0,1.0,1.0,0.0,0.0
D1-CVE-2025-5918-bookworm-V4|DC|mistral_small_24b|tracker|P3|60.0|0.0|0|||0,mistral_small_24b,DC,tracker,CVE-2025-5918,fixed,fixed,True,False,True,5,391,55,1.0,1.0,1.0,0.0,0.0
D1-CVE-2025-5918-bookworm-V4|DC|mistral_small_24b|withheld|P3|60.0|0.0|0|||0,mistral_small_24b,DC,withheld,CVE-2025-5918,not_affected,fixed,False,False,True,5,355,51,1.0,1.0,1.0,0.0,0.0
D1-CVE-2025-5918-bookworm-V4|S2|mistral_small_24b|tracker|P1|60.0|0.0|0|||0,mistral_small_24b,S2,tracker,CVE-2025-5918,fixed,fixed,True,False,True,10,435,58,1.0,1.0,1.0,0.0,0.0
D1-CVE-2025-5918-bookworm-V4|S2|mistral_small_24b|withheld|P1|60.0|0.0|0|||0,mistral_small_24b,S2,withheld,CVE-2025-5918,under_investigation,fixed,False,False,True,5,613,92,1.0,1.0,1.0,0.0,0.0
D1-CVE-2025-5918-bookworm-V4|S3|mistral_small_24b|tracker|P1|60.0|0.0|0|||0,mistral_small_24b,S3,tracker,CVE-2025-5918,fixed,fixed,True,False,True,3,124,16,1.0,1.0,1.0,0.0,0.0
D1-CVE-2025-5918-bookworm-V4|S3|mistral_small_24b|withheld|P1|60.0|0.0|0|||0,mistral_small_24b,S3,withheld,CVE-2025-5918,under_investigation,fixed,False,False,True,2,221,34,1.0,1.0,1.0,0.0,0.0
D1-CVE-2025-5918-bookworm-V4|S4|mistral_small_24b|tracker|P1|60.0|0.0|0|||0,mistral_small_24b,S4,tracker,CVE-2025-5918,fixed,fixed,True,False,True,3,111,15,1.0,1.0,1.0,0.0,0.0
D1-CVE-2025-5918-bookworm-V4|S4|mistral_small_24b|withheld|P1|60.0|0.0|0|||0,mistral_small_24b,S4,withheld,CVE-2025-5918,affected,fixed,False,False,True,3,107,14,1.0,1.0,1.0,0.0,0.0
D1-CVE-2025-5918-bookworm-V4|S5|mistral_small_24b|tracker|P1|60.0|0.0|0|||0,mistral_small_24b,S5,tracker,CVE-2025-5918,fixed,fixed,True,False,True,4,171,22,1.0,1.0,1.0,0.0,0.0
D1-CVE-2025-5918-bookworm-V4|S5|mistral_small_24b|withheld|P1|60.0|0.0|0|||0,mistral_small_24b,S5,withheld,CVE-2025-5918,under_investigation,fixed,False,False,True,4,377,52,1.0,1.0,1.0,0.0,0.0
D1-CVE-2025-5918-trixie-V2|DC|llama31_8b|tracker|P3|60.0|0.0|0|||0,llama31_8b,DC,tracker,CVE-2025-5918,affected,affected,True,False,True,3,384,55,1.0,0.0,0.0,0.5,0.0
D1-CVE-2025-5918-trixie-V2|DC|llama31_8b|withheld|P3|60.0|0.0|0|||0,llama31_8b,DC,withheld,CVE-2025-5918,affected,affected,True,False,True,4,368,58,1.0,1.0,1.0,0.0,0.0
D1-CVE-2025-5918-trixie-V2|S2|llama31_8b|tracker|P1|60.0|0.0|0|||0,llama31_8b,S2,tracker,CVE-2025-5918,not_affected,affected,False,False,True,4,187,28,1.0,0.0,0.0,0.5,0.0
D1-CVE-2025-5918-trixie-V2|S2|llama31_8b|withheld|P1|60.0|0.0|0|||0,llama31_8b,S2,withheld,CVE-2025-5918,not_affected,affected,False,False,True,4,344,52,1.0,1.0,1.0,0.0,0.0
D1-CVE-2025-5918-trixie-V2|S3|llama31_8b|tracker|P1|60.0|0.0|0|||0,llama31_8b,S3,tracker,CVE-2025-5918,fixed,affected,False,False,True,3,102,17,1.0,1.0,1.0,0.0,0.0
D1-CVE-2025-5918-trixie-V2|S3|llama31_8b|withheld|P1|60.0|0.0|0|||0,llama31_8b,S3,withheld,CVE-2025-5918,not_affected,affected,False,False,True,3,97,14,1.0,1.0,1.0,0.0,0.0
D1-CVE-2025-5918-trixie-V2|S4|llama31_8b|tracker|P1|60.0|0.0|0|||0,llama31_8b,S4,tracker,CVE-2025-5918,not_affected,affected,False,False,True,3,79,11,1.0,1.0,1.0,0.0,0.0
D1-CVE-2025-5918-trixie-V2|S4|llama31_8b|withheld|P1|60.0|0.0|0|||0,llama31_8b,S4,withheld,CVE-2025-5918,affected,affected,True,False,True,2,84,14,1.0,1.0,1.0,0.0,0.0
D1-CVE-2025-5918-trixie-V2|S5|llama31_8b|tracker|P1|60.0|0.0|0|||0,llama31_8b,S5,tracker,CVE-2025-5918,fixed,affected,False,False,True,3,102,17,1.0,1.0,1.0,0.0,0.0
D1-CVE-2025-5918-trixie-V2|S5|llama31_8b|withheld|P1|60.0|0.0|0|||0,llama31_8b,S5,withheld,CVE-2025-5918,not_affected,affected,False,False,True,5,345,55,1.0,1.0,1.0,0.0,0.0
D1-CVE-2025-5918-trixie-V4|DC|gemma4_31b|tracker|P3|60.0|0.0|0|||0,gemma4_31b,DC,tracker,CVE-2025-5918,fixed,fixed,True,False,True,3,187,29,1.0,1.0,1.0,0.0,0.0
D1-CVE-2025-5918-trixie-V4|DC|gemma4_31b|withheld|P3|60.0|0.0|0|||0,gemma4_31b,DC,withheld,CVE-2025-5918,not_affected,fixed,False,False,True,4,275,42,1.0,1.0,1.0,0.0,0.0
D1-CVE-2025-5918-trixie-V4|S2|gemma4_31b|tracker|P1|60.0|0.0|0|||0,gemma4_31b,S2,tracker,CVE-2025-5918,fixed,fixed,True,False,True,8,443,59,1.0,1.0,1.0,0.0,0.0
D1-CVE-2025-5918-trixie-V4|S2|gemma4_31b|withheld|P1|60.0|0.0|0|||0,gemma4_31b,S2,withheld,CVE-2025-5918,fixed,fixed,True,False,True,8,361,34,1.0,1.0,1.0,0.0,0.0
D1-CVE-2025-5918-trixie-V4|S3|gemma4_31b|tracker|P1|60.0|0.0|0|||0,gemma4_31b,S3,tracker,CVE-2025-5918,fixed,fixed,True,False,True,7,283,39,1.0,1.0,1.0,0.0,0.0
D1-CVE-2025-5918-trixie-V4|S3|gemma4_31b|withheld|P1|60.0|0.0|0|||0,gemma4_31b,S3,withheld,CVE-2025-5918,fixed,fixed,True,False,True,4,247,33,1.0,1.0,1.0,0.0,0.0
D1-CVE-2025-5918-trixie-V4|S4|gemma4_31b|tracker|P1|60.0|0.0|0|||0,gemma4_31b,S4,tracker,CVE-2025-5918,fixed,fixed,True,False,True,4,299,42,1.0,1.0,1.0,0.0,0.0
D1-CVE-2025-5918-trixie-V4|S4|gemma4_31b|withheld|P1|60.0|0.0|0|||0,gemma4_31b,S4,withheld,CVE-2025-5918,fixed,fixed,True,False,True,5,307,34,1.0,1.0,1.0,0.0,0.0
D1-CVE-2025-5918-trixie-V4|S5|gemma4_31b|tracker|P1|60.0|0.0|0|||0,gemma4_31b,S5,tracker,CVE-2025-5918,fixed,fixed,True,False,True,5,388,54,1.0,1.0,1.0,0.0,0.0
D1-CVE-2025-5918-trixie-V4|S5|gemma4_31b|withheld|P1|60.0|0.0|0|||0,gemma4_31b,S5,withheld,CVE-2025-5918,fixed,fixed,True,False,True,11,514,64,1.0,1.0,1.0,0.0,0.0
D1-CVE-2025-8677-bookworm-V2|DC|qwen3_4b|tracker|P3|60.0|0.0|0|||0,qwen3_4b,DC,tracker,CVE-2025-8677,affected,affected,True,False,True,4,336,51,1.0,1.0,1.0,0.0,0.0
D1-CVE-2025-8677-bookworm-V2|DC|qwen3_4b|withheld|P3|60.0|0.0|0|||0,qwen3_4b,DC,withheld,CVE-2025-8677,affected,affected,True,False,True,6,263,38,1.0,1.0,1.0,0.0,0.0
D1-CVE-2025-8677-bookworm-V2|S2|qwen3_4b|tracker|P1|60.0|0.0|0|||0,qwen3_4b,S2,tracker,CVE-2025-8677,fixed,affected,False,False,True,5,311,47,1.0,0.0,1.0,0.0,0.0
D1-CVE-2025-8677-bookworm-V2|S2|qwen3_4b|withheld|P1|60.0|0.0|0|||0,qwen3_4b,S2,withheld,CVE-2025-8677,fixed,affected,False,False,True,6,455,62,1.0,0.0,1.0,0.0,0.0
D1-CVE-2025-8677-bookworm-V2|S3|qwen3_4b|tracker|P1|60.0|0.0|0|||0,qwen3_4b,S3,tracker,CVE-2025-8677,fixed,affected,False,False,True,3,123,15,1.0,0.6666666666666666,0.6666666666666666,0.3333333333333333,0.0
D1-CVE-2025-8677-bookworm-V2|S3|qwen3_4b|withheld|P1|60.0|0.0|0|||0,qwen3_4b,S3,withheld,CVE-2025-8677,affected,affected,True,False,True,4,275,37,1.0,0.0,0.0,0.0,0.0
D1-CVE-2025-8677-bookworm-V2|S4|qwen3_4b|tracker|P1|60.0|0.0|0|||0,qwen3_4b,S4,tracker,CVE-2025-8677,fixed,affected,False,False,True,3,123,15,1.0,0.6666666666666666,0.6666666666666666,0.3333333333333333,0.0
D1-CVE-2025-8677-bookworm-V2|S4|qwen3_4b|withheld|P1|60.0|0.0|0|||0,qwen3_4b,S4,withheld,CVE-2025-8677,not_affected,affected,False,False,True,3,252,32,1.0,1.0,1.0,0.0,0.0
D1-CVE-2025-8677-bookworm-V2|S5|qwen3_4b|tracker|P1|60.0|0.0|0|||0,qwen3_4b,S5,tracker,CVE-2025-8677,fixed,affected,False,False,True,5,315,42,1.0,1.0,1.0,0.0,0.0
D1-CVE-2025-8677-bookworm-V2|S5|qwen3_4b|withheld|P1|60.0|0.0|0|||0,qwen3_4b,S5,withheld,CVE-2025-8677,fixed,affected,False,False,True,7,490,70,1.0,0.0,1.0,0.0,0.0
D1-CVE-2025-9232-bookworm-V1|DC|llama31_8b|tracker|P3|60.0|0.0|0|||0,llama31_8b,DC,tracker,CVE-2025-9232,not_affected,not_affected,True,False,True,3,363,58,1.0,1.0,1.0,0.0,0.0
D1-CVE-2025-9232-bookworm-V1|DC|llama31_8b|withheld|P3|60.0|0.0|0|||0,llama31_8b,DC,withheld,CVE-2025-9232,not_affected,not_affected,True,False,True,3,371,59,1.0,1.0,1.0,0.0,0.0
D1-CVE-2025-9232-bookworm-V1|S2|llama31_8b|tracker|P1|60.0|0.0|0|||0,llama31_8b,S2,tracker,CVE-2025-9232,not_affected,not_affected,True,False,True,6,219,30,1.0,0.0,1.0,0.0,0.0
D1-CVE-2025-9232-bookworm-V1|S2|llama31_8b|withheld|P1|60.0|0.0|0|||0,llama31_8b,S2,withheld,CVE-2025-9232,not_affected,not_affected,True,False,True,4,309,46,1.0,1.0,1.0,0.0,0.0
D1-CVE-2025-9232-bookworm-V1|S3|llama31_8b|tracker|P1|60.0|0.0|0|||0,llama31_8b,S3,tracker,CVE-2025-9232,not_affected,not_affected,True,False,True,1,69,11,1.0,1.0,1.0,0.0,0.0
D1-CVE-2025-9232-bookworm-V1|S3|llama31_8b|withheld|P1|60.0|0.0|0|||0,llama31_8b,S3,withheld,CVE-2025-9232,not_affected,not_affected,True,False,True,1,24,4,1.0,1.0,1.0,0.0,0.0
D1-CVE-2025-9232-bookworm-V1|S4|llama31_8b|tracker|P1|60.0|0.0|0|||0,llama31_8b,S4,tracker,CVE-2025-9232,not_affected,not_affected,True,False,True,1,24,4,1.0,1.0,1.0,0.0,0.0
D1-CVE-2025-9232-bookworm-V1|S4|llama31_8b|withheld|P1|60.0|0.0|0|||0,llama31_8b,S4,withheld,CVE-2025-9232,not_affected,not_affected,True,False,True,1,24,4,1.0,1.0,1.0,0.0,0.0
D1-CVE-2025-9232-bookworm-V1|S5|llama31_8b|tracker|P1|60.0|0.0|0|||0,llama31_8b,S5,tracker,CVE-2025-9232,not_affected,not_affected,True,False,True,2,462,72,1.0,1.0,1.0,0.0,0.0
D1-CVE-2025-9232-bookworm-V1|S5|llama31_8b|withheld|P1|60.0|0.0|0|||0,llama31_8b,S5,withheld,CVE-2025-9232,not_affected,not_affected,True,False,True,1,24,4,1.0,1.0,1.0,0.0,0.0
D1-CVE-2025-9232-bookworm-V2|DC|qwen3_14b|tracker|P3|60.0|0.0|0|||0,qwen3_14b,DC,tracker,CVE-2025-9232,affected,affected,True,False,True,4,348,52,1.0,1.0,1.0,0.0,0.0
D1-CVE-2025-9232-bookworm-V2|DC|qwen3_14b|withheld|P3|60.0|0.0|0|||0,qwen3_14b,DC,withheld,CVE-2025-9232,affected,affected,True,False,True,5,348,51,1.0,1.0,1.0,0.0,0.0
D1-CVE-2025-9232-bookworm-V2|S2|qwen3_14b|tracker|P1|60.0|0.0|0|||0,qwen3_14b,S2,tracker,CVE-2025-9232,fixed,affected,False,False,True,3,221,32,1.0,1.0,1.0,0.0,0.0
D1-CVE-2025-9232-bookworm-V2|S2|qwen3_14b|withheld|P1|60.0|0.0|0|||0,qwen3_14b,S2,withheld,CVE-2025-9232,fixed,affected,False,False,True,7,347,50,1.0,0.0,0.3333333333333333,0.6666666666666666,0.0
D1-CVE-2025-9232-bookworm-V2|S3|qwen3_14b|tracker|P1|60.0|0.0|0|||0,qwen3_14b,S3,tracker,CVE-2025-9232,affected,affected,True,False,True,3,165,21,1.0,1.0,1.0,0.0,0.0
D1-CVE-2025-9232-bookworm-V2|S3|qwen3_14b|withheld|P1|60.0|0.0|0|||0,qwen3_14b,S3,withheld,CVE-2025-9232,fixed,affected,False,False,True,5,308,44,1.0,0.0,0.0,0.3333333333333333,0.0
D1-CVE-2025-9232-bookworm-V2|S4|qwen3_14b|tracker|P1|60.0|0.0|0|||0,qwen3_14b,S4,tracker,CVE-2025-9232,affected,affected,True,False,True,3,185,25,1.0,1.0,1.0,0.0,0.0
D1-CVE-2025-9232-bookworm-V2|S4|qwen3_14b|withheld|P1|60.0|0.0|0|||0,qwen3_14b,S4,withheld,CVE-2025-9232,fixed,affected,False,False,True,5,328,47,1.0,0.0,0.3333333333333333,0.6666666666666666,0.0
D1-CVE-2025-9232-bookworm-V2|S5|qwen3_14b|tracker|P1|60.0|0.0|0|||0,qwen3_14b,S5,tracker,CVE-2025-9232,affected,affected,True,False,True,5,318,44,1.0,1.0,1.0,0.0,0.0
D1-CVE-2025-9232-bookworm-V2|S5|qwen3_14b|withheld|P1|60.0|0.0|0|||0,qwen3_14b,S5,withheld,CVE-2025-9232,fixed,affected,False,False,True,5,308,44,1.0,0.0,0.0,0.3333333333333333,0.0
D1-CVE-2025-9232-bookworm-V3|DC|qwen3_14b|tracker|P3|60.0|0.0|0|||0,qwen3_14b,DC,tracker,CVE-2025-9232,fixed,fixed,True,False,True,5,436,66,1.0,1.0,1.0,0.0,0.0
D1-CVE-2025-9232-bookworm-V3|DC|qwen3_14b|withheld|P3|60.0|0.0|0|||0,qwen3_14b,DC,withheld,CVE-2025-9232,not_affected,fixed,False,False,True,5,361,58,1.0,1.0,1.0,0.0,0.0
D1-CVE-2025-9232-bookworm-V3|S2|qwen3_14b|tracker|P1|60.0|0.0|0|||0,qwen3_14b,S2,tracker,CVE-2025-9232,fixed,fixed,True,False,True,4,237,34,1.0,1.0,1.0,0.0,0.0
D1-CVE-2025-9232-bookworm-V3|S2|qwen3_14b|withheld|P1|60.0|0.0|0|||0,qwen3_14b,S2,withheld,CVE-2025-9232,not_affected,fixed,False,False,True,7,486,75,1.0,1.0,1.0,0.0,0.0
D1-CVE-2025-9232-bookworm-V3|S3|qwen3_14b|tracker|P1|60.0|0.0|0|||0,qwen3_14b,S3,tracker,CVE-2025-9232,fixed,fixed,True,False,True,3,160,20,1.0,1.0,1.0,0.0,0.0
D1-CVE-2025-9232-bookworm-V3|S3|qwen3_14b|withheld|P1|60.0|0.0|0|||0,qwen3_14b,S3,withheld,CVE-2025-9232,not_affected,fixed,False,False,True,3,193,29,1.0,1.0,1.0,0.0,0.0
D1-CVE-2025-9232-bookworm-V3|S4|qwen3_14b|tracker|P1|60.0|0.0|0|||0,qwen3_14b,S4,tracker,CVE-2025-9232,fixed,fixed,True,False,True,3,183,24,1.0,1.0,1.0,0.0,0.0
D1-CVE-2025-9232-bookworm-V3|S4|qwen3_14b|withheld|P1|60.0|0.0|0|||0,qwen3_14b,S4,withheld,CVE-2025-9232,not_affected,fixed,False,False,True,3,159,22,1.0,1.0,1.0,0.0,0.0
D1-CVE-2025-9232-bookworm-V3|S5|qwen3_14b|tracker|P1|60.0|0.0|0|||0,qwen3_14b,S5,tracker,CVE-2025-9232,fixed,fixed,True,False,True,3,160,20,1.0,1.0,1.0,0.0,0.0
D1-CVE-2025-9232-bookworm-V3|S5|qwen3_14b|withheld|P1|60.0|0.0|0|||0,qwen3_14b,S5,withheld,CVE-2025-9232,not_affected,fixed,False,False,True,4,291,43,1.0,1.0,1.0,0.0,0.0
D1-CVE-2025-9232-bookworm-V6|DC|granite41_8b|tracker|P3|60.0|0.0|0|||0,granite41_8b,DC,tracker,CVE-2025-9232,not_affected,not_affected,True,False,True,3,442,61,1.0,1.0,1.0,0.0,0.0
D1-CVE-2025-9232-bookworm-V6|DC|granite41_8b|withheld|P3|60.0|0.0|0|||0,granite41_8b,DC,withheld,CVE-2025-9232,not_affected,not_affected,True,False,True,5,492,68,1.0,1.0,1.0,0.0,0.0
D1-CVE-2025-9232-bookworm-V6|S2|granite41_8b|tracker|P1|60.0|0.0|0|||0,granite41_8b,S2,tracker,CVE-2025-9232,not_affected,not_affected,True,False,True,3,297,45,1.0,1.0,1.0,0.0,0.0
D1-CVE-2025-9232-bookworm-V6|S2|granite41_8b|withheld|P1|60.0|0.0|0|||0,granite41_8b,S2,withheld,CVE-2025-9232,not_affected,not_affected,True,False,True,3,245,38,1.0,1.0,1.0,0.0,0.0
D1-CVE-2025-9232-bookworm-V6|S3|granite41_8b|tracker|P1|60.0|0.0|0|||0,granite41_8b,S3,tracker,CVE-2025-9232,not_affected,not_affected,True,False,True,2,112,19,1.0,1.0,1.0,0.0,0.0
D1-CVE-2025-9232-bookworm-V6|S3|granite41_8b|withheld|P1|60.0|0.0|0|||0,granite41_8b,S3,withheld,CVE-2025-9232,not_affected,not_affected,True,False,True,2,89,15,1.0,1.0,1.0,0.0,0.0
D1-CVE-2025-9232-bookworm-V6|S4|granite41_8b|tracker|P1|60.0|0.0|0|||0,granite41_8b,S4,tracker,CVE-2025-9232,not_affected,not_affected,True,False,True,3,141,23,1.0,1.0,1.0,0.0,0.0
D1-CVE-2025-9232-bookworm-V6|S4|granite41_8b|withheld|P1|60.0|0.0|0|||0,granite41_8b,S4,withheld,CVE-2025-9232,not_affected,not_affected,True,False,True,2,115,20,1.0,1.0,1.0,0.0,0.0
D1-CVE-2025-9232-bookworm-V6|S5|granite41_8b|tracker|P1|60.0|0.0|0|||0,granite41_8b,S5,tracker,CVE-2025-9232,not_affected,not_affected,True,False,True,6,433,63,1.0,1.0,1.0,0.0,0.0
D1-CVE-2025-9232-bookworm-V6|S5|granite41_8b|withheld|P1|60.0|0.0|0|||0,granite41_8b,S5,withheld,CVE-2025-9232,not_affected,not_affected,True,False,True,2,89,15,1.0,1.0,1.0,0.0,0.0
D1-CVE-2025-9232-trixie-V3|DC|gemma4_31b|tracker|P3|60.0|0.0|0|||0,gemma4_31b,DC,tracker,CVE-2025-9232,fixed,fixed,True,False,True,4,187,29,1.0,1.0,1.0,0.0,0.0
D1-CVE-2025-9232-trixie-V3|DC|gemma4_31b|withheld|P3|60.0|0.0|0|||0,gemma4_31b,DC,withheld,CVE-2025-9232,not_affected,fixed,False,False,True,5,334,50,1.0,1.0,1.0,0.0,0.0
D1-CVE-2025-9232-trixie-V3|S2|gemma4_31b|tracker|P1|60.0|0.0|0|||0,gemma4_31b,S2,tracker,CVE-2025-9232,fixed,fixed,True,False,True,8,494,68,1.0,1.0,1.0,0.0,0.0
D1-CVE-2025-9232-trixie-V3|S2|gemma4_31b|withheld|P1|60.0|0.0|0|||0,gemma4_31b,S2,withheld,CVE-2025-9232,fixed,fixed,True,False,True,8,620,86,1.0,1.0,1.0,0.0,0.0
D1-CVE-2025-9232-trixie-V3|S3|gemma4_31b|tracker|P1|60.0|0.0|0|||0,gemma4_31b,S3,tracker,CVE-2025-9232,fixed,fixed,True,False,True,6,435,57,1.0,1.0,1.0,0.0,0.0
D1-CVE-2025-9232-trixie-V3|S3|gemma4_31b|withheld|P1|60.0|0.0|0|||0,gemma4_31b,S3,withheld,CVE-2025-9232,fixed,fixed,True,False,True,5,458,67,1.0,1.0,1.0,0.0,0.0
D1-CVE-2025-9232-trixie-V3|S4|gemma4_31b|tracker|P1|60.0|0.0|0|||0,gemma4_31b,S4,tracker,CVE-2025-9232,fixed,fixed,True,False,True,9,327,43,1.0,1.0,1.0,0.0,0.0
D1-CVE-2025-9232-trixie-V3|S4|gemma4_31b|withheld|P1|60.0|0.0|0|||0,gemma4_31b,S4,withheld,CVE-2025-9232,under_investigation,fixed,False,False,True,9,615,94,1.0,1.0,1.0,0.0,0.0
D1-CVE-2025-9232-trixie-V3|S5|gemma4_31b|tracker|P1|60.0|0.0|0|||0,gemma4_31b,S5,tracker,CVE-2025-9232,fixed,fixed,True,False,True,7,424,61,1.0,1.0,1.0,0.0,0.0
D1-CVE-2025-9232-trixie-V3|S5|gemma4_31b|withheld|P1|60.0|0.0|0|||0,gemma4_31b,S5,withheld,CVE-2025-9232,under_investigation,fixed,False,False,True,8,581,85,1.0,1.0,1.0,0.0,0.0
D1-CVE-2026-0915-bookworm-V4|DC|llama31_8b|tracker|P3|60.0|0.0|0|||0,llama31_8b,DC,tracker,CVE-2026-0915,fixed,fixed,True,False,True,6,510,81,1.0,1.0,1.0,0.0,0.0
D1-CVE-2026-0915-bookworm-V4|DC|llama31_8b|withheld|P3|60.0|0.0|0|||0,llama31_8b,DC,withheld,CVE-2026-0915,not_affected,fixed,False,False,True,4,552,81,1.0,1.0,1.0,0.0,0.0
D1-CVE-2026-0915-bookworm-V4|S2|llama31_8b|tracker|P1|60.0|0.0|0|||0,llama31_8b,S2,tracker,CVE-2026-0915,not_affected,fixed,False,False,True,5,196,32,1.0,1.0,1.0,0.0,0.0
D1-CVE-2026-0915-bookworm-V4|S2|llama31_8b|withheld|P1|60.0|0.0|0|||0,llama31_8b,S2,withheld,CVE-2026-0915,not_affected,fixed,False,False,True,4,256,41,1.0,1.0,1.0,0.0,0.0
D1-CVE-2026-0915-bookworm-V4|S3|llama31_8b|tracker|P1|60.0|0.0|0|||0,llama31_8b,S3,tracker,CVE-2026-0915,not_affected,fixed,False,False,True,2,151,21,1.0,0.0,1.0,0.0,0.0
D1-CVE-2026-0915-bookworm-V4|S3|llama31_8b|withheld|P1|60.0|0.0|0|||0,llama31_8b,S3,withheld,CVE-2026-0915,under_investigation,fixed,False,False,True,0,23,3,1.0,0.0,0.0,1.0,1.0
D1-CVE-2026-0915-bookworm-V4|S4|llama31_8b|tracker|P1|60.0|0.0|0|||0,llama31_8b,S4,tracker,CVE-2026-0915,not_affected,fixed,False,False,True,2,89,13,1.0,1.0,1.0,0.0,0.0
D1-CVE-2026-0915-bookworm-V4|S4|llama31_8b|withheld|P1|60.0|0.0|0|||0,llama31_8b,S4,withheld,CVE-2026-0915,under_investigation,fixed,False,False,True,0,33,4,1.0,1.0,1.0,0.0,1.0
D1-CVE-2026-0915-bookworm-V4|S5|llama31_8b|tracker|P1|60.0|0.0|0|||0,llama31_8b,S5,tracker,CVE-2026-0915,not_affected,fixed,False,False,True,5,355,54,1.0,0.0,1.0,0.0,0.0
D1-CVE-2026-0915-bookworm-V4|S5|llama31_8b|withheld|P1|60.0|0.0|0|||0,llama31_8b,S5,withheld,CVE-2026-0915,under_investigation,fixed,False,False,True,0,23,3,1.0,0.0,0.0,1.0,1.0
D1-CVE-2026-0915-trixie-V4|DC|qwen3_4b|tracker|P3|60.0|0.0|0|||0,qwen3_4b,DC,tracker,CVE-2026-0915,fixed,fixed,True,False,True,3,259,40,1.0,1.0,1.0,0.0,0.0
D1-CVE-2026-0915-trixie-V4|DC|qwen3_4b|withheld|P3|60.0|0.0|0|||0,qwen3_4b,DC,withheld,CVE-2026-0915,not_affected,fixed,False,False,True,5,370,55,1.0,1.0,1.0,0.0,0.0
D1-CVE-2026-0915-trixie-V4|S2|qwen3_4b|tracker|P1|60.0|0.0|0|||0,qwen3_4b,S2,tracker,CVE-2026-0915,fixed,fixed,True,False,True,8,405,61,1.0,0.6666666666666666,1.0,0.0,0.0
D1-CVE-2026-0915-trixie-V4|S2|qwen3_4b|withheld|P1|60.0|0.0|0|||0,qwen3_4b,S2,withheld,CVE-2026-0915,affected,fixed,False,False,True,6,374,57,1.0,1.0,1.0,0.0,0.0
D1-CVE-2026-0915-trixie-V4|S3|qwen3_4b|tracker|P1|60.0|0.0|0|||0,qwen3_4b,S3,tracker,CVE-2026-0915,fixed,fixed,True,False,True,4,164,22,1.0,1.0,1.0,0.0,0.0
D1-CVE-2026-0915-trixie-V4|S3|qwen3_4b|withheld|P1|60.0|0.0|0|||0,qwen3_4b,S3,withheld,CVE-2026-0915,affected,fixed,False,False,True,5,199,33,1.0,0.0,0.0,0.0,0.0
D1-CVE-2026-0915-trixie-V4|S4|qwen3_4b|tracker|P1|60.0|0.0|0|||0,qwen3_4b,S4,tracker,CVE-2026-0915,fixed,fixed,True,False,True,4,184,27,1.0,1.0,1.0,0.0,0.0
D1-CVE-2026-0915-trixie-V4|S4|qwen3_4b|withheld|P1|60.0|0.0|0|||0,qwen3_4b,S4,withheld,CVE-2026-0915,affected,fixed,False,False,True,5,254,37,1.0,1.0,1.0,0.0,0.0
D1-CVE-2026-0915-trixie-V4|S5|qwen3_4b|tracker|P1|60.0|0.0|0|||0,qwen3_4b,S5,tracker,CVE-2026-0915,fixed,fixed,True,False,True,4,164,22,1.0,1.0,1.0,0.0,0.0
D1-CVE-2026-0915-trixie-V4|S5|qwen3_4b|withheld|P1|60.0|0.0|0|||0,qwen3_4b,S5,withheld,CVE-2026-0915,not_affected,fixed,False,False,True,4,243,39,1.0,0.0,1.0,0.0,0.0
D1-CVE-2026-0990-bookworm-V4|DC|qwen3_4b|tracker|P3|60.0|0.0|0|||0,qwen3_4b,DC,tracker,CVE-2026-0990,fixed,fixed,True,False,True,3,217,36,1.0,1.0,1.0,0.0,0.0
D1-CVE-2026-0990-bookworm-V4|DC|qwen3_4b|withheld|P3|60.0|0.0|0|||0,qwen3_4b,DC,withheld,CVE-2026-0990,not_affected,fixed,False,False,True,5,359,60,1.0,1.0,1.0,0.0,0.0
D1-CVE-2026-0990-bookworm-V4|S2|qwen3_4b|tracker|P1|60.0|0.0|0|||0,qwen3_4b,S2,tracker,CVE-2026-0990,fixed,fixed,True,False,True,6,402,61,1.0,0.0,1.0,0.0,0.0
D1-CVE-2026-0990-bookworm-V4|S2|qwen3_4b|withheld|P1|60.0|0.0|0|||0,qwen3_4b,S2,withheld,CVE-2026-0990,fixed,fixed,True,False,True,4,345,55,1.0,0.0,1.0,0.0,0.0
D1-CVE-2026-0990-bookworm-V4|S3|qwen3_4b|tracker|P1|60.0|0.0|0|||0,qwen3_4b,S3,tracker,CVE-2026-0990,fixed,fixed,True,False,True,5,228,29,1.0,1.0,1.0,0.0,0.0
D1-CVE-2026-0990-bookworm-V4|S3|qwen3_4b|withheld|P1|60.0|0.0|0|||0,qwen3_4b,S3,withheld,CVE-2026-0990,affected,fixed,False,False,True,5,268,36,1.0,0.0,0.0,0.0,0.0
D1-CVE-2026-0990-bookworm-V4|S4|qwen3_4b|tracker|P1|60.0|0.0|0|||0,qwen3_4b,S4,tracker,CVE-2026-0990,fixed,fixed,True,False,True,1,135,18,1.0,1.0,1.0,0.0,0.0
D1-CVE-2026-0990-bookworm-V4|S4|qwen3_4b|withheld|P1|60.0|0.0|0|||0,qwen3_4b,S4,withheld,CVE-2026-0990,not_affected,fixed,False,False,True,4,210,29,1.0,1.0,1.0,0.0,0.0
D1-CVE-2026-0990-bookworm-V4|S5|qwen3_4b|tracker|P1|60.0|0.0|0|||0,qwen3_4b,S5,tracker,CVE-2026-0990,fixed,fixed,True,False,True,4,262,34,1.0,1.0,1.0,0.0,0.0
D1-CVE-2026-0990-bookworm-V4|S5|qwen3_4b|withheld|P1|60.0|0.0|0|||0,qwen3_4b,S5,withheld,CVE-2026-0990,fixed,fixed,True,False,True,8,477,67,1.0,0.0,1.0,0.0,0.0
D1-CVE-2026-0990-trixie-V6|DC|qwen3_14b|tracker|P3|60.0|0.0|0|||0,qwen3_14b,DC,tracker,CVE-2026-0990,not_affected,not_affected,True,False,True,2,373,57,1.0,1.0,1.0,0.0,0.0
D1-CVE-2026-0990-trixie-V6|DC|qwen3_14b|withheld|P3|60.0|0.0|0|||0,qwen3_14b,DC,withheld,CVE-2026-0990,not_affected,not_affected,True,False,True,4,386,59,1.0,1.0,1.0,0.0,0.0
D1-CVE-2026-0990-trixie-V6|S2|qwen3_14b|tracker|P1|60.0|0.0|0|||0,qwen3_14b,S2,tracker,CVE-2026-0990,not_affected,not_affected,True,False,True,3,201,33,1.0,1.0,1.0,0.0,0.0
D1-CVE-2026-0990-trixie-V6|S2|qwen3_14b|withheld|P1|60.0|0.0|0|||0,qwen3_14b,S2,withheld,CVE-2026-0990,not_affected,not_affected,True,False,True,2,143,23,1.0,1.0,1.0,0.0,0.0
D1-CVE-2026-0990-trixie-V6|S3|qwen3_14b|tracker|P1|60.0|0.0|0|||0,qwen3_14b,S3,tracker,CVE-2026-0990,not_affected,not_affected,True,False,True,2,118,19,1.0,1.0,1.0,0.0,0.0
D1-CVE-2026-0990-trixie-V6|S3|qwen3_14b|withheld|P1|60.0|0.0|0|||0,qwen3_14b,S3,withheld,CVE-2026-0990,not_affected,not_affected,True,False,True,2,118,19,1.0,1.0,1.0,0.0,0.0
D1-CVE-2026-0990-trixie-V6|S4|qwen3_14b|tracker|P1|60.0|0.0|0|||0,qwen3_14b,S4,tracker,CVE-2026-0990,not_affected,not_affected,True,False,True,2,99,17,1.0,1.0,1.0,0.0,0.0
D1-CVE-2026-0990-trixie-V6|S4|qwen3_14b|withheld|P1|60.0|0.0|0|||0,qwen3_14b,S4,withheld,CVE-2026-0990,not_affected,not_affected,True,False,True,2,118,19,1.0,1.0,1.0,0.0,0.0
D1-CVE-2026-0990-trixie-V6|S5|qwen3_14b|tracker|P1|60.0|0.0|0|||0,qwen3_14b,S5,tracker,CVE-2026-0990,not_affected,not_affected,True,False,True,2,118,19,1.0,1.0,1.0,0.0,0.0
D1-CVE-2026-0990-trixie-V6|S5|qwen3_14b|withheld|P1|60.0|0.0|0|||0,qwen3_14b,S5,withheld,CVE-2026-0990,not_affected,not_affected,True,False,True,2,118,19,1.0,1.0,1.0,0.0,0.0
D1-CVE-2026-0992-bookworm-V4|DC|mistral_small_24b|tracker|P3|60.0|0.0|0|||0,mistral_small_24b,DC,tracker,CVE-2026-0992,fixed,fixed,True,False,True,5,376,52,1.0,1.0,1.0,0.0,0.0
D1-CVE-2026-0992-bookworm-V4|DC|mistral_small_24b|withheld|P3|60.0|0.0|0|||0,mistral_small_24b,DC,withheld,CVE-2026-0992,not_affected,fixed,False,False,True,5,372,56,1.0,1.0,1.0,0.0,0.0
D1-CVE-2026-0992-bookworm-V4|S2|mistral_small_24b|tracker|P1|60.0|0.0|0|||0,mistral_small_24b,S2,tracker,CVE-2026-0992,fixed,fixed,True,False,True,4,292,41,1.0,0.6666666666666666,1.0,0.0,0.0
D1-CVE-2026-0992-bookworm-V4|S2|mistral_small_24b|withheld|P1|60.0|0.0|0|||0,mistral_small_24b,S2,withheld,CVE-2026-0992,fixed,fixed,True,False,True,5,332,44,1.0,0.0,1.0,0.0,0.0
D1-CVE-2026-0992-bookworm-V4|S3|mistral_small_24b|tracker|P1|60.0|0.0|0|||0,mistral_small_24b,S3,tracker,CVE-2026-0992,fixed,fixed,True,False,True,2,146,20,1.0,1.0,1.0,0.0,0.0
D1-CVE-2026-0992-bookworm-V4|S3|mistral_small_24b|withheld|P1|60.0|0.0|0|||0,mistral_small_24b,S3,withheld,CVE-2026-0992,affected,fixed,False,False,True,3,135,18,1.0,1.0,1.0,0.0,0.0
D1-CVE-2026-0992-bookworm-V4|S4|mistral_small_24b|tracker|P1|60.0|0.0|0|||0,mistral_small_24b,S4,tracker,CVE-2026-0992,fixed,fixed,True,False,True,2,91,14,1.0,1.0,1.0,0.0,0.0
D1-CVE-2026-0992-bookworm-V4|S4|mistral_small_24b|withheld|P1|60.0|0.0|0|||0,mistral_small_24b,S4,withheld,CVE-2026-0992,not_affected,fixed,False,False,True,1,68,12,1.0,0.6666666666666666,0.6666666666666666,0.3333333333333333,0.0
D1-CVE-2026-0992-bookworm-V4|S5|mistral_small_24b|tracker|P1|60.0|0.0|0|||0,mistral_small_24b,S5,tracker,CVE-2026-0992,fixed,fixed,True,False,True,3,146,19,1.0,1.0,1.0,0.0,0.0
D1-CVE-2026-0992-bookworm-V4|S5|mistral_small_24b|withheld|P1|60.0|0.0|0|||0,mistral_small_24b,S5,withheld,CVE-2026-0992,affected,fixed,False,False,True,4,240,33,1.0,1.0,1.0,0.0,0.0
D1-CVE-2026-0992-bookworm-V6|DC|mistral_small_24b|tracker|P3|60.0|0.0|0|||0,mistral_small_24b,DC,tracker,CVE-2026-0992,not_affected,not_affected,True,False,True,3,370,49,1.0,1.0,1.0,0.0,0.0
D1-CVE-2026-0992-bookworm-V6|DC|mistral_small_24b|withheld|P3|60.0|0.0|0|||0,mistral_small_24b,DC,withheld,CVE-2026-0992,not_affected,not_affected,True,False,True,3,322,42,1.0,1.0,1.0,0.0,0.0
D1-CVE-2026-0992-bookworm-V6|S2|mistral_small_24b|tracker|P1|60.0|0.0|0|||0,mistral_small_24b,S2,tracker,CVE-2026-0992,not_affected,not_affected,True,False,True,4,370,55,1.0,1.0,1.0,0.0,0.0
D1-CVE-2026-0992-bookworm-V6|S2|mistral_small_24b|withheld|P1|60.0|0.0|0|||0,mistral_small_24b,S2,withheld,CVE-2026-0992,not_affected,not_affected,True,False,True,4,357,56,1.0,1.0,1.0,0.0,0.0
D1-CVE-2026-0992-bookworm-V6|S3|mistral_small_24b|tracker|P1|60.0|0.0|0|||0,mistral_small_24b,S3,tracker,CVE-2026-0992,not_affected,not_affected,True,False,True,2,105,19,1.0,1.0,1.0,0.0,0.0
D1-CVE-2026-0992-bookworm-V6|S3|mistral_small_24b|withheld|P1|60.0|0.0|0|||0,mistral_small_24b,S3,withheld,CVE-2026-0992,not_affected,not_affected,True,False,True,2,105,19,1.0,1.0,1.0,0.0,0.0
D1-CVE-2026-0992-bookworm-V6|S4|mistral_small_24b|tracker|P1|60.0|0.0|0|||0,mistral_small_24b,S4,tracker,CVE-2026-0992,not_affected,not_affected,True,False,True,1,69,11,1.0,1.0,1.0,0.0,0.0
D1-CVE-2026-0992-bookworm-V6|S4|mistral_small_24b|withheld|P1|60.0|0.0|0|||0,mistral_small_24b,S4,withheld,CVE-2026-0992,not_affected,not_affected,True,False,True,1,49,9,1.0,1.0,1.0,0.0,0.0
D1-CVE-2026-0992-bookworm-V6|S5|mistral_small_24b|tracker|P1|60.0|0.0|0|||0,mistral_small_24b,S5,tracker,CVE-2026-0992,not_affected,not_affected,True,False,True,2,105,19,1.0,1.0,1.0,0.0,0.0
D1-CVE-2026-0992-bookworm-V6|S5|mistral_small_24b|withheld|P1|60.0|0.0|0|||0,mistral_small_24b,S5,withheld,CVE-2026-0992,not_affected,not_affected,True,False,True,2,105,19,1.0,1.0,1.0,0.0,0.0
D1-CVE-2026-11824-trixie-V4|DC|mistral_small_24b|tracker|P3|60.0|0.0|0|||0,mistral_small_24b,DC,tracker,CVE-2026-11824,fixed,fixed,True,False,True,6,348,52,1.0,1.0,1.0,0.0,0.0
D1-CVE-2026-11824-trixie-V4|DC|mistral_small_24b|withheld|P3|60.0|0.0|0|||0,mistral_small_24b,DC,withheld,CVE-2026-11824,not_affected,fixed,False,False,True,6,371,56,1.0,1.0,1.0,0.0,0.0
D1-CVE-2026-11824-trixie-V4|S2|mistral_small_24b|tracker|P1|60.0|0.0|0|||0,mistral_small_24b,S2,tracker,CVE-2026-11824,fixed,fixed,True,False,True,5,364,53,1.0,0.6666666666666666,1.0,0.0,0.0
D1-CVE-2026-11824-trixie-V4|S2|mistral_small_24b|withheld|P1|60.0|0.0|0|||0,mistral_small_24b,S2,withheld,CVE-2026-11824,fixed,fixed,True,False,True,7,305,45,1.0,1.0,1.0,0.0,0.0
D1-CVE-2026-11824-trixie-V4|S3|mistral_small_24b|tracker|P1|60.0|0.0|0|||0,mistral_small_24b,S3,tracker,CVE-2026-11824,fixed,fixed,True,False,True,3,97,13,1.0,1.0,1.0,0.0,0.0
D1-CVE-2026-11824-trixie-V4|S3|mistral_small_24b|withheld|P1|60.0|0.0|0|||0,mistral_small_24b,S3,withheld,CVE-2026-11824,affected,fixed,False,False,True,5,174,25,1.0,1.0,1.0,0.0,0.0
D1-CVE-2026-11824-trixie-V4|S4|mistral_small_24b|tracker|P1|60.0|0.0|0|||0,mistral_small_24b,S4,tracker,CVE-2026-11824,fixed,fixed,True,False,True,2,136,23,1.0,1.0,1.0,0.0,0.0
D1-CVE-2026-11824-trixie-V4|S4|mistral_small_24b|withheld|P1|60.0|0.0|0|||0,mistral_small_24b,S4,withheld,CVE-2026-11824,not_affected,fixed,False,False,True,1,51,11,1.0,1.0,1.0,0.0,0.0
D1-CVE-2026-11824-trixie-V4|S5|mistral_small_24b|tracker|P1|60.0|0.0|0|||0,mistral_small_24b,S5,tracker,CVE-2026-11824,fixed,fixed,True,False,True,3,97,13,1.0,1.0,1.0,0.0,0.0
D1-CVE-2026-11824-trixie-V4|S5|mistral_small_24b|withheld|P1|60.0|0.0|0|||0,mistral_small_24b,S5,withheld,CVE-2026-11824,under_investigation,fixed,False,False,True,2,191,28,1.0,1.0,1.0,0.0,0.0
D1-CVE-2026-12912-bookworm-V2|DC|granite41_8b|tracker|P3|60.0|0.0|0|||0,granite41_8b,DC,tracker,CVE-2026-12912,affected,affected,True,False,True,8,576,89,1.0,1.0,1.0,0.0,0.0
D1-CVE-2026-12912-bookworm-V2|DC|granite41_8b|withheld|P3|60.0|0.0|0|||0,granite41_8b,DC,withheld,CVE-2026-12912,affected,affected,True,False,True,5,405,63,1.0,1.0,1.0,0.0,0.0
D1-CVE-2026-12912-bookworm-V2|S2|granite41_8b|tracker|P1|60.0|0.0|0|||0,granite41_8b,S2,tracker,CVE-2026-12912,affected,affected,True,False,True,5,452,76,1.0,0.0,0.0,0.0,0.0
D1-CVE-2026-12912-bookworm-V2|S2|granite41_8b|withheld|P1|60.0|0.0|0|||0,granite41_8b,S2,withheld,CVE-2026-12912,affected,affected,True,False,True,7,458,68,1.0,0.0,0.0,0.0,0.0
D1-CVE-2026-12912-bookworm-V2|S3|granite41_8b|tracker|P1|60.0|0.0|0|||0,granite41_8b,S3,tracker,CVE-2026-12912,not_affected,affected,False,False,True,9,672,100,1.0,1.0,1.0,0.0,0.0
D1-CVE-2026-12912-bookworm-V2|S3|granite41_8b|withheld|P1|60.0|0.0|0|||0,granite41_8b,S3,withheld,CVE-2026-12912,fixed,affected,False,False,True,4,170,25,1.0,1.0,1.0,0.0,0.0
D1-CVE-2026-12912-bookworm-V2|S4|granite41_8b|tracker|P1|60.0|0.0|0|||0,granite41_8b,S4,tracker,CVE-2026-12912,fixed,affected,False,False,True,6,395,63,1.0,0.0,1.0,0.0,0.0
D1-CVE-2026-12912-bookworm-V2|S4|granite41_8b|withheld|P1|60.0|0.0|0|||0,granite41_8b,S4,withheld,CVE-2026-12912,fixed,affected,False,False,True,3,175,26,1.0,0.5,1.0,0.0,0.0
D1-CVE-2026-12912-bookworm-V2|S5|granite41_8b|tracker|P1|60.0|0.0|0|||0,granite41_8b,S5,tracker,CVE-2026-12912,not_affected,affected,False,False,True,11,681,103,1.0,1.0,1.0,0.0,0.0
D1-CVE-2026-12912-bookworm-V2|S5|granite41_8b|withheld|P1|60.0|0.0|0|||0,granite41_8b,S5,withheld,CVE-2026-12912,fixed,affected,False,False,True,4,170,25,1.0,1.0,1.0,0.0,0.0
D1-CVE-2026-12912-bookworm-V6|DC|llama31_8b|tracker|P3|60.0|0.0|0|||0,llama31_8b,DC,tracker,CVE-2026-12912,not_affected,not_affected,True,False,True,4,424,64,1.0,1.0,1.0,0.0,0.0
D1-CVE-2026-12912-bookworm-V6|DC|llama31_8b|withheld|P3|60.0|0.0|0|||0,llama31_8b,DC,withheld,CVE-2026-12912,not_affected,not_affected,True,False,True,3,358,58,1.0,1.0,1.0,0.0,0.0
D1-CVE-2026-12912-bookworm-V6|S2|llama31_8b|tracker|P1|60.0|0.0|0|||0,llama31_8b,S2,tracker,CVE-2026-12912,not_affected,not_affected,True,False,True,4,393,62,1.0,1.0,1.0,0.0,0.0
D1-CVE-2026-12912-bookworm-V6|S2|llama31_8b|withheld|P1|60.0|0.0|0|||0,llama31_8b,S2,withheld,CVE-2026-12912,not_affected,not_affected,True,False,True,8,402,60,1.0,1.0,1.0,0.0,0.0
D1-CVE-2026-12912-bookworm-V6|S3|llama31_8b|tracker|P1|60.0|0.0|0|||0,llama31_8b,S3,tracker,CVE-2026-12912,not_affected,not_affected,True,False,True,1,66,11,1.0,1.0,1.0,0.0,0.0
D1-CVE-2026-12912-bookworm-V6|S3|llama31_8b|withheld|P1|60.0|0.0|0|||0,llama31_8b,S3,withheld,CVE-2026-12912,not_affected,not_affected,True,False,True,1,66,11,1.0,1.0,1.0,0.0,0.0
D1-CVE-2026-12912-bookworm-V6|S4|llama31_8b|tracker|P1|60.0|0.0|0|||0,llama31_8b,S4,tracker,CVE-2026-12912,not_affected,not_affected,True,False,True,1,21,4,1.0,1.0,1.0,0.0,0.0
D1-CVE-2026-12912-bookworm-V6|S4|llama31_8b|withheld|P1|60.0|0.0|0|||0,llama31_8b,S4,withheld,CVE-2026-12912,not_affected,not_affected,True,False,True,1,21,4,1.0,1.0,1.0,0.0,0.0
D1-CVE-2026-12912-bookworm-V6|S5|llama31_8b|tracker|P1|60.0|0.0|0|||0,llama31_8b,S5,tracker,CVE-2026-12912,not_affected,not_affected,True,False,True,1,66,11,1.0,1.0,1.0,0.0,0.0
D1-CVE-2026-12912-bookworm-V6|S5|llama31_8b|withheld|P1|60.0|0.0|0|||0,llama31_8b,S5,withheld,CVE-2026-12912,not_affected,not_affected,True,False,True,1,66,11,1.0,1.0,1.0,0.0,0.0
D1-CVE-2026-12912-trixie-V2|DC|mistral_small_24b|tracker|P3|60.0|0.0|0|||0,mistral_small_24b,DC,tracker,CVE-2026-12912,affected,affected,True,False,True,5,359,54,1.0,1.0,1.0,0.0,0.0
D1-CVE-2026-12912-trixie-V2|DC|mistral_small_24b|withheld|P3|60.0|0.0|0|||0,mistral_small_24b,DC,withheld,CVE-2026-12912,affected,affected,True,False,True,4,354,52,1.0,1.0,1.0,0.0,0.0
D1-CVE-2026-12912-trixie-V2|S2|mistral_small_24b|tracker|P1|60.0|0.0|0|||0,mistral_small_24b,S2,tracker,CVE-2026-12912,fixed,affected,False,False,True,9,433,65,1.0,0.6666666666666666,0.6666666666666666,0.3333333333333333,0.0
D1-CVE-2026-12912-trixie-V2|S2|mistral_small_24b|withheld|P1|60.0|0.0|0|||0,mistral_small_24b,S2,withheld,CVE-2026-12912,fixed,affected,False,False,True,6,375,54,1.0,0.6666666666666666,0.6666666666666666,0.3333333333333333,0.0
D1-CVE-2026-12912-trixie-V2|S3|mistral_small_24b|tracker|P1|60.0|0.0|0|||0,mistral_small_24b,S3,tracker,CVE-2026-12912,affected,affected,True,False,True,6,221,30,1.0,1.0,1.0,0.0,0.0
D1-CVE-2026-12912-trixie-V2|S3|mistral_small_24b|withheld|P1|60.0|0.0|0|||0,mistral_small_24b,S3,withheld,CVE-2026-12912,affected,affected,True,False,True,5,286,39,1.0,1.0,1.0,0.0,0.0
D1-CVE-2026-12912-trixie-V2|S4|mistral_small_24b|tracker|P1|60.0|0.0|0|||0,mistral_small_24b,S4,tracker,CVE-2026-12912,affected,affected,True,False,True,3,165,24,1.0,1.0,1.0,0.0,0.0
D1-CVE-2026-12912-trixie-V2|S4|mistral_small_24b|withheld|P1|60.0|0.0|0|||0,mistral_small_24b,S4,withheld,CVE-2026-12912,fixed,affected,False,False,True,3,169,25,1.0,0.0,0.3333333333333333,0.6666666666666666,0.0
D1-CVE-2026-12912-trixie-V2|S5|mistral_small_24b|tracker|P1|60.0|0.0|0|||0,mistral_small_24b,S5,tracker,CVE-2026-12912,affected,affected,True,False,True,4,212,29,1.0,1.0,1.0,0.0,0.0
D1-CVE-2026-12912-trixie-V2|S5|mistral_small_24b|withheld|P1|60.0|0.0|0|||0,mistral_small_24b,S5,withheld,CVE-2026-12912,fixed,affected,False,False,True,3,149,20,1.0,0.3333333333333333,0.6666666666666666,0.0,0.0
D1-CVE-2026-12912-trixie-V3|DC|mistral_small_24b|tracker|P3|60.0|0.0|0|||0,mistral_small_24b,DC,tracker,CVE-2026-12912,fixed,fixed,True,False,True,5,343,51,1.0,1.0,1.0,0.0,0.0
D1-CVE-2026-12912-trixie-V3|DC|mistral_small_24b|withheld|P3|60.0|0.0|0|||0,mistral_small_24b,DC,withheld,CVE-2026-12912,not_affected,fixed,False,False,True,6,371,56,1.0,1.0,1.0,0.0,0.0
D1-CVE-2026-12912-trixie-V3|S2|mistral_small_24b|tracker|P1|60.0|0.0|0|||0,mistral_small_24b,S2,tracker,CVE-2026-12912,fixed,fixed,True,False,True,6,255,38,1.0,1.0,1.0,0.0,0.0
D1-CVE-2026-12912-trixie-V3|S2|mistral_small_24b|withheld|P1|60.0|0.0|0|||0,mistral_small_24b,S2,withheld,CVE-2026-12912,fixed,fixed,True,False,True,5,271,41,1.0,0.6666666666666666,1.0,0.0,0.0
D1-CVE-2026-12912-trixie-V3|S3|mistral_small_24b|tracker|P1|60.0|0.0|0|||0,mistral_small_24b,S3,tracker,CVE-2026-12912,fixed,fixed,True,False,True,3,157,23,1.0,1.0,1.0,0.0,0.0
D1-CVE-2026-12912-trixie-V3|S3|mistral_small_24b|withheld|P1|60.0|0.0|0|||0,mistral_small_24b,S3,withheld,CVE-2026-12912,not_affected,fixed,False,False,True,5,222,34,1.0,1.0,1.0,0.0,0.0
D1-CVE-2026-12912-trixie-V3|S4|mistral_small_24b|tracker|P1|60.0|0.0|0|||0,mistral_small_24b,S4,tracker,CVE-2026-12912,fixed,fixed,True,False,True,3,151,22,1.0,1.0,1.0,0.0,0.0
D1-CVE-2026-12912-trixie-V3|S4|mistral_small_24b|withheld|P1|60.0|0.0|0|||0,mistral_small_24b,S4,withheld,CVE-2026-12912,not_affected,fixed,False,False,True,1,51,8,1.0,1.0,1.0,0.0,0.0
D1-CVE-2026-12912-trixie-V3|S5|mistral_small_24b|tracker|P1|60.0|0.0|0|||0,mistral_small_24b,S5,tracker,CVE-2026-12912,fixed,fixed,True,False,True,5,229,32,1.0,1.0,1.0,0.0,0.0
D1-CVE-2026-12912-trixie-V3|S5|mistral_small_24b|withheld|P1|60.0|0.0|0|||0,mistral_small_24b,S5,withheld,CVE-2026-12912,under_investigation,fixed,False,False,True,5,300,45,1.0,1.0,1.0,0.0,0.0
D1-CVE-2026-1519-bookworm-V2|DC|qwen3_4b|tracker|P3|60.0|0.0|0|||0,qwen3_4b,DC,tracker,CVE-2026-1519,affected,affected,True,False,True,4,329,50,1.0,1.0,1.0,0.0,0.0
D1-CVE-2026-1519-bookworm-V2|DC|qwen3_4b|withheld|P3|60.0|0.0|0|||0,qwen3_4b,DC,withheld,CVE-2026-1519,affected,affected,True,False,True,7,354,54,1.0,1.0,1.0,0.0,0.0
D1-CVE-2026-1519-bookworm-V2|S2|qwen3_4b|tracker|P1|60.0|0.0|0|||0,qwen3_4b,S2,tracker,CVE-2026-1519,fixed,affected,False,False,True,9,413,64,1.0,0.0,1.0,0.0,0.0
D1-CVE-2026-1519-bookworm-V2|S2|qwen3_4b|withheld|P1|60.0|0.0|0|||0,qwen3_4b,S2,withheld,CVE-2026-1519,fixed,affected,False,False,True,6,519,75,1.0,0.0,1.0,0.0,0.0
D1-CVE-2026-1519-bookworm-V2|S3|qwen3_4b|tracker|P1|60.0|0.0|0|||0,qwen3_4b,S3,tracker,CVE-2026-1519,fixed,affected,False,False,True,4,213,31,1.0,1.0,1.0,0.0,0.0
D1-CVE-2026-1519-bookworm-V2|S3|qwen3_4b|withheld|P1|60.0|0.0|0|||0,qwen3_4b,S3,withheld,CVE-2026-1519,affected,affected,True,False,True,3,172,25,1.0,0.0,0.0,0.0,0.0
D1-CVE-2026-1519-bookworm-V2|S4|qwen3_4b|tracker|P1|60.0|0.0|0|||0,qwen3_4b,S4,tracker,CVE-2026-1519,fixed,affected,False,False,True,3,153,19,1.0,0.6666666666666666,0.6666666666666666,0.3333333333333333,0.0
D1-CVE-2026-1519-bookworm-V2|S4|qwen3_4b|withheld|P1|60.0|0.0|0|||0,qwen3_4b,S4,withheld,CVE-2026-1519,not_affected,affected,False,False,True,2,117,17,1.0,1.0,1.0,0.0,0.0
D1-CVE-2026-1519-bookworm-V2|S5|qwen3_4b|tracker|P1|60.0|0.0|0|||0,qwen3_4b,S5,tracker,CVE-2026-1519,fixed,affected,False,False,True,4,204,31,1.0,1.0,1.0,0.0,0.0
D1-CVE-2026-1519-bookworm-V2|S5|qwen3_4b|withheld|P1|60.0|0.0|0|||0,qwen3_4b,S5,withheld,CVE-2026-1519,affected,affected,True,False,True,5,235,33,1.0,0.0,0.0,0.0,0.0
D1-CVE-2026-1519-trixie-V3|DC|mistral_small_24b|tracker|P3|60.0|0.0|0|||0,mistral_small_24b,DC,tracker,CVE-2026-1519,fixed,fixed,True,False,True,5,342,51,1.0,1.0,1.0,0.0,0.0
D1-CVE-2026-1519-trixie-V3|DC|mistral_small_24b|withheld|P3|60.0|0.0|0|||0,mistral_small_24b,DC,withheld,CVE-2026-1519,not_affected,fixed,False,False,True,5,422,63,1.0,1.0,1.0,0.0,0.0
D1-CVE-2026-1519-trixie-V3|S2|mistral_small_24b|tracker|P1|60.0|0.0|0|||0,mistral_small_24b,S2,tracker,CVE-2026-1519,fixed,fixed,True,False,True,5,255,35,1.0,1.0,1.0,0.0,0.0
D1-CVE-2026-1519-trixie-V3|S2|mistral_small_24b|withheld|P1|60.0|0.0|0|||0,mistral_small_24b,S2,withheld,CVE-2026-1519,fixed,fixed,True,False,True,5,236,33,1.0,1.0,1.0,0.0,0.0
D1-CVE-2026-1519-trixie-V3|S3|mistral_small_24b|tracker|P1|60.0|0.0|0|||0,mistral_small_24b,S3,tracker,CVE-2026-1519,not_affected,fixed,False,False,True,3,150,22,1.0,0.3333333333333333,1.0,0.0,0.0
D1-CVE-2026-1519-trixie-V3|S3|mistral_small_24b|withheld|P1|60.0|0.0|0|||0,mistral_small_24b,S3,withheld,CVE-2026-1519,affected,fixed,False,False,True,3,173,23,1.0,1.0,1.0,0.0,0.0
D1-CVE-2026-1519-trixie-V3|S4|mistral_small_24b|tracker|P1|60.0|0.0|0|||0,mistral_small_24b,S4,tracker,CVE-2026-1519,fixed,fixed,True,False,True,3,127,17,1.0,1.0,1.0,0.0,0.0
D1-CVE-2026-1519-trixie-V3|S4|mistral_small_24b|withheld|P1|60.0|0.0|0|||0,mistral_small_24b,S4,withheld,CVE-2026-1519,affected,fixed,False,False,True,4,138,20,1.0,1.0,1.0,0.0,0.0
D1-CVE-2026-1519-trixie-V3|S5|mistral_small_24b|tracker|P1|60.0|0.0|0|||0,mistral_small_24b,S5,tracker,CVE-2026-1519,fixed,fixed,True,False,True,3,169,24,1.0,0.6666666666666666,1.0,0.0,0.0
D1-CVE-2026-1519-trixie-V3|S5|mistral_small_24b|withheld|P1|60.0|0.0|0|||0,mistral_small_24b,S5,withheld,CVE-2026-1519,not_affected,fixed,False,False,True,3,132,18,1.0,1.0,1.0,0.0,0.0
D1-CVE-2026-1519-trixie-V6|DC|gemma4_31b|tracker|P3|60.0|0.0|0|||0,gemma4_31b,DC,tracker,CVE-2026-1519,not_affected,not_affected,True,False,True,3,216,32,1.0,1.0,1.0,0.0,0.0
D1-CVE-2026-1519-trixie-V6|DC|gemma4_31b|withheld|P3|60.0|0.0|0|||0,gemma4_31b,DC,withheld,CVE-2026-1519,not_affected,not_affected,True,False,True,3,216,32,1.0,1.0,1.0,0.0,0.0
D1-CVE-2026-1519-trixie-V6|S2|gemma4_31b|tracker|P1|60.0|0.0|0|||0,gemma4_31b,S2,tracker,CVE-2026-1519,not_affected,not_affected,True,False,True,5,350,54,1.0,1.0,1.0,0.0,0.0
D1-CVE-2026-1519-trixie-V6|S2|gemma4_31b|withheld|P1|60.0|0.0|0|||0,gemma4_31b,S2,withheld,CVE-2026-1519,not_affected,not_affected,True,False,True,4,322,52,1.0,1.0,1.0,0.0,0.0
D1-CVE-2026-1519-trixie-V6|S3|gemma4_31b|tracker|P1|60.0|0.0|0|||0,gemma4_31b,S3,tracker,CVE-2026-1519,not_affected,not_affected,True,False,True,6,301,46,1.0,1.0,1.0,0.0,0.0
D1-CVE-2026-1519-trixie-V6|S3|gemma4_31b|withheld|P1|60.0|0.0|0|||0,gemma4_31b,S3,withheld,CVE-2026-1519,not_affected,not_affected,True,False,True,6,282,38,1.0,1.0,1.0,0.0,0.0
D1-CVE-2026-1519-trixie-V6|S4|gemma4_31b|tracker|P1|60.0|0.0|0|||0,gemma4_31b,S4,tracker,CVE-2026-1519,not_affected,not_affected,True,False,True,8,265,37,1.0,1.0,1.0,0.0,0.0
D1-CVE-2026-1519-trixie-V6|S4|gemma4_31b|withheld|P1|60.0|0.0|0|||0,gemma4_31b,S4,withheld,CVE-2026-1519,not_affected,not_affected,True,False,True,6,149,20,1.0,1.0,1.0,0.0,0.0
D1-CVE-2026-1519-trixie-V6|S5|gemma4_31b|tracker|P1|60.0|0.0|0|||0,gemma4_31b,S5,tracker,CVE-2026-1519,not_affected,not_affected,True,False,True,5,272,42,1.0,1.0,1.0,0.0,0.0
D1-CVE-2026-1519-trixie-V6|S5|gemma4_31b|withheld|P1|60.0|0.0|0|||0,gemma4_31b,S5,withheld,CVE-2026-1519,not_affected,not_affected,True,False,True,6,346,49,1.0,1.0,1.0,0.0,0.0
D1-CVE-2026-15370-bookworm-V6|DC|granite41_8b|tracker|P3|60.0|0.0|0|||0,granite41_8b,DC,tracker,CVE-2026-15370,not_affected,not_affected,True,False,True,6,455,65,1.0,1.0,1.0,0.0,0.0
D1-CVE-2026-15370-bookworm-V6|DC|granite41_8b|withheld|P3|60.0|0.0|0|||0,granite41_8b,DC,withheld,CVE-2026-15370,not_affected,not_affected,True,False,True,5,435,65,1.0,1.0,1.0,0.0,0.0
D1-CVE-2026-15370-bookworm-V6|S2|granite41_8b|tracker|P1|60.0|0.0|0|||0,granite41_8b,S2,tracker,CVE-2026-15370,not_affected,not_affected,True,False,True,3,227,35,1.0,1.0,1.0,0.0,0.0
D1-CVE-2026-15370-bookworm-V6|S2|granite41_8b|withheld|P1|60.0|0.0|0|||0,granite41_8b,S2,withheld,CVE-2026-15370,not_affected,not_affected,True,False,True,3,251,38,1.0,1.0,1.0,0.0,0.0
D1-CVE-2026-15370-bookworm-V6|S3|granite41_8b|tracker|P1|60.0|0.0|0|||0,granite41_8b,S3,tracker,CVE-2026-15370,not_affected,not_affected,True,False,True,2,100,17,1.0,1.0,1.0,0.0,0.0
D1-CVE-2026-15370-bookworm-V6|S3|granite41_8b|withheld|P1|60.0|0.0|0|||0,granite41_8b,S3,withheld,CVE-2026-15370,not_affected,not_affected,True,False,True,3,136,21,1.0,1.0,1.0,0.0,0.0
D1-CVE-2026-15370-bookworm-V6|S4|granite41_8b|tracker|P1|60.0|0.0|0|||0,granite41_8b,S4,tracker,CVE-2026-15370,not_affected,not_affected,True,False,True,5,171,25,1.0,1.0,1.0,0.0,0.0
D1-CVE-2026-15370-bookworm-V6|S4|granite41_8b|withheld|P1|60.0|0.0|0|||0,granite41_8b,S4,withheld,CVE-2026-15370,not_affected,not_affected,True,False,True,4,110,20,1.0,1.0,1.0,0.0,0.0
D1-CVE-2026-15370-bookworm-V6|S5|granite41_8b|tracker|P1|60.0|0.0|0|||0,granite41_8b,S5,tracker,CVE-2026-15370,not_affected,not_affected,True,False,True,2,113,18,1.0,1.0,1.0,0.0,0.0
D1-CVE-2026-15370-bookworm-V6|S5|granite41_8b|withheld|P1|60.0|0.0|0|||0,granite41_8b,S5,withheld,CVE-2026-15370,not_affected,not_affected,True,False,True,3,127,21,1.0,1.0,1.0,0.0,0.0
D1-CVE-2026-15370-trixie-V1|DC|qwen3_14b|tracker|P3|60.0|0.0|0|||0,qwen3_14b,DC,tracker,CVE-2026-15370,not_affected,not_affected,True,False,True,3,368,55,1.0,1.0,1.0,0.0,0.0
D1-CVE-2026-15370-trixie-V1|DC|qwen3_14b|withheld|P3|60.0|0.0|0|||0,qwen3_14b,DC,withheld,CVE-2026-15370,not_affected,not_affected,True,False,True,3,368,55,1.0,1.0,1.0,0.0,0.0
D1-CVE-2026-15370-trixie-V1|S2|qwen3_14b|tracker|P1|60.0|0.0|0|||0,qwen3_14b,S2,tracker,CVE-2026-15370,not_affected,not_affected,True,False,True,2,195,30,1.0,1.0,1.0,0.0,0.0
D1-CVE-2026-15370-trixie-V1|S2|qwen3_14b|withheld|P1|60.0|0.0|0|||0,qwen3_14b,S2,withheld,CVE-2026-15370,not_affected,not_affected,True,False,True,2,195,30,1.0,1.0,1.0,0.0,0.0
D1-CVE-2026-15370-trixie-V1|S3|qwen3_14b|tracker|P1|60.0|0.0|0|||0,qwen3_14b,S3,tracker,CVE-2026-15370,not_affected,not_affected,True,False,True,2,118,19,1.0,1.0,1.0,0.0,0.0
D1-CVE-2026-15370-trixie-V1|S3|qwen3_14b|withheld|P1|60.0|0.0|0|||0,qwen3_14b,S3,withheld,CVE-2026-15370,not_affected,not_affected,True,False,True,2,115,19,1.0,1.0,1.0,0.0,0.0
D1-CVE-2026-15370-trixie-V1|S4|qwen3_14b|tracker|P1|60.0|0.0|0|||0,qwen3_14b,S4,tracker,CVE-2026-15370,not_affected,not_affected,True,False,True,2,99,17,1.0,1.0,1.0,0.0,0.0
D1-CVE-2026-15370-trixie-V1|S4|qwen3_14b|withheld|P1|60.0|0.0|0|||0,qwen3_14b,S4,withheld,CVE-2026-15370,not_affected,not_affected,True,False,True,2,118,19,1.0,1.0,1.0,0.0,0.0
D1-CVE-2026-15370-trixie-V1|S5|qwen3_14b|tracker|P1|60.0|0.0|0|||0,qwen3_14b,S5,tracker,CVE-2026-15370,not_affected,not_affected,True,False,True,2,118,19,1.0,1.0,1.0,0.0,0.0
D1-CVE-2026-15370-trixie-V1|S5|qwen3_14b|withheld|P1|60.0|0.0|0|||0,qwen3_14b,S5,withheld,CVE-2026-15370,not_affected,not_affected,True,False,True,2,101,17,1.0,1.0,1.0,0.0,0.0
D1-CVE-2026-15370-trixie-V2|DC|qwen3_4b|tracker|P3|60.0|0.0|0|||0,qwen3_4b,DC,tracker,CVE-2026-15370,affected,affected,True,False,True,3,264,41,1.0,1.0,1.0,0.0,0.0
D1-CVE-2026-15370-trixie-V2|DC|qwen3_4b|withheld|P3|60.0|0.0|0|||0,qwen3_4b,DC,withheld,CVE-2026-15370,affected,affected,True,False,True,4,312,48,1.0,1.0,1.0,0.0,0.0
D1-CVE-2026-15370-trixie-V2|S2|qwen3_4b|tracker|P1|60.0|0.0|0|||0,qwen3_4b,S2,tracker,CVE-2026-15370,fixed,affected,False,False,True,6,329,49,1.0,0.0,1.0,0.0,0.0
D1-CVE-2026-15370-trixie-V2|S2|qwen3_4b|withheld|P1|60.0|0.0|0|||0,qwen3_4b,S2,withheld,CVE-2026-15370,fixed,affected,False,False,True,8,481,74,1.0,0.0,1.0,0.0,0.0
D1-CVE-2026-15370-trixie-V2|S3|qwen3_4b|tracker|P1|60.0|0.0|0|||0,qwen3_4b,S3,tracker,CVE-2026-15370,fixed,affected,False,False,True,6,265,40,1.0,0.6666666666666666,0.6666666666666666,0.3333333333333333,0.0
D1-CVE-2026-15370-trixie-V2|S3|qwen3_4b|withheld|P1|60.0|0.0|0|||0,qwen3_4b,S3,withheld,CVE-2026-15370,not_affected,affected,False,False,True,5,242,38,1.0,1.0,1.0,0.0,0.0
D1-CVE-2026-15370-trixie-V2|S4|qwen3_4b|tracker|P1|60.0|0.0|0|||0,qwen3_4b,S4,tracker,CVE-2026-15370,fixed,affected,False,False,True,5,259,36,1.0,1.0,1.0,0.0,0.0
D1-CVE-2026-15370-trixie-V2|S4|qwen3_4b|withheld|P1|60.0|0.0|0|||0,qwen3_4b,S4,withheld,CVE-2026-15370,affected,affected,True,False,True,5,274,41,1.0,0.0,0.0,0.0,0.0
D1-CVE-2026-15370-trixie-V2|S5|qwen3_4b|tracker|P1|60.0|0.0|0|||0,qwen3_4b,S5,tracker,CVE-2026-15370,fixed,affected,False,False,True,6,307,46,1.0,0.6666666666666666,0.6666666666666666,0.3333333333333333,0.0
D1-CVE-2026-15370-trixie-V2|S5|qwen3_4b|withheld|P1|60.0|0.0|0|||0,qwen3_4b,S5,withheld,CVE-2026-15370,not_affected,affected,False,False,True,5,242,38,1.0,1.0,1.0,0.0,0.0
D1-CVE-2026-16389-bookworm-V2|DC|llama31_8b|tracker|P3|60.0|0.0|0|||0,llama31_8b,DC,tracker,CVE-2026-16389,affected,affected,True,False,True,4,453,69,1.0,0.0,0.0,0.0,0.0
D1-CVE-2026-16389-bookworm-V2|DC|llama31_8b|withheld|P3|60.0|0.0|0|||0,llama31_8b,DC,withheld,CVE-2026-16389,affected,affected,True,False,True,3,342,50,1.0,1.0,1.0,0.0,0.0
D1-CVE-2026-16389-bookworm-V2|S2|llama31_8b|tracker|P1|60.0|0.0|0|||0,llama31_8b,S2,tracker,CVE-2026-16389,not_affected,affected,False,False,True,4,282,42,1.0,0.0,0.0,0.5,0.0
D1-CVE-2026-16389-bookworm-V2|S2|llama31_8b|withheld|P1|60.0|0.0|0|||0,llama31_8b,S2,withheld,CVE-2026-16389,fixed,affected,False,False,True,4,288,44,1.0,1.0,1.0,0.0,0.0
D1-CVE-2026-16389-bookworm-V2|S3|llama31_8b|tracker|P1|60.0|0.0|0|||0,llama31_8b,S3,tracker,CVE-2026-16389,not_affected,affected,False,False,True,1,41,8,1.0,1.0,1.0,0.0,0.0
D1-CVE-2026-16389-bookworm-V2|S3|llama31_8b|withheld|P1|60.0|0.0|0|||0,llama31_8b,S3,withheld,CVE-2026-16389,not_affected,affected,False,False,True,1,75,13,1.0,1.0,1.0,0.0,0.0
D1-CVE-2026-16389-bookworm-V2|S4|llama31_8b|tracker|P1|60.0|0.0|0|||0,llama31_8b,S4,tracker,CVE-2026-16389,not_affected,affected,False,False,True,2,61,10,1.0,0.0,1.0,0.0,0.0
D1-CVE-2026-16389-bookworm-V2|S4|llama31_8b|withheld|P1|60.0|0.0|0|||0,llama31_8b,S4,withheld,CVE-2026-16389,not_affected,affected,False,False,True,2,61,10,1.0,0.0,1.0,0.0,0.0
D1-CVE-2026-16389-bookworm-V2|S5|llama31_8b|tracker|P1|60.0|0.0|0|||0,llama31_8b,S5,tracker,CVE-2026-16389,not_affected,affected,False,False,True,1,41,8,1.0,1.0,1.0,0.0,0.0
D1-CVE-2026-16389-bookworm-V2|S5|llama31_8b|withheld|P1|60.0|0.0|0|||0,llama31_8b,S5,withheld,CVE-2026-16389,not_affected,affected,False,False,True,1,75,13,1.0,1.0,1.0,0.0,0.0
D1-CVE-2026-16389-trixie-V1|DC|qwen3_14b|tracker|P3|60.0|0.0|0|||0,qwen3_14b,DC,tracker,CVE-2026-16389,not_affected,not_affected,True,False,True,4,386,58,1.0,1.0,1.0,0.0,0.0
D1-CVE-2026-16389-trixie-V1|DC|qwen3_14b|withheld|P3|60.0|0.0|0|||0,qwen3_14b,DC,withheld,CVE-2026-16389,not_affected,not_affected,True,False,True,2,348,53,1.0,1.0,1.0,0.0,0.0
D1-CVE-2026-16389-trixie-V1|S2|qwen3_14b|tracker|P1|60.0|0.0|0|||0,qwen3_14b,S2,tracker,CVE-2026-16389,not_affected,not_affected,True,False,True,2,204,32,1.0,1.0,1.0,0.0,0.0
D1-CVE-2026-16389-trixie-V1|S2|qwen3_14b|withheld|P1|60.0|0.0|0|||0,qwen3_14b,S2,withheld,CVE-2026-16389,not_affected,not_affected,True,False,True,2,177,31,1.0,1.0,1.0,0.0,0.0
D1-CVE-2026-16389-trixie-V1|S3|qwen3_14b|tracker|P1|60.0|0.0|0|||0,qwen3_14b,S3,tracker,CVE-2026-16389,not_affected,not_affected,True,False,True,2,115,19,1.0,1.0,1.0,0.0,0.0
D1-CVE-2026-16389-trixie-V1|S3|qwen3_14b|withheld|P1|60.0|0.0|0|||0,qwen3_14b,S3,withheld,CVE-2026-16389,not_affected,not_affected,True,False,True,2,115,19,1.0,1.0,1.0,0.0,0.0
D1-CVE-2026-16389-trixie-V1|S4|qwen3_14b|tracker|P1|60.0|0.0|0|||0,qwen3_14b,S4,tracker,CVE-2026-16389,not_affected,not_affected,True,False,True,2,106,19,1.0,1.0,1.0,0.0,0.0
D1-CVE-2026-16389-trixie-V1|S4|qwen3_14b|withheld|P1|60.0|0.0|0|||0,qwen3_14b,S4,withheld,CVE-2026-16389,not_affected,not_affected,True,False,True,2,115,19,1.0,1.0,1.0,0.0,0.0
D1-CVE-2026-16389-trixie-V1|S5|qwen3_14b|tracker|P1|60.0|0.0|0|||0,qwen3_14b,S5,tracker,CVE-2026-16389,not_affected,not_affected,True,False,True,2,115,19,1.0,1.0,1.0,0.0,0.0
D1-CVE-2026-16389-trixie-V1|S5|qwen3_14b|withheld|P1|60.0|0.0|0|||0,qwen3_14b,S5,withheld,CVE-2026-16389,not_affected,not_affected,True,False,True,2,115,19,1.0,1.0,1.0,0.0,0.0
D1-CVE-2026-16389-trixie-V2|DC|mistral_small_24b|tracker|P3|60.0|0.0|0|||0,mistral_small_24b,DC,tracker,CVE-2026-16389,affected,affected,True,False,True,4,361,54,1.0,1.0,1.0,0.0,0.0
D1-CVE-2026-16389-trixie-V2|DC|mistral_small_24b|withheld|P3|60.0|0.0|0|||0,mistral_small_24b,DC,withheld,CVE-2026-16389,affected,affected,True,False,True,4,310,45,1.0,1.0,1.0,0.0,0.0
D1-CVE-2026-16389-trixie-V2|S2|mistral_small_24b|tracker|P1|60.0|0.0|0|||0,mistral_small_24b,S2,tracker,CVE-2026-16389,fixed,affected,False,False,True,6,359,53,1.0,0.0,0.3333333333333333,0.6666666666666666,0.0
D1-CVE-2026-16389-trixie-V2|S2|mistral_small_24b|withheld|P1|60.0|0.0|0|||0,mistral_small_24b,S2,withheld,CVE-2026-16389,fixed,affected,False,False,True,7,420,65,1.0,0.0,1.0,0.0,0.0
D1-CVE-2026-16389-trixie-V2|S3|mistral_small_24b|tracker|P1|60.0|0.0|0|||0,mistral_small_24b,S3,tracker,CVE-2026-16389,affected,affected,True,False,True,5,224,31,1.0,1.0,1.0,0.0,0.0
D1-CVE-2026-16389-trixie-V2|S3|mistral_small_24b|withheld|P1|60.0|0.0|0|||0,mistral_small_24b,S3,withheld,CVE-2026-16389,affected,affected,True,False,True,3,154,21,1.0,1.0,1.0,0.0,0.0
D1-CVE-2026-16389-trixie-V2|S4|mistral_small_24b|tracker|P1|60.0|0.0|0|||0,mistral_small_24b,S4,tracker,CVE-2026-16389,affected,affected,True,False,True,3,188,26,1.0,1.0,1.0,0.0,0.0
D1-CVE-2026-16389-trixie-V2|S4|mistral_small_24b|withheld|P1|60.0|0.0|0|||0,mistral_small_24b,S4,withheld,CVE-2026-16389,fixed,affected,False,False,True,4,200,31,1.0,0.6666666666666666,0.6666666666666666,0.3333333333333333,0.0
D1-CVE-2026-16389-trixie-V2|S5|mistral_small_24b|tracker|P1|60.0|0.0|0|||0,mistral_small_24b,S5,tracker,CVE-2026-16389,affected,affected,True,False,True,6,247,36,1.0,1.0,1.0,0.0,0.0
D1-CVE-2026-16389-trixie-V2|S5|mistral_small_24b|withheld|P1|60.0|0.0|0|||0,mistral_small_24b,S5,withheld,CVE-2026-16389,under_investigation,affected,False,False,True,2,231,35,1.0,1.0,1.0,0.0,0.0
D1-CVE-2026-16389-trixie-V3|DC|llama31_8b|tracker|P3|60.0|0.0|0|||0,llama31_8b,DC,tracker,CVE-2026-16389,fixed,fixed,True,False,True,4,478,79,1.0,1.0,1.0,0.0,0.0
D1-CVE-2026-16389-trixie-V3|DC|llama31_8b|withheld|P3|60.0|0.0|0|||0,llama31_8b,DC,withheld,CVE-2026-16389,not_affected,fixed,False,False,True,4,543,77,1.0,1.0,1.0,0.0,0.0
D1-CVE-2026-16389-trixie-V3|S2|llama31_8b|tracker|P1|60.0|0.0|0|||0,llama31_8b,S2,tracker,CVE-2026-16389,not_affected,fixed,False,False,True,5,288,43,1.0,0.0,1.0,0.0,0.0
D1-CVE-2026-16389-trixie-V3|S2|llama31_8b|withheld|P1|60.0|0.0|0|||0,llama31_8b,S2,withheld,CVE-2026-16389,not_affected,fixed,False,False,True,6,288,44,1.0,0.5,1.0,0.0,0.0
D1-CVE-2026-16389-trixie-V3|S3|llama31_8b|tracker|P1|60.0|0.0|0|||0,llama31_8b,S3,tracker,CVE-2026-16389,not_affected,fixed,False,False,True,1,41,8,1.0,1.0,1.0,0.0,0.0
D1-CVE-2026-16389-trixie-V3|S3|llama31_8b|withheld|P1|60.0|0.0|0|||0,llama31_8b,S3,withheld,CVE-2026-16389,under_investigation,fixed,False,False,True,0,60,9,1.0,0.0,0.0,1.0,1.0
D1-CVE-2026-16389-trixie-V3|S4|llama31_8b|tracker|P1|60.0|0.0|0|||0,llama31_8b,S4,tracker,CVE-2026-16389,not_affected,fixed,False,False,True,2,33,6,1.0,1.0,1.0,0.0,0.0
D1-CVE-2026-16389-trixie-V3|S4|llama31_8b|withheld|P1|60.0|0.0|0|||0,llama31_8b,S4,withheld,CVE-2026-16389,under_investigation,fixed,False,False,True,0,23,3,1.0,0.0,0.0,1.0,1.0
D1-CVE-2026-16389-trixie-V3|S5|llama31_8b|tracker|P1|60.0|0.0|0|||0,llama31_8b,S5,tracker,CVE-2026-16389,fixed,fixed,True,False,True,2,89,15,1.0,1.0,1.0,0.0,0.0
D1-CVE-2026-16389-trixie-V3|S5|llama31_8b|withheld|P1|60.0|0.0|0|||0,llama31_8b,S5,withheld,CVE-2026-16389,under_investigation,fixed,False,False,True,0,60,9,1.0,0.0,0.0,1.0,1.0
D1-CVE-2026-17084-bookworm-V1|DC|qwen3_14b|tracker|P3|60.0|0.0|0|||0,qwen3_14b,DC,tracker,CVE-2026-17084,not_affected,not_affected,True,False,True,3,414,61,1.0,1.0,1.0,0.0,0.0
D1-CVE-2026-17084-bookworm-V1|DC|qwen3_14b|withheld|P3|60.0|0.0|0|||0,qwen3_14b,DC,withheld,CVE-2026-17084,not_affected,not_affected,True,False,True,5,450,74,1.0,1.0,1.0,0.0,0.0
D1-CVE-2026-17084-bookworm-V1|S2|qwen3_14b|tracker|P1|60.0|0.0|0|||0,qwen3_14b,S2,tracker,CVE-2026-17084,not_affected,not_affected,True,False,True,2,225,33,1.0,1.0,1.0,0.0,0.0
D1-CVE-2026-17084-bookworm-V1|S2|qwen3_14b|withheld|P1|60.0|0.0|0|||0,qwen3_14b,S2,withheld,CVE-2026-17084,not_affected,not_affected,True,False,True,2,191,30,1.0,1.0,1.0,0.0,0.0
D1-CVE-2026-17084-bookworm-V1|S3|qwen3_14b|tracker|P1|60.0|0.0|0|||0,qwen3_14b,S3,tracker,CVE-2026-17084,not_affected,not_affected,True,False,True,2,122,19,1.0,1.0,1.0,0.0,0.0
D1-CVE-2026-17084-bookworm-V1|S3|qwen3_14b|withheld|P1|60.0|0.0|0|||0,qwen3_14b,S3,withheld,CVE-2026-17084,not_affected,not_affected,True,False,True,2,122,19,1.0,1.0,1.0,0.0,0.0
D1-CVE-2026-17084-bookworm-V1|S4|qwen3_14b|tracker|P1|60.0|0.0|0|||0,qwen3_14b,S4,tracker,CVE-2026-17084,not_affected,not_affected,True,False,True,2,122,19,1.0,1.0,1.0,0.0,0.0
D1-CVE-2026-17084-bookworm-V1|S4|qwen3_14b|withheld|P1|60.0|0.0|0|||0,qwen3_14b,S4,withheld,CVE-2026-17084,not_affected,not_affected,True,False,True,2,122,19,1.0,1.0,1.0,0.0,0.0
D1-CVE-2026-17084-bookworm-V1|S5|qwen3_14b|tracker|P1|60.0|0.0|0|||0,qwen3_14b,S5,tracker,CVE-2026-17084,not_affected,not_affected,True,False,True,2,183,31,1.0,1.0,1.0,0.0,0.0
D1-CVE-2026-17084-bookworm-V1|S5|qwen3_14b|withheld|P1|60.0|0.0|0|||0,qwen3_14b,S5,withheld,CVE-2026-17084,not_affected,not_affected,True,False,True,2,122,19,1.0,1.0,1.0,0.0,0.0
D1-CVE-2026-24515-bookworm-V4|DC|qwen3_14b|tracker|P3|60.0|0.0|0|||0,qwen3_14b,DC,tracker,CVE-2026-24515,fixed,fixed,True,False,True,4,347,53,1.0,1.0,1.0,0.0,0.0
D1-CVE-2026-24515-bookworm-V4|DC|qwen3_14b|withheld|P3|60.0|0.0|0|||0,qwen3_14b,DC,withheld,CVE-2026-24515,not_affected,fixed,False,False,True,5,356,57,1.0,1.0,1.0,0.0,0.0
D1-CVE-2026-24515-bookworm-V4|S2|qwen3_14b|tracker|P1|60.0|0.0|0|||0,qwen3_14b,S2,tracker,CVE-2026-24515,fixed,fixed,True,False,True,3,242,35,1.0,1.0,1.0,0.0,0.0
D1-CVE-2026-24515-bookworm-V4|S2|qwen3_14b|withheld|P1|60.0|0.0|0|||0,qwen3_14b,S2,withheld,CVE-2026-24515,not_affected,fixed,False,False,True,10,751,117,1.0,1.0,1.0,0.0,0.0
D1-CVE-2026-24515-bookworm-V4|S3|qwen3_14b|tracker|P1|60.0|0.0|0|||0,qwen3_14b,S3,tracker,CVE-2026-24515,fixed,fixed,True,False,True,3,212,31,1.0,0.6666666666666666,1.0,0.0,0.0
D1-CVE-2026-24515-bookworm-V4|S3|qwen3_14b|withheld|P1|60.0|0.0|0|||0,qwen3_14b,S3,withheld,CVE-2026-24515,under_investigation,fixed,False,False,True,6,398,59,1.0,1.0,1.0,0.0,0.0
D1-CVE-2026-24515-bookworm-V4|S4|qwen3_14b|tracker|P1|60.0|0.0|0|||0,qwen3_14b,S4,tracker,CVE-2026-24515,fixed,fixed,True,False,True,3,210,31,1.0,1.0,1.0,0.0,0.0
D1-CVE-2026-24515-bookworm-V4|S4|qwen3_14b|withheld|P1|60.0|0.0|0|||0,qwen3_14b,S4,withheld,CVE-2026-24515,not_affected,fixed,False,False,True,3,169,24,1.0,1.0,1.0,0.0,0.0
D1-CVE-2026-24515-bookworm-V4|S5|qwen3_14b|tracker|P1|60.0|0.0|0|||0,qwen3_14b,S5,tracker,CVE-2026-24515,fixed,fixed,True,False,True,3,212,31,1.0,0.6666666666666666,1.0,0.0,0.0
D1-CVE-2026-24515-bookworm-V4|S5|qwen3_14b|withheld|P1|60.0|0.0|0|||0,qwen3_14b,S5,withheld,CVE-2026-24515,affected,fixed,False,False,True,6,415,60,1.0,0.3333333333333333,0.3333333333333333,0.6666666666666666,0.0
D1-CVE-2026-24515-trixie-V3|DC|mistral_small_24b|tracker|P3|60.0|0.0|0|||0,mistral_small_24b,DC,tracker,CVE-2026-24515,fixed,fixed,True,False,True,4,350,50,1.0,1.0,1.0,0.0,0.0
D1-CVE-2026-24515-trixie-V3|DC|mistral_small_24b|withheld|P3|60.0|0.0|0|||0,mistral_small_24b,DC,withheld,CVE-2026-24515,not_affected,fixed,False,False,True,6,373,56,1.0,1.0,1.0,0.0,0.0
D1-CVE-2026-24515-trixie-V3|S2|mistral_small_24b|tracker|P1|60.0|0.0|0|||0,mistral_small_24b,S2,tracker,CVE-2026-24515,fixed,fixed,True,False,True,8,424,61,1.0,1.0,1.0,0.0,0.0
D1-CVE-2026-24515-trixie-V3|S2|mistral_small_24b|withheld|P1|60.0|0.0|0|||0,mistral_small_24b,S2,withheld,CVE-2026-24515,under_investigation,fixed,False,False,True,8,569,89,1.0,1.0,1.0,0.0,0.0
D1-CVE-2026-24515-trixie-V3|S3|mistral_small_24b|tracker|P1|60.0|0.0|0|||0,mistral_small_24b,S3,tracker,CVE-2026-24515,fixed,fixed,True,False,True,3,168,23,1.0,1.0,1.0,0.0,0.0
D1-CVE-2026-24515-trixie-V3|S3|mistral_small_24b|withheld|P1|60.0|0.0|0|||0,mistral_small_24b,S3,withheld,CVE-2026-24515,not_affected,fixed,False,False,True,3,124,17,1.0,0.3333333333333333,1.0,0.0,0.0
D1-CVE-2026-24515-trixie-V3|S4|mistral_small_24b|tracker|P1|60.0|0.0|0|||0,mistral_small_24b,S4,tracker,CVE-2026-24515,fixed,fixed,True,False,True,3,104,13,1.0,1.0,1.0,0.0,0.0
D1-CVE-2026-24515-trixie-V3|S4|mistral_small_24b|withheld|P1|60.0|0.0|0|||0,mistral_small_24b,S4,withheld,CVE-2026-24515,under_investigation,fixed,False,False,True,0,80,12,1.0,1.0,1.0,0.0,1.0
D1-CVE-2026-24515-trixie-V3|S5|mistral_small_24b|tracker|P1|60.0|0.0|0|||0,mistral_small_24b,S5,tracker,CVE-2026-24515,fixed,fixed,True,False,True,3,168,24,1.0,1.0,1.0,0.0,0.0
D1-CVE-2026-24515-trixie-V3|S5|mistral_small_24b|withheld|P1|60.0|0.0|0|||0,mistral_small_24b,S5,withheld,CVE-2026-24515,not_affected,fixed,False,False,True,3,124,17,1.0,0.3333333333333333,1.0,0.0,0.0
D1-CVE-2026-25210-bookworm-V4|DC|granite41_8b|tracker|P3|60.0|0.0|0|||0,granite41_8b,DC,tracker,CVE-2026-25210,fixed,fixed,True,False,True,3,413,62,1.0,1.0,1.0,0.0,0.0
D1-CVE-2026-25210-bookworm-V4|DC|granite41_8b|withheld|P3|60.0|0.0|0|||0,granite41_8b,DC,withheld,CVE-2026-25210,not_affected,fixed,False,False,True,3,367,52,1.0,1.0,1.0,0.0,0.0
D1-CVE-2026-25210-bookworm-V4|S2|granite41_8b|tracker|P1|60.0|0.0|0|||0,granite41_8b,S2,tracker,CVE-2026-25210,fixed,fixed,True,False,True,7,431,61,1.0,0.5,1.0,0.0,0.0
D1-CVE-2026-25210-bookworm-V4|S2|granite41_8b|withheld|P1|60.0|0.0|0|||0,granite41_8b,S2,withheld,CVE-2026-25210,fixed,fixed,True,False,True,7,553,80,1.0,0.5,1.0,0.0,0.0
D1-CVE-2026-25210-bookworm-V4|S3|granite41_8b|tracker|P1|60.0|0.0|0|||0,granite41_8b,S3,tracker,CVE-2026-25210,fixed,fixed,True,False,True,4,188,28,1.0,0.5,1.0,0.0,0.0
D1-CVE-2026-25210-bookworm-V4|S3|granite41_8b|withheld|P1|60.0|0.0|0|||0,granite41_8b,S3,withheld,CVE-2026-25210,affected,fixed,False,False,True,4,256,34,1.0,1.0,1.0,0.0,0.0
D1-CVE-2026-25210-bookworm-V4|S4|granite41_8b|tracker|P1|60.0|0.0|0|||0,granite41_8b,S4,tracker,CVE-2026-25210,fixed,fixed,True,False,True,4,204,29,1.0,1.0,1.0,0.0,0.0
D1-CVE-2026-25210-bookworm-V4|S4|granite41_8b|withheld|P1|60.0|0.0|0|||0,granite41_8b,S4,withheld,CVE-2026-25210,under_investigation,fixed,False,False,True,4,226,32,1.0,1.0,1.0,0.0,0.0
D1-CVE-2026-25210-bookworm-V4|S5|granite41_8b|tracker|P1|60.0|0.0|0|||0,granite41_8b,S5,tracker,CVE-2026-25210,fixed,fixed,True,False,True,7,434,63,1.0,1.0,1.0,0.0,0.0
D1-CVE-2026-25210-bookworm-V4|S5|granite41_8b|withheld|P1|60.0|0.0|0|||0,granite41_8b,S5,withheld,CVE-2026-25210,affected,fixed,False,False,True,5,302,40,1.0,1.0,1.0,0.0,0.0
D1-CVE-2026-27171-bookworm-V2|DC|gemma4_31b|tracker|P3|60.0|0.0|0|||0,gemma4_31b,DC,tracker,CVE-2026-27171,affected,affected,True,False,True,4,207,32,1.0,1.0,1.0,0.0,0.0
D1-CVE-2026-27171-bookworm-V2|DC|gemma4_31b|withheld|P3|60.0|0.0|0|||0,gemma4_31b,DC,withheld,CVE-2026-27171,affected,affected,True,False,True,4,235,36,1.0,1.0,1.0,0.0,0.0
D1-CVE-2026-27171-bookworm-V2|S2|gemma4_31b|tracker|P1|60.0|0.0|0|||0,gemma4_31b,S2,tracker,CVE-2026-27171,affected,affected,True,False,True,8,440,64,1.0,1.0,1.0,0.0,0.0
D1-CVE-2026-27171-bookworm-V2|S2|gemma4_31b|withheld|P1|60.0|0.0|0|||0,gemma4_31b,S2,withheld,CVE-2026-27171,affected,affected,True,False,True,6,478,72,1.0,1.0,1.0,0.0,0.0
D1-CVE-2026-27171-bookworm-V2|S3|gemma4_31b|tracker|P1|60.0|0.0|0|||0,gemma4_31b,S3,tracker,CVE-2026-27171,affected,affected,True,False,True,7,358,53,1.0,1.0,1.0,0.0,0.0
D1-CVE-2026-27171-bookworm-V2|S3|gemma4_31b|withheld|P1|60.0|0.0|0|||0,gemma4_31b,S3,withheld,CVE-2026-27171,affected,affected,True,False,True,6,397,60,1.0,1.0,1.0,0.0,0.0
D1-CVE-2026-27171-bookworm-V2|S4|gemma4_31b|tracker|P1|60.0|0.0|0|||0,gemma4_31b,S4,tracker,CVE-2026-27171,affected,affected,True,False,True,7,361,55,1.0,1.0,1.0,0.0,0.0
D1-CVE-2026-27171-bookworm-V2|S4|gemma4_31b|withheld|P1|60.0|0.0|0|||0,gemma4_31b,S4,withheld,CVE-2026-27171,affected,affected,True,False,True,6,425,61,1.0,1.0,1.0,0.0,0.0
D1-CVE-2026-27171-bookworm-V2|S5|gemma4_31b|tracker|P1|60.0|0.0|0|||0,gemma4_31b,S5,tracker,CVE-2026-27171,affected,affected,True,False,True,7,430,64,1.0,1.0,1.0,0.0,0.0
D1-CVE-2026-27171-bookworm-V2|S5|gemma4_31b|withheld|P1|60.0|0.0|0|||0,gemma4_31b,S5,withheld,CVE-2026-27171,affected,affected,True,False,True,7,505,78,1.0,1.0,1.0,0.0,0.0
D1-CVE-2026-27171-trixie-V2|DC|granite41_8b|tracker|P3|60.0|0.0|0|||0,granite41_8b,DC,tracker,CVE-2026-27171,affected,affected,True,False,True,8,607,95,1.0,1.0,1.0,0.0,0.0
D1-CVE-2026-27171-trixie-V2|DC|granite41_8b|withheld|P3|60.0|0.0|0|||0,granite41_8b,DC,withheld,CVE-2026-27171,affected,affected,True,False,True,5,373,54,1.0,1.0,1.0,0.0,0.0
D1-CVE-2026-27171-trixie-V2|S2|granite41_8b|tracker|P1|60.0|0.0|0|||0,granite41_8b,S2,tracker,CVE-2026-27171,affected,affected,True,False,True,7,759,106,1.0,1.0,1.0,0.0,0.0
D1-CVE-2026-27171-trixie-V2|S2|granite41_8b|withheld|P1|60.0|0.0|0|||0,granite41_8b,S2,withheld,CVE-2026-27171,affected,affected,True,False,True,5,348,53,1.0,0.0,0.0,0.0,0.0
D1-CVE-2026-27171-trixie-V2|S3|granite41_8b|tracker|P1|60.0|0.0|0|||0,granite41_8b,S3,tracker,CVE-2026-27171,not_affected,affected,False,False,True,8,499,69,1.0,1.0,1.0,0.0,0.0
D1-CVE-2026-27171-trixie-V2|S3|granite41_8b|withheld|P1|60.0|0.0|0|||0,granite41_8b,S3,withheld,CVE-2026-27171,affected,affected,True,False,True,4,189,25,1.0,1.0,1.0,0.0,0.0
D1-CVE-2026-27171-trixie-V2|S4|granite41_8b|tracker|P1|60.0|0.0|0|||0,granite41_8b,S4,tracker,CVE-2026-27171,not_affected,affected,False,False,True,9,492,68,1.0,1.0,1.0,0.0,0.0
D1-CVE-2026-27171-trixie-V2|S4|granite41_8b|withheld|P1|60.0|0.0|0|||0,granite41_8b,S4,withheld,CVE-2026-27171,fixed,affected,False,False,True,3,188,27,1.0,1.0,1.0,0.0,0.0
D1-CVE-2026-27171-trixie-V2|S5|granite41_8b|tracker|P1|60.0|0.0|0|||0,granite41_8b,S5,tracker,CVE-2026-27171,not_affected,affected,False,False,True,9,535,77,1.0,1.0,1.0,0.0,0.0
D1-CVE-2026-27171-trixie-V2|S5|granite41_8b|withheld|P1|60.0|0.0|0|||0,granite41_8b,S5,withheld,CVE-2026-27171,affected,affected,True,False,True,5,272,39,1.0,1.0,1.0,0.0,0.0
D1-CVE-2026-28388-bookworm-V2|DC|gemma4_31b|tracker|P3|60.0|0.0|0|||0,gemma4_31b,DC,tracker,CVE-2026-28388,affected,affected,True,False,True,4,207,32,1.0,1.0,1.0,0.0,0.0
D1-CVE-2026-28388-bookworm-V2|DC|gemma4_31b|withheld|P3|60.0|0.0|0|||0,gemma4_31b,DC,withheld,CVE-2026-28388,affected,affected,True,False,True,2,198,30,1.0,1.0,1.0,0.0,0.0
D1-CVE-2026-28388-bookworm-V2|S2|gemma4_31b|tracker|P1|60.0|0.0|0|||0,gemma4_31b,S2,tracker,CVE-2026-28388,affected,affected,True,False,True,10,737,95,1.0,1.0,1.0,0.0,0.0
D1-CVE-2026-28388-bookworm-V2|S2|gemma4_31b|withheld|P1|60.0|0.0|0|||0,gemma4_31b,S2,withheld,CVE-2026-28388,affected,affected,True,False,True,9,467,66,1.0,1.0,1.0,0.0,0.0
D1-CVE-2026-28388-bookworm-V2|S3|gemma4_31b|tracker|P1|60.0|0.0|0|||0,gemma4_31b,S3,tracker,CVE-2026-28388,affected,affected,True,False,True,4,324,47,1.0,1.0,1.0,0.0,0.0
D1-CVE-2026-28388-bookworm-V2|S3|gemma4_31b|withheld|P1|60.0|0.0|0|||0,gemma4_31b,S3,withheld,CVE-2026-28388,affected,affected,True,False,True,8,461,67,1.0,1.0,1.0,0.0,0.0
D1-CVE-2026-28388-bookworm-V2|S4|gemma4_31b|tracker|P1|60.0|0.0|0|||0,gemma4_31b,S4,tracker,CVE-2026-28388,affected,affected,True,False,True,7,326,46,1.0,1.0,1.0,0.0,0.0
D1-CVE-2026-28388-bookworm-V2|S4|gemma4_31b|withheld|P1|60.0|0.0|0|||0,gemma4_31b,S4,withheld,CVE-2026-28388,affected,affected,True,False,True,5,305,45,1.0,1.0,1.0,0.0,0.0
D1-CVE-2026-28388-bookworm-V2|S5|gemma4_31b|tracker|P1|60.0|0.0|0|||0,gemma4_31b,S5,tracker,CVE-2026-28388,affected,affected,True,False,True,8,515,67,1.0,1.0,1.0,0.0,0.0
D1-CVE-2026-28388-bookworm-V2|S5|gemma4_31b|withheld|P1|60.0|0.0|0|||0,gemma4_31b,S5,withheld,CVE-2026-28388,affected,affected,True,False,True,7,491,62,1.0,1.0,1.0,0.0,0.0
D1-CVE-2026-3012-bookworm-V6|DC|gemma4_31b|tracker|P3|60.0|0.0|0|||0,gemma4_31b,DC,tracker,CVE-2026-3012,not_affected,not_affected,True,False,True,2,231,29,1.0,1.0,1.0,0.0,0.0
D1-CVE-2026-3012-bookworm-V6|DC|gemma4_31b|withheld|P3|60.0|0.0|0|||0,gemma4_31b,DC,withheld,CVE-2026-3012,not_affected,not_affected,True,False,True,2,231,29,1.0,1.0,1.0,0.0,0.0
D1-CVE-2026-3012-bookworm-V6|S2|gemma4_31b|tracker|P1|60.0|0.0|0|||0,gemma4_31b,S2,tracker,CVE-2026-3012,not_affected,not_affected,True,False,True,6,371,56,1.0,1.0,1.0,0.0,0.0
D1-CVE-2026-3012-bookworm-V6|S2|gemma4_31b|withheld|P1|60.0|0.0|0|||0,gemma4_31b,S2,withheld,CVE-2026-3012,not_affected,not_affected,True,False,True,7,328,49,1.0,1.0,1.0,0.0,0.0
D1-CVE-2026-3012-bookworm-V6|S3|gemma4_31b|tracker|P1|60.0|0.0|0|||0,gemma4_31b,S3,tracker,CVE-2026-3012,not_affected,not_affected,True,False,True,5,299,45,1.0,1.0,1.0,0.0,0.0
D1-CVE-2026-3012-bookworm-V6|S3|gemma4_31b|withheld|P1|60.0|0.0|0|||0,gemma4_31b,S3,withheld,CVE-2026-3012,not_affected,not_affected,True,False,True,7,231,31,1.0,1.0,1.0,0.0,0.0
D1-CVE-2026-3012-bookworm-V6|S4|gemma4_31b|tracker|P1|60.0|0.0|0|||0,gemma4_31b,S4,tracker,CVE-2026-3012,not_affected,not_affected,True,False,True,5,154,20,1.0,1.0,1.0,0.0,0.0
D1-CVE-2026-3012-bookworm-V6|S4|gemma4_31b|withheld|P1|60.0|0.0|0|||0,gemma4_31b,S4,withheld,CVE-2026-3012,not_affected,not_affected,True,False,True,7,172,21,1.0,1.0,1.0,0.0,0.0
D1-CVE-2026-3012-bookworm-V6|S5|gemma4_31b|tracker|P1|60.0|0.0|0|||0,gemma4_31b,S5,tracker,CVE-2026-3012,not_affected,not_affected,True,False,True,7,419,57,1.0,1.0,1.0,0.0,0.0
D1-CVE-2026-3012-bookworm-V6|S5|gemma4_31b|withheld|P1|60.0|0.0|0|||0,gemma4_31b,S5,withheld,CVE-2026-3012,not_affected,not_affected,True,False,True,7,223,29,1.0,1.0,1.0,0.0,0.0
D1-CVE-2026-3012-trixie-V3|DC|mistral_small_24b|tracker|P3|60.0|0.0|0|||0,mistral_small_24b,DC,tracker,CVE-2026-3012,fixed,fixed,True,False,True,5,389,56,1.0,1.0,1.0,0.0,0.0
D1-CVE-2026-3012-trixie-V3|DC|mistral_small_24b|withheld|P3|60.0|0.0|0|||0,mistral_small_24b,DC,withheld,CVE-2026-3012,not_affected,fixed,False,False,True,6,429,64,1.0,1.0,1.0,0.0,0.0
D1-CVE-2026-3012-trixie-V3|S2|mistral_small_24b|tracker|P1|60.0|0.0|0|||0,mistral_small_24b,S2,tracker,CVE-2026-3012,affected,fixed,False,False,True,5,230,29,1.0,1.0,1.0,0.0,0.0
D1-CVE-2026-3012-trixie-V3|S2|mistral_small_24b|withheld|P1|60.0|0.0|0|||0,mistral_small_24b,S2,withheld,CVE-2026-3012,fixed,fixed,True,False,True,6,269,37,1.0,1.0,1.0,0.0,0.0
D1-CVE-2026-3012-trixie-V3|S3|mistral_small_24b|tracker|P1|60.0|0.0|0|||0,mistral_small_24b,S3,tracker,CVE-2026-3012,not_affected,fixed,False,False,True,3,146,19,1.0,0.6666666666666666,1.0,0.0,0.0
D1-CVE-2026-3012-trixie-V3|S3|mistral_small_24b|withheld|P1|60.0|0.0|0|||0,mistral_small_24b,S3,withheld,CVE-2026-3012,affected,fixed,False,False,True,3,211,30,1.0,1.0,1.0,0.0,0.0
D1-CVE-2026-3012-trixie-V3|S4|mistral_small_24b|tracker|P1|60.0|0.0|0|||0,mistral_small_24b,S4,tracker,CVE-2026-3012,affected,fixed,False,False,True,4,307,43,1.0,1.0,1.0,0.0,0.0
D1-CVE-2026-3012-trixie-V3|S4|mistral_small_24b|withheld|P1|60.0|0.0|0|||0,mistral_small_24b,S4,withheld,CVE-2026-3012,not_affected,fixed,False,False,True,3,113,15,1.0,0.6666666666666666,1.0,0.0,0.0
D1-CVE-2026-3012-trixie-V3|S5|mistral_small_24b|tracker|P1|60.0|0.0|0|||0,mistral_small_24b,S5,tracker,CVE-2026-3012,fixed,fixed,True,False,True,3,132,15,1.0,1.0,1.0,0.0,0.0
D1-CVE-2026-3012-trixie-V3|S5|mistral_small_24b|withheld|P1|60.0|0.0|0|||0,mistral_small_24b,S5,withheld,CVE-2026-3012,not_affected,fixed,False,False,True,3,144,20,1.0,1.0,1.0,0.0,0.0
D1-CVE-2026-3238-trixie-V6|DC|gemma4_31b|tracker|P3|60.0|0.0|0|||0,gemma4_31b,DC,tracker,CVE-2026-3238,not_affected,not_affected,True,False,True,2,169,21,1.0,1.0,1.0,0.0,0.0
D1-CVE-2026-3238-trixie-V6|DC|gemma4_31b|withheld|P3|60.0|0.0|0|||0,gemma4_31b,DC,withheld,CVE-2026-3238,not_affected,not_affected,True,False,True,2,251,33,1.0,1.0,1.0,0.0,0.0
D1-CVE-2026-3238-trixie-V6|S2|gemma4_31b|tracker|P1|60.0|0.0|0|||0,gemma4_31b,S2,tracker,CVE-2026-3238,not_affected,not_affected,True,False,True,8,363,55,1.0,1.0,1.0,0.0,0.0
D1-CVE-2026-3238-trixie-V6|S2|gemma4_31b|withheld|P1|60.0|0.0|0|||0,gemma4_31b,S2,withheld,CVE-2026-3238,not_affected,not_affected,True,False,True,6,249,40,1.0,1.0,1.0,0.0,0.0
D1-CVE-2026-3238-trixie-V6|S3|gemma4_31b|tracker|P1|60.0|0.0|0|||0,gemma4_31b,S3,tracker,CVE-2026-3238,not_affected,not_affected,True,False,True,4,143,20,1.0,1.0,1.0,0.0,0.0
D1-CVE-2026-3238-trixie-V6|S3|gemma4_31b|withheld|P1|60.0|0.0|0|||0,gemma4_31b,S3,withheld,CVE-2026-3238,not_affected,not_affected,True,False,True,5,135,19,1.0,1.0,1.0,0.0,0.0
D1-CVE-2026-3238-trixie-V6|S4|gemma4_31b|tracker|P1|60.0|0.0|0|||0,gemma4_31b,S4,tracker,CVE-2026-3238,not_affected,not_affected,True,False,True,6,154,20,1.0,1.0,1.0,0.0,0.0
D1-CVE-2026-3238-trixie-V6|S4|gemma4_31b|withheld|P1|60.0|0.0|0|||0,gemma4_31b,S4,withheld,CVE-2026-3238,not_affected,not_affected,True,False,True,7,172,21,1.0,1.0,1.0,0.0,0.0
D1-CVE-2026-3238-trixie-V6|S5|gemma4_31b|tracker|P1|60.0|0.0|0|||0,gemma4_31b,S5,tracker,CVE-2026-3238,not_affected,not_affected,True,False,True,4,256,38,1.0,1.0,1.0,0.0,0.0
D1-CVE-2026-3238-trixie-V6|S5|gemma4_31b|withheld|P1|60.0|0.0|0|||0,gemma4_31b,S5,withheld,CVE-2026-3238,not_affected,not_affected,True,False,True,5,137,19,1.0,1.0,1.0,0.0,0.0
D1-CVE-2026-33845-bookworm-V4|DC|qwen3_14b|tracker|P3|60.0|0.0|0|||0,qwen3_14b,DC,tracker,CVE-2026-33845,fixed,fixed,True,False,True,5,315,48,1.0,1.0,1.0,0.0,0.0
D1-CVE-2026-33845-bookworm-V4|DC|qwen3_14b|withheld|P3|60.0|0.0|0|||0,qwen3_14b,DC,withheld,CVE-2026-33845,not_affected,fixed,False,False,True,3,332,50,1.0,1.0,1.0,0.0,0.0
D1-CVE-2026-33845-bookworm-V4|S2|qwen3_14b|tracker|P1|60.0|0.0|0|||0,qwen3_14b,S2,tracker,CVE-2026-33845,fixed,fixed,True,False,True,9,595,90,1.0,0.0,0.0,0.0,0.0
D1-CVE-2026-33845-bookworm-V4|S2|qwen3_14b|withheld|P1|60.0|0.0|0|||0,qwen3_14b,S2,withheld,CVE-2026-33845,fixed,fixed,True,False,True,5,279,41,1.0,1.0,1.0,0.0,0.0
D1-CVE-2026-33845-bookworm-V4|S3|qwen3_14b|tracker|P1|60.0|0.0|0|||0,qwen3_14b,S3,tracker,CVE-2026-33845,fixed,fixed,True,False,True,3,232,34,1.0,1.0,1.0,0.0,0.0
D1-CVE-2026-33845-bookworm-V4|S3|qwen3_14b|withheld|P1|60.0|0.0|0|||0,qwen3_14b,S3,withheld,CVE-2026-33845,not_affected,fixed,False,False,True,2,192,32,1.0,1.0,1.0,0.0,0.0
D1-CVE-2026-33845-bookworm-V4|S4|qwen3_14b|tracker|P1|60.0|0.0|0|||0,qwen3_14b,S4,tracker,CVE-2026-33845,fixed,fixed,True,False,True,3,213,31,1.0,1.0,1.0,0.0,0.0
D1-CVE-2026-33845-bookworm-V4|S4|qwen3_14b|withheld|P1|60.0|0.0|0|||0,qwen3_14b,S4,withheld,CVE-2026-33845,not_affected,fixed,False,False,True,3,160,22,1.0,1.0,1.0,0.0,0.0
D1-CVE-2026-33845-bookworm-V4|S5|qwen3_14b|tracker|P1|60.0|0.0|0|||0,qwen3_14b,S5,tracker,CVE-2026-33845,fixed,fixed,True,False,True,3,232,34,1.0,1.0,1.0,0.0,0.0
D1-CVE-2026-33845-bookworm-V4|S5|qwen3_14b|withheld|P1|60.0|0.0|0|||0,qwen3_14b,S5,withheld,CVE-2026-33845,not_affected,fixed,False,False,True,5,280,40,1.0,1.0,1.0,0.0,0.0
D1-CVE-2026-33845-trixie-V4|DC|gemma4_31b|tracker|P3|60.0|0.0|0|||0,gemma4_31b,DC,tracker,CVE-2026-33845,fixed,fixed,True,False,True,4,177,28,1.0,1.0,1.0,0.0,0.0
D1-CVE-2026-33845-trixie-V4|DC|gemma4_31b|withheld|P3|60.0|0.0|0|||0,gemma4_31b,DC,withheld,CVE-2026-33845,not_affected,fixed,False,False,True,4,324,49,1.0,1.0,1.0,0.0,0.0
D1-CVE-2026-33845-trixie-V4|S2|gemma4_31b|tracker|P1|60.0|0.0|0|||0,gemma4_31b,S2,tracker,CVE-2026-33845,fixed,fixed,True,False,True,7,381,52,1.0,1.0,1.0,0.0,0.0
D1-CVE-2026-33845-trixie-V4|S2|gemma4_31b|withheld|P1|60.0|0.0|0|||0,gemma4_31b,S2,withheld,CVE-2026-33845,under_investigation,fixed,False,False,True,6,692,99,1.0,1.0,1.0,0.0,0.0
D1-CVE-2026-33845-trixie-V4|S3|gemma4_31b|tracker|P1|60.0|0.0|0|||0,gemma4_31b,S3,tracker,CVE-2026-33845,fixed,fixed,True,False,True,5,275,39,1.0,1.0,1.0,0.0,0.0
D1-CVE-2026-33845-trixie-V4|S3|gemma4_31b|withheld|P1|60.0|0.0|0|||0,gemma4_31b,S3,withheld,CVE-2026-33845,under_investigation,fixed,False,False,True,10,797,120,1.0,1.0,1.0,0.0,0.0
D1-CVE-2026-33845-trixie-V4|S4|gemma4_31b|tracker|P1|60.0|0.0|0|||0,gemma4_31b,S4,tracker,CVE-2026-33845,fixed,fixed,True,False,True,5,249,35,1.0,1.0,1.0,0.0,0.0
D1-CVE-2026-33845-trixie-V4|S4|gemma4_31b|withheld|P1|60.0|0.0|0|||0,gemma4_31b,S4,withheld,CVE-2026-33845,under_investigation,fixed,False,False,True,12,656,100,1.0,1.0,1.0,0.0,0.0
D1-CVE-2026-33845-trixie-V4|S5|gemma4_31b|tracker|P1|60.0|0.0|0|||0,gemma4_31b,S5,tracker,CVE-2026-33845,fixed,fixed,True,False,True,7,317,44,1.0,1.0,1.0,0.0,0.0
D1-CVE-2026-33845-trixie-V4|S5|gemma4_31b|withheld|P1|60.0|0.0|0|||0,gemma4_31b,S5,withheld,CVE-2026-33845,under_investigation,fixed,False,False,True,7,567,80,1.0,1.0,1.0,0.0,0.0
D1-CVE-2026-34180-bookworm-V2|DC|qwen3_14b|tracker|P3|60.0|0.0|0|||0,qwen3_14b,DC,tracker,CVE-2026-34180,affected,affected,True,False,True,4,294,43,1.0,1.0,1.0,0.0,0.0
D1-CVE-2026-34180-bookworm-V2|DC|qwen3_14b|withheld|P3|60.0|0.0|0|||0,qwen3_14b,DC,withheld,CVE-2026-34180,affected,affected,True,False,True,5,350,51,1.0,1.0,1.0,0.0,0.0
D1-CVE-2026-34180-bookworm-V2|S2|qwen3_14b|tracker|P1|60.0|0.0|0|||0,qwen3_14b,S2,tracker,CVE-2026-34180,affected,affected,True,False,True,3,291,44,1.0,0.0,0.0,0.0,0.0
D1-CVE-2026-34180-bookworm-V2|S2|qwen3_14b|withheld|P1|60.0|0.0|0|||0,qwen3_14b,S2,withheld,CVE-2026-34180,fixed,affected,False,False,True,4,245,36,1.0,1.0,1.0,0.0,0.0
D1-CVE-2026-34180-bookworm-V2|S3|qwen3_14b|tracker|P1|60.0|0.0|0|||0,qwen3_14b,S3,tracker,CVE-2026-34180,affected,affected,True,False,True,3,166,21,1.0,1.0,1.0,0.0,0.0
D1-CVE-2026-34180-bookworm-V2|S3|qwen3_14b|withheld|P1|60.0|0.0|0|||0,qwen3_14b,S3,withheld,CVE-2026-34180,fixed,affected,False,False,True,5,235,33,1.0,0.6666666666666666,0.6666666666666666,0.3333333333333333,0.0
D1-CVE-2026-34180-bookworm-V2|S4|qwen3_14b|tracker|P1|60.0|0.0|0|||0,qwen3_14b,S4,tracker,CVE-2026-34180,fixed,affected,False,False,True,3,166,23,1.0,1.0,1.0,0.0,0.0
D1-CVE-2026-34180-bookworm-V2|S4|qwen3_14b|withheld|P1|60.0|0.0|0|||0,qwen3_14b,S4,withheld,CVE-2026-34180,fixed,affected,False,False,True,5,336,49,1.0,0.0,0.3333333333333333,0.3333333333333333,0.0
D1-CVE-2026-34180-bookworm-V2|S5|qwen3_14b|tracker|P1|60.0|0.0|0|||0,qwen3_14b,S5,tracker,CVE-2026-34180,affected,affected,True,False,True,5,319,44,1.0,1.0,1.0,0.0,0.0
D1-CVE-2026-34180-bookworm-V2|S5|qwen3_14b|withheld|P1|60.0|0.0|0|||0,qwen3_14b,S5,withheld,CVE-2026-34180,fixed,affected,False,False,True,5,308,44,1.0,0.0,0.0,0.3333333333333333,0.0
D1-CVE-2026-34180-bookworm-V3|DC|llama31_8b|tracker|P3|60.0|0.0|0|||0,llama31_8b,DC,tracker,CVE-2026-34180,fixed,fixed,True,False,True,4,430,64,1.0,1.0,1.0,0.0,0.0
D1-CVE-2026-34180-bookworm-V3|DC|llama31_8b|withheld|P3|60.0|0.0|0|||0,llama31_8b,DC,withheld,CVE-2026-34180,not_affected,fixed,False,False,True,3,499,75,1.0,1.0,1.0,0.0,0.0
D1-CVE-2026-34180-bookworm-V3|S2|llama31_8b|tracker|P1|60.0|0.0|0|||0,llama31_8b,S2,tracker,CVE-2026-34180,not_affected,fixed,False,False,True,6,372,59,1.0,1.0,1.0,0.0,0.0
D1-CVE-2026-34180-bookworm-V3|S2|llama31_8b|withheld|P1|60.0|0.0|0|||0,llama31_8b,S2,withheld,CVE-2026-34180,not_affected,fixed,False,False,True,10,739,113,1.0,1.0,1.0,0.0,0.0
D1-CVE-2026-34180-bookworm-V3|S3|llama31_8b|tracker|P1|60.0|0.0|0|||0,llama31_8b,S3,tracker,CVE-2026-34180,affected,fixed,False,False,True,3,170,27,1.0,1.0,1.0,0.0,0.0
D1-CVE-2026-34180-bookworm-V3|S3|llama31_8b|withheld|P1|60.0|0.0|0|||0,llama31_8b,S3,withheld,CVE-2026-34180,under_investigation,fixed,False,False,True,0,23,3,1.0,0.0,0.0,1.0,1.0
D1-CVE-2026-34180-bookworm-V3|S4|llama31_8b|tracker|P1|60.0|0.0|0|||0,llama31_8b,S4,tracker,CVE-2026-34180,not_affected,fixed,False,False,True,3,86,11,1.0,1.0,1.0,0.0,0.0
D1-CVE-2026-34180-bookworm-V3|S4|llama31_8b|withheld|P1|60.0|0.0|0|||0,llama31_8b,S4,withheld,CVE-2026-34180,not_affected,fixed,False,False,True,2,52,9,1.0,1.0,1.0,0.0,0.0
D1-CVE-2026-34180-bookworm-V3|S5|llama31_8b|tracker|P1|60.0|0.0|0|||0,llama31_8b,S5,tracker,CVE-2026-34180,under_investigation,fixed,False,False,True,3,446,66,1.0,1.0,1.0,0.0,0.0
D1-CVE-2026-34180-bookworm-V3|S5|llama31_8b|withheld|P1|60.0|0.0|0|||0,llama31_8b,S5,withheld,CVE-2026-34180,under_investigation,fixed,False,False,True,0,23,3,1.0,0.0,0.0,1.0,1.0
D1-CVE-2026-34180-bookworm-V6|DC|mistral_small_24b|tracker|P3|60.0|0.0|0|||0,mistral_small_24b,DC,tracker,CVE-2026-34180,not_affected,not_affected,True,False,True,3,475,57,1.0,1.0,1.0,0.0,0.0
D1-CVE-2026-34180-bookworm-V6|DC|mistral_small_24b|withheld|P3|60.0|0.0|0|||0,mistral_small_24b,DC,withheld,CVE-2026-34180,not_affected,not_affected,True,False,True,2,400,57,1.0,1.0,1.0,0.0,0.0
D1-CVE-2026-34180-bookworm-V6|S2|mistral_small_24b|tracker|P1|60.0|0.0|0|||0,mistral_small_24b,S2,tracker,CVE-2026-34180,not_affected,not_affected,True,False,True,3,393,63,1.0,1.0,1.0,0.0,0.0
D1-CVE-2026-34180-bookworm-V6|S2|mistral_small_24b|withheld|P1|60.0|0.0|0|||0,mistral_small_24b,S2,withheld,CVE-2026-34180,not_affected,not_affected,True,False,True,4,458,70,1.0,1.0,1.0,0.0,0.0
D1-CVE-2026-34180-bookworm-V6|S3|mistral_small_24b|tracker|P1|60.0|0.0|0|||0,mistral_small_24b,S3,tracker,CVE-2026-34180,not_affected,not_affected,True,False,True,2,103,18,1.0,1.0,1.0,0.0,0.0
D1-CVE-2026-34180-bookworm-V6|S3|mistral_small_24b|withheld|P1|60.0|0.0|0|||0,mistral_small_24b,S3,withheld,CVE-2026-34180,not_affected,not_affected,True,False,True,2,110,18,1.0,1.0,1.0,0.0,0.0
D1-CVE-2026-34180-bookworm-V6|S4|mistral_small_24b|tracker|P1|60.0|0.0|0|||0,mistral_small_24b,S4,tracker,CVE-2026-34180,not_affected,not_affected,True,False,True,1,69,11,1.0,1.0,1.0,0.0,0.0
D1-CVE-2026-34180-bookworm-V6|S4|mistral_small_24b|withheld|P1|60.0|0.0|0|||0,mistral_small_24b,S4,withheld,CVE-2026-34180,not_affected,not_affected,True,False,True,1,49,9,1.0,1.0,1.0,0.0,0.0
D1-CVE-2026-34180-bookworm-V6|S5|mistral_small_24b|tracker|P1|60.0|0.0|0|||0,mistral_small_24b,S5,tracker,CVE-2026-34180,not_affected,not_affected,True,False,True,1,69,11,1.0,1.0,1.0,0.0,0.0
D1-CVE-2026-34180-bookworm-V6|S5|mistral_small_24b|withheld|P1|60.0|0.0|0|||0,mistral_small_24b,S5,withheld,CVE-2026-34180,not_affected,not_affected,True,False,True,2,106,19,1.0,1.0,1.0,0.0,0.0
D1-CVE-2026-34180-trixie-V2|DC|granite41_8b|tracker|P3|60.0|0.0|0|||0,granite41_8b,DC,tracker,CVE-2026-34180,affected,affected,True,False,True,4,467,71,1.0,1.0,1.0,0.0,0.0
D1-CVE-2026-34180-trixie-V2|DC|granite41_8b|withheld|P3|60.0|0.0|0|||0,granite41_8b,DC,withheld,CVE-2026-34180,affected,affected,True,False,True,6,359,53,1.0,1.0,1.0,0.0,0.0
D1-CVE-2026-34180-trixie-V2|S2|granite41_8b|tracker|P1|60.0|0.0|0|||0,granite41_8b,S2,tracker,CVE-2026-34180,fixed,affected,False,False,True,11,932,142,1.0,1.0,1.0,0.0,0.0
D1-CVE-2026-34180-trixie-V2|S2|granite41_8b|withheld|P1|60.0|0.0|0|||0,granite41_8b,S2,withheld,CVE-2026-34180,fixed,affected,False,False,True,8,560,79,1.0,0.0,1.0,0.0,0.0
D1-CVE-2026-34180-trixie-V2|S3|granite41_8b|tracker|P1|60.0|0.0|0|||0,granite41_8b,S3,tracker,CVE-2026-34180,affected,affected,True,False,True,3,227,29,1.0,1.0,1.0,0.0,0.0
D1-CVE-2026-34180-trixie-V2|S3|granite41_8b|withheld|P1|60.0|0.0|0|||0,granite41_8b,S3,withheld,CVE-2026-34180,affected,affected,True,False,True,4,230,33,1.0,1.0,1.0,0.0,0.0
D1-CVE-2026-34180-trixie-V2|S4|granite41_8b|tracker|P1|60.0|0.0|0|||0,granite41_8b,S4,tracker,CVE-2026-34180,affected,affected,True,False,True,4,166,22,1.0,1.0,1.0,0.0,0.0
D1-CVE-2026-34180-trixie-V2|S4|granite41_8b|withheld|P1|60.0|0.0|0|||0,granite41_8b,S4,withheld,CVE-2026-34180,under_investigation,affected,False,False,True,3,152,21,1.0,1.0,1.0,0.0,0.0
D1-CVE-2026-34180-trixie-V2|S5|granite41_8b|tracker|P1|60.0|0.0|0|||0,granite41_8b,S5,tracker,CVE-2026-34180,affected,affected,True,False,True,6,262,35,1.0,1.0,1.0,0.0,0.0
D1-CVE-2026-34180-trixie-V2|S5|granite41_8b|withheld|P1|60.0|0.0|0|||0,granite41_8b,S5,withheld,CVE-2026-34180,affected,affected,True,False,True,4,237,36,1.0,1.0,1.0,0.0,0.0
D1-CVE-2026-34182-trixie-V3|DC|qwen3_4b|tracker|P3|60.0|0.0|0|||0,qwen3_4b,DC,tracker,CVE-2026-34182,fixed,fixed,True,False,True,3,215,35,1.0,1.0,1.0,0.0,0.0
D1-CVE-2026-34182-trixie-V3|DC|qwen3_4b|withheld|P3|60.0|0.0|0|||0,qwen3_4b,DC,withheld,CVE-2026-34182,not_affected,fixed,False,False,True,6,307,52,1.0,1.0,1.0,0.0,0.0
D1-CVE-2026-34182-trixie-V3|S2|qwen3_4b|tracker|P1|60.0|0.0|0|||0,qwen3_4b,S2,tracker,CVE-2026-34182,fixed,fixed,True,False,True,5,334,50,1.0,0.0,1.0,0.0,0.0
D1-CVE-2026-34182-trixie-V3|S2|qwen3_4b|withheld|P1|60.0|0.0|0|||0,qwen3_4b,S2,withheld,CVE-2026-34182,affected,fixed,False,False,True,5,376,61,1.0,0.0,0.0,0.0,0.0
D1-CVE-2026-34182-trixie-V3|S3|qwen3_4b|tracker|P1|60.0|0.0|0|||0,qwen3_4b,S3,tracker,CVE-2026-34182,fixed,fixed,True,False,True,5,236,35,1.0,1.0,1.0,0.0,0.0
D1-CVE-2026-34182-trixie-V3|S3|qwen3_4b|withheld|P1|60.0|0.0|0|||0,qwen3_4b,S3,withheld,CVE-2026-34182,affected,fixed,False,False,True,3,211,24,1.0,0.0,0.0,0.0,0.0
D1-CVE-2026-34182-trixie-V3|S4|qwen3_4b|tracker|P1|60.0|0.0|0|||0,qwen3_4b,S4,tracker,CVE-2026-34182,fixed,fixed,True,False,True,6,294,44,1.0,1.0,1.0,0.0,0.0
D1-CVE-2026-34182-trixie-V3|S4|qwen3_4b|withheld|P1|60.0|0.0|0|||0,qwen3_4b,S4,withheld,CVE-2026-34182,not_affected,fixed,False,False,True,3,196,30,1.0,1.0,1.0,0.0,0.0
D1-CVE-2026-34182-trixie-V3|S5|qwen3_4b|tracker|P1|60.0|0.0|0|||0,qwen3_4b,S5,tracker,CVE-2026-34182,fixed,fixed,True,False,True,5,236,35,1.0,1.0,1.0,0.0,0.0
D1-CVE-2026-34182-trixie-V3|S5|qwen3_4b|withheld|P1|60.0|0.0|0|||0,qwen3_4b,S5,withheld,CVE-2026-34182,affected,fixed,False,False,True,5,332,48,1.0,1.0,1.0,0.0,0.0
D1-CVE-2026-34355-bookworm-V1|DC|granite41_8b|tracker|P3|60.0|0.0|0|||0,granite41_8b,DC,tracker,CVE-2026-34355,not_affected,not_affected,True,False,True,3,448,64,1.0,1.0,1.0,0.0,0.0
D1-CVE-2026-34355-bookworm-V1|DC|granite41_8b|withheld|P3|60.0|0.0|0|||0,granite41_8b,DC,withheld,CVE-2026-34355,not_affected,not_affected,True,False,True,5,424,59,1.0,1.0,1.0,0.0,0.0
D1-CVE-2026-34355-bookworm-V1|S2|granite41_8b|tracker|P1|60.0|0.0|0|||0,granite41_8b,S2,tracker,CVE-2026-34355,not_affected,not_affected,True,False,True,2,213,32,1.0,1.0,1.0,0.0,0.0
D1-CVE-2026-34355-bookworm-V1|S2|granite41_8b|withheld|P1|60.0|0.0|0|||0,granite41_8b,S2,withheld,CVE-2026-34355,not_affected,not_affected,True,False,True,2,241,36,1.0,1.0,1.0,0.0,0.0
D1-CVE-2026-34355-bookworm-V1|S3|granite41_8b|tracker|P1|60.0|0.0|0|||0,granite41_8b,S3,tracker,CVE-2026-34355,not_affected,not_affected,True,False,True,4,119,20,1.0,1.0,1.0,0.0,0.0
D1-CVE-2026-34355-bookworm-V1|S3|granite41_8b|withheld|P1|60.0|0.0|0|||0,granite41_8b,S3,withheld,CVE-2026-34355,not_affected,not_affected,True,False,True,3,87,15,1.0,1.0,1.0,0.0,0.0
D1-CVE-2026-34355-bookworm-V1|S4|granite41_8b|tracker|P1|60.0|0.0|0|||0,granite41_8b,S4,tracker,CVE-2026-34355,not_affected,not_affected,True,False,True,2,93,15,1.0,1.0,1.0,0.0,0.0
D1-CVE-2026-34355-bookworm-V1|S4|granite41_8b|withheld|P1|60.0|0.0|0|||0,granite41_8b,S4,withheld,CVE-2026-34355,not_affected,not_affected,True,False,True,5,311,50,1.0,1.0,1.0,0.0,0.0
D1-CVE-2026-34355-bookworm-V1|S5|granite41_8b|tracker|P1|60.0|0.0|0|||0,granite41_8b,S5,tracker,CVE-2026-34355,not_affected,not_affected,True,False,True,3,139,22,1.0,1.0,1.0,0.0,0.0
D1-CVE-2026-34355-bookworm-V1|S5|granite41_8b|withheld|P1|60.0|0.0|0|||0,granite41_8b,S5,withheld,CVE-2026-34355,not_affected,not_affected,True,False,True,3,87,15,1.0,1.0,1.0,0.0,0.0
D1-CVE-2026-34355-trixie-V2|DC|qwen3_4b|tracker|P3|60.0|0.0|0|||0,qwen3_4b,DC,tracker,CVE-2026-34355,affected,affected,True,False,True,3,263,40,1.0,1.0,1.0,0.0,0.0
D1-CVE-2026-34355-trixie-V2|DC|qwen3_4b|withheld|P3|60.0|0.0|0|||0,qwen3_4b,DC,withheld,CVE-2026-34355,affected,affected,True,False,True,6,268,40,1.0,1.0,1.0,0.0,0.0
D1-CVE-2026-34355-trixie-V2|S2|qwen3_4b|tracker|P1|60.0|0.0|0|||0,qwen3_4b,S2,tracker,CVE-2026-34355,fixed,affected,False,False,True,6,330,49,1.0,0.0,1.0,0.0,0.0
D1-CVE-2026-34355-trixie-V2|S2|qwen3_4b|withheld|P1|60.0|0.0|0|||0,qwen3_4b,S2,withheld,CVE-2026-34355,fixed,affected,False,False,True,7,445,70,1.0,0.0,1.0,0.0,0.0
D1-CVE-2026-34355-trixie-V2|S3|qwen3_4b|tracker|P1|60.0|0.0|0|||0,qwen3_4b,S3,tracker,CVE-2026-34355,fixed,affected,False,False,True,4,225,31,1.0,0.6666666666666666,0.6666666666666666,0.3333333333333333,0.0
D1-CVE-2026-34355-trixie-V2|S3|qwen3_4b|withheld|P1|60.0|0.0|0|||0,qwen3_4b,S3,withheld,CVE-2026-34355,affected,affected,True,False,True,7,419,59,1.0,1.0,1.0,0.0,0.0
D1-CVE-2026-34355-trixie-V2|S4|qwen3_4b|tracker|P1|60.0|0.0|0|||0,qwen3_4b,S4,tracker,CVE-2026-34355,fixed,affected,False,False,True,3,137,18,1.0,0.6666666666666666,0.6666666666666666,0.3333333333333333,0.0
D1-CVE-2026-34355-trixie-V2|S4|qwen3_4b|withheld|P1|60.0|0.0|0|||0,qwen3_4b,S4,withheld,CVE-2026-34355,affected,affected,True,False,True,6,399,60,1.0,1.0,1.0,0.0,0.0
D1-CVE-2026-34355-trixie-V2|S5|qwen3_4b|tracker|P1|60.0|0.0|0|||0,qwen3_4b,S5,tracker,CVE-2026-34355,fixed,affected,False,False,True,4,225,31,1.0,0.6666666666666666,0.6666666666666666,0.3333333333333333,0.0
D1-CVE-2026-34355-trixie-V2|S5|qwen3_4b|withheld|P1|60.0|0.0|0|||0,qwen3_4b,S5,withheld,CVE-2026-34355,affected,affected,True,False,True,7,414,60,1.0,1.0,1.0,0.0,0.0
D1-CVE-2026-34355-trixie-V3|DC|gemma4_31b|tracker|P3|60.0|0.0|0|||0,gemma4_31b,DC,tracker,CVE-2026-34355,fixed,fixed,True,False,True,3,212,33,1.0,1.0,1.0,0.0,0.0
D1-CVE-2026-34355-trixie-V3|DC|gemma4_31b|withheld|P3|60.0|0.0|0|||0,gemma4_31b,DC,withheld,CVE-2026-34355,not_affected,fixed,False,False,True,5,272,40,1.0,1.0,1.0,0.0,0.0
D1-CVE-2026-34355-trixie-V3|S2|gemma4_31b|tracker|P1|60.0|0.0|0|||0,gemma4_31b,S2,tracker,CVE-2026-34355,fixed,fixed,True,False,True,9,538,75,1.0,1.0,1.0,0.0,0.0
D1-CVE-2026-34355-trixie-V3|S2|gemma4_31b|withheld|P1|60.0|0.0|0|||0,gemma4_31b,S2,withheld,CVE-2026-34355,fixed,fixed,True,False,True,5,359,52,1.0,1.0,1.0,0.0,0.0
D1-CVE-2026-34355-trixie-V3|S3|gemma4_31b|tracker|P1|60.0|0.0|0|||0,gemma4_31b,S3,tracker,CVE-2026-34355,fixed,fixed,True,False,True,6,225,33,1.0,1.0,1.0,0.0,0.0
D1-CVE-2026-34355-trixie-V3|S3|gemma4_31b|withheld|P1|60.0|0.0|0|||0,gemma4_31b,S3,withheld,CVE-2026-34355,fixed,fixed,True,False,True,6,355,50,1.0,1.0,1.0,0.0,0.0
D1-CVE-2026-34355-trixie-V3|S4|gemma4_31b|tracker|P1|60.0|0.0|0|||0,gemma4_31b,S4,tracker,CVE-2026-34355,fixed,fixed,True,False,True,5,318,48,1.0,1.0,1.0,0.0,0.0
D1-CVE-2026-34355-trixie-V3|S4|gemma4_31b|withheld|P1|60.0|0.0|0|||0,gemma4_31b,S4,withheld,CVE-2026-34355,fixed,fixed,True,False,True,5,261,38,1.0,1.0,1.0,0.0,0.0
D1-CVE-2026-34355-trixie-V3|S5|gemma4_31b|tracker|P1|60.0|0.0|0|||0,gemma4_31b,S5,tracker,CVE-2026-34355,fixed,fixed,True,False,True,5,308,44,1.0,1.0,1.0,0.0,0.0
D1-CVE-2026-34355-trixie-V3|S5|gemma4_31b|withheld|P1|60.0|0.0|0|||0,gemma4_31b,S5,withheld,CVE-2026-34355,fixed,fixed,True,False,True,4,387,54,1.0,1.0,1.0,0.0,0.0
D1-CVE-2026-34355-trixie-V6|DC|qwen3_14b|tracker|P3|60.0|0.0|0|||0,qwen3_14b,DC,tracker,CVE-2026-34355,not_affected,not_affected,True,False,True,3,350,49,1.0,1.0,1.0,0.0,0.0
D1-CVE-2026-34355-trixie-V6|DC|qwen3_14b|withheld|P3|60.0|0.0|0|||0,qwen3_14b,DC,withheld,CVE-2026-34355,not_affected,not_affected,True,False,True,2,334,51,1.0,1.0,1.0,0.0,0.0
D1-CVE-2026-34355-trixie-V6|S2|qwen3_14b|tracker|P1|60.0|0.0|0|||0,qwen3_14b,S2,tracker,CVE-2026-34355,fixed,not_affected,False,False,True,2,162,25,1.0,0.0,1.0,0.0,0.0
D1-CVE-2026-34355-trixie-V6|S2|qwen3_14b|withheld|P1|60.0|0.0|0|||0,qwen3_14b,S2,withheld,CVE-2026-34355,not_affected,not_affected,True,False,True,2,162,25,1.0,1.0,1.0,0.0,0.0
D1-CVE-2026-34355-trixie-V6|S3|qwen3_14b|tracker|P1|60.0|0.0|0|||0,qwen3_14b,S3,tracker,CVE-2026-34355,not_affected,not_affected,True,False,True,2,119,19,1.0,1.0,1.0,0.0,0.0
D1-CVE-2026-34355-trixie-V6|S3|qwen3_14b|withheld|P1|60.0|0.0|0|||0,qwen3_14b,S3,withheld,CVE-2026-34355,not_affected,not_affected,True,False,True,2,84,15,1.0,1.0,1.0,0.0,0.0
D1-CVE-2026-34355-trixie-V6|S4|qwen3_14b|tracker|P1|60.0|0.0|0|||0,qwen3_14b,S4,tracker,CVE-2026-34355,not_affected,not_affected,True,False,True,2,90,15,1.0,1.0,1.0,0.0,0.0
D1-CVE-2026-34355-trixie-V6|S4|qwen3_14b|withheld|P1|60.0|0.0|0|||0,qwen3_14b,S4,withheld,CVE-2026-34355,not_affected,not_affected,True,False,True,2,87,15,1.0,1.0,1.0,0.0,0.0
D1-CVE-2026-34355-trixie-V6|S5|qwen3_14b|tracker|P1|60.0|0.0|0|||0,qwen3_14b,S5,tracker,CVE-2026-34355,not_affected,not_affected,True,False,True,2,119,19,1.0,1.0,1.0,0.0,0.0
D1-CVE-2026-34355-trixie-V6|S5|qwen3_14b|withheld|P1|60.0|0.0|0|||0,qwen3_14b,S5,withheld,CVE-2026-34355,not_affected,not_affected,True,False,True,2,84,15,1.0,1.0,1.0,0.0,0.0
D1-CVE-2026-35385-bookworm-V6|DC|qwen3_14b|tracker|P3|60.0|0.0|0|||0,qwen3_14b,DC,tracker,CVE-2026-35385,not_affected,not_affected,True,False,True,3,363,53,1.0,1.0,1.0,0.0,0.0
D1-CVE-2026-35385-bookworm-V6|DC|qwen3_14b|withheld|P3|60.0|0.0|0|||0,qwen3_14b,DC,withheld,CVE-2026-35385,not_affected,not_affected,True,False,True,3,343,52,1.0,1.0,1.0,0.0,0.0
D1-CVE-2026-35385-bookworm-V6|S2|qwen3_14b|tracker|P1|60.0|0.0|0|||0,qwen3_14b,S2,tracker,CVE-2026-35385,not_affected,not_affected,True,False,True,2,178,26,1.0,1.0,1.0,0.0,0.0
D1-CVE-2026-35385-bookworm-V6|S2|qwen3_14b|withheld|P1|60.0|0.0|0|||0,qwen3_14b,S2,withheld,CVE-2026-35385,not_affected,not_affected,True,False,True,2,188,30,1.0,1.0,1.0,0.0,0.0
D1-CVE-2026-35385-bookworm-V6|S3|qwen3_14b|tracker|P1|60.0|0.0|0|||0,qwen3_14b,S3,tracker,CVE-2026-35385,not_affected,not_affected,True,False,True,2,119,19,1.0,1.0,1.0,0.0,0.0
D1-CVE-2026-35385-bookworm-V6|S3|qwen3_14b|withheld|P1|60.0|0.0|0|||0,qwen3_14b,S3,withheld,CVE-2026-35385,not_affected,not_affected,True,False,True,2,105,17,1.0,1.0,1.0,0.0,0.0
D1-CVE-2026-35385-bookworm-V6|S4|qwen3_14b|tracker|P1|60.0|0.0|0|||0,qwen3_14b,S4,tracker,CVE-2026-35385,not_affected,not_affected,True,False,True,2,90,15,1.0,1.0,1.0,0.0,0.0
D1-CVE-2026-35385-bookworm-V6|S4|qwen3_14b|withheld|P1|60.0|0.0|0|||0,qwen3_14b,S4,withheld,CVE-2026-35385,not_affected,not_affected,True,False,True,2,119,19,1.0,1.0,1.0,0.0,0.0
D1-CVE-2026-35385-bookworm-V6|S5|qwen3_14b|tracker|P1|60.0|0.0|0|||0,qwen3_14b,S5,tracker,CVE-2026-35385,not_affected,not_affected,True,False,True,2,119,19,1.0,1.0,1.0,0.0,0.0
D1-CVE-2026-35385-bookworm-V6|S5|qwen3_14b|withheld|P1|60.0|0.0|0|||0,qwen3_14b,S5,withheld,CVE-2026-35385,not_affected,not_affected,True,False,True,2,119,19,1.0,1.0,1.0,0.0,0.0
D1-CVE-2026-35387-bookworm-V2|DC|qwen3_4b|tracker|P3|60.0|0.0|0|||0,qwen3_4b,DC,tracker,CVE-2026-35387,affected,affected,True,False,True,3,244,38,1.0,1.0,1.0,0.0,0.0
D1-CVE-2026-35387-bookworm-V2|DC|qwen3_4b|withheld|P3|60.0|0.0|0|||0,qwen3_4b,DC,withheld,CVE-2026-35387,affected,affected,True,False,True,3,254,38,1.0,1.0,1.0,0.0,0.0
D1-CVE-2026-35387-bookworm-V2|S2|qwen3_4b|tracker|P1|60.0|0.0|0|||0,qwen3_4b,S2,tracker,CVE-2026-35387,fixed,affected,False,False,True,6,692,96,1.0,0.0,0.0,0.6666666666666666,0.0
D1-CVE-2026-35387-bookworm-V2|S2|qwen3_4b|withheld|P1|60.0|0.0|0|||0,qwen3_4b,S2,withheld,CVE-2026-35387,fixed,affected,False,False,True,7,440,63,1.0,0.0,1.0,0.0,0.0
D1-CVE-2026-35387-bookworm-V2|S3|qwen3_4b|tracker|P1|60.0|0.0|0|||0,qwen3_4b,S3,tracker,CVE-2026-35387,fixed,affected,False,False,True,3,134,17,1.0,0.6666666666666666,0.6666666666666666,0.3333333333333333,0.0
D1-CVE-2026-35387-bookworm-V2|S3|qwen3_4b|withheld|P1|60.0|0.0|0|||0,qwen3_4b,S3,withheld,CVE-2026-35387,not_affected,affected,False,False,True,5,253,31,1.0,1.0,1.0,0.0,0.0
D1-CVE-2026-35387-bookworm-V2|S4|qwen3_4b|tracker|P1|60.0|0.0|0|||0,qwen3_4b,S4,tracker,CVE-2026-35387,fixed,affected,False,False,True,3,226,32,1.0,0.0,0.0,1.0,0.0
D1-CVE-2026-35387-bookworm-V2|S4|qwen3_4b|withheld|P1|60.0|0.0|0|||0,qwen3_4b,S4,withheld,CVE-2026-35387,not_affected,affected,False,False,True,4,224,32,1.0,1.0,1.0,0.0,0.0
D1-CVE-2026-35387-bookworm-V2|S5|qwen3_4b|tracker|P1|60.0|0.0|0|||0,qwen3_4b,S5,tracker,CVE-2026-35387,fixed,affected,False,False,True,5,279,40,1.0,0.6666666666666666,0.6666666666666666,0.3333333333333333,0.0
D1-CVE-2026-35387-bookworm-V2|S5|qwen3_4b|withheld|P1|60.0|0.0|0|||0,qwen3_4b,S5,withheld,CVE-2026-35387,not_affected,affected,False,False,True,3,164,24,1.0,1.0,1.0,0.0,0.0
D1-CVE-2026-35387-trixie-V1|DC|qwen3_4b|tracker|P3|60.0|0.0|0|||0,qwen3_4b,DC,tracker,CVE-2026-35387,not_affected,not_affected,True,False,True,2,226,34,1.0,1.0,1.0,0.0,0.0
D1-CVE-2026-35387-trixie-V1|DC|qwen3_4b|withheld|P3|60.0|0.0|0|||0,qwen3_4b,DC,withheld,CVE-2026-35387,not_affected,not_affected,True,False,True,3,240,36,1.0,1.0,1.0,0.0,0.0
D1-CVE-2026-35387-trixie-V1|S2|qwen3_4b|tracker|P1|60.0|0.0|0|||0,qwen3_4b,S2,tracker,CVE-2026-35387,not_affected,not_affected,True,False,True,3,235,36,1.0,1.0,1.0,0.0,0.0
D1-CVE-2026-35387-trixie-V1|S2|qwen3_4b|withheld|P1|60.0|0.0|0|||0,qwen3_4b,S2,withheld,CVE-2026-35387,not_affected,not_affected,True,False,True,4,304,50,1.0,1.0,1.0,0.0,0.0
D1-CVE-2026-35387-trixie-V1|S3|qwen3_4b|tracker|P1|60.0|0.0|0|||0,qwen3_4b,S3,tracker,CVE-2026-35387,not_affected,not_affected,True,False,True,2,103,19,1.0,1.0,1.0,0.0,0.0
D1-CVE-2026-35387-trixie-V1|S3|qwen3_4b|withheld|P1|60.0|0.0|0|||0,qwen3_4b,S3,withheld,CVE-2026-35387,not_affected,not_affected,True,False,True,2,148,21,1.0,1.0,1.0,0.0,0.0
D1-CVE-2026-35387-trixie-V1|S4|qwen3_4b|tracker|P1|60.0|0.0|0|||0,qwen3_4b,S4,tracker,CVE-2026-35387,not_affected,not_affected,True,False,True,2,110,18,1.0,1.0,1.0,0.0,0.0
D1-CVE-2026-35387-trixie-V1|S4|qwen3_4b|withheld|P1|60.0|0.0|0|||0,qwen3_4b,S4,withheld,CVE-2026-35387,not_affected,not_affected,True,False,True,2,103,19,1.0,1.0,1.0,0.0,0.0
D1-CVE-2026-35387-trixie-V1|S5|qwen3_4b|tracker|P1|60.0|0.0|0|||0,qwen3_4b,S5,tracker,CVE-2026-35387,not_affected,not_affected,True,False,True,2,103,19,1.0,1.0,1.0,0.0,0.0
D1-CVE-2026-35387-trixie-V1|S5|qwen3_4b|withheld|P1|60.0|0.0|0|||0,qwen3_4b,S5,withheld,CVE-2026-35387,not_affected,not_affected,True,False,True,2,148,21,1.0,1.0,1.0,0.0,0.0
D1-CVE-2026-35387-trixie-V2|DC|llama31_8b|tracker|P3|60.0|0.0|0|||0,llama31_8b,DC,tracker,CVE-2026-35387,affected,affected,True,False,True,2,382,55,1.0,1.0,1.0,0.0,0.0
D1-CVE-2026-35387-trixie-V2|DC|llama31_8b|withheld|P3|60.0|0.0|0|||0,llama31_8b,DC,withheld,CVE-2026-35387,affected,affected,True,False,True,4,336,49,1.0,1.0,1.0,0.0,0.0
D1-CVE-2026-35387-trixie-V2|S2|llama31_8b|tracker|P1|60.0|0.0|0|||0,llama31_8b,S2,tracker,CVE-2026-35387,not_affected,affected,False,False,True,5,293,43,1.0,1.0,1.0,0.0,0.0
D1-CVE-2026-35387-trixie-V2|S2|llama31_8b|withheld|P1|60.0|0.0|0|||0,llama31_8b,S2,withheld,CVE-2026-35387,not_affected,affected,False,False,True,6,426,64,1.0,1.0,1.0,0.0,0.0
D1-CVE-2026-35387-trixie-V2|S3|llama31_8b|tracker|P1|60.0|0.0|0|||0,llama31_8b,S3,tracker,CVE-2026-35387,fixed,affected,False,False,True,1,60,9,1.0,1.0,1.0,0.0,0.0
D1-CVE-2026-35387-trixie-V2|S3|llama31_8b|withheld|P1|60.0|0.0|0|||0,llama31_8b,S3,withheld,CVE-2026-35387,not_affected,affected,False,False,True,2,75,13,1.0,1.0,1.0,0.0,0.0
D1-CVE-2026-35387-trixie-V2|S4|llama31_8b|tracker|P1|60.0|0.0|0|||0,llama31_8b,S4,tracker,CVE-2026-35387,fixed,affected,False,False,True,2,67,14,1.0,1.0,1.0,0.0,0.0
D1-CVE-2026-35387-trixie-V2|S4|llama31_8b|withheld|P1|60.0|0.0|0|||0,llama31_8b,S4,withheld,CVE-2026-35387,affected,affected,True,False,True,2,81,16,1.0,1.0,1.0,0.0,0.0
D1-CVE-2026-35387-trixie-V2|S5|llama31_8b|tracker|P1|60.0|0.0|0|||0,llama31_8b,S5,tracker,CVE-2026-35387,not_affected,affected,False,False,True,2,101,16,1.0,0.0,1.0,0.0,0.0
D1-CVE-2026-35387-trixie-V2|S5|llama31_8b|withheld|P1|60.0|0.0|0|||0,llama31_8b,S5,withheld,CVE-2026-35387,fixed,affected,False,False,True,2,67,14,1.0,1.0,1.0,0.0,0.0
D1-CVE-2026-3783-bookworm-V6|DC|llama31_8b|tracker|P3|60.0|0.0|0|||0,llama31_8b,DC,tracker,CVE-2026-3783,not_affected,not_affected,True,False,True,3,386,60,1.0,1.0,1.0,0.0,0.0
D1-CVE-2026-3783-bookworm-V6|DC|llama31_8b|withheld|P3|60.0|0.0|0|||0,llama31_8b,DC,withheld,CVE-2026-3783,not_affected,not_affected,True,False,True,3,430,70,1.0,1.0,1.0,0.0,0.0
D1-CVE-2026-3783-bookworm-V6|S2|llama31_8b|tracker|P1|60.0|0.0|0|||0,llama31_8b,S2,tracker,CVE-2026-3783,not_affected,not_affected,True,False,True,5,304,47,1.0,1.0,1.0,0.0,0.0
D1-CVE-2026-3783-bookworm-V6|S2|llama31_8b|withheld|P1|60.0|0.0|0|||0,llama31_8b,S2,withheld,CVE-2026-3783,not_affected,not_affected,True,False,True,4,286,47,1.0,1.0,1.0,0.0,0.0
D1-CVE-2026-3783-bookworm-V6|S3|llama31_8b|tracker|P1|60.0|0.0|0|||0,llama31_8b,S3,tracker,CVE-2026-3783,not_affected,not_affected,True,False,True,1,66,11,1.0,1.0,1.0,0.0,0.0
D1-CVE-2026-3783-bookworm-V6|S3|llama31_8b|withheld|P1|60.0|0.0|0|||0,llama31_8b,S3,withheld,CVE-2026-3783,not_affected,not_affected,True,False,True,1,66,11,1.0,1.0,1.0,0.0,0.0
D1-CVE-2026-3783-bookworm-V6|S4|llama31_8b|tracker|P1|60.0|0.0|0|||0,llama31_8b,S4,tracker,CVE-2026-3783,not_affected,not_affected,True,False,True,1,39,6,1.0,1.0,1.0,0.0,0.0
D1-CVE-2026-3783-bookworm-V6|S4|llama31_8b|withheld|P1|60.0|0.0|0|||0,llama31_8b,S4,withheld,CVE-2026-3783,not_affected,not_affected,True,False,True,1,39,6,1.0,1.0,1.0,0.0,0.0
D1-CVE-2026-3783-bookworm-V6|S5|llama31_8b|tracker|P1|60.0|0.0|0|||0,llama31_8b,S5,tracker,CVE-2026-3783,not_affected,not_affected,True,False,True,1,66,11,1.0,1.0,1.0,0.0,0.0
D1-CVE-2026-3783-bookworm-V6|S5|llama31_8b|withheld|P1|60.0|0.0|0|||0,llama31_8b,S5,withheld,CVE-2026-3783,not_affected,not_affected,True,False,True,1,66,11,1.0,1.0,1.0,0.0,0.0
D1-CVE-2026-3783-trixie-V1|DC|llama31_8b|tracker|P3|60.0|0.0|0|||0,llama31_8b,DC,tracker,CVE-2026-3783,not_affected,not_affected,True,False,True,3,374,56,1.0,1.0,1.0,0.0,0.0
D1-CVE-2026-3783-trixie-V1|DC|llama31_8b|withheld|P3|60.0|0.0|0|||0,llama31_8b,DC,withheld,CVE-2026-3783,not_affected,not_affected,True,False,True,2,450,71,1.0,1.0,1.0,0.0,0.0
D1-CVE-2026-3783-trixie-V1|S2|llama31_8b|tracker|P1|60.0|0.0|0|||0,llama31_8b,S2,tracker,CVE-2026-3783,not_affected,not_affected,True,False,True,2,129,19,1.0,1.0,1.0,0.0,0.0
D1-CVE-2026-3783-trixie-V1|S2|llama31_8b|withheld|P1|60.0|0.0|0|||0,llama31_8b,S2,withheld,CVE-2026-3783,not_affected,not_affected,True,False,True,4,284,47,1.0,1.0,1.0,0.0,0.0
D1-CVE-2026-3783-trixie-V1|S3|llama31_8b|tracker|P1|60.0|0.0|0|||0,llama31_8b,S3,tracker,CVE-2026-3783,not_affected,not_affected,True,False,True,1,66,11,1.0,1.0,1.0,0.0,0.0
D1-CVE-2026-3783-trixie-V1|S3|llama31_8b|withheld|P1|60.0|0.0|0|||0,llama31_8b,S3,withheld,CVE-2026-3783,not_affected,not_affected,True,False,True,1,33,7,1.0,1.0,1.0,0.0,0.0
D1-CVE-2026-3783-trixie-V1|S4|llama31_8b|tracker|P1|60.0|0.0|0|||0,llama31_8b,S4,tracker,CVE-2026-3783,not_affected,not_affected,True,False,True,1,39,6,1.0,1.0,1.0,0.0,0.0
D1-CVE-2026-3783-trixie-V1|S4|llama31_8b|withheld|P1|60.0|0.0|0|||0,llama31_8b,S4,withheld,CVE-2026-3783,under_investigation,not_affected,False,False,True,0,33,4,1.0,1.0,1.0,0.0,1.0
D1-CVE-2026-3783-trixie-V1|S5|llama31_8b|tracker|P1|60.0|0.0|0|||0,llama31_8b,S5,tracker,CVE-2026-3783,not_affected,not_affected,True,False,True,1,66,11,1.0,1.0,1.0,0.0,0.0
D1-CVE-2026-3783-trixie-V1|S5|llama31_8b|withheld|P1|60.0|0.0|0|||0,llama31_8b,S5,withheld,CVE-2026-3783,not_affected,not_affected,True,False,True,1,33,7,1.0,1.0,1.0,0.0,0.0
D1-CVE-2026-4046-bookworm-V2|DC|mistral_small_24b|tracker|P3|60.0|0.0|0|||0,mistral_small_24b,DC,tracker,CVE-2026-4046,affected,affected,True,False,True,4,336,49,1.0,1.0,1.0,0.0,0.0
D1-CVE-2026-4046-bookworm-V2|DC|mistral_small_24b|withheld|P3|60.0|0.0|0|||0,mistral_small_24b,DC,withheld,CVE-2026-4046,affected,affected,True,False,True,4,311,45,1.0,1.0,1.0,0.0,0.0
D1-CVE-2026-4046-bookworm-V2|S2|mistral_small_24b|tracker|P1|60.0|0.0|0|||0,mistral_small_24b,S2,tracker,CVE-2026-4046,fixed,affected,False,False,True,8,408,63,1.0,0.0,1.0,0.0,0.0
D1-CVE-2026-4046-bookworm-V2|S2|mistral_small_24b|withheld|P1|60.0|0.0|0|||0,mistral_small_24b,S2,withheld,CVE-2026-4046,fixed,affected,False,False,True,8,488,67,1.0,0.0,1.0,0.0,0.0
D1-CVE-2026-4046-bookworm-V2|S3|mistral_small_24b|tracker|P1|60.0|0.0|0|||0,mistral_small_24b,S3,tracker,CVE-2026-4046,affected,affected,True,False,True,4,215,30,1.0,1.0,1.0,0.0,0.0
D1-CVE-2026-4046-bookworm-V2|S3|mistral_small_24b|withheld|P1|60.0|0.0|0|||0,mistral_small_24b,S3,withheld,CVE-2026-4046,affected,affected,True,False,True,2,168,24,1.0,1.0,1.0,0.0,0.0
D1-CVE-2026-4046-bookworm-V2|S4|mistral_small_24b|tracker|P1|60.0|0.0|0|||0,mistral_small_24b,S4,tracker,CVE-2026-4046,affected,affected,True,False,True,1,81,13,1.0,1.0,1.0,0.0,0.0
D1-CVE-2026-4046-bookworm-V2|S4|mistral_small_24b|withheld|P1|60.0|0.0|0|||0,mistral_small_24b,S4,withheld,CVE-2026-4046,under_investigation,affected,False,False,True,3,209,34,1.0,1.0,1.0,0.0,0.0
D1-CVE-2026-4046-bookworm-V2|S5|mistral_small_24b|tracker|P1|60.0|0.0|0|||0,mistral_small_24b,S5,tracker,CVE-2026-4046,affected,affected,True,False,True,5,203,28,1.0,1.0,1.0,0.0,0.0
D1-CVE-2026-4046-bookworm-V2|S5|mistral_small_24b|withheld|P1|60.0|0.0|0|||0,mistral_small_24b,S5,withheld,CVE-2026-4046,affected,affected,True,False,True,4,127,18,1.0,1.0,1.0,0.0,0.0
D1-CVE-2026-40687-bookworm-V2|DC|qwen3_4b|tracker|P3|60.0|0.0|0|||0,qwen3_4b,DC,tracker,CVE-2026-40687,affected,affected,True,False,True,3,243,38,1.0,1.0,1.0,0.0,0.0
D1-CVE-2026-40687-bookworm-V2|DC|qwen3_4b|withheld|P3|60.0|0.0|0|||0,qwen3_4b,DC,withheld,CVE-2026-40687,affected,affected,True,False,True,4,358,56,1.0,1.0,1.0,0.0,0.0
D1-CVE-2026-40687-bookworm-V2|S2|qwen3_4b|tracker|P1|60.0|0.0|0|||0,qwen3_4b,S2,tracker,CVE-2026-40687,fixed,affected,False,False,True,8,429,64,1.0,0.0,1.0,0.0,0.0
D1-CVE-2026-40687-bookworm-V2|S2|qwen3_4b|withheld|P1|60.0|0.0|0|||0,qwen3_4b,S2,withheld,CVE-2026-40687,fixed,affected,False,False,True,9,497,74,1.0,0.0,1.0,0.0,0.0
D1-CVE-2026-40687-bookworm-V2|S3|qwen3_4b|tracker|P1|60.0|0.0|0|||0,qwen3_4b,S3,tracker,CVE-2026-40687,fixed,affected,False,False,True,5,221,32,1.0,1.0,1.0,0.0,0.0
D1-CVE-2026-40687-bookworm-V2|S3|qwen3_4b|withheld|P1|60.0|0.0|0|||0,qwen3_4b,S3,withheld,CVE-2026-40687,affected,affected,True,False,True,8,334,43,1.0,0.0,0.0,0.0,0.0
D1-CVE-2026-40687-bookworm-V2|S4|qwen3_4b|tracker|P1|60.0|0.0|0|||0,qwen3_4b,S4,tracker,CVE-2026-40687,fixed,affected,False,False,True,3,115,15,1.0,0.6666666666666666,0.6666666666666666,0.3333333333333333,0.0
D1-CVE-2026-40687-bookworm-V2|S4|qwen3_4b|withheld|P1|60.0|0.0|0|||0,qwen3_4b,S4,withheld,CVE-2026-40687,affected,affected,True,False,True,4,308,44,1.0,0.0,0.0,0.0,0.0
D1-CVE-2026-40687-bookworm-V2|S5|qwen3_4b|tracker|P1|60.0|0.0|0|||0,qwen3_4b,S5,tracker,CVE-2026-40687,fixed,affected,False,False,True,5,221,32,1.0,1.0,1.0,0.0,0.0
D1-CVE-2026-40687-bookworm-V2|S5|qwen3_4b|withheld|P1|60.0|0.0|0|||0,qwen3_4b,S5,withheld,CVE-2026-40687,not_affected,affected,False,False,True,8,334,43,1.0,1.0,1.0,0.0,0.0
D1-CVE-2026-40687-bookworm-V4|DC|qwen3_4b|tracker|P3|60.0|0.0|0|||0,qwen3_4b,DC,tracker,CVE-2026-40687,fixed,fixed,True,False,True,3,213,35,1.0,1.0,1.0,0.0,0.0
D1-CVE-2026-40687-bookworm-V4|DC|qwen3_4b|withheld|P3|60.0|0.0|0|||0,qwen3_4b,DC,withheld,CVE-2026-40687,not_affected,fixed,False,False,True,6,334,56,1.0,1.0,1.0,0.0,0.0
D1-CVE-2026-40687-bookworm-V4|S2|qwen3_4b|tracker|P1|60.0|0.0|0|||0,qwen3_4b,S2,tracker,CVE-2026-40687,fixed,fixed,True,False,True,7,407,64,1.0,0.0,1.0,0.0,0.0
D1-CVE-2026-40687-bookworm-V4|S2|qwen3_4b|withheld|P1|60.0|0.0|0|||0,qwen3_4b,S2,withheld,CVE-2026-40687,fixed,fixed,True,False,True,6,410,57,1.0,0.0,1.0,0.0,0.0
D1-CVE-2026-40687-bookworm-V4|S3|qwen3_4b|tracker|P1|60.0|0.0|0|||0,qwen3_4b,S3,tracker,CVE-2026-40687,fixed,fixed,True,False,True,3,115,15,1.0,0.6666666666666666,0.6666666666666666,0.3333333333333333,0.0
D1-CVE-2026-40687-bookworm-V4|S3|qwen3_4b|withheld|P1|60.0|0.0|0|||0,qwen3_4b,S3,withheld,CVE-2026-40687,not_affected,fixed,False,False,True,3,141,22,1.0,1.0,1.0,0.0,0.0
D1-CVE-2026-40687-bookworm-V4|S4|qwen3_4b|tracker|P1|60.0|0.0|0|||0,qwen3_4b,S4,tracker,CVE-2026-40687,fixed,fixed,True,False,True,4,187,27,1.0,1.0,1.0,0.0,0.0
D1-CVE-2026-40687-bookworm-V4|S4|qwen3_4b|withheld|P1|60.0|0.0|0|||0,qwen3_4b,S4,withheld,CVE-2026-40687,affected,fixed,False,False,True,4,293,40,1.0,0.0,0.0,0.0,0.0
D1-CVE-2026-40687-bookworm-V4|S5|qwen3_4b|tracker|P1|60.0|0.0|0|||0,qwen3_4b,S5,tracker,CVE-2026-40687,fixed,fixed,True,False,True,4,241,36,1.0,0.6666666666666666,0.6666666666666666,0.3333333333333333,0.0
D1-CVE-2026-40687-bookworm-V4|S5|qwen3_4b|withheld|P1|60.0|0.0|0|||0,qwen3_4b,S5,withheld,CVE-2026-40687,affected,fixed,False,False,True,7,385,54,1.0,0.0,0.0,0.0,0.0
D1-CVE-2026-4111-bookworm-V3|DC|mistral_small_24b|tracker|P3|60.0|0.0|0|||0,mistral_small_24b,DC,tracker,CVE-2026-4111,fixed,fixed,True,False,True,6,304,47,1.0,1.0,1.0,0.0,0.0
D1-CVE-2026-4111-bookworm-V3|DC|mistral_small_24b|withheld|P3|60.0|0.0|0|||0,mistral_small_24b,DC,withheld,CVE-2026-4111,not_affected,fixed,False,False,True,4,349,54,1.0,1.0,1.0,0.0,0.0
D1-CVE-2026-4111-bookworm-V3|S2|mistral_small_24b|tracker|P1|60.0|0.0|0|||0,mistral_small_24b,S2,tracker,CVE-2026-4111,fixed,fixed,True,False,True,6,304,41,1.0,0.3333333333333333,1.0,0.0,0.0
D1-CVE-2026-4111-bookworm-V3|S2|mistral_small_24b|withheld|P1|60.0|0.0|0|||0,mistral_small_24b,S2,withheld,CVE-2026-4111,under_investigation,fixed,False,False,True,6,611,96,1.0,1.0,1.0,0.0,0.0
D1-CVE-2026-4111-bookworm-V3|S3|mistral_small_24b|tracker|P1|60.0|0.0|0|||0,mistral_small_24b,S3,tracker,CVE-2026-4111,fixed,fixed,True,False,True,6,279,41,1.0,1.0,1.0,0.0,0.0
D1-CVE-2026-4111-bookworm-V3|S3|mistral_small_24b|withheld|P1|60.0|0.0|0|||0,mistral_small_24b,S3,withheld,CVE-2026-4111,not_affected,fixed,False,False,True,3,194,31,1.0,1.0,1.0,0.0,0.0
D1-CVE-2026-4111-bookworm-V3|S4|mistral_small_24b|tracker|P1|60.0|0.0|0|||0,mistral_small_24b,S4,tracker,CVE-2026-4111,not_affected,fixed,False,False,True,3,123,15,1.0,0.0,1.0,0.0,0.0
D1-CVE-2026-4111-bookworm-V3|S4|mistral_small_24b|withheld|P1|60.0|0.0|0|||0,mistral_small_24b,S4,withheld,CVE-2026-4111,not_affected,fixed,False,False,True,4,218,31,1.0,0.6666666666666666,0.6666666666666666,0.3333333333333333,0.0
D1-CVE-2026-4111-bookworm-V3|S5|mistral_small_24b|tracker|P1|60.0|0.0|0|||0,mistral_small_24b,S5,tracker,CVE-2026-4111,fixed,fixed,True,False,True,5,282,41,1.0,1.0,1.0,0.0,0.0
D1-CVE-2026-4111-bookworm-V3|S5|mistral_small_24b|withheld|P1|60.0|0.0|0|||0,mistral_small_24b,S5,withheld,CVE-2026-4111,under_investigation,fixed,False,False,True,4,362,53,1.0,1.0,1.0,0.0,0.0
D1-CVE-2026-4111-trixie-V1|DC|qwen3_4b|tracker|P3|60.0|0.0|0|||0,qwen3_4b,DC,tracker,CVE-2026-4111,not_affected,not_affected,True,False,True,5,366,56,1.0,1.0,1.0,0.0,0.0
D1-CVE-2026-4111-trixie-V1|DC|qwen3_4b|withheld|P3|60.0|0.0|0|||0,qwen3_4b,DC,withheld,CVE-2026-4111,not_affected,not_affected,True,False,True,5,353,55,1.0,1.0,1.0,0.0,0.0
D1-CVE-2026-4111-trixie-V1|S2|qwen3_4b|tracker|P1|60.0|0.0|0|||0,qwen3_4b,S2,tracker,CVE-2026-4111,not_affected,not_affected,True,False,True,5,280,44,1.0,1.0,1.0,0.0,0.0
D1-CVE-2026-4111-trixie-V1|S2|qwen3_4b|withheld|P1|60.0|0.0|0|||0,qwen3_4b,S2,withheld,CVE-2026-4111,not_affected,not_affected,True,False,True,3,242,36,1.0,1.0,1.0,0.0,0.0
D1-CVE-2026-4111-trixie-V1|S3|qwen3_4b|tracker|P1|60.0|0.0|0|||0,qwen3_4b,S3,tracker,CVE-2026-4111,not_affected,not_affected,True,False,True,2,106,19,1.0,1.0,1.0,0.0,0.0
D1-CVE-2026-4111-trixie-V1|S3|qwen3_4b|withheld|P1|60.0|0.0|0|||0,qwen3_4b,S3,withheld,CVE-2026-4111,not_affected,not_affected,True,False,True,2,106,19,1.0,1.0,1.0,0.0,0.0
D1-CVE-2026-4111-trixie-V1|S4|qwen3_4b|tracker|P1|60.0|0.0|0|||0,qwen3_4b,S4,tracker,CVE-2026-4111,not_affected,not_affected,True,False,True,2,106,19,1.0,1.0,1.0,0.0,0.0
D1-CVE-2026-4111-trixie-V1|S4|qwen3_4b|withheld|P1|60.0|0.0|0|||0,qwen3_4b,S4,withheld,CVE-2026-4111,not_affected,not_affected,True,False,True,2,112,18,1.0,1.0,1.0,0.0,0.0
D1-CVE-2026-4111-trixie-V1|S5|qwen3_4b|tracker|P1|60.0|0.0|0|||0,qwen3_4b,S5,tracker,CVE-2026-4111,not_affected,not_affected,True,False,True,2,106,19,1.0,1.0,1.0,0.0,0.0
D1-CVE-2026-4111-trixie-V1|S5|qwen3_4b|withheld|P1|60.0|0.0|0|||0,qwen3_4b,S5,withheld,CVE-2026-4111,not_affected,not_affected,True,False,True,2,106,19,1.0,1.0,1.0,0.0,0.0
D1-CVE-2026-42015-trixie-V1|DC|llama31_8b|tracker|P3|60.0|0.0|0|||0,llama31_8b,DC,tracker,CVE-2026-42015,not_affected,not_affected,True,False,True,3,408,64,1.0,1.0,1.0,0.0,0.0
D1-CVE-2026-42015-trixie-V1|DC|llama31_8b|withheld|P3|60.0|0.0|0|||0,llama31_8b,DC,withheld,CVE-2026-42015,not_affected,not_affected,True,False,True,3,404,63,1.0,1.0,1.0,0.0,0.0
D1-CVE-2026-42015-trixie-V1|S2|llama31_8b|tracker|P1|60.0|0.0|0|||0,llama31_8b,S2,tracker,CVE-2026-42015,not_affected,not_affected,True,False,True,5,295,46,1.0,1.0,1.0,0.0,0.0
D1-CVE-2026-42015-trixie-V1|S2|llama31_8b|withheld|P1|60.0|0.0|0|||0,llama31_8b,S2,withheld,CVE-2026-42015,not_affected,not_affected,True,False,True,3,200,31,1.0,1.0,1.0,0.0,0.0
D1-CVE-2026-42015-trixie-V1|S3|llama31_8b|tracker|P1|60.0|0.0|0|||0,llama31_8b,S3,tracker,CVE-2026-42015,not_affected,not_affected,True,False,True,1,70,11,1.0,1.0,1.0,0.0,0.0
D1-CVE-2026-42015-trixie-V1|S3|llama31_8b|withheld|P1|60.0|0.0|0|||0,llama31_8b,S3,withheld,CVE-2026-42015,not_affected,not_affected,True,False,True,1,70,11,1.0,1.0,1.0,0.0,0.0
D1-CVE-2026-42015-trixie-V1|S4|llama31_8b|tracker|P1|60.0|0.0|0|||0,llama31_8b,S4,tracker,CVE-2026-42015,not_affected,not_affected,True,False,True,1,63,10,1.0,1.0,1.0,0.0,0.0
D1-CVE-2026-42015-trixie-V1|S4|llama31_8b|withheld|P1|60.0|0.0|0|||0,llama31_8b,S4,withheld,CVE-2026-42015,not_affected,not_affected,True,False,True,1,63,10,1.0,1.0,1.0,0.0,0.0
D1-CVE-2026-42015-trixie-V1|S5|llama31_8b|tracker|P1|60.0|0.0|0|||0,llama31_8b,S5,tracker,CVE-2026-42015,not_affected,not_affected,True,False,True,1,70,11,1.0,1.0,1.0,0.0,0.0
D1-CVE-2026-42015-trixie-V1|S5|llama31_8b|withheld|P1|60.0|0.0|0|||0,llama31_8b,S5,withheld,CVE-2026-42015,not_affected,not_affected,True,False,True,1,70,11,1.0,1.0,1.0,0.0,0.0
D1-CVE-2026-42015-trixie-V2|DC|granite41_8b|tracker|P3|60.0|0.0|0|||0,granite41_8b,DC,tracker,CVE-2026-42015,affected,affected,True,False,True,4,458,71,1.0,1.0,1.0,0.0,0.0
D1-CVE-2026-42015-trixie-V2|DC|granite41_8b|withheld|P3|60.0|0.0|0|||0,granite41_8b,DC,withheld,CVE-2026-42015,affected,affected,True,False,True,4,415,60,1.0,1.0,1.0,0.0,0.0
D1-CVE-2026-42015-trixie-V2|S2|granite41_8b|tracker|P1|60.0|0.0|0|||0,granite41_8b,S2,tracker,CVE-2026-42015,fixed,affected,False,False,True,5,312,43,1.0,1.0,1.0,0.0,0.0
D1-CVE-2026-42015-trixie-V2|S2|granite41_8b|withheld|P1|60.0|0.0|0|||0,granite41_8b,S2,withheld,CVE-2026-42015,fixed,affected,False,False,True,5,309,41,1.0,1.0,1.0,0.0,0.0
D1-CVE-2026-42015-trixie-V2|S3|granite41_8b|tracker|P1|60.0|0.0|0|||0,granite41_8b,S3,tracker,CVE-2026-42015,affected,affected,True,False,True,6,419,59,1.0,0.0,0.0,0.0,0.0
D1-CVE-2026-42015-trixie-V2|S3|granite41_8b|withheld|P1|60.0|0.0|0|||0,granite41_8b,S3,withheld,CVE-2026-42015,fixed,affected,False,False,True,3,138,18,1.0,1.0,1.0,0.0,0.0
D1-CVE-2026-42015-trixie-V2|S4|granite41_8b|tracker|P1|60.0|0.0|0|||0,granite41_8b,S4,tracker,CVE-2026-42015,affected,affected,True,False,True,3,230,31,1.0,1.0,1.0,0.0,0.0
D1-CVE-2026-42015-trixie-V2|S4|granite41_8b|withheld|P1|60.0|0.0|0|||0,granite41_8b,S4,withheld,CVE-2026-42015,affected,affected,True,False,True,5,251,39,1.0,1.0,1.0,0.0,0.0
D1-CVE-2026-42015-trixie-V2|S5|granite41_8b|tracker|P1|60.0|0.0|0|||0,granite41_8b,S5,tracker,CVE-2026-42015,affected,affected,True,False,True,7,549,74,1.0,1.0,1.0,0.0,0.0
D1-CVE-2026-42015-trixie-V2|S5|granite41_8b|withheld|P1|60.0|0.0|0|||0,granite41_8b,S5,withheld,CVE-2026-42015,fixed,affected,False,False,True,4,159,25,1.0,0.5,1.0,0.0,0.0
D1-CVE-2026-42055-bookworm-V2|DC|gemma4_31b|tracker|P3|60.0|0.0|0|||0,gemma4_31b,DC,tracker,CVE-2026-42055,affected,affected,True,False,True,4,200,31,1.0,1.0,1.0,0.0,0.0
D1-CVE-2026-42055-bookworm-V2|DC|gemma4_31b|withheld|P3|60.0|0.0|0|||0,gemma4_31b,DC,withheld,CVE-2026-42055,affected,affected,True,False,True,2,222,33,1.0,1.0,1.0,0.0,0.0
D1-CVE-2026-42055-bookworm-V2|S2|gemma4_31b|tracker|P1|60.0|0.0|0|||0,gemma4_31b,S2,tracker,CVE-2026-42055,affected,affected,True,False,True,8,509,74,1.0,1.0,1.0,0.0,0.0
D1-CVE-2026-42055-bookworm-V2|S2|gemma4_31b|withheld|P1|60.0|0.0|0|||0,gemma4_31b,S2,withheld,CVE-2026-42055,affected,affected,True,False,True,6,432,61,1.0,1.0,1.0,0.0,0.0
D1-CVE-2026-42055-bookworm-V2|S3|gemma4_31b|tracker|P1|60.0|0.0|0|||0,gemma4_31b,S3,tracker,CVE-2026-42055,affected,affected,True,False,True,7,792,103,1.0,1.0,1.0,0.0,0.0
D1-CVE-2026-42055-bookworm-V2|S3|gemma4_31b|withheld|P1|60.0|0.0|0|||0,gemma4_31b,S3,withheld,CVE-2026-42055,not_affected,affected,False,False,True,12,1069,148,1.0,1.0,1.0,0.0,0.0
D1-CVE-2026-42055-bookworm-V2|S4|gemma4_31b|tracker|P1|60.0|0.0|0|||0,gemma4_31b,S4,tracker,CVE-2026-42055,affected,affected,True,False,True,4,267,37,1.0,1.0,1.0,0.0,0.0
D1-CVE-2026-42055-bookworm-V2|S4|gemma4_31b|withheld|P1|60.0|0.0|0|||0,gemma4_31b,S4,withheld,CVE-2026-42055,affected,affected,True,False,True,10,651,92,1.0,1.0,1.0,0.0,0.0
D1-CVE-2026-42055-bookworm-V2|S5|gemma4_31b|tracker|P1|60.0|0.0|0|||0,gemma4_31b,S5,tracker,CVE-2026-42055,affected,affected,True,False,True,9,810,111,1.0,1.0,1.0,0.0,0.0
D1-CVE-2026-42055-bookworm-V2|S5|gemma4_31b|withheld|P1|60.0|0.0|0|||0,gemma4_31b,S5,withheld,CVE-2026-42055,affected,affected,True,False,True,9,785,105,1.0,1.0,1.0,0.0,0.0
D1-CVE-2026-42055-bookworm-V3|DC|granite41_8b|tracker|P3|60.0|0.0|0|||0,granite41_8b,DC,tracker,CVE-2026-42055,fixed,fixed,True,False,True,5,421,66,1.0,1.0,1.0,0.0,0.0
D1-CVE-2026-42055-bookworm-V3|DC|granite41_8b|withheld|P3|60.0|0.0|0|||0,granite41_8b,DC,withheld,CVE-2026-42055,not_affected,fixed,False,False,True,6,564,81,1.0,1.0,1.0,0.0,0.0
D1-CVE-2026-42055-bookworm-V3|S2|granite41_8b|tracker|P1|60.0|0.0|0|||0,granite41_8b,S2,tracker,CVE-2026-42055,fixed,fixed,True,False,True,6,488,67,1.0,0.5,1.0,0.0,0.0
D1-CVE-2026-42055-bookworm-V3|S2|granite41_8b|withheld|P1|60.0|0.0|0|||0,granite41_8b,S2,withheld,CVE-2026-42055,not_affected,fixed,False,False,True,5,391,52,1.0,1.0,1.0,0.0,0.0
D1-CVE-2026-42055-bookworm-V3|S3|granite41_8b|tracker|P1|60.0|0.0|0|||0,granite41_8b,S3,tracker,CVE-2026-42055,fixed,fixed,True,False,True,3,201,28,1.0,1.0,1.0,0.0,0.0
D1-CVE-2026-42055-bookworm-V3|S3|granite41_8b|withheld|P1|60.0|0.0|0|||0,granite41_8b,S3,withheld,CVE-2026-42055,not_affected,fixed,False,False,True,6,349,46,1.0,1.0,1.0,0.0,0.0
D1-CVE-2026-42055-bookworm-V3|S4|granite41_8b|tracker|P1|60.0|0.0|0|||0,granite41_8b,S4,tracker,CVE-2026-42055,not_affected,fixed,False,False,True,3,177,25,1.0,0.0,1.0,0.0,0.0
D1-CVE-2026-42055-bookworm-V3|S4|granite41_8b|withheld|P1|60.0|0.0|0|||0,granite41_8b,S4,withheld,CVE-2026-42055,not_affected,fixed,False,False,True,6,289,40,1.0,1.0,1.0,0.0,0.0
D1-CVE-2026-42055-bookworm-V3|S5|granite41_8b|tracker|P1|60.0|0.0|0|||0,granite41_8b,S5,tracker,CVE-2026-42055,fixed,fixed,True,False,True,4,317,47,1.0,1.0,1.0,0.0,0.0
D1-CVE-2026-42055-bookworm-V3|S5|granite41_8b|withheld|P1|60.0|0.0|0|||0,granite41_8b,S5,withheld,CVE-2026-42055,not_affected,fixed,False,False,True,8,691,98,1.0,1.0,1.0,0.0,0.0
D1-CVE-2026-42055-trixie-V2|DC|gemma4_31b|tracker|P3|60.0|0.0|0|||0,gemma4_31b,DC,tracker,CVE-2026-42055,affected,affected,True,False,True,4,200,31,1.0,1.0,1.0,0.0,0.0
D1-CVE-2026-42055-trixie-V2|DC|gemma4_31b|withheld|P3|60.0|0.0|0|||0,gemma4_31b,DC,withheld,CVE-2026-42055,affected,affected,True,False,True,2,222,33,1.0,1.0,1.0,0.0,0.0
D1-CVE-2026-42055-trixie-V2|S2|gemma4_31b|tracker|P1|60.0|0.0|0|||0,gemma4_31b,S2,tracker,CVE-2026-42055,affected,affected,True,False,True,6,360,52,1.0,1.0,1.0,0.0,0.0
D1-CVE-2026-42055-trixie-V2|S2|gemma4_31b|withheld|P1|60.0|0.0|0|||0,gemma4_31b,S2,withheld,CVE-2026-42055,affected,affected,True,False,True,8,502,69,1.0,1.0,1.0,0.0,0.0
D1-CVE-2026-42055-trixie-V2|S3|gemma4_31b|tracker|P1|60.0|0.0|0|||0,gemma4_31b,S3,tracker,CVE-2026-42055,affected,affected,True,False,True,7,770,108,1.0,1.0,1.0,0.0,0.0
D1-CVE-2026-42055-trixie-V2|S3|gemma4_31b|withheld|P1|60.0|0.0|0|||0,gemma4_31b,S3,withheld,CVE-2026-42055,affected,affected,True,False,True,6,576,76,1.0,1.0,1.0,0.0,0.0
D1-CVE-2026-42055-trixie-V2|S4|gemma4_31b|tracker|P1|60.0|0.0|0|||0,gemma4_31b,S4,tracker,CVE-2026-42055,affected,affected,True,False,True,5,268,39,1.0,1.0,1.0,0.0,0.0
D1-CVE-2026-42055-trixie-V2|S4|gemma4_31b|withheld|P1|60.0|0.0|0|||0,gemma4_31b,S4,withheld,CVE-2026-42055,affected,affected,True,False,True,5,435,59,1.0,1.0,1.0,0.0,0.0
D1-CVE-2026-42055-trixie-V2|S5|gemma4_31b|tracker|P1|60.0|0.0|0|||0,gemma4_31b,S5,tracker,CVE-2026-42055,affected,affected,True,False,True,8,824,107,1.0,1.0,1.0,0.0,0.0
D1-CVE-2026-42055-trixie-V2|S5|gemma4_31b|withheld|P1|60.0|0.0|0|||0,gemma4_31b,S5,withheld,CVE-2026-42055,affected,affected,True,False,True,8,1046,145,1.0,1.0,1.0,0.0,0.0
D1-CVE-2026-42258-bookworm-V2|DC|qwen3_4b|tracker|P3|60.0|0.0|0|||0,qwen3_4b,DC,tracker,CVE-2026-42258,affected,affected,True,False,True,3,244,38,1.0,1.0,1.0,0.0,0.0
D1-CVE-2026-42258-bookworm-V2|DC|qwen3_4b|withheld|P3|60.0|0.0|0|||0,qwen3_4b,DC,withheld,CVE-2026-42258,affected,affected,True,False,True,3,308,47,1.0,1.0,1.0,0.0,0.0
D1-CVE-2026-42258-bookworm-V2|S2|qwen3_4b|tracker|P1|60.0|0.0|0|||0,qwen3_4b,S2,tracker,CVE-2026-42258,affected,affected,True,False,True,8,544,83,1.0,1.0,1.0,0.0,0.0
D1-CVE-2026-42258-bookworm-V2|S2|qwen3_4b|withheld|P1|60.0|0.0|0|||0,qwen3_4b,S2,withheld,CVE-2026-42258,affected,affected,True,False,True,7,493,76,1.0,0.0,0.0,0.0,0.0
D1-CVE-2026-42258-bookworm-V2|S3|qwen3_4b|tracker|P1|60.0|0.0|0|||0,qwen3_4b,S3,tracker,CVE-2026-42258,affected,affected,True,False,True,5,319,48,1.0,0.0,0.0,0.0,0.0
D1-CVE-2026-42258-bookworm-V2|S3|qwen3_4b|withheld|P1|60.0|0.0|0|||0,qwen3_4b,S3,withheld,CVE-2026-42258,affected,affected,True,False,True,4,201,31,1.0,0.0,0.0,0.0,0.0
D1-CVE-2026-42258-bookworm-V2|S4|qwen3_4b|tracker|P1|60.0|0.0|0|||0,qwen3_4b,S4,tracker,CVE-2026-42258,affected,affected,True,False,True,5,383,58,1.0,0.3333333333333333,0.3333333333333333,0.3333333333333333,0.0
D1-CVE-2026-42258-bookworm-V2|S4|qwen3_4b|withheld|P1|60.0|0.0|0|||0,qwen3_4b,S4,withheld,CVE-2026-42258,not_affected,affected,False,False,True,3,171,25,1.0,1.0,1.0,0.0,0.0
D1-CVE-2026-42258-bookworm-V2|S5|qwen3_4b|tracker|P1|60.0|0.0|0|||0,qwen3_4b,S5,tracker,CVE-2026-42258,affected,affected,True,False,True,5,319,48,1.0,0.0,0.0,0.0,0.0
D1-CVE-2026-42258-bookworm-V2|S5|qwen3_4b|withheld|P1|60.0|0.0|0|||0,qwen3_4b,S5,withheld,CVE-2026-42258,not_affected,affected,False,False,True,2,103,17,1.0,1.0,1.0,0.0,0.0
D1-CVE-2026-42258-bookworm-V6|DC|qwen3_14b|tracker|P3|60.0|0.0|0|||0,qwen3_14b,DC,tracker,CVE-2026-42258,not_affected,not_affected,True,False,True,3,356,51,1.0,1.0,1.0,0.0,0.0
D1-CVE-2026-42258-bookworm-V6|DC|qwen3_14b|withheld|P3|60.0|0.0|0|||0,qwen3_14b,DC,withheld,CVE-2026-42258,not_affected,not_affected,True,False,True,3,350,50,1.0,1.0,1.0,0.0,0.0
D1-CVE-2026-42258-bookworm-V6|S2|qwen3_14b|tracker|P1|60.0|0.0|0|||0,qwen3_14b,S2,tracker,CVE-2026-42258,not_affected,not_affected,True,False,True,3,226,36,1.0,1.0,1.0,0.0,0.0
D1-CVE-2026-42258-bookworm-V6|S2|qwen3_14b|withheld|P1|60.0|0.0|0|||0,qwen3_14b,S2,withheld,CVE-2026-42258,not_affected,not_affected,True,False,True,2,162,25,1.0,1.0,1.0,0.0,0.0
D1-CVE-2026-42258-bookworm-V6|S3|qwen3_14b|tracker|P1|60.0|0.0|0|||0,qwen3_14b,S3,tracker,CVE-2026-42258,not_affected,not_affected,True,False,True,2,119,19,1.0,1.0,1.0,0.0,0.0
D1-CVE-2026-42258-bookworm-V6|S3|qwen3_14b|withheld|P1|60.0|0.0|0|||0,qwen3_14b,S3,withheld,CVE-2026-42258,not_affected,not_affected,True,False,True,2,119,19,1.0,1.0,1.0,0.0,0.0
D1-CVE-2026-42258-bookworm-V6|S4|qwen3_14b|tracker|P1|60.0|0.0|0|||0,qwen3_14b,S4,tracker,CVE-2026-42258,not_affected,not_affected,True,False,True,2,119,19,1.0,1.0,1.0,0.0,0.0
D1-CVE-2026-42258-bookworm-V6|S4|qwen3_14b|withheld|P1|60.0|0.0|0|||0,qwen3_14b,S4,withheld,CVE-2026-42258,not_affected,not_affected,True,False,True,2,119,19,1.0,1.0,1.0,0.0,0.0
D1-CVE-2026-42258-bookworm-V6|S5|qwen3_14b|tracker|P1|60.0|0.0|0|||0,qwen3_14b,S5,tracker,CVE-2026-42258,not_affected,not_affected,True,False,True,2,119,19,1.0,1.0,1.0,0.0,0.0
D1-CVE-2026-42258-bookworm-V6|S5|qwen3_14b|withheld|P1|60.0|0.0|0|||0,qwen3_14b,S5,withheld,CVE-2026-42258,not_affected,not_affected,True,False,True,2,119,19,1.0,1.0,1.0,0.0,0.0
D1-CVE-2026-42497-bookworm-V2|DC|llama31_8b|tracker|P3|60.0|0.0|0|||0,llama31_8b,DC,tracker,CVE-2026-42497,affected,affected,True,False,True,3,358,53,1.0,1.0,1.0,0.0,0.0
D1-CVE-2026-42497-bookworm-V2|DC|llama31_8b|withheld|P3|60.0|0.0|0|||0,llama31_8b,DC,withheld,CVE-2026-42497,affected,affected,True,False,True,4,451,69,1.0,1.0,1.0,0.0,0.0
D1-CVE-2026-42497-bookworm-V2|S2|llama31_8b|tracker|P1|60.0|0.0|0|||0,llama31_8b,S2,tracker,CVE-2026-42497,affected,affected,True,False,True,5,482,77,1.0,0.5,0.5,0.5,0.0
D1-CVE-2026-42497-bookworm-V2|S2|llama31_8b|withheld|P1|60.0|0.0|0|||0,llama31_8b,S2,withheld,CVE-2026-42497,not_affected,affected,False,False,True,5,329,50,1.0,1.0,1.0,0.0,0.0
D1-CVE-2026-42497-bookworm-V2|S3|llama31_8b|tracker|P1|60.0|0.0|0|||0,llama31_8b,S3,tracker,CVE-2026-42497,under_investigation,affected,False,False,True,1,66,11,1.0,0.5,0.5,0.5,0.0
D1-CVE-2026-42497-bookworm-V2|S3|llama31_8b|withheld|P1|60.0|0.0|0|||0,llama31_8b,S3,withheld,CVE-2026-42497,under_investigation,affected,False,False,True,0,60,9,1.0,0.0,0.0,1.0,1.0
D1-CVE-2026-42497-bookworm-V2|S4|llama31_8b|tracker|P1|60.0|0.0|0|||0,llama31_8b,S4,tracker,CVE-2026-42497,affected,affected,True,False,True,2,82,13,1.0,1.0,1.0,0.0,0.0
D1-CVE-2026-42497-bookworm-V2|S4|llama31_8b|withheld|P1|60.0|0.0|0|||0,llama31_8b,S4,withheld,CVE-2026-42497,affected,affected,True,False,True,2,85,16,1.0,1.0,1.0,0.0,0.0
D1-CVE-2026-42497-bookworm-V2|S5|llama31_8b|tracker|P1|60.0|0.0|0|||0,llama31_8b,S5,tracker,CVE-2026-42497,under_investigation,affected,False,False,True,2,135,21,1.0,0.5,0.5,0.5,0.0
D1-CVE-2026-42497-bookworm-V2|S5|llama31_8b|withheld|P1|60.0|0.0|0|||0,llama31_8b,S5,withheld,CVE-2026-42497,under_investigation,affected,False,False,True,0,60,9,1.0,0.0,0.0,1.0,1.0
D1-CVE-2026-42536-bookworm-V2|DC|qwen3_4b|tracker|P3|60.0|0.0|0|||0,qwen3_4b,DC,tracker,CVE-2026-42536,affected,affected,True,False,True,3,244,38,1.0,1.0,1.0,0.0,0.0
D1-CVE-2026-42536-bookworm-V2|DC|qwen3_4b|withheld|P3|60.0|0.0|0|||0,qwen3_4b,DC,withheld,CVE-2026-42536,affected,affected,True,False,True,3,262,39,1.0,1.0,1.0,0.0,0.0
D1-CVE-2026-42536-bookworm-V2|S2|qwen3_4b|tracker|P1|60.0|0.0|0|||0,qwen3_4b,S2,tracker,CVE-2026-42536,fixed,affected,False,False,True,8,674,102,1.0,0.0,1.0,0.0,0.0
D1-CVE-2026-42536-bookworm-V2|S2|qwen3_4b|withheld|P1|60.0|0.0|0|||0,qwen3_4b,S2,withheld,CVE-2026-42536,fixed,affected,False,False,True,7,337,48,1.0,0.0,1.0,0.0,0.0
D1-CVE-2026-42536-bookworm-V2|S3|qwen3_4b|tracker|P1|60.0|0.0|0|||0,qwen3_4b,S3,tracker,CVE-2026-42536,fixed,affected,False,False,True,3,131,17,1.0,0.6666666666666666,0.6666666666666666,0.3333333333333333,0.0
D1-CVE-2026-42536-bookworm-V2|S3|qwen3_4b|withheld|P1|60.0|0.0|0|||0,qwen3_4b,S3,withheld,CVE-2026-42536,affected,affected,True,False,True,6,293,42,1.0,0.0,0.0,0.3333333333333333,0.0
D1-CVE-2026-42536-bookworm-V2|S4|qwen3_4b|tracker|P1|60.0|0.0|0|||0,qwen3_4b,S4,tracker,CVE-2026-42536,fixed,affected,False,False,True,3,139,18,1.0,0.6666666666666666,0.6666666666666666,0.3333333333333333,0.0
D1-CVE-2026-42536-bookworm-V2|S4|qwen3_4b|withheld|P1|60.0|0.0|0|||0,qwen3_4b,S4,withheld,CVE-2026-42536,affected,affected,True,False,True,5,280,41,1.0,1.0,1.0,0.0,0.0
D1-CVE-2026-42536-bookworm-V2|S5|qwen3_4b|tracker|P1|60.0|0.0|0|||0,qwen3_4b,S5,tracker,CVE-2026-42536,fixed,affected,False,False,True,5,286,42,1.0,0.6666666666666666,0.6666666666666666,0.3333333333333333,0.0
D1-CVE-2026-42536-bookworm-V2|S5|qwen3_4b|withheld|P1|60.0|0.0|0|||0,qwen3_4b,S5,withheld,CVE-2026-42536,affected,affected,True,False,True,6,284,41,1.0,0.3333333333333333,0.3333333333333333,0.3333333333333333,0.0
D1-CVE-2026-42536-bookworm-V6|DC|gemma4_31b|tracker|P3|60.0|0.0|0|||0,gemma4_31b,DC,tracker,CVE-2026-42536,not_affected,not_affected,True,False,True,3,217,32,1.0,1.0,1.0,0.0,0.0
D1-CVE-2026-42536-bookworm-V6|DC|gemma4_31b|withheld|P3|60.0|0.0|0|||0,gemma4_31b,DC,withheld,CVE-2026-42536,not_affected,not_affected,True,False,True,3,181,23,1.0,1.0,1.0,0.0,0.0
D1-CVE-2026-42536-bookworm-V6|S2|gemma4_31b|tracker|P1|60.0|0.0|0|||0,gemma4_31b,S2,tracker,CVE-2026-42536,not_affected,not_affected,True,False,True,7,336,49,1.0,1.0,1.0,0.0,0.0
D1-CVE-2026-42536-bookworm-V6|S2|gemma4_31b|withheld|P1|60.0|0.0|0|||0,gemma4_31b,S2,withheld,CVE-2026-42536,not_affected,not_affected,True,False,True,6,268,43,1.0,1.0,1.0,0.0,0.0
D1-CVE-2026-42536-bookworm-V6|S3|gemma4_31b|tracker|P1|60.0|0.0|0|||0,gemma4_31b,S3,tracker,CVE-2026-42536,not_affected,not_affected,True,False,True,5,193,29,1.0,1.0,1.0,0.0,0.0
D1-CVE-2026-42536-bookworm-V6|S3|gemma4_31b|withheld|P1|60.0|0.0|0|||0,gemma4_31b,S3,withheld,CVE-2026-42536,not_affected,not_affected,True,False,True,1,69,11,1.0,1.0,1.0,0.0,0.0
D1-CVE-2026-42536-bookworm-V6|S4|gemma4_31b|tracker|P1|60.0|0.0|0|||0,gemma4_31b,S4,tracker,CVE-2026-42536,not_affected,not_affected,True,False,True,1,69,11,1.0,1.0,1.0,0.0,0.0
D1-CVE-2026-42536-bookworm-V6|S4|gemma4_31b|withheld|P1|60.0|0.0|0|||0,gemma4_31b,S4,withheld,CVE-2026-42536,not_affected,not_affected,True,False,True,1,69,11,1.0,1.0,1.0,0.0,0.0
D1-CVE-2026-42536-bookworm-V6|S5|gemma4_31b|tracker|P1|60.0|0.0|0|||0,gemma4_31b,S5,tracker,CVE-2026-42536,not_affected,not_affected,True,False,True,3,188,25,1.0,1.0,1.0,0.0,0.0
D1-CVE-2026-42536-bookworm-V6|S5|gemma4_31b|withheld|P1|60.0|0.0|0|||0,gemma4_31b,S5,withheld,CVE-2026-42536,not_affected,not_affected,True,False,True,1,105,17,1.0,1.0,1.0,0.0,0.0
D1-CVE-2026-42536-trixie-V2|DC|mistral_small_24b|tracker|P3|60.0|0.0|0|||0,mistral_small_24b,DC,tracker,CVE-2026-42536,affected,affected,True,False,True,4,337,49,1.0,1.0,1.0,0.0,0.0
D1-CVE-2026-42536-trixie-V2|DC|mistral_small_24b|withheld|P3|60.0|0.0|0|||0,mistral_small_24b,DC,withheld,CVE-2026-42536,affected,affected,True,False,True,4,323,46,1.0,1.0,1.0,0.0,0.0
D1-CVE-2026-42536-trixie-V2|S2|mistral_small_24b|tracker|P1|60.0|0.0|0|||0,mistral_small_24b,S2,tracker,CVE-2026-42536,fixed,affected,False,False,True,5,230,33,1.0,0.0,1.0,0.0,0.0
D1-CVE-2026-42536-trixie-V2|S2|mistral_small_24b|withheld|P1|60.0|0.0|0|||0,mistral_small_24b,S2,withheld,CVE-2026-42536,fixed,affected,False,False,True,6,272,40,1.0,0.0,1.0,0.0,0.0
D1-CVE-2026-42536-trixie-V2|S3|mistral_small_24b|tracker|P1|60.0|0.0|0|||0,mistral_small_24b,S3,tracker,CVE-2026-42536,affected,affected,True,False,True,6,227,33,1.0,1.0,1.0,0.0,0.0
D1-CVE-2026-42536-trixie-V2|S3|mistral_small_24b|withheld|P1|60.0|0.0|0|||0,mistral_small_24b,S3,withheld,CVE-2026-42536,affected,affected,True,False,True,4,258,35,1.0,1.0,1.0,0.0,0.0
D1-CVE-2026-42536-trixie-V2|S4|mistral_small_24b|tracker|P1|60.0|0.0|0|||0,mistral_small_24b,S4,tracker,CVE-2026-42536,affected,affected,True,False,True,5,194,26,1.0,1.0,1.0,0.0,0.0
D1-CVE-2026-42536-trixie-V2|S4|mistral_small_24b|withheld|P1|60.0|0.0|0|||0,mistral_small_24b,S4,withheld,CVE-2026-42536,fixed,affected,False,False,True,3,192,27,1.0,0.6666666666666666,0.6666666666666666,0.3333333333333333,0.0
D1-CVE-2026-42536-trixie-V2|S5|mistral_small_24b|tracker|P1|60.0|0.0|0|||0,mistral_small_24b,S5,tracker,CVE-2026-42536,affected,affected,True,False,True,4,243,34,1.0,1.0,1.0,0.0,0.0
D1-CVE-2026-42536-trixie-V2|S5|mistral_small_24b|withheld|P1|60.0|0.0|0|||0,mistral_small_24b,S5,withheld,CVE-2026-42536,affected,affected,True,False,True,4,227,31,1.0,1.0,1.0,0.0,0.0
D1-CVE-2026-42946-bookworm-V1|DC|mistral_small_24b|tracker|P3|60.0|0.0|0|||0,mistral_small_24b,DC,tracker,CVE-2026-42946,not_affected,not_affected,True,False,True,3,344,46,1.0,1.0,1.0,0.0,0.0
D1-CVE-2026-42946-bookworm-V1|DC|mistral_small_24b|withheld|P3|60.0|0.0|0|||0,mistral_small_24b,DC,withheld,CVE-2026-42946,not_affected,not_affected,True,False,True,3,344,46,1.0,1.0,1.0,0.0,0.0
D1-CVE-2026-42946-bookworm-V1|S2|mistral_small_24b|tracker|P1|60.0|0.0|0|||0,mistral_small_24b,S2,tracker,CVE-2026-42946,not_affected,not_affected,True,False,True,4,256,43,1.0,1.0,1.0,0.0,0.0
D1-CVE-2026-42946-bookworm-V1|S2|mistral_small_24b|withheld|P1|60.0|0.0|0|||0,mistral_small_24b,S2,withheld,CVE-2026-42946,not_affected,not_affected,True,False,True,4,217,38,1.0,1.0,1.0,0.0,0.0
D1-CVE-2026-42946-bookworm-V1|S3|mistral_small_24b|tracker|P1|60.0|0.0|0|||0,mistral_small_24b,S3,tracker,CVE-2026-42946,not_affected,not_affected,True,False,True,1,54,10,1.0,1.0,1.0,0.0,0.0
D1-CVE-2026-42946-bookworm-V1|S3|mistral_small_24b|withheld|P1|60.0|0.0|0|||0,mistral_small_24b,S3,withheld,CVE-2026-42946,not_affected,not_affected,True,False,True,1,54,10,1.0,1.0,1.0,0.0,0.0
D1-CVE-2026-42946-bookworm-V1|S4|mistral_small_24b|tracker|P1|60.0|0.0|0|||0,mistral_small_24b,S4,tracker,CVE-2026-42946,not_affected,not_affected,True,False,True,1,54,10,1.0,1.0,1.0,0.0,0.0
D1-CVE-2026-42946-bookworm-V1|S4|mistral_small_24b|withheld|P1|60.0|0.0|0|||0,mistral_small_24b,S4,withheld,CVE-2026-42946,not_affected,not_affected,True,False,True,1,54,10,1.0,1.0,1.0,0.0,0.0
D1-CVE-2026-42946-bookworm-V1|S5|mistral_small_24b|tracker|P1|60.0|0.0|0|||0,mistral_small_24b,S5,tracker,CVE-2026-42946,not_affected,not_affected,True,False,True,1,54,10,1.0,1.0,1.0,0.0,0.0
D1-CVE-2026-42946-bookworm-V1|S5|mistral_small_24b|withheld|P1|60.0|0.0|0|||0,mistral_small_24b,S5,withheld,CVE-2026-42946,not_affected,not_affected,True,False,True,1,54,10,1.0,1.0,1.0,0.0,0.0
D1-CVE-2026-43964-bookworm-V2|DC|qwen3_4b|tracker|P3|60.0|0.0|0|||0,qwen3_4b,DC,tracker,CVE-2026-43964,affected,affected,True,False,True,3,272,44,1.0,1.0,1.0,0.0,0.0
D1-CVE-2026-43964-bookworm-V2|DC|qwen3_4b|withheld|P3|60.0|0.0|0|||0,qwen3_4b,DC,withheld,CVE-2026-43964,affected,affected,True,False,True,5,336,52,1.0,1.0,1.0,0.0,0.0
D1-CVE-2026-43964-bookworm-V2|S2|qwen3_4b|tracker|P1|60.0|0.0|0|||0,qwen3_4b,S2,tracker,CVE-2026-43964,affected,affected,True,False,True,8,654,101,1.0,1.0,1.0,0.0,0.0
D1-CVE-2026-43964-bookworm-V2|S2|qwen3_4b|withheld|P1|60.0|0.0|0|||0,qwen3_4b,S2,withheld,CVE-2026-43964,affected,affected,True,False,True,5,396,60,1.0,0.0,0.0,0.3333333333333333,0.0
D1-CVE-2026-43964-bookworm-V2|S3|qwen3_4b|tracker|P1|60.0|0.0|0|||0,qwen3_4b,S3,tracker,CVE-2026-43964,not_affected,affected,False,False,True,4,221,34,1.0,1.0,1.0,0.0,0.0
D1-CVE-2026-43964-bookworm-V2|S3|qwen3_4b|withheld|P1|60.0|0.0|0|||0,qwen3_4b,S3,withheld,CVE-2026-43964,affected,affected,True,False,True,7,253,37,1.0,0.0,0.0,0.0,0.0
D1-CVE-2026-43964-bookworm-V2|S4|qwen3_4b|tracker|P1|60.0|0.0|0|||0,qwen3_4b,S4,tracker,CVE-2026-43964,not_affected,affected,False,False,True,6,342,53,1.0,1.0,1.0,0.0,0.0
D1-CVE-2026-43964-bookworm-V2|S4|qwen3_4b|withheld|P1|60.0|0.0|0|||0,qwen3_4b,S4,withheld,CVE-2026-43964,not_affected,affected,False,False,True,4,274,42,1.0,1.0,1.0,0.0,0.0
D1-CVE-2026-43964-bookworm-V2|S5|qwen3_4b|tracker|P1|60.0|0.0|0|||0,qwen3_4b,S5,tracker,CVE-2026-43964,not_affected,affected,False,False,True,6,353,55,1.0,1.0,1.0,0.0,0.0
D1-CVE-2026-43964-bookworm-V2|S5|qwen3_4b|withheld|P1|60.0|0.0|0|||0,qwen3_4b,S5,withheld,CVE-2026-43964,not_affected,affected,False,False,True,4,206,30,1.0,1.0,1.0,0.0,0.0
D1-CVE-2026-43964-bookworm-V6|DC|qwen3_14b|tracker|P3|60.0|0.0|0|||0,qwen3_14b,DC,tracker,CVE-2026-43964,not_affected,not_affected,True,False,True,3,364,52,1.0,1.0,1.0,0.0,0.0
D1-CVE-2026-43964-bookworm-V6|DC|qwen3_14b|withheld|P3|60.0|0.0|0|||0,qwen3_14b,DC,withheld,CVE-2026-43964,not_affected,not_affected,True,False,True,3,346,50,1.0,1.0,1.0,0.0,0.0
D1-CVE-2026-43964-bookworm-V6|S2|qwen3_14b|tracker|P1|60.0|0.0|0|||0,qwen3_14b,S2,tracker,CVE-2026-43964,not_affected,not_affected,True,False,True,3,239,37,1.0,1.0,1.0,0.0,0.0
D1-CVE-2026-43964-bookworm-V6|S2|qwen3_14b|withheld|P1|60.0|0.0|0|||0,qwen3_14b,S2,withheld,CVE-2026-43964,not_affected,not_affected,True,False,True,2,195,30,1.0,1.0,1.0,0.0,0.0
D1-CVE-2026-43964-bookworm-V6|S3|qwen3_14b|tracker|P1|60.0|0.0|0|||0,qwen3_14b,S3,tracker,CVE-2026-43964,not_affected,not_affected,True,False,True,2,119,19,1.0,1.0,1.0,0.0,0.0
D1-CVE-2026-43964-bookworm-V6|S3|qwen3_14b|withheld|P1|60.0|0.0|0|||0,qwen3_14b,S3,withheld,CVE-2026-43964,not_affected,not_affected,True,False,True,2,119,19,1.0,1.0,1.0,0.0,0.0
D1-CVE-2026-43964-bookworm-V6|S4|qwen3_14b|tracker|P1|60.0|0.0|0|||0,qwen3_14b,S4,tracker,CVE-2026-43964,not_affected,not_affected,True,False,True,2,119,19,1.0,1.0,1.0,0.0,0.0
D1-CVE-2026-43964-bookworm-V6|S4|qwen3_14b|withheld|P1|60.0|0.0|0|||0,qwen3_14b,S4,withheld,CVE-2026-43964,not_affected,not_affected,True,False,True,2,119,19,1.0,1.0,1.0,0.0,0.0
D1-CVE-2026-43964-bookworm-V6|S5|qwen3_14b|tracker|P1|60.0|0.0|0|||0,qwen3_14b,S5,tracker,CVE-2026-43964,not_affected,not_affected,True,False,True,2,119,19,1.0,1.0,1.0,0.0,0.0
D1-CVE-2026-43964-bookworm-V6|S5|qwen3_14b|withheld|P1|60.0|0.0|0|||0,qwen3_14b,S5,withheld,CVE-2026-43964,not_affected,not_affected,True,False,True,2,119,19,1.0,1.0,1.0,0.0,0.0
D1-CVE-2026-45447-bookworm-V1|DC|granite41_8b|tracker|P3|60.0|0.0|0|||0,granite41_8b,DC,tracker,CVE-2026-45447,not_affected,not_affected,True,False,True,4,458,60,1.0,1.0,1.0,0.0,0.0
D1-CVE-2026-45447-bookworm-V1|DC|granite41_8b|withheld|P3|60.0|0.0|0|||0,granite41_8b,DC,withheld,CVE-2026-45447,not_affected,not_affected,True,False,True,4,438,61,1.0,1.0,1.0,0.0,0.0
D1-CVE-2026-45447-bookworm-V1|S2|granite41_8b|tracker|P1|60.0|0.0|0|||0,granite41_8b,S2,tracker,CVE-2026-45447,not_affected,not_affected,True,False,True,3,252,38,1.0,1.0,1.0,0.0,0.0
D1-CVE-2026-45447-bookworm-V1|S2|granite41_8b|withheld|P1|60.0|0.0|0|||0,granite41_8b,S2,withheld,CVE-2026-45447,not_affected,not_affected,True,False,True,2,199,31,1.0,1.0,1.0,0.0,0.0
D1-CVE-2026-45447-bookworm-V1|S3|granite41_8b|tracker|P1|60.0|0.0|0|||0,granite41_8b,S3,tracker,CVE-2026-45447,not_affected,not_affected,True,False,True,4,149,22,1.0,1.0,1.0,0.0,0.0
D1-CVE-2026-45447-bookworm-V1|S3|granite41_8b|withheld|P1|60.0|0.0|0|||0,granite41_8b,S3,withheld,CVE-2026-45447,not_affected,not_affected,True,False,True,2,144,24,1.0,1.0,1.0,0.0,0.0
D1-CVE-2026-45447-bookworm-V1|S4|granite41_8b|tracker|P1|60.0|0.0|0|||0,granite41_8b,S4,tracker,CVE-2026-45447,not_affected,not_affected,True,False,True,2,185,27,1.0,1.0,1.0,0.0,0.0
D1-CVE-2026-45447-bookworm-V1|S4|granite41_8b|withheld|P1|60.0|0.0|0|||0,granite41_8b,S4,withheld,CVE-2026-45447,not_affected,not_affected,True,False,True,2,174,27,1.0,1.0,1.0,0.0,0.0
D1-CVE-2026-45447-bookworm-V1|S5|granite41_8b|tracker|P1|60.0|0.0|0|||0,granite41_8b,S5,tracker,CVE-2026-45447,not_affected,not_affected,True,False,True,4,285,43,1.0,1.0,1.0,0.0,0.0
D1-CVE-2026-45447-bookworm-V1|S5|granite41_8b|withheld|P1|60.0|0.0|0|||0,granite41_8b,S5,withheld,CVE-2026-45447,not_affected,not_affected,True,False,True,3,148,25,1.0,1.0,1.0,0.0,0.0
D1-CVE-2026-45447-bookworm-V2|DC|granite41_8b|tracker|P3|60.0|0.0|0|||0,granite41_8b,DC,tracker,CVE-2026-45447,affected,affected,True,False,True,7,512,78,1.0,1.0,1.0,0.0,0.0
D1-CVE-2026-45447-bookworm-V2|DC|granite41_8b|withheld|P3|60.0|0.0|0|||0,granite41_8b,DC,withheld,CVE-2026-45447,affected,affected,True,False,True,4,415,60,1.0,1.0,1.0,0.0,0.0
D1-CVE-2026-45447-bookworm-V2|S2|granite41_8b|tracker|P1|60.0|0.0|0|||0,granite41_8b,S2,tracker,CVE-2026-45447,fixed,affected,False,False,True,8,762,109,1.0,1.0,1.0,0.0,0.0
D1-CVE-2026-45447-bookworm-V2|S2|granite41_8b|withheld|P1|60.0|0.0|0|||0,granite41_8b,S2,withheld,CVE-2026-45447,fixed,affected,False,False,True,6,474,68,1.0,0.0,1.0,0.0,0.0
D1-CVE-2026-45447-bookworm-V2|S3|granite41_8b|tracker|P1|60.0|0.0|0|||0,granite41_8b,S3,tracker,CVE-2026-45447,affected,affected,True,False,True,5,329,44,1.0,1.0,1.0,0.0,0.0
D1-CVE-2026-45447-bookworm-V2|S3|granite41_8b|withheld|P1|60.0|0.0|0|||0,granite41_8b,S3,withheld,CVE-2026-45447,affected,affected,True,False,True,4,362,49,1.0,1.0,1.0,0.0,0.0
D1-CVE-2026-45447-bookworm-V2|S4|granite41_8b|tracker|P1|60.0|0.0|0|||0,granite41_8b,S4,tracker,CVE-2026-45447,fixed,affected,False,False,True,3,187,27,1.0,0.0,0.5,0.5,0.0
D1-CVE-2026-45447-bookworm-V2|S4|granite41_8b|withheld|P1|60.0|0.0|0|||0,granite41_8b,S4,withheld,CVE-2026-45447,under_investigation,affected,False,False,True,4,195,27,1.0,1.0,1.0,0.0,0.0
D1-CVE-2026-45447-bookworm-V2|S5|granite41_8b|tracker|P1|60.0|0.0|0|||0,granite41_8b,S5,tracker,CVE-2026-45447,affected,affected,True,False,True,7,396,51,1.0,1.0,1.0,0.0,0.0
D1-CVE-2026-45447-bookworm-V2|S5|granite41_8b|withheld|P1|60.0|0.0|0|||0,granite41_8b,S5,withheld,CVE-2026-45447,affected,affected,True,False,True,6,558,83,1.0,1.0,1.0,0.0,0.0
D1-CVE-2026-45447-trixie-V3|DC|qwen3_14b|tracker|P3|60.0|0.0|0|||0,qwen3_14b,DC,tracker,CVE-2026-45447,fixed,fixed,True,False,True,4,377,59,1.0,1.0,1.0,0.0,0.0
D1-CVE-2026-45447-trixie-V3|DC|qwen3_14b|withheld|P3|60.0|0.0|0|||0,qwen3_14b,DC,withheld,CVE-2026-45447,not_affected,fixed,False,False,True,4,374,59,1.0,1.0,1.0,0.0,0.0
D1-CVE-2026-45447-trixie-V3|S2|qwen3_14b|tracker|P1|60.0|0.0|0|||0,qwen3_14b,S2,tracker,CVE-2026-45447,fixed,fixed,True,False,True,3,260,39,1.0,1.0,1.0,0.0,0.0
D1-CVE-2026-45447-trixie-V3|S2|qwen3_14b|withheld|P1|60.0|0.0|0|||0,qwen3_14b,S2,withheld,CVE-2026-45447,not_affected,fixed,False,False,True,8,516,77,1.0,0.0,1.0,0.0,0.0
D1-CVE-2026-45447-trixie-V3|S3|qwen3_14b|tracker|P1|60.0|0.0|0|||0,qwen3_14b,S3,tracker,CVE-2026-45447,fixed,fixed,True,False,True,4,215,31,1.0,1.0,1.0,0.0,0.0
D1-CVE-2026-45447-trixie-V3|S3|qwen3_14b|withheld|P1|60.0|0.0|0|||0,qwen3_14b,S3,withheld,CVE-2026-45447,not_affected,fixed,False,False,True,4,193,29,1.0,1.0,1.0,0.0,0.0
D1-CVE-2026-45447-trixie-V3|S4|qwen3_14b|tracker|P1|60.0|0.0|0|||0,qwen3_14b,S4,tracker,CVE-2026-45447,fixed,fixed,True,False,True,4,172,24,1.0,1.0,1.0,0.0,0.0
D1-CVE-2026-45447-trixie-V3|S4|qwen3_14b|withheld|P1|60.0|0.0|0|||0,qwen3_14b,S4,withheld,CVE-2026-45447,not_affected,fixed,False,False,True,3,159,22,1.0,1.0,1.0,0.0,0.0
D1-CVE-2026-45447-trixie-V3|S5|qwen3_14b|tracker|P1|60.0|0.0|0|||0,qwen3_14b,S5,tracker,CVE-2026-45447,fixed,fixed,True,False,True,4,215,31,1.0,1.0,1.0,0.0,0.0
D1-CVE-2026-45447-trixie-V3|S5|qwen3_14b|withheld|P1|60.0|0.0|0|||0,qwen3_14b,S5,withheld,CVE-2026-45447,not_affected,fixed,False,False,True,5,290,44,1.0,1.0,1.0,0.0,0.0
D1-CVE-2026-48962-bookworm-V2|DC|granite41_8b|tracker|P3|60.0|0.0|0|||0,granite41_8b,DC,tracker,CVE-2026-48962,affected,affected,True,False,True,8,585,90,1.0,1.0,1.0,0.0,0.0
D1-CVE-2026-48962-bookworm-V2|DC|granite41_8b|withheld|P3|60.0|0.0|0|||0,granite41_8b,DC,withheld,CVE-2026-48962,affected,affected,True,False,True,4,404,59,1.0,1.0,1.0,0.0,0.0
D1-CVE-2026-48962-bookworm-V2|S2|granite41_8b|tracker|P1|60.0|0.0|0|||0,granite41_8b,S2,tracker,CVE-2026-48962,affected,affected,True,False,True,9,804,115,1.0,1.0,1.0,0.0,0.0
D1-CVE-2026-48962-bookworm-V2|S2|granite41_8b|withheld|P1|60.0|0.0|0|||0,granite41_8b,S2,withheld,CVE-2026-48962,affected,affected,True,False,True,11,747,106,1.0,1.0,1.0,0.0,0.0
D1-CVE-2026-48962-bookworm-V2|S3|granite41_8b|tracker|P1|60.0|0.0|0|||0,granite41_8b,S3,tracker,CVE-2026-48962,affected,affected,True,False,True,5,239,33,1.0,1.0,1.0,0.0,0.0
D1-CVE-2026-48962-bookworm-V2|S3|granite41_8b|withheld|P1|60.0|0.0|0|||0,granite41_8b,S3,withheld,CVE-2026-48962,not_affected,affected,False,False,True,3,177,23,1.0,0.5,1.0,0.0,0.0
D1-CVE-2026-48962-bookworm-V2|S4|granite41_8b|tracker|P1|60.0|0.0|0|||0,granite41_8b,S4,tracker,CVE-2026-48962,not_affected,affected,False,False,True,4,201,28,1.0,1.0,1.0,0.0,0.0
D1-CVE-2026-48962-bookworm-V2|S4|granite41_8b|withheld|P1|60.0|0.0|0|||0,granite41_8b,S4,withheld,CVE-2026-48962,under_investigation,affected,False,False,True,3,114,17,1.0,1.0,1.0,0.0,0.0
D1-CVE-2026-48962-bookworm-V2|S5|granite41_8b|tracker|P1|60.0|0.0|0|||0,granite41_8b,S5,tracker,CVE-2026-48962,affected,affected,True,False,True,6,233,38,1.0,1.0,1.0,0.0,0.0
D1-CVE-2026-48962-bookworm-V2|S5|granite41_8b|withheld|P1|60.0|0.0|0|||0,granite41_8b,S5,withheld,CVE-2026-48962,fixed,affected,False,False,True,3,145,20,1.0,0.0,1.0,0.0,0.0
D1-CVE-2026-48962-trixie-V2|DC|qwen3_4b|tracker|P3|60.0|0.0|0|||0,qwen3_4b,DC,tracker,CVE-2026-48962,affected,affected,True,False,True,3,268,40,1.0,1.0,1.0,0.0,0.0
D1-CVE-2026-48962-trixie-V2|DC|qwen3_4b|withheld|P3|60.0|0.0|0|||0,qwen3_4b,DC,withheld,CVE-2026-48962,affected,affected,True,False,True,4,299,46,1.0,1.0,1.0,0.0,0.0
D1-CVE-2026-48962-trixie-V2|S2|qwen3_4b|tracker|P1|60.0|0.0|0|||0,qwen3_4b,S2,tracker,CVE-2026-48962,fixed,affected,False,False,True,8,441,70,1.0,0.0,1.0,0.0,0.0
D1-CVE-2026-48962-trixie-V2|S2|qwen3_4b|withheld|P1|60.0|0.0|0|||0,qwen3_4b,S2,withheld,CVE-2026-48962,fixed,affected,False,False,True,7,505,80,1.0,0.0,0.3333333333333333,0.6666666666666666,0.0
D1-CVE-2026-48962-trixie-V2|S3|qwen3_4b|tracker|P1|60.0|0.0|0|||0,qwen3_4b,S3,tracker,CVE-2026-48962,fixed,affected,False,False,True,2,122,19,1.0,1.0,1.0,0.0,0.0
D1-CVE-2026-48962-trixie-V2|S3|qwen3_4b|withheld|P1|60.0|0.0|0|||0,qwen3_4b,S3,withheld,CVE-2026-48962,not_affected,affected,False,False,True,5,267,39,1.0,1.0,1.0,0.0,0.0
D1-CVE-2026-48962-trixie-V2|S4|qwen3_4b|tracker|P1|60.0|0.0|0|||0,qwen3_4b,S4,tracker,CVE-2026-48962,fixed,affected,False,False,True,3,177,29,1.0,1.0,1.0,0.0,0.0
D1-CVE-2026-48962-trixie-V2|S4|qwen3_4b|withheld|P1|60.0|0.0|0|||0,qwen3_4b,S4,withheld,CVE-2026-48962,not_affected,affected,False,False,True,5,256,40,1.0,1.0,1.0,0.0,0.0
D1-CVE-2026-48962-trixie-V2|S5|qwen3_4b|tracker|P1|60.0|0.0|0|||0,qwen3_4b,S5,tracker,CVE-2026-48962,fixed,affected,False,False,True,4,316,47,1.0,1.0,1.0,0.0,0.0
D1-CVE-2026-48962-trixie-V2|S5|qwen3_4b|withheld|P1|60.0|0.0|0|||0,qwen3_4b,S5,withheld,CVE-2026-48962,not_affected,affected,False,False,True,5,267,39,1.0,1.0,1.0,0.0,0.0
D1-CVE-2026-52492-bookworm-V6|DC|gemma4_31b|tracker|P3|60.0|0.0|0|||0,gemma4_31b,DC,tracker,CVE-2026-52492,not_affected,not_affected,True,False,True,3,233,29,1.0,1.0,1.0,0.0,0.0
D1-CVE-2026-52492-bookworm-V6|DC|gemma4_31b|withheld|P3|60.0|0.0|0|||0,gemma4_31b,DC,withheld,CVE-2026-52492,not_affected,not_affected,True,False,True,3,233,29,1.0,1.0,1.0,0.0,0.0
D1-CVE-2026-52492-bookworm-V6|S2|gemma4_31b|tracker|P1|60.0|0.0|0|||0,gemma4_31b,S2,tracker,CVE-2026-52492,not_affected,not_affected,True,False,True,7,406,60,1.0,1.0,1.0,0.0,0.0
D1-CVE-2026-52492-bookworm-V6|S2|gemma4_31b|withheld|P1|60.0|0.0|0|||0,gemma4_31b,S2,withheld,CVE-2026-52492,not_affected,not_affected,True,False,True,6,418,60,1.0,1.0,1.0,0.0,0.0
D1-CVE-2026-52492-bookworm-V6|S3|gemma4_31b|tracker|P1|60.0|0.0|0|||0,gemma4_31b,S3,tracker,CVE-2026-52492,not_affected,not_affected,True,False,True,2,115,18,1.0,1.0,1.0,0.0,0.0
D1-CVE-2026-52492-bookworm-V6|S3|gemma4_31b|withheld|P1|60.0|0.0|0|||0,gemma4_31b,S3,withheld,CVE-2026-52492,not_affected,not_affected,True,False,True,4,196,29,1.0,1.0,1.0,0.0,0.0
D1-CVE-2026-52492-bookworm-V6|S4|gemma4_31b|tracker|P1|60.0|0.0|0|||0,gemma4_31b,S4,tracker,CVE-2026-52492,not_affected,not_affected,True,False,True,2,112,17,1.0,1.0,1.0,0.0,0.0
D1-CVE-2026-52492-bookworm-V6|S4|gemma4_31b|withheld|P1|60.0|0.0|0|||0,gemma4_31b,S4,withheld,CVE-2026-52492,not_affected,not_affected,True,False,True,2,112,17,1.0,1.0,1.0,0.0,0.0
D1-CVE-2026-52492-bookworm-V6|S5|gemma4_31b|tracker|P1|60.0|0.0|0|||0,gemma4_31b,S5,tracker,CVE-2026-52492,not_affected,not_affected,True,False,True,5,229,35,1.0,1.0,1.0,0.0,0.0
D1-CVE-2026-52492-bookworm-V6|S5|gemma4_31b|withheld|P1|60.0|0.0|0|||0,gemma4_31b,S5,withheld,CVE-2026-52492,not_affected,not_affected,True,False,True,4,227,32,1.0,1.0,1.0,0.0,0.0
D1-CVE-2026-52492-trixie-V2|DC|qwen3_14b|tracker|P3|60.0|0.0|0|||0,qwen3_14b,DC,tracker,CVE-2026-52492,affected,affected,True,False,True,3,277,43,1.0,1.0,1.0,0.0,0.0
D1-CVE-2026-52492-trixie-V2|DC|qwen3_14b|withheld|P3|60.0|0.0|0|||0,qwen3_14b,DC,withheld,CVE-2026-52492,affected,affected,True,False,True,5,318,48,1.0,1.0,1.0,0.0,0.0
D1-CVE-2026-52492-trixie-V2|S2|qwen3_14b|tracker|P1|60.0|0.0|0|||0,qwen3_14b,S2,tracker,CVE-2026-52492,affected,affected,True,False,True,6,448,72,1.0,1.0,1.0,0.0,0.0
D1-CVE-2026-52492-trixie-V2|S2|qwen3_14b|withheld|P1|60.0|0.0|0|||0,qwen3_14b,S2,withheld,CVE-2026-52492,affected,affected,True,False,True,8,475,75,1.0,1.0,1.0,0.0,0.0
D1-CVE-2026-52492-trixie-V2|S3|qwen3_14b|tracker|P1|60.0|0.0|0|||0,qwen3_14b,S3,tracker,CVE-2026-52492,affected,affected,True,False,True,5,324,51,1.0,1.0,1.0,0.0,0.0
D1-CVE-2026-52492-trixie-V2|S3|qwen3_14b|withheld|P1|60.0|0.0|0|||0,qwen3_14b,S3,withheld,CVE-2026-52492,under_investigation,affected,False,False,True,5,399,62,1.0,1.0,1.0,0.0,0.0
D1-CVE-2026-52492-trixie-V2|S4|qwen3_14b|tracker|P1|60.0|0.0|0|||0,qwen3_14b,S4,tracker,CVE-2026-52492,affected,affected,True,False,True,4,316,48,1.0,1.0,1.0,0.0,0.0
D1-CVE-2026-52492-trixie-V2|S4|qwen3_14b|withheld|P1|60.0|0.0|0|||0,qwen3_14b,S4,withheld,CVE-2026-52492,affected,affected,True,False,True,6,380,61,1.0,1.0,1.0,0.0,0.0
D1-CVE-2026-52492-trixie-V2|S5|qwen3_14b|tracker|P1|60.0|0.0|0|||0,qwen3_14b,S5,tracker,CVE-2026-52492,affected,affected,True,False,True,6,465,77,1.0,0.0,0.0,0.0,0.0
D1-CVE-2026-52492-trixie-V2|S5|qwen3_14b|withheld|P1|60.0|0.0|0|||0,qwen3_14b,S5,withheld,CVE-2026-52492,under_investigation,affected,False,False,True,5,399,62,1.0,1.0,1.0,0.0,0.0
D1-CVE-2026-5260-bookworm-V2|DC|mistral_small_24b|tracker|P3|60.0|0.0|0|||0,mistral_small_24b,DC,tracker,CVE-2026-5260,affected,affected,True,False,True,5,349,54,1.0,1.0,1.0,0.0,0.0
D1-CVE-2026-5260-bookworm-V2|DC|mistral_small_24b|withheld|P3|60.0|0.0|0|||0,mistral_small_24b,DC,withheld,CVE-2026-5260,affected,affected,True,False,True,4,358,54,1.0,1.0,1.0,0.0,0.0
D1-CVE-2026-5260-bookworm-V2|S2|mistral_small_24b|tracker|P1|60.0|0.0|0|||0,mistral_small_24b,S2,tracker,CVE-2026-5260,fixed,affected,False,False,True,9,540,79,1.0,0.0,1.0,0.0,0.0
D1-CVE-2026-5260-bookworm-V2|S2|mistral_small_24b|withheld|P1|60.0|0.0|0|||0,mistral_small_24b,S2,withheld,CVE-2026-5260,fixed,affected,False,False,True,11,590,92,1.0,1.0,1.0,0.0,0.0
D1-CVE-2026-5260-bookworm-V2|S3|mistral_small_24b|tracker|P1|60.0|0.0|0|||0,mistral_small_24b,S3,tracker,CVE-2026-5260,affected,affected,True,False,True,3,230,33,1.0,1.0,1.0,0.0,0.0
D1-CVE-2026-5260-bookworm-V2|S3|mistral_small_24b|withheld|P1|60.0|0.0|0|||0,mistral_small_24b,S3,withheld,CVE-2026-5260,fixed,affected,False,False,True,4,223,32,1.0,0.6666666666666666,0.6666666666666666,0.3333333333333333,0.0
D1-CVE-2026-5260-bookworm-V2|S4|mistral_small_24b|tracker|P1|60.0|0.0|0|||0,mistral_small_24b,S4,tracker,CVE-2026-5260,affected,affected,True,False,True,4,270,38,1.0,1.0,1.0,0.0,0.0
D1-CVE-2026-5260-bookworm-V2|S4|mistral_small_24b|withheld|P1|60.0|0.0|0|||0,mistral_small_24b,S4,withheld,CVE-2026-5260,fixed,affected,False,False,True,1,76,12,1.0,1.0,1.0,0.0,0.0
D1-CVE-2026-5260-bookworm-V2|S5|mistral_small_24b|tracker|P1|60.0|0.0|0|||0,mistral_small_24b,S5,tracker,CVE-2026-5260,affected,affected,True,False,True,5,396,57,1.0,1.0,1.0,0.0,0.0
D1-CVE-2026-5260-bookworm-V2|S5|mistral_small_24b|withheld|P1|60.0|0.0|0|||0,mistral_small_24b,S5,withheld,CVE-2026-5260,under_investigation,affected,False,False,True,3,281,43,1.0,1.0,1.0,0.0,0.0
D1-CVE-2026-5260-bookworm-V3|DC|qwen3_14b|tracker|P3|60.0|0.0|0|||0,qwen3_14b,DC,tracker,CVE-2026-5260,fixed,fixed,True,False,True,5,330,53,1.0,1.0,1.0,0.0,0.0
D1-CVE-2026-5260-bookworm-V3|DC|qwen3_14b|withheld|P3|60.0|0.0|0|||0,qwen3_14b,DC,withheld,CVE-2026-5260,not_affected,fixed,False,False,True,3,306,49,1.0,1.0,1.0,0.0,0.0
D1-CVE-2026-5260-bookworm-V3|S2|qwen3_14b|tracker|P1|60.0|0.0|0|||0,qwen3_14b,S2,tracker,CVE-2026-5260,fixed,fixed,True,False,True,7,383,56,1.0,1.0,1.0,0.0,0.0
D1-CVE-2026-5260-bookworm-V3|S2|qwen3_14b|withheld|P1|60.0|0.0|0|||0,qwen3_14b,S2,withheld,CVE-2026-5260,fixed,fixed,True,False,True,4,250,37,1.0,1.0,1.0,0.0,0.0
D1-CVE-2026-5260-bookworm-V3|S3|qwen3_14b|tracker|P1|60.0|0.0|0|||0,qwen3_14b,S3,tracker,CVE-2026-5260,fixed,fixed,True,False,True,3,231,34,1.0,1.0,1.0,0.0,0.0
D1-CVE-2026-5260-bookworm-V3|S3|qwen3_14b|withheld|P1|60.0|0.0|0|||0,qwen3_14b,S3,withheld,CVE-2026-5260,not_affected,fixed,False,False,True,3,266,41,1.0,1.0,1.0,0.0,0.0
D1-CVE-2026-5260-bookworm-V3|S4|qwen3_14b|tracker|P1|60.0|0.0|0|||0,qwen3_14b,S4,tracker,CVE-2026-5260,fixed,fixed,True,False,True,3,219,32,1.0,1.0,1.0,0.0,0.0
D1-CVE-2026-5260-bookworm-V3|S4|qwen3_14b|withheld|P1|60.0|0.0|0|||0,qwen3_14b,S4,withheld,CVE-2026-5260,not_affected,fixed,False,False,True,3,171,24,1.0,1.0,1.0,0.0,0.0
D1-CVE-2026-5260-bookworm-V3|S5|qwen3_14b|tracker|P1|60.0|0.0|0|||0,qwen3_14b,S5,tracker,CVE-2026-5260,fixed,fixed,True,False,True,3,231,34,1.0,1.0,1.0,0.0,0.0
D1-CVE-2026-5260-bookworm-V3|S5|qwen3_14b|withheld|P1|60.0|0.0|0|||0,qwen3_14b,S5,withheld,CVE-2026-5260,not_affected,fixed,False,False,True,5,366,56,1.0,1.0,1.0,0.0,0.0
D1-CVE-2026-5773-bookworm-V2|DC|qwen3_4b|tracker|P3|60.0|0.0|0|||0,qwen3_4b,DC,tracker,CVE-2026-5773,affected,affected,True,False,True,3,243,38,1.0,1.0,1.0,0.0,0.0
D1-CVE-2026-5773-bookworm-V2|DC|qwen3_4b|withheld|P3|60.0|0.0|0|||0,qwen3_4b,DC,withheld,CVE-2026-5773,affected,affected,True,False,True,5,252,38,1.0,1.0,1.0,0.0,0.0
D1-CVE-2026-5773-bookworm-V2|S2|qwen3_4b|tracker|P1|60.0|0.0|0|||0,qwen3_4b,S2,tracker,CVE-2026-5773,fixed,affected,False,False,True,7,414,64,1.0,0.0,1.0,0.0,0.0
D1-CVE-2026-5773-bookworm-V2|S2|qwen3_4b|withheld|P1|60.0|0.0|0|||0,qwen3_4b,S2,withheld,CVE-2026-5773,fixed,affected,False,False,True,10,710,98,1.0,0.0,1.0,0.0,0.0
D1-CVE-2026-5773-bookworm-V2|S3|qwen3_4b|tracker|P1|60.0|0.0|0|||0,qwen3_4b,S3,tracker,CVE-2026-5773,fixed,affected,False,False,True,5,291,41,1.0,0.3333333333333333,0.3333333333333333,0.6666666666666666,0.0
D1-CVE-2026-5773-bookworm-V2|S3|qwen3_4b|withheld|P1|60.0|0.0|0|||0,qwen3_4b,S3,withheld,CVE-2026-5773,affected,affected,True,False,True,4,320,43,1.0,0.0,0.0,0.3333333333333333,0.0
D1-CVE-2026-5773-bookworm-V2|S4|qwen3_4b|tracker|P1|60.0|0.0|0|||0,qwen3_4b,S4,tracker,CVE-2026-5773,fixed,affected,False,False,True,6,287,43,1.0,0.3333333333333333,0.3333333333333333,0.6666666666666666,0.0
D1-CVE-2026-5773-bookworm-V2|S4|qwen3_4b|withheld|P1|60.0|0.0|0|||0,qwen3_4b,S4,withheld,CVE-2026-5773,affected,affected,True,False,True,5,269,38,1.0,1.0,1.0,0.0,0.0
D1-CVE-2026-5773-bookworm-V2|S5|qwen3_4b|tracker|P1|60.0|0.0|0|||0,qwen3_4b,S5,tracker,CVE-2026-5773,fixed,affected,False,False,True,5,291,41,1.0,0.3333333333333333,0.3333333333333333,0.6666666666666666,0.0
D1-CVE-2026-5773-bookworm-V2|S5|qwen3_4b|withheld|P1|60.0|0.0|0|||0,qwen3_4b,S5,withheld,CVE-2026-5773,affected,affected,True,False,True,5,320,39,1.0,1.0,1.0,0.0,0.0
D1-CVE-2026-5773-bookworm-V6|DC|qwen3_4b|tracker|P3|60.0|0.0|0|||0,qwen3_4b,DC,tracker,CVE-2026-5773,not_affected,not_affected,True,False,True,5,366,56,1.0,1.0,1.0,0.0,0.0
D1-CVE-2026-5773-bookworm-V6|DC|qwen3_4b|withheld|P3|60.0|0.0|0|||0,qwen3_4b,DC,withheld,CVE-2026-5773,not_affected,not_affected,True,False,True,5,327,51,1.0,1.0,1.0,0.0,0.0
D1-CVE-2026-5773-bookworm-V6|S2|qwen3_4b|tracker|P1|60.0|0.0|0|||0,qwen3_4b,S2,tracker,CVE-2026-5773,not_affected,not_affected,True,False,True,3,266,41,1.0,1.0,1.0,0.0,0.0
D1-CVE-2026-5773-bookworm-V6|S2|qwen3_4b|withheld|P1|60.0|0.0|0|||0,qwen3_4b,S2,withheld,CVE-2026-5773,not_affected,not_affected,True,False,True,3,222,39,1.0,1.0,1.0,0.0,0.0
D1-CVE-2026-5773-bookworm-V6|S3|qwen3_4b|tracker|P1|60.0|0.0|0|||0,qwen3_4b,S3,tracker,CVE-2026-5773,not_affected,not_affected,True,False,True,2,106,18,1.0,1.0,1.0,0.0,0.0
D1-CVE-2026-5773-bookworm-V6|S3|qwen3_4b|withheld|P1|60.0|0.0|0|||0,qwen3_4b,S3,withheld,CVE-2026-5773,not_affected,not_affected,True,False,True,3,145,24,1.0,1.0,1.0,0.0,0.0
D1-CVE-2026-5773-bookworm-V6|S4|qwen3_4b|tracker|P1|60.0|0.0|0|||0,qwen3_4b,S4,tracker,CVE-2026-5773,not_affected,not_affected,True,False,True,2,100,19,1.0,1.0,1.0,0.0,0.0
D1-CVE-2026-5773-bookworm-V6|S4|qwen3_4b|withheld|P1|60.0|0.0|0|||0,qwen3_4b,S4,withheld,CVE-2026-5773,not_affected,not_affected,True,False,True,3,147,24,1.0,1.0,1.0,0.0,0.0
D1-CVE-2026-5773-bookworm-V6|S5|qwen3_4b|tracker|P1|60.0|0.0|0|||0,qwen3_4b,S5,tracker,CVE-2026-5773,not_affected,not_affected,True,False,True,2,106,18,1.0,1.0,1.0,0.0,0.0
D1-CVE-2026-5773-bookworm-V6|S5|qwen3_4b|withheld|P1|60.0|0.0|0|||0,qwen3_4b,S5,withheld,CVE-2026-5773,not_affected,not_affected,True,False,True,3,145,24,1.0,1.0,1.0,0.0,0.0
D1-CVE-2026-5773-trixie-V2|DC|granite41_8b|tracker|P3|60.0|0.0|0|||0,granite41_8b,DC,tracker,CVE-2026-5773,affected,affected,True,False,True,7,455,68,1.0,1.0,1.0,0.0,0.0
D1-CVE-2026-5773-trixie-V2|DC|granite41_8b|withheld|P3|60.0|0.0|0|||0,granite41_8b,DC,withheld,CVE-2026-5773,affected,affected,True,False,True,5,370,54,1.0,1.0,1.0,0.0,0.0
D1-CVE-2026-5773-trixie-V2|S2|granite41_8b|tracker|P1|60.0|0.0|0|||0,granite41_8b,S2,tracker,CVE-2026-5773,fixed,affected,False,False,True,8,478,66,1.0,0.0,1.0,0.0,0.0
D1-CVE-2026-5773-trixie-V2|S2|granite41_8b|withheld|P1|60.0|0.0|0|||0,granite41_8b,S2,withheld,CVE-2026-5773,fixed,affected,False,False,True,6,517,69,1.0,0.0,0.5,0.5,0.0
D1-CVE-2026-5773-trixie-V2|S3|granite41_8b|tracker|P1|60.0|0.0|0|||0,granite41_8b,S3,tracker,CVE-2026-5773,affected,affected,True,False,True,3,229,30,1.0,1.0,1.0,0.0,0.0
D1-CVE-2026-5773-trixie-V2|S3|granite41_8b|withheld|P1|60.0|0.0|0|||0,granite41_8b,S3,withheld,CVE-2026-5773,affected,affected,True,False,True,4,219,31,1.0,1.0,1.0,0.0,0.0
D1-CVE-2026-5773-trixie-V2|S4|granite41_8b|tracker|P1|60.0|0.0|0|||0,granite41_8b,S4,tracker,CVE-2026-5773,affected,affected,True,False,True,3,234,31,1.0,1.0,1.0,0.0,0.0
D1-CVE-2026-5773-trixie-V2|S4|granite41_8b|withheld|P1|60.0|0.0|0|||0,granite41_8b,S4,withheld,CVE-2026-5773,affected,affected,True,False,True,3,255,33,1.0,1.0,1.0,0.0,0.0
D1-CVE-2026-5773-trixie-V2|S5|granite41_8b|tracker|P1|60.0|0.0|0|||0,granite41_8b,S5,tracker,CVE-2026-5773,affected,affected,True,False,True,5,302,40,1.0,1.0,1.0,0.0,0.0
D1-CVE-2026-5773-trixie-V2|S5|granite41_8b|withheld|P1|60.0|0.0|0|||0,granite41_8b,S5,withheld,CVE-2026-5773,not_affected,affected,False,False,True,6,312,43,1.0,1.0,1.0,0.0,0.0
D1-CVE-2026-5946-bookworm-V3|DC|gemma4_31b|tracker|P3|60.0|0.0|0|||0,gemma4_31b,DC,tracker,CVE-2026-5946,fixed,fixed,True,False,True,4,191,30,1.0,1.0,1.0,0.0,0.0
D1-CVE-2026-5946-bookworm-V3|DC|gemma4_31b|withheld|P3|60.0|0.0|0|||0,gemma4_31b,DC,withheld,CVE-2026-5946,not_affected,fixed,False,False,True,4,312,48,1.0,1.0,1.0,0.0,0.0
D1-CVE-2026-5946-bookworm-V3|S2|gemma4_31b|tracker|P1|60.0|0.0|0|||0,gemma4_31b,S2,tracker,CVE-2026-5946,fixed,fixed,True,False,True,7,389,55,1.0,1.0,1.0,0.0,0.0
D1-CVE-2026-5946-bookworm-V3|S2|gemma4_31b|withheld|P1|60.0|0.0|0|||0,gemma4_31b,S2,withheld,CVE-2026-5946,fixed,fixed,True,False,True,7,434,67,1.0,1.0,1.0,0.0,0.0
D1-CVE-2026-5946-bookworm-V3|S3|gemma4_31b|tracker|P1|60.0|0.0|0|||0,gemma4_31b,S3,tracker,CVE-2026-5946,fixed,fixed,True,False,True,6,227,33,1.0,1.0,1.0,0.0,0.0
D1-CVE-2026-5946-bookworm-V3|S3|gemma4_31b|withheld|P1|60.0|0.0|0|||0,gemma4_31b,S3,withheld,CVE-2026-5946,fixed,fixed,True,False,True,7,453,69,1.0,1.0,1.0,0.0,0.0
D1-CVE-2026-5946-bookworm-V3|S4|gemma4_31b|tracker|P1|60.0|0.0|0|||0,gemma4_31b,S4,tracker,CVE-2026-5946,fixed,fixed,True,False,True,6,287,42,1.0,1.0,1.0,0.0,0.0
D1-CVE-2026-5946-bookworm-V3|S4|gemma4_31b|withheld|P1|60.0|0.0|0|||0,gemma4_31b,S4,withheld,CVE-2026-5946,fixed,fixed,True,False,True,5,265,40,1.0,1.0,1.0,0.0,0.0
D1-CVE-2026-5946-bookworm-V3|S5|gemma4_31b|tracker|P1|60.0|0.0|0|||0,gemma4_31b,S5,tracker,CVE-2026-5946,fixed,fixed,True,False,True,5,289,41,1.0,1.0,1.0,0.0,0.0
D1-CVE-2026-5946-bookworm-V3|S5|gemma4_31b|withheld|P1|60.0|0.0|0|||0,gemma4_31b,S5,withheld,CVE-2026-5946,fixed,fixed,True,False,True,4,284,44,1.0,1.0,1.0,0.0,0.0
D1-CVE-2026-5946-trixie-V6|DC|gemma4_31b|tracker|P3|60.0|0.0|0|||0,gemma4_31b,DC,tracker,CVE-2026-5946,not_affected,not_affected,True,False,True,2,232,29,1.0,1.0,1.0,0.0,0.0
D1-CVE-2026-5946-trixie-V6|DC|gemma4_31b|withheld|P3|60.0|0.0|0|||0,gemma4_31b,DC,withheld,CVE-2026-5946,not_affected,not_affected,True,False,True,3,232,29,1.0,1.0,1.0,0.0,0.0
D1-CVE-2026-5946-trixie-V6|S2|gemma4_31b|tracker|P1|60.0|0.0|0|||0,gemma4_31b,S2,tracker,CVE-2026-5946,not_affected,not_affected,True,False,True,7,329,49,1.0,1.0,1.0,0.0,0.0
D1-CVE-2026-5946-trixie-V6|S2|gemma4_31b|withheld|P1|60.0|0.0|0|||0,gemma4_31b,S2,withheld,CVE-2026-5946,not_affected,not_affected,True,False,True,6,274,41,1.0,1.0,1.0,0.0,0.0
D1-CVE-2026-5946-trixie-V6|S3|gemma4_31b|tracker|P1|60.0|0.0|0|||0,gemma4_31b,S3,tracker,CVE-2026-5946,not_affected,not_affected,True,False,True,6,320,48,1.0,1.0,1.0,0.0,0.0
D1-CVE-2026-5946-trixie-V6|S3|gemma4_31b|withheld|P1|60.0|0.0|0|||0,gemma4_31b,S3,withheld,CVE-2026-5946,not_affected,not_affected,True,False,True,6,279,39,1.0,1.0,1.0,0.0,0.0
D1-CVE-2026-5946-trixie-V6|S4|gemma4_31b|tracker|P1|60.0|0.0|0|||0,gemma4_31b,S4,tracker,CVE-2026-5946,not_affected,not_affected,True,False,True,7,160,21,1.0,1.0,1.0,0.0,0.0
D1-CVE-2026-5946-trixie-V6|S4|gemma4_31b|withheld|P1|60.0|0.0|0|||0,gemma4_31b,S4,withheld,CVE-2026-5946,not_affected,not_affected,True,False,True,6,149,20,1.0,1.0,1.0,0.0,0.0
D1-CVE-2026-5946-trixie-V6|S5|gemma4_31b|tracker|P1|60.0|0.0|0|||0,gemma4_31b,S5,tracker,CVE-2026-5946,not_affected,not_affected,True,False,True,7,375,58,1.0,1.0,1.0,0.0,0.0
D1-CVE-2026-5946-trixie-V6|S5|gemma4_31b|withheld|P1|60.0|0.0|0|||0,gemma4_31b,S5,withheld,CVE-2026-5946,not_affected,not_affected,True,False,True,6,320,46,1.0,1.0,1.0,0.0,0.0
D1-CVE-2026-5947-trixie-V1|DC|gemma4_31b|tracker|P3|60.0|0.0|0|||0,gemma4_31b,DC,tracker,CVE-2026-5947,not_affected,not_affected,True,False,True,3,232,29,1.0,1.0,1.0,0.0,0.0
D1-CVE-2026-5947-trixie-V1|DC|gemma4_31b|withheld|P3|60.0|0.0|0|||0,gemma4_31b,DC,withheld,CVE-2026-5947,not_affected,not_affected,True,False,True,3,232,29,1.0,1.0,1.0,0.0,0.0
D1-CVE-2026-5947-trixie-V1|S2|gemma4_31b|tracker|P1|60.0|0.0|0|||0,gemma4_31b,S2,tracker,CVE-2026-5947,not_affected,not_affected,True,False,True,3,272,40,1.0,1.0,1.0,0.0,0.0
D1-CVE-2026-5947-trixie-V1|S2|gemma4_31b|withheld|P1|60.0|0.0|0|||0,gemma4_31b,S2,withheld,CVE-2026-5947,not_affected,not_affected,True,False,True,6,308,44,1.0,1.0,1.0,0.0,0.0
D1-CVE-2026-5947-trixie-V1|S3|gemma4_31b|tracker|P1|60.0|0.0|0|||0,gemma4_31b,S3,tracker,CVE-2026-5947,not_affected,not_affected,True,False,True,5,282,43,1.0,1.0,1.0,0.0,0.0
D1-CVE-2026-5947-trixie-V1|S3|gemma4_31b|withheld|P1|60.0|0.0|0|||0,gemma4_31b,S3,withheld,CVE-2026-5947,not_affected,not_affected,True,False,True,6,149,20,1.0,1.0,1.0,0.0,0.0
D1-CVE-2026-5947-trixie-V1|S4|gemma4_31b|tracker|P1|60.0|0.0|0|||0,gemma4_31b,S4,tracker,CVE-2026-5947,not_affected,not_affected,True,False,True,6,149,20,1.0,1.0,1.0,0.0,0.0
D1-CVE-2026-5947-trixie-V1|S4|gemma4_31b|withheld|P1|60.0|0.0|0|||0,gemma4_31b,S4,withheld,CVE-2026-5947,not_affected,not_affected,True,False,True,6,149,20,1.0,1.0,1.0,0.0,0.0
D1-CVE-2026-5947-trixie-V1|S5|gemma4_31b|tracker|P1|60.0|0.0|0|||0,gemma4_31b,S5,tracker,CVE-2026-5947,not_affected,not_affected,True,False,True,5,294,45,1.0,1.0,1.0,0.0,0.0
D1-CVE-2026-5947-trixie-V1|S5|gemma4_31b|withheld|P1|60.0|0.0|0|||0,gemma4_31b,S5,withheld,CVE-2026-5947,not_affected,not_affected,True,False,True,6,193,30,1.0,1.0,1.0,0.0,0.0
D1-CVE-2026-5947-trixie-V3|DC|granite41_8b|tracker|P3|60.0|0.0|0|||0,granite41_8b,DC,tracker,CVE-2026-5947,fixed,fixed,True,False,True,5,416,66,1.0,1.0,1.0,0.0,0.0
D1-CVE-2026-5947-trixie-V3|DC|granite41_8b|withheld|P3|60.0|0.0|0|||0,granite41_8b,DC,withheld,CVE-2026-5947,not_affected,fixed,False,False,True,4,635,81,1.0,1.0,1.0,0.0,0.0
D1-CVE-2026-5947-trixie-V3|S2|granite41_8b|tracker|P1|60.0|0.0|0|||0,granite41_8b,S2,tracker,CVE-2026-5947,fixed,fixed,True,False,True,8,533,74,1.0,0.5,1.0,0.0,0.0
D1-CVE-2026-5947-trixie-V3|S2|granite41_8b|withheld|P1|60.0|0.0|0|||0,granite41_8b,S2,withheld,CVE-2026-5947,fixed,fixed,True,False,True,5,392,57,1.0,0.0,1.0,0.0,0.0
D1-CVE-2026-5947-trixie-V3|S3|granite41_8b|tracker|P1|60.0|0.0|0|||0,granite41_8b,S3,tracker,CVE-2026-5947,not_affected,fixed,False,False,True,4,190,24,1.0,0.0,1.0,0.0,0.0
D1-CVE-2026-5947-trixie-V3|S3|granite41_8b|withheld|P1|60.0|0.0|0|||0,granite41_8b,S3,withheld,CVE-2026-5947,not_affected,fixed,False,False,True,3,156,23,1.0,1.0,1.0,0.0,0.0
D1-CVE-2026-5947-trixie-V3|S4|granite41_8b|tracker|P1|60.0|0.0|0|||0,granite41_8b,S4,tracker,CVE-2026-5947,affected,fixed,False,False,True,3,168,23,1.0,0.0,0.0,0.0,0.0
D1-CVE-2026-5947-trixie-V3|S4|granite41_8b|withheld|P1|60.0|0.0|0|||0,granite41_8b,S4,withheld,CVE-2026-5947,affected,fixed,False,False,True,4,206,33,1.0,1.0,1.0,0.0,0.0
D1-CVE-2026-5947-trixie-V3|S5|granite41_8b|tracker|P1|60.0|0.0|0|||0,granite41_8b,S5,tracker,CVE-2026-5947,not_affected,fixed,False,False,True,5,230,30,1.0,0.0,1.0,0.0,0.0
D1-CVE-2026-5947-trixie-V3|S5|granite41_8b|withheld|P1|60.0|0.0|0|||0,granite41_8b,S5,withheld,CVE-2026-5947,not_affected,fixed,False,False,True,3,160,25,1.0,1.0,1.0,0.0,0.0
D1-CVE-2026-5950-bookworm-V2|DC|granite41_8b|tracker|P3|60.0|0.0|0|||0,granite41_8b,DC,tracker,CVE-2026-5950,affected,affected,True,False,True,7,484,73,1.0,1.0,1.0,0.0,0.0
D1-CVE-2026-5950-bookworm-V2|DC|granite41_8b|withheld|P3|60.0|0.0|0|||0,granite41_8b,DC,withheld,CVE-2026-5950,affected,affected,True,False,True,6,512,79,1.0,1.0,1.0,0.0,0.0
D1-CVE-2026-5950-bookworm-V2|S2|granite41_8b|tracker|P1|60.0|0.0|0|||0,granite41_8b,S2,tracker,CVE-2026-5950,fixed,affected,False,False,True,8,652,92,1.0,0.5,0.5,0.5,0.0
D1-CVE-2026-5950-bookworm-V2|S2|granite41_8b|withheld|P1|60.0|0.0|0|||0,granite41_8b,S2,withheld,CVE-2026-5950,fixed,affected,False,False,True,5,373,56,1.0,0.0,1.0,0.0,0.0
D1-CVE-2026-5950-bookworm-V2|S3|granite41_8b|tracker|P1|60.0|0.0|0|||0,granite41_8b,S3,tracker,CVE-2026-5950,affected,affected,True,False,True,5,194,25,1.0,1.0,1.0,0.0,0.0
D1-CVE-2026-5950-bookworm-V2|S3|granite41_8b|withheld|P1|60.0|0.0|0|||0,granite41_8b,S3,withheld,CVE-2026-5950,not_affected,affected,False,False,True,4,185,21,1.0,1.0,1.0,0.0,0.0
D1-CVE-2026-5950-bookworm-V2|S4|granite41_8b|tracker|P1|60.0|0.0|0|||0,granite41_8b,S4,tracker,CVE-2026-5950,affected,affected,True,False,True,3,200,25,1.0,1.0,1.0,0.0,0.0
D1-CVE-2026-5950-bookworm-V2|S4|granite41_8b|withheld|P1|60.0|0.0|0|||0,granite41_8b,S4,withheld,CVE-2026-5950,not_affected,affected,False,False,True,3,149,25,1.0,0.0,1.0,0.0,0.0
D1-CVE-2026-5950-bookworm-V2|S5|granite41_8b|tracker|P1|60.0|0.0|0|||0,granite41_8b,S5,tracker,CVE-2026-5950,affected,affected,True,False,True,6,305,41,1.0,1.0,1.0,0.0,0.0
D1-CVE-2026-5950-bookworm-V2|S5|granite41_8b|withheld|P1|60.0|0.0|0|||0,granite41_8b,S5,withheld,CVE-2026-5950,not_affected,affected,False,False,True,4,183,25,1.0,0.0,1.0,0.0,0.0
D1-CVE-2026-5950-bookworm-V3|DC|gemma4_31b|tracker|P3|60.0|0.0|0|||0,gemma4_31b,DC,tracker,CVE-2026-5950,fixed,fixed,True,False,True,3,214,33,1.0,1.0,1.0,0.0,0.0
D1-CVE-2026-5950-bookworm-V3|DC|gemma4_31b|withheld|P3|60.0|0.0|0|||0,gemma4_31b,DC,withheld,CVE-2026-5950,not_affected,fixed,False,False,True,4,294,47,1.0,1.0,1.0,0.0,0.0
D1-CVE-2026-5950-bookworm-V3|S2|gemma4_31b|tracker|P1|60.0|0.0|0|||0,gemma4_31b,S2,tracker,CVE-2026-5950,fixed,fixed,True,False,True,7,402,56,1.0,1.0,1.0,0.0,0.0
D1-CVE-2026-5950-bookworm-V3|S2|gemma4_31b|withheld|P1|60.0|0.0|0|||0,gemma4_31b,S2,withheld,CVE-2026-5950,fixed,fixed,True,False,True,7,454,66,1.0,1.0,1.0,0.0,0.0
D1-CVE-2026-5950-bookworm-V3|S3|gemma4_31b|tracker|P1|60.0|0.0|0|||0,gemma4_31b,S3,tracker,CVE-2026-5950,fixed,fixed,True,False,True,7,376,54,1.0,1.0,1.0,0.0,0.0
D1-CVE-2026-5950-bookworm-V3|S3|gemma4_31b|withheld|P1|60.0|0.0|0|||0,gemma4_31b,S3,withheld,CVE-2026-5950,not_affected,fixed,False,False,True,5,300,44,1.0,0.0,1.0,0.0,0.0
D1-CVE-2026-5950-bookworm-V3|S4|gemma4_31b|tracker|P1|60.0|0.0|0|||0,gemma4_31b,S4,tracker,CVE-2026-5950,fixed,fixed,True,False,True,5,321,46,1.0,1.0,1.0,0.0,0.0
D1-CVE-2026-5950-bookworm-V3|S4|gemma4_31b|withheld|P1|60.0|0.0|0|||0,gemma4_31b,S4,withheld,CVE-2026-5950,fixed,fixed,True,False,True,3,242,34,1.0,1.0,1.0,0.0,0.0
D1-CVE-2026-5950-bookworm-V3|S5|gemma4_31b|tracker|P1|60.0|0.0|0|||0,gemma4_31b,S5,tracker,CVE-2026-5950,fixed,fixed,True,False,True,6,338,49,1.0,1.0,1.0,0.0,0.0
D1-CVE-2026-5950-bookworm-V3|S5|gemma4_31b|withheld|P1|60.0|0.0|0|||0,gemma4_31b,S5,withheld,CVE-2026-5950,not_affected,fixed,False,False,True,4,405,55,1.0,1.0,1.0,0.0,0.0
D1-CVE-2026-5950-bookworm-V6|DC|granite41_8b|tracker|P3|60.0|0.0|0|||0,granite41_8b,DC,tracker,CVE-2026-5950,not_affected,not_affected,True,False,True,3,448,62,1.0,1.0,1.0,0.0,0.0
D1-CVE-2026-5950-bookworm-V6|DC|granite41_8b|withheld|P3|60.0|0.0|0|||0,granite41_8b,DC,withheld,CVE-2026-5950,not_affected,not_affected,True,False,True,3,468,62,1.0,1.0,1.0,0.0,0.0
D1-CVE-2026-5950-bookworm-V6|S2|granite41_8b|tracker|P1|60.0|0.0|0|||0,granite41_8b,S2,tracker,CVE-2026-5950,not_affected,not_affected,True,False,True,3,252,38,1.0,1.0,1.0,0.0,0.0
D1-CVE-2026-5950-bookworm-V6|S2|granite41_8b|withheld|P1|60.0|0.0|0|||0,granite41_8b,S2,withheld,CVE-2026-5950,not_affected,not_affected,True,False,True,2,194,30,1.0,1.0,1.0,0.0,0.0
D1-CVE-2026-5950-bookworm-V6|S3|granite41_8b|tracker|P1|60.0|0.0|0|||0,granite41_8b,S3,tracker,CVE-2026-5950,not_affected,not_affected,True,False,True,3,140,21,1.0,1.0,1.0,0.0,0.0
D1-CVE-2026-5950-bookworm-V6|S3|granite41_8b|withheld|P1|60.0|0.0|0|||0,granite41_8b,S3,withheld,CVE-2026-5950,not_affected,not_affected,True,False,True,4,221,34,1.0,1.0,1.0,0.0,0.0
D1-CVE-2026-5950-bookworm-V6|S4|granite41_8b|tracker|P1|60.0|0.0|0|||0,granite41_8b,S4,tracker,CVE-2026-5950,not_affected,not_affected,True,False,True,3,141,22,1.0,1.0,1.0,0.0,0.0
D1-CVE-2026-5950-bookworm-V6|S4|granite41_8b|withheld|P1|60.0|0.0|0|||0,granite41_8b,S4,withheld,CVE-2026-5950,not_affected,not_affected,True,False,True,3,135,21,1.0,1.0,1.0,0.0,0.0
D1-CVE-2026-5950-bookworm-V6|S5|granite41_8b|tracker|P1|60.0|0.0|0|||0,granite41_8b,S5,tracker,CVE-2026-5950,not_affected,not_affected,True,False,True,3,140,21,1.0,1.0,1.0,0.0,0.0
D1-CVE-2026-5950-bookworm-V6|S5|granite41_8b|withheld|P1|60.0|0.0|0|||0,granite41_8b,S5,withheld,CVE-2026-5950,not_affected,not_affected,True,False,True,6,353,49,1.0,1.0,1.0,0.0,0.0
D1-CVE-2026-5950-trixie-V1|DC|qwen3_14b|tracker|P3|60.0|0.0|0|||0,qwen3_14b,DC,tracker,CVE-2026-5950,not_affected,not_affected,True,False,True,3,372,56,1.0,1.0,1.0,0.0,0.0
D1-CVE-2026-5950-trixie-V1|DC|qwen3_14b|withheld|P3|60.0|0.0|0|||0,qwen3_14b,DC,withheld,CVE-2026-5950,not_affected,not_affected,True,False,True,4,405,62,1.0,1.0,1.0,0.0,0.0
D1-CVE-2026-5950-trixie-V1|S2|qwen3_14b|tracker|P1|60.0|0.0|0|||0,qwen3_14b,S2,tracker,CVE-2026-5950,not_affected,not_affected,True,False,True,2,201,31,1.0,1.0,1.0,0.0,0.0
D1-CVE-2026-5950-trixie-V1|S2|qwen3_14b|withheld|P1|60.0|0.0|0|||0,qwen3_14b,S2,withheld,CVE-2026-5950,not_affected,not_affected,True,False,True,2,185,30,1.0,1.0,1.0,0.0,0.0
D1-CVE-2026-5950-trixie-V1|S3|qwen3_14b|tracker|P1|60.0|0.0|0|||0,qwen3_14b,S3,tracker,CVE-2026-5950,not_affected,not_affected,True,False,True,2,116,19,1.0,1.0,1.0,0.0,0.0
D1-CVE-2026-5950-trixie-V1|S3|qwen3_14b|withheld|P1|60.0|0.0|0|||0,qwen3_14b,S3,withheld,CVE-2026-5950,not_affected,not_affected,True,False,True,2,103,17,1.0,1.0,1.0,0.0,0.0
D1-CVE-2026-5950-trixie-V1|S4|qwen3_14b|tracker|P1|60.0|0.0|0|||0,qwen3_14b,S4,tracker,CVE-2026-5950,not_affected,not_affected,True,False,True,2,88,15,1.0,1.0,1.0,0.0,0.0
D1-CVE-2026-5950-trixie-V1|S4|qwen3_14b|withheld|P1|60.0|0.0|0|||0,qwen3_14b,S4,withheld,CVE-2026-5950,not_affected,not_affected,True,False,True,2,96,16,1.0,1.0,1.0,0.0,0.0
D1-CVE-2026-5950-trixie-V1|S5|qwen3_14b|tracker|P1|60.0|0.0|0|||0,qwen3_14b,S5,tracker,CVE-2026-5950,not_affected,not_affected,True,False,True,2,116,19,1.0,1.0,1.0,0.0,0.0
D1-CVE-2026-5950-trixie-V1|S5|qwen3_14b|withheld|P1|60.0|0.0|0|||0,qwen3_14b,S5,withheld,CVE-2026-5950,not_affected,not_affected,True,False,True,2,103,17,1.0,1.0,1.0,0.0,0.0
D1-CVE-2026-5950-trixie-V2|DC|qwen3_14b|tracker|P3|60.0|0.0|0|||0,qwen3_14b,DC,tracker,CVE-2026-5950,affected,affected,True,False,True,4,330,51,1.0,1.0,1.0,0.0,0.0
D1-CVE-2026-5950-trixie-V2|DC|qwen3_14b|withheld|P3|60.0|0.0|0|||0,qwen3_14b,DC,withheld,CVE-2026-5950,affected,affected,True,False,True,3,371,58,1.0,1.0,1.0,0.0,0.0
D1-CVE-2026-5950-trixie-V2|S2|qwen3_14b|tracker|P1|60.0|0.0|0|||0,qwen3_14b,S2,tracker,CVE-2026-5950,affected,affected,True,False,True,8,393,60,1.0,0.0,0.0,0.0,0.0
D1-CVE-2026-5950-trixie-V2|S2|qwen3_14b|withheld|P1|60.0|0.0|0|||0,qwen3_14b,S2,withheld,CVE-2026-5950,fixed,affected,False,False,True,6,399,61,1.0,0.0,1.0,0.0,0.0
D1-CVE-2026-5950-trixie-V2|S3|qwen3_14b|tracker|P1|60.0|0.0|0|||0,qwen3_14b,S3,tracker,CVE-2026-5950,affected,affected,True,False,True,4,204,30,1.0,1.0,1.0,0.0,0.0
D1-CVE-2026-5950-trixie-V2|S3|qwen3_14b|withheld|P1|60.0|0.0|0|||0,qwen3_14b,S3,withheld,CVE-2026-5950,fixed,affected,False,False,True,4,184,24,1.0,0.3333333333333333,0.3333333333333333,0.6666666666666666,0.0
D1-CVE-2026-5950-trixie-V2|S4|qwen3_14b|tracker|P1|60.0|0.0|0|||0,qwen3_14b,S4,tracker,CVE-2026-5950,affected,affected,True,False,True,3,179,25,1.0,1.0,1.0,0.0,0.0
D1-CVE-2026-5950-trixie-V2|S4|qwen3_14b|withheld|P1|60.0|0.0|0|||0,qwen3_14b,S4,withheld,CVE-2026-5950,fixed,affected,False,False,True,3,202,30,1.0,1.0,1.0,0.0,0.0
D1-CVE-2026-5950-trixie-V2|S5|qwen3_14b|tracker|P1|60.0|0.0|0|||0,qwen3_14b,S5,tracker,CVE-2026-5950,affected,affected,True,False,True,4,214,30,1.0,1.0,1.0,0.0,0.0
D1-CVE-2026-5950-trixie-V2|S5|qwen3_14b|withheld|P1|60.0|0.0|0|||0,qwen3_14b,S5,withheld,CVE-2026-5950,fixed,affected,False,False,True,4,184,24,1.0,0.3333333333333333,0.3333333333333333,0.6666666666666666,0.0
D1-CVE-2026-59843-bookworm-V2|DC|llama31_8b|tracker|P3|60.0|0.0|0|||0,llama31_8b,DC,tracker,CVE-2026-59843,affected,affected,True,False,True,3,412,59,1.0,1.0,1.0,0.0,0.0
D1-CVE-2026-59843-bookworm-V2|DC|llama31_8b|withheld|P3|60.0|0.0|0|||0,llama31_8b,DC,withheld,CVE-2026-59843,affected,affected,True,False,True,3,499,78,1.0,1.0,1.0,0.0,0.0
D1-CVE-2026-59843-bookworm-V2|S2|llama31_8b|tracker|P1|60.0|0.0|0|||0,llama31_8b,S2,tracker,CVE-2026-59843,affected,affected,True,False,True,7,508,78,1.0,1.0,1.0,0.0,0.0
D1-CVE-2026-59843-bookworm-V2|S2|llama31_8b|withheld|P1|60.0|0.0|0|||0,llama31_8b,S2,withheld,CVE-2026-59843,affected,affected,True,False,True,7,402,58,1.0,0.0,0.0,0.0,0.0
D1-CVE-2026-59843-bookworm-V2|S3|llama31_8b|tracker|P1|60.0|0.0|0|||0,llama31_8b,S3,tracker,CVE-2026-59843,affected,affected,True,False,True,4,158,27,1.0,1.0,1.0,0.0,0.0
D1-CVE-2026-59843-bookworm-V2|S3|llama31_8b|withheld|P1|60.0|0.0|0|||0,llama31_8b,S3,withheld,CVE-2026-59843,affected,affected,True,False,True,1,69,13,1.0,1.0,1.0,0.0,0.0
D1-CVE-2026-59843-bookworm-V2|S4|llama31_8b|tracker|P1|60.0|0.0|0|||0,llama31_8b,S4,tracker,CVE-2026-59843,affected,affected,True,False,True,4,158,27,1.0,1.0,1.0,0.0,0.0
D1-CVE-2026-59843-bookworm-V2|S4|llama31_8b|withheld|P1|60.0|0.0|0|||0,llama31_8b,S4,withheld,CVE-2026-59843,affected,affected,True,False,True,1,85,15,1.0,1.0,1.0,0.0,0.0
D1-CVE-2026-59843-bookworm-V2|S5|llama31_8b|tracker|P1|60.0|0.0|0|||0,llama31_8b,S5,tracker,CVE-2026-59843,affected,affected,True,False,True,5,398,66,1.0,1.0,1.0,0.0,0.0
D1-CVE-2026-59843-bookworm-V2|S5|llama31_8b|withheld|P1|60.0|0.0|0|||0,llama31_8b,S5,withheld,CVE-2026-59843,affected,affected,True,False,True,6,357,52,1.0,1.0,1.0,0.0,0.0
D1-CVE-2026-59843-bookworm-V6|DC|qwen3_14b|tracker|P3|60.0|0.0|0|||0,qwen3_14b,DC,tracker,CVE-2026-59843,not_affected,not_affected,True,False,True,3,371,57,1.0,1.0,1.0,0.0,0.0
D1-CVE-2026-59843-bookworm-V6|DC|qwen3_14b|withheld|P3|60.0|0.0|0|||0,qwen3_14b,DC,withheld,CVE-2026-59843,not_affected,not_affected,True,False,True,4,380,60,1.0,1.0,1.0,0.0,0.0
D1-CVE-2026-59843-bookworm-V6|S2|qwen3_14b|tracker|P1|60.0|0.0|0|||0,qwen3_14b,S2,tracker,CVE-2026-59843,not_affected,not_affected,True,False,True,4,264,39,1.0,1.0,1.0,0.0,0.0
D1-CVE-2026-59843-bookworm-V6|S2|qwen3_14b|withheld|P1|60.0|0.0|0|||0,qwen3_14b,S2,withheld,CVE-2026-59843,not_affected,not_affected,True,False,True,2,187,30,1.0,1.0,1.0,0.0,0.0
D1-CVE-2026-59843-bookworm-V6|S3|qwen3_14b|tracker|P1|60.0|0.0|0|||0,qwen3_14b,S3,tracker,CVE-2026-59843,not_affected,not_affected,True,False,True,2,118,19,1.0,1.0,1.0,0.0,0.0
D1-CVE-2026-59843-bookworm-V6|S3|qwen3_14b|withheld|P1|60.0|0.0|0|||0,qwen3_14b,S3,withheld,CVE-2026-59843,not_affected,not_affected,True,False,True,2,101,17,1.0,1.0,1.0,0.0,0.0
D1-CVE-2026-59843-bookworm-V6|S4|qwen3_14b|tracker|P1|60.0|0.0|0|||0,qwen3_14b,S4,tracker,CVE-2026-59843,not_affected,not_affected,True,False,True,2,118,19,1.0,1.0,1.0,0.0,0.0
D1-CVE-2026-59843-bookworm-V6|S4|qwen3_14b|withheld|P1|60.0|0.0|0|||0,qwen3_14b,S4,withheld,CVE-2026-59843,not_affected,not_affected,True,False,True,2,118,19,1.0,1.0,1.0,0.0,0.0
D1-CVE-2026-59843-bookworm-V6|S5|qwen3_14b|tracker|P1|60.0|0.0|0|||0,qwen3_14b,S5,tracker,CVE-2026-59843,not_affected,not_affected,True,False,True,2,118,19,1.0,1.0,1.0,0.0,0.0
D1-CVE-2026-59843-bookworm-V6|S5|qwen3_14b|withheld|P1|60.0|0.0|0|||0,qwen3_14b,S5,withheld,CVE-2026-59843,not_affected,not_affected,True,False,True,2,118,19,1.0,1.0,1.0,0.0,0.0
D1-CVE-2026-59843-trixie-V1|DC|llama31_8b|tracker|P3|60.0|0.0|0|||0,llama31_8b,DC,tracker,CVE-2026-59843,not_affected,not_affected,True,False,True,3,402,62,1.0,1.0,1.0,0.0,0.0
D1-CVE-2026-59843-trixie-V1|DC|llama31_8b|withheld|P3|60.0|0.0|0|||0,llama31_8b,DC,withheld,CVE-2026-59843,not_affected,not_affected,True,False,True,3,393,64,1.0,1.0,1.0,0.0,0.0
D1-CVE-2026-59843-trixie-V1|S2|llama31_8b|tracker|P1|60.0|0.0|0|||0,llama31_8b,S2,tracker,CVE-2026-59843,not_affected,not_affected,True,False,True,4,265,41,1.0,1.0,1.0,0.0,0.0
D1-CVE-2026-59843-trixie-V1|S2|llama31_8b|withheld|P1|60.0|0.0|0|||0,llama31_8b,S2,withheld,CVE-2026-59843,not_affected,not_affected,True,False,True,4,257,42,1.0,1.0,1.0,0.0,0.0
D1-CVE-2026-59843-trixie-V1|S3|llama31_8b|tracker|P1|60.0|0.0|0|||0,llama31_8b,S3,tracker,CVE-2026-59843,not_affected,not_affected,True,False,True,2,59,10,1.0,1.0,1.0,0.0,0.0
D1-CVE-2026-59843-trixie-V1|S3|llama31_8b|withheld|P1|60.0|0.0|0|||0,llama31_8b,S3,withheld,CVE-2026-59843,not_affected,not_affected,True,False,True,1,35,7,1.0,1.0,1.0,0.0,0.0
D1-CVE-2026-59843-trixie-V1|S4|llama31_8b|tracker|P1|60.0|0.0|0|||0,llama31_8b,S4,tracker,CVE-2026-59843,not_affected,not_affected,True,False,True,1,41,6,1.0,1.0,1.0,0.0,0.0
D1-CVE-2026-59843-trixie-V1|S4|llama31_8b|withheld|P1|60.0|0.0|0|||0,llama31_8b,S4,withheld,CVE-2026-59843,not_affected,not_affected,True,False,True,1,41,6,1.0,1.0,1.0,0.0,0.0
D1-CVE-2026-59843-trixie-V1|S5|llama31_8b|tracker|P1|60.0|0.0|0|||0,llama31_8b,S5,tracker,CVE-2026-59843,not_affected,not_affected,True,False,True,2,59,10,1.0,1.0,1.0,0.0,0.0
D1-CVE-2026-59843-trixie-V1|S5|llama31_8b|withheld|P1|60.0|0.0|0|||0,llama31_8b,S5,withheld,CVE-2026-59843,not_affected,not_affected,True,False,True,1,35,7,1.0,1.0,1.0,0.0,0.0
D1-CVE-2026-59843-trixie-V4|DC|qwen3_14b|tracker|P3|60.0|0.0|0|||0,qwen3_14b,DC,tracker,CVE-2026-59843,fixed,fixed,True,False,True,4,347,53,1.0,1.0,1.0,0.0,0.0
D1-CVE-2026-59843-trixie-V4|DC|qwen3_14b|withheld|P3|60.0|0.0|0|||0,qwen3_14b,DC,withheld,CVE-2026-59843,not_affected,fixed,False,False,True,5,356,57,1.0,1.0,1.0,0.0,0.0
D1-CVE-2026-59843-trixie-V4|S2|qwen3_14b|tracker|P1|60.0|0.0|0|||0,qwen3_14b,S2,tracker,CVE-2026-59843,fixed,fixed,True,False,True,7,349,50,1.0,1.0,1.0,0.0,0.0
D1-CVE-2026-59843-trixie-V4|S2|qwen3_14b|withheld|P1|60.0|0.0|0|||0,qwen3_14b,S2,withheld,CVE-2026-59843,not_affected,fixed,False,False,True,8,410,65,1.0,1.0,1.0,0.0,0.0
D1-CVE-2026-59843-trixie-V4|S3|qwen3_14b|tracker|P1|60.0|0.0|0|||0,qwen3_14b,S3,tracker,CVE-2026-59843,fixed,fixed,True,False,True,3,153,18,1.0,1.0,1.0,0.0,0.0
D1-CVE-2026-59843-trixie-V4|S3|qwen3_14b|withheld|P1|60.0|0.0|0|||0,qwen3_14b,S3,withheld,CVE-2026-59843,not_affected,fixed,False,False,True,4,327,53,1.0,1.0,1.0,0.0,0.0
D1-CVE-2026-59843-trixie-V4|S4|qwen3_14b|tracker|P1|60.0|0.0|0|||0,qwen3_14b,S4,tracker,CVE-2026-59843,fixed,fixed,True,False,True,3,212,31,1.0,1.0,1.0,0.0,0.0
D1-CVE-2026-59843-trixie-V4|S4|qwen3_14b|withheld|P1|60.0|0.0|0|||0,qwen3_14b,S4,withheld,CVE-2026-59843,not_affected,fixed,False,False,True,3,161,22,1.0,1.0,1.0,0.0,0.0
D1-CVE-2026-59843-trixie-V4|S5|qwen3_14b|tracker|P1|60.0|0.0|0|||0,qwen3_14b,S5,tracker,CVE-2026-59843,fixed,fixed,True,False,True,3,206,28,1.0,1.0,1.0,0.0,0.0
D1-CVE-2026-59843-trixie-V4|S5|qwen3_14b|withheld|P1|60.0|0.0|0|||0,qwen3_14b,S5,withheld,CVE-2026-59843,under_investigation,fixed,False,False,True,4,409,62,1.0,1.0,1.0,0.0,0.0
D1-CVE-2026-59849-bookworm-V1|DC|qwen3_4b|tracker|P3|60.0|0.0|0|||0,qwen3_4b,DC,tracker,CVE-2026-59849,not_affected,not_affected,True,False,True,2,285,42,1.0,1.0,1.0,0.0,0.0
D1-CVE-2026-59849-bookworm-V1|DC|qwen3_4b|withheld|P3|60.0|0.0|0|||0,qwen3_4b,DC,withheld,CVE-2026-59849,not_affected,not_affected,True,False,True,2,255,37,1.0,1.0,1.0,0.0,0.0
D1-CVE-2026-59849-bookworm-V1|S2|qwen3_4b|tracker|P1|60.0|0.0|0|||0,qwen3_4b,S2,tracker,CVE-2026-59849,not_affected,not_affected,True,False,True,3,206,30,1.0,1.0,1.0,0.0,0.0
D1-CVE-2026-59849-bookworm-V1|S2|qwen3_4b|withheld|P1|60.0|0.0|0|||0,qwen3_4b,S2,withheld,CVE-2026-59849,not_affected,not_affected,True,False,True,3,239,36,1.0,1.0,1.0,0.0,0.0
D1-CVE-2026-59849-bookworm-V1|S3|qwen3_4b|tracker|P1|60.0|0.0|0|||0,qwen3_4b,S3,tracker,CVE-2026-59849,not_affected,not_affected,True,False,True,2,109,18,1.0,1.0,1.0,0.0,0.0
D1-CVE-2026-59849-bookworm-V1|S3|qwen3_4b|withheld|P1|60.0|0.0|0|||0,qwen3_4b,S3,withheld,CVE-2026-59849,not_affected,not_affected,True,False,True,3,190,30,1.0,1.0,1.0,0.0,0.0
D1-CVE-2026-59849-bookworm-V1|S4|qwen3_4b|tracker|P1|60.0|0.0|0|||0,qwen3_4b,S4,tracker,CVE-2026-59849,not_affected,not_affected,True,False,True,1,68,11,1.0,1.0,1.0,0.0,0.0
D1-CVE-2026-59849-bookworm-V1|S4|qwen3_4b|withheld|P1|60.0|0.0|0|||0,qwen3_4b,S4,withheld,CVE-2026-59849,not_affected,not_affected,True,False,True,1,68,11,1.0,1.0,1.0,0.0,0.0
D1-CVE-2026-59849-bookworm-V1|S5|qwen3_4b|tracker|P1|60.0|0.0|0|||0,qwen3_4b,S5,tracker,CVE-2026-59849,not_affected,not_affected,True,False,True,2,109,18,1.0,1.0,1.0,0.0,0.0
D1-CVE-2026-59849-bookworm-V1|S5|qwen3_4b|withheld|P1|60.0|0.0|0|||0,qwen3_4b,S5,withheld,CVE-2026-59849,not_affected,not_affected,True,False,True,3,190,30,1.0,1.0,1.0,0.0,0.0
D1-CVE-2026-59849-bookworm-V2|DC|llama31_8b|tracker|P3|60.0|0.0|0|||0,llama31_8b,DC,tracker,CVE-2026-59849,affected,affected,True,False,True,4,391,59,1.0,0.0,0.0,0.5,0.0
D1-CVE-2026-59849-bookworm-V2|DC|llama31_8b|withheld|P3|60.0|0.0|0|||0,llama31_8b,DC,withheld,CVE-2026-59849,affected,affected,True,False,True,3,318,48,1.0,1.0,1.0,0.0,0.0
D1-CVE-2026-59849-bookworm-V2|S2|llama31_8b|tracker|P1|60.0|0.0|0|||0,llama31_8b,S2,tracker,CVE-2026-59849,not_affected,affected,False,False,True,6,320,46,1.0,1.0,1.0,0.0,0.0
D1-CVE-2026-59849-bookworm-V2|S2|llama31_8b|withheld|P1|60.0|0.0|0|||0,llama31_8b,S2,withheld,CVE-2026-59849,affected,affected,True,False,True,7,420,62,1.0,0.0,0.0,0.0,0.0
D1-CVE-2026-59849-bookworm-V2|S3|llama31_8b|tracker|P1|60.0|0.0|0|||0,llama31_8b,S3,tracker,CVE-2026-59849,affected,affected,True,False,True,4,161,28,1.0,1.0,1.0,0.0,0.0
D1-CVE-2026-59849-bookworm-V2|S3|llama31_8b|withheld|P1|60.0|0.0|0|||0,llama31_8b,S3,withheld,CVE-2026-59849,affected,affected,True,False,True,1,69,13,1.0,1.0,1.0,0.0,0.0
D1-CVE-2026-59849-bookworm-V2|S4|llama31_8b|tracker|P1|60.0|0.0|0|||0,llama31_8b,S4,tracker,CVE-2026-59849,affected,affected,True,False,True,2,85,16,1.0,1.0,1.0,0.0,0.0
D1-CVE-2026-59849-bookworm-V2|S4|llama31_8b|withheld|P1|60.0|0.0|0|||0,llama31_8b,S4,withheld,CVE-2026-59849,affected,affected,True,False,True,1,85,15,1.0,1.0,1.0,0.0,0.0
D1-CVE-2026-59849-bookworm-V2|S5|llama31_8b|tracker|P1|60.0|0.0|0|||0,llama31_8b,S5,tracker,CVE-2026-59849,affected,affected,True,False,True,5,323,53,1.0,1.0,1.0,0.0,0.0
D1-CVE-2026-59849-bookworm-V2|S5|llama31_8b|withheld|P1|60.0|0.0|0|||0,llama31_8b,S5,withheld,CVE-2026-59849,affected,affected,True,False,True,6,357,52,1.0,1.0,1.0,0.0,0.0
D1-CVE-2026-60000-bookworm-V6|DC|qwen3_4b|tracker|P3|60.0|0.0|0|||0,qwen3_4b,DC,tracker,CVE-2026-60000,not_affected,not_affected,True,False,True,2,231,35,1.0,1.0,1.0,0.0,0.0
D1-CVE-2026-60000-bookworm-V6|DC|qwen3_4b|withheld|P3|60.0|0.0|0|||0,qwen3_4b,DC,withheld,CVE-2026-60000,not_affected,not_affected,True,False,True,3,268,38,1.0,1.0,1.0,0.0,0.0
D1-CVE-2026-60000-bookworm-V6|S2|qwen3_4b|tracker|P1|60.0|0.0|0|||0,qwen3_4b,S2,tracker,CVE-2026-60000,not_affected,not_affected,True,False,True,3,251,39,1.0,1.0,1.0,0.0,0.0
D1-CVE-2026-60000-bookworm-V6|S2|qwen3_4b|withheld|P1|60.0|0.0|0|||0,qwen3_4b,S2,withheld,CVE-2026-60000,not_affected,not_affected,True,False,True,3,208,33,1.0,1.0,1.0,0.0,0.0
D1-CVE-2026-60000-bookworm-V6|S3|qwen3_4b|tracker|P1|60.0|0.0|0|||0,qwen3_4b,S3,tracker,CVE-2026-60000,not_affected,not_affected,True,False,True,2,110,18,1.0,1.0,1.0,0.0,0.0
D1-CVE-2026-60000-bookworm-V6|S3|qwen3_4b|withheld|P1|60.0|0.0|0|||0,qwen3_4b,S3,withheld,CVE-2026-60000,not_affected,not_affected,True,False,True,2,151,26,1.0,1.0,1.0,0.0,0.0
D1-CVE-2026-60000-bookworm-V6|S4|qwen3_4b|tracker|P1|60.0|0.0|0|||0,qwen3_4b,S4,tracker,CVE-2026-60000,not_affected,not_affected,True,False,True,1,86,12,1.0,1.0,1.0,0.0,0.0
D1-CVE-2026-60000-bookworm-V6|S4|qwen3_4b|withheld|P1|60.0|0.0|0|||0,qwen3_4b,S4,withheld,CVE-2026-60000,not_affected,not_affected,True,False,True,2,155,21,1.0,1.0,1.0,0.0,0.0
D1-CVE-2026-60000-bookworm-V6|S5|qwen3_4b|tracker|P1|60.0|0.0|0|||0,qwen3_4b,S5,tracker,CVE-2026-60000,not_affected,not_affected,True,False,True,2,103,19,1.0,1.0,1.0,0.0,0.0
D1-CVE-2026-60000-bookworm-V6|S5|qwen3_4b|withheld|P1|60.0|0.0|0|||0,qwen3_4b,S5,withheld,CVE-2026-60000,not_affected,not_affected,True,False,True,2,151,26,1.0,1.0,1.0,0.0,0.0
D1-CVE-2026-60000-trixie-V1|DC|qwen3_4b|tracker|P3|60.0|0.0|0|||0,qwen3_4b,DC,tracker,CVE-2026-60000,not_affected,not_affected,True,False,True,2,231,35,1.0,1.0,1.0,0.0,0.0
D1-CVE-2026-60000-trixie-V1|DC|qwen3_4b|withheld|P3|60.0|0.0|0|||0,qwen3_4b,DC,withheld,CVE-2026-60000,not_affected,not_affected,True,False,True,3,258,38,1.0,1.0,1.0,0.0,0.0
D1-CVE-2026-60000-trixie-V1|S2|qwen3_4b|tracker|P1|60.0|0.0|0|||0,qwen3_4b,S2,tracker,CVE-2026-60000,not_affected,not_affected,True,False,True,3,251,39,1.0,1.0,1.0,0.0,0.0
D1-CVE-2026-60000-trixie-V1|S2|qwen3_4b|withheld|P1|60.0|0.0|0|||0,qwen3_4b,S2,withheld,CVE-2026-60000,not_affected,not_affected,True,False,True,3,240,36,1.0,1.0,1.0,0.0,0.0
D1-CVE-2026-60000-trixie-V1|S3|qwen3_4b|tracker|P1|60.0|0.0|0|||0,qwen3_4b,S3,tracker,CVE-2026-60000,not_affected,not_affected,True,False,True,2,103,19,1.0,1.0,1.0,0.0,0.0
D1-CVE-2026-60000-trixie-V1|S3|qwen3_4b|withheld|P1|60.0|0.0|0|||0,qwen3_4b,S3,withheld,CVE-2026-60000,not_affected,not_affected,True,False,True,2,127,19,1.0,1.0,1.0,0.0,0.0
D1-CVE-2026-60000-trixie-V1|S4|qwen3_4b|tracker|P1|60.0|0.0|0|||0,qwen3_4b,S4,tracker,CVE-2026-60000,not_affected,not_affected,True,False,True,2,119,20,1.0,1.0,1.0,0.0,0.0
D1-CVE-2026-60000-trixie-V1|S4|qwen3_4b|withheld|P1|60.0|0.0|0|||0,qwen3_4b,S4,withheld,CVE-2026-60000,not_affected,not_affected,True,False,True,2,103,19,1.0,1.0,1.0,0.0,0.0
D1-CVE-2026-60000-trixie-V1|S5|qwen3_4b|tracker|P1|60.0|0.0|0|||0,qwen3_4b,S5,tracker,CVE-2026-60000,not_affected,not_affected,True,False,True,2,103,19,1.0,1.0,1.0,0.0,0.0
D1-CVE-2026-60000-trixie-V1|S5|qwen3_4b|withheld|P1|60.0|0.0|0|||0,qwen3_4b,S5,withheld,CVE-2026-60000,not_affected,not_affected,True,False,True,2,131,20,1.0,1.0,1.0,0.0,0.0
D1-CVE-2026-6722-trixie-V1|DC|mistral_small_24b|tracker|P3|60.0|0.0|0|||0,mistral_small_24b,DC,tracker,CVE-2026-6722,not_affected,not_affected,True,False,True,3,322,42,1.0,1.0,1.0,0.0,0.0
D1-CVE-2026-6722-trixie-V1|DC|mistral_small_24b|withheld|P3|60.0|0.0|0|||0,mistral_small_24b,DC,withheld,CVE-2026-6722,not_affected,not_affected,True,False,True,3,322,42,1.0,1.0,1.0,0.0,0.0
D1-CVE-2026-6722-trixie-V1|S2|mistral_small_24b|tracker|P1|60.0|0.0|0|||0,mistral_small_24b,S2,tracker,CVE-2026-6722,not_affected,not_affected,True,False,True,4,286,48,1.0,1.0,1.0,0.0,0.0
D1-CVE-2026-6722-trixie-V1|S2|mistral_small_24b|withheld|P1|60.0|0.0|0|||0,mistral_small_24b,S2,withheld,CVE-2026-6722,not_affected,not_affected,True,False,True,4,292,45,1.0,1.0,1.0,0.0,0.0
D1-CVE-2026-6722-trixie-V1|S3|mistral_small_24b|tracker|P1|60.0|0.0|0|||0,mistral_small_24b,S3,tracker,CVE-2026-6722,not_affected,not_affected,True,False,True,1,55,10,1.0,1.0,1.0,0.0,0.0
D1-CVE-2026-6722-trixie-V1|S3|mistral_small_24b|withheld|P1|60.0|0.0|0|||0,mistral_small_24b,S3,withheld,CVE-2026-6722,not_affected,not_affected,True,False,True,2,105,19,1.0,1.0,1.0,0.0,0.0
D1-CVE-2026-6722-trixie-V1|S4|mistral_small_24b|tracker|P1|60.0|0.0|0|||0,mistral_small_24b,S4,tracker,CVE-2026-6722,not_affected,not_affected,True,False,True,1,68,11,1.0,1.0,1.0,0.0,0.0
D1-CVE-2026-6722-trixie-V1|S4|mistral_small_24b|withheld|P1|60.0|0.0|0|||0,mistral_small_24b,S4,withheld,CVE-2026-6722,not_affected,not_affected,True,False,True,1,68,11,1.0,1.0,1.0,0.0,0.0
D1-CVE-2026-6722-trixie-V1|S5|mistral_small_24b|tracker|P1|60.0|0.0|0|||0,mistral_small_24b,S5,tracker,CVE-2026-6722,not_affected,not_affected,True,False,True,2,107,19,1.0,1.0,1.0,0.0,0.0
D1-CVE-2026-6722-trixie-V1|S5|mistral_small_24b|withheld|P1|60.0|0.0|0|||0,mistral_small_24b,S5,withheld,CVE-2026-6722,not_affected,not_affected,True,False,True,1,93,15,1.0,1.0,1.0,0.0,0.0
D1-CVE-2026-6722-trixie-V3|DC|qwen3_4b|tracker|P3|60.0|0.0|0|||0,qwen3_4b,DC,tracker,CVE-2026-6722,fixed,fixed,True,False,True,3,214,35,1.0,1.0,1.0,0.0,0.0
D1-CVE-2026-6722-trixie-V3|DC|qwen3_4b|withheld|P3|60.0|0.0|0|||0,qwen3_4b,DC,withheld,CVE-2026-6722,not_affected,fixed,False,False,True,6,295,51,1.0,1.0,1.0,0.0,0.0
D1-CVE-2026-6722-trixie-V3|S2|qwen3_4b|tracker|P1|60.0|0.0|0|||0,qwen3_4b,S2,tracker,CVE-2026-6722,affected,fixed,False,False,True,8,444,68,1.0,0.0,0.0,0.0,0.0
D1-CVE-2026-6722-trixie-V3|S2|qwen3_4b|withheld|P1|60.0|0.0|0|||0,qwen3_4b,S2,withheld,CVE-2026-6722,affected,fixed,False,False,True,8,379,60,1.0,0.0,0.0,0.0,0.0
D1-CVE-2026-6722-trixie-V3|S3|qwen3_4b|tracker|P1|60.0|0.0|0|||0,qwen3_4b,S3,tracker,CVE-2026-6722,fixed,fixed,True,False,True,5,264,41,1.0,0.6666666666666666,0.6666666666666666,0.3333333333333333,0.0
D1-CVE-2026-6722-trixie-V3|S3|qwen3_4b|withheld|P1|60.0|0.0|0|||0,qwen3_4b,S3,withheld,CVE-2026-6722,affected,fixed,False,False,True,5,221,34,1.0,0.0,0.0,0.0,0.0
D1-CVE-2026-6722-trixie-V3|S4|qwen3_4b|tracker|P1|60.0|0.0|0|||0,qwen3_4b,S4,tracker,CVE-2026-6722,fixed,fixed,True,False,True,5,229,35,1.0,1.0,1.0,0.0,0.0
D1-CVE-2026-6722-trixie-V3|S4|qwen3_4b|withheld|P1|60.0|0.0|0|||0,qwen3_4b,S4,withheld,CVE-2026-6722,affected,fixed,False,False,True,4,209,31,1.0,0.0,0.0,0.0,0.0
D1-CVE-2026-6722-trixie-V3|S5|qwen3_4b|tracker|P1|60.0|0.0|0|||0,qwen3_4b,S5,tracker,CVE-2026-6722,fixed,fixed,True,False,True,4,199,29,1.0,1.0,1.0,0.0,0.0
D1-CVE-2026-6722-trixie-V3|S5|qwen3_4b|withheld|P1|60.0|0.0|0|||0,qwen3_4b,S5,withheld,CVE-2026-6722,fixed,fixed,True,False,True,4,187,29,1.0,0.3333333333333333,1.0,0.0,0.0
D1-CVE-2026-6767-bookworm-V3|DC|granite41_8b|tracker|P3|60.0|0.0|0|||0,granite41_8b,DC,tracker,CVE-2026-6767,fixed,fixed,True,False,True,5,484,77,1.0,1.0,1.0,0.0,0.0
D1-CVE-2026-6767-bookworm-V3|DC|granite41_8b|withheld|P3|60.0|0.0|0|||0,granite41_8b,DC,withheld,CVE-2026-6767,not_affected,fixed,False,False,True,5,447,68,1.0,1.0,1.0,0.0,0.0
D1-CVE-2026-6767-bookworm-V3|S2|granite41_8b|tracker|P1|60.0|0.0|0|||0,granite41_8b,S2,tracker,CVE-2026-6767,fixed,fixed,True,False,True,5,412,61,1.0,0.5,1.0,0.0,0.0
D1-CVE-2026-6767-bookworm-V3|S2|granite41_8b|withheld|P1|60.0|0.0|0|||0,granite41_8b,S2,withheld,CVE-2026-6767,not_affected,fixed,False,False,True,6,355,54,1.0,1.0,1.0,0.0,0.0
D1-CVE-2026-6767-bookworm-V3|S3|granite41_8b|tracker|P1|60.0|0.0|0|||0,granite41_8b,S3,tracker,CVE-2026-6767,fixed,fixed,True,False,True,4,187,25,1.0,1.0,1.0,0.0,0.0
D1-CVE-2026-6767-bookworm-V3|S3|granite41_8b|withheld|P1|60.0|0.0|0|||0,granite41_8b,S3,withheld,CVE-2026-6767,not_affected,fixed,False,False,True,4,237,37,1.0,1.0,1.0,0.0,0.0
D1-CVE-2026-6767-bookworm-V3|S4|granite41_8b|tracker|P1|60.0|0.0|0|||0,granite41_8b,S4,tracker,CVE-2026-6767,fixed,fixed,True,False,True,5,188,24,1.0,1.0,1.0,0.0,0.0
D1-CVE-2026-6767-bookworm-V3|S4|granite41_8b|withheld|P1|60.0|0.0|0|||0,granite41_8b,S4,withheld,CVE-2026-6767,under_investigation,fixed,False,False,True,4,253,34,1.0,1.0,1.0,0.0,0.0
D1-CVE-2026-6767-bookworm-V3|S5|granite41_8b|tracker|P1|60.0|0.0|0|||0,granite41_8b,S5,tracker,CVE-2026-6767,fixed,fixed,True,False,True,5,226,29,1.0,1.0,1.0,0.0,0.0
D1-CVE-2026-6767-bookworm-V3|S5|granite41_8b|withheld|P1|60.0|0.0|0|||0,granite41_8b,S5,withheld,CVE-2026-6767,not_affected,fixed,False,False,True,8,300,43,1.0,1.0,1.0,0.0,0.0
D1-CVE-2026-6767-trixie-V3|DC|qwen3_4b|tracker|P3|60.0|0.0|0|||0,qwen3_4b,DC,tracker,CVE-2026-6767,fixed,fixed,True,False,True,3,227,37,1.0,1.0,1.0,0.0,0.0
D1-CVE-2026-6767-trixie-V3|DC|qwen3_4b|withheld|P3|60.0|0.0|0|||0,qwen3_4b,DC,withheld,CVE-2026-6767,not_affected,fixed,False,False,True,4,363,60,1.0,1.0,1.0,0.0,0.0
D1-CVE-2026-6767-trixie-V3|S2|qwen3_4b|tracker|P1|60.0|0.0|0|||0,qwen3_4b,S2,tracker,CVE-2026-6767,fixed,fixed,True,False,True,5,276,45,1.0,0.0,1.0,0.0,0.0
D1-CVE-2026-6767-trixie-V3|S2|qwen3_4b|withheld|P1|60.0|0.0|0|||0,qwen3_4b,S2,withheld,CVE-2026-6767,not_affected,fixed,False,False,True,6,431,69,1.0,1.0,1.0,0.0,0.0
D1-CVE-2026-6767-trixie-V3|S3|qwen3_4b|tracker|P1|60.0|0.0|0|||0,qwen3_4b,S3,tracker,CVE-2026-6767,fixed,fixed,True,False,True,4,184,25,1.0,1.0,1.0,0.0,0.0
D1-CVE-2026-6767-trixie-V3|S3|qwen3_4b|withheld|P1|60.0|0.0|0|||0,qwen3_4b,S3,withheld,CVE-2026-6767,not_affected,fixed,False,False,True,4,262,40,1.0,1.0,1.0,0.0,0.0
D1-CVE-2026-6767-trixie-V3|S4|qwen3_4b|tracker|P1|60.0|0.0|0|||0,qwen3_4b,S4,tracker,CVE-2026-6767,fixed,fixed,True,False,True,2,123,20,1.0,1.0,1.0,0.0,0.0
D1-CVE-2026-6767-trixie-V3|S4|qwen3_4b|withheld|P1|60.0|0.0|0|||0,qwen3_4b,S4,withheld,CVE-2026-6767,affected,fixed,False,False,True,8,359,53,1.0,0.0,0.0,0.0,0.0
D1-CVE-2026-6767-trixie-V3|S5|qwen3_4b|tracker|P1|60.0|0.0|0|||0,qwen3_4b,S5,tracker,CVE-2026-6767,fixed,fixed,True,False,True,4,225,31,1.0,1.0,1.0,0.0,0.0
D1-CVE-2026-6767-trixie-V3|S5|qwen3_4b|withheld|P1|60.0|0.0|0|||0,qwen3_4b,S5,withheld,CVE-2026-6767,not_affected,fixed,False,False,True,4,248,39,1.0,1.0,1.0,0.0,0.0
D1-CVE-2026-6772-bookworm-V6|DC|qwen3_4b|tracker|P3|60.0|0.0|0|||0,qwen3_4b,DC,tracker,CVE-2026-6772,not_affected,not_affected,True,False,True,5,390,60,1.0,1.0,1.0,0.0,0.0
D1-CVE-2026-6772-bookworm-V6|DC|qwen3_4b|withheld|P3|60.0|0.0|0|||0,qwen3_4b,DC,withheld,CVE-2026-6772,not_affected,not_affected,True,False,True,5,390,60,1.0,1.0,1.0,0.0,0.0
D1-CVE-2026-6772-bookworm-V6|S2|qwen3_4b|tracker|P1|60.0|0.0|0|||0,qwen3_4b,S2,tracker,CVE-2026-6772,not_affected,not_affected,True,False,True,4,313,49,1.0,1.0,1.0,0.0,0.0
D1-CVE-2026-6772-bookworm-V6|S2|qwen3_4b|withheld|P1|60.0|0.0|0|||0,qwen3_4b,S2,withheld,CVE-2026-6772,not_affected,not_affected,True,False,True,4,266,43,1.0,1.0,1.0,0.0,0.0
D1-CVE-2026-6772-bookworm-V6|S3|qwen3_4b|tracker|P1|60.0|0.0|0|||0,qwen3_4b,S3,tracker,CVE-2026-6772,not_affected,not_affected,True,False,True,2,105,18,1.0,1.0,1.0,0.0,0.0
D1-CVE-2026-6772-bookworm-V6|S3|qwen3_4b|withheld|P1|60.0|0.0|0|||0,qwen3_4b,S3,withheld,CVE-2026-6772,not_affected,not_affected,True,False,True,3,170,26,1.0,1.0,1.0,0.0,0.0
D1-CVE-2026-6772-bookworm-V6|S4|qwen3_4b|tracker|P1|60.0|0.0|0|||0,qwen3_4b,S4,tracker,CVE-2026-6772,not_affected,not_affected,True,False,True,2,105,18,1.0,1.0,1.0,0.0,0.0
D1-CVE-2026-6772-bookworm-V6|S4|qwen3_4b|withheld|P1|60.0|0.0|0|||0,qwen3_4b,S4,withheld,CVE-2026-6772,not_affected,not_affected,True,False,True,5,203,28,1.0,1.0,1.0,0.0,0.0
D1-CVE-2026-6772-bookworm-V6|S5|qwen3_4b|tracker|P1|60.0|0.0|0|||0,qwen3_4b,S5,tracker,CVE-2026-6772,not_affected,not_affected,True,False,True,2,105,18,1.0,1.0,1.0,0.0,0.0
D1-CVE-2026-6772-bookworm-V6|S5|qwen3_4b|withheld|P1|60.0|0.0|0|||0,qwen3_4b,S5,withheld,CVE-2026-6772,not_affected,not_affected,True,False,True,3,203,34,1.0,1.0,1.0,0.0,0.0
D1-CVE-2026-6772-trixie-V2|DC|mistral_small_24b|tracker|P3|60.0|0.0|0|||0,mistral_small_24b,DC,tracker,CVE-2026-6772,affected,affected,True,False,True,5,359,54,1.0,1.0,1.0,0.0,0.0
D1-CVE-2026-6772-trixie-V2|DC|mistral_small_24b|withheld|P3|60.0|0.0|0|||0,mistral_small_24b,DC,withheld,CVE-2026-6772,affected,affected,True,False,True,4,308,45,1.0,1.0,1.0,0.0,0.0
D1-CVE-2026-6772-trixie-V2|S2|mistral_small_24b|tracker|P1|60.0|0.0|0|||0,mistral_small_24b,S2,tracker,CVE-2026-6772,fixed,affected,False,False,True,6,366,51,1.0,0.0,0.3333333333333333,0.6666666666666666,0.0
D1-CVE-2026-6772-trixie-V2|S2|mistral_small_24b|withheld|P1|60.0|0.0|0|||0,mistral_small_24b,S2,withheld,CVE-2026-6772,fixed,affected,False,False,True,8,479,75,1.0,0.6666666666666666,0.6666666666666666,0.3333333333333333,0.0
D1-CVE-2026-6772-trixie-V2|S3|mistral_small_24b|tracker|P1|60.0|0.0|0|||0,mistral_small_24b,S3,tracker,CVE-2026-6772,affected,affected,True,False,True,4,223,30,1.0,1.0,1.0,0.0,0.0
D1-CVE-2026-6772-trixie-V2|S3|mistral_small_24b|withheld|P1|60.0|0.0|0|||0,mistral_small_24b,S3,withheld,CVE-2026-6772,fixed,affected,False,False,True,3,129,17,1.0,0.0,1.0,0.0,0.0
D1-CVE-2026-6772-trixie-V2|S4|mistral_small_24b|tracker|P1|60.0|0.0|0|||0,mistral_small_24b,S4,tracker,CVE-2026-6772,affected,affected,True,False,True,4,190,27,1.0,1.0,1.0,0.0,0.0
D1-CVE-2026-6772-trixie-V2|S4|mistral_small_24b|withheld|P1|60.0|0.0|0|||0,mistral_small_24b,S4,withheld,CVE-2026-6772,not_affected,affected,False,False,True,3,182,26,1.0,0.6666666666666666,0.6666666666666666,0.3333333333333333,0.0
D1-CVE-2026-6772-trixie-V2|S5|mistral_small_24b|tracker|P1|60.0|0.0|0|||0,mistral_small_24b,S5,tracker,CVE-2026-6772,affected,affected,True,False,True,4,153,20,1.0,1.0,1.0,0.0,0.0
D1-CVE-2026-6772-trixie-V2|S5|mistral_small_24b|withheld|P1|60.0|0.0|0|||0,mistral_small_24b,S5,withheld,CVE-2026-6772,fixed,affected,False,False,True,2,134,17,1.0,0.3333333333333333,0.6666666666666666,0.0,0.0
D1-CVE-2026-7210-bookworm-V2|DC|mistral_small_24b|tracker|P3|60.0|0.0|0|||0,mistral_small_24b,DC,tracker,CVE-2026-7210,affected,affected,True,False,True,4,336,49,1.0,1.0,1.0,0.0,0.0
D1-CVE-2026-7210-bookworm-V2|DC|mistral_small_24b|withheld|P3|60.0|0.0|0|||0,mistral_small_24b,DC,withheld,CVE-2026-7210,affected,affected,True,False,True,4,311,45,1.0,1.0,1.0,0.0,0.0
D1-CVE-2026-7210-bookworm-V2|S2|mistral_small_24b|tracker|P1|60.0|0.0|0|||0,mistral_small_24b,S2,tracker,CVE-2026-7210,affected,affected,True,False,True,6,562,76,1.0,1.0,1.0,0.0,0.0
D1-CVE-2026-7210-bookworm-V2|S2|mistral_small_24b|withheld|P1|60.0|0.0|0|||0,mistral_small_24b,S2,withheld,CVE-2026-7210,under_investigation,affected,False,False,True,9,567,87,1.0,1.0,1.0,0.0,0.0
D1-CVE-2026-7210-bookworm-V2|S3|mistral_small_24b|tracker|P1|60.0|0.0|0|||0,mistral_small_24b,S3,tracker,CVE-2026-7210,affected,affected,True,False,True,4,212,30,1.0,1.0,1.0,0.0,0.0
D1-CVE-2026-7210-bookworm-V2|S3|mistral_small_24b|withheld|P1|60.0|0.0|0|||0,mistral_small_24b,S3,withheld,CVE-2026-7210,affected,affected,True,False,True,3,123,18,1.0,1.0,1.0,0.0,0.0
D1-CVE-2026-7210-bookworm-V2|S4|mistral_small_24b|tracker|P1|60.0|0.0|0|||0,mistral_small_24b,S4,tracker,CVE-2026-7210,not_affected,affected,False,False,True,2,97,15,1.0,0.3333333333333333,0.3333333333333333,0.3333333333333333,0.0
D1-CVE-2026-7210-bookworm-V2|S4|mistral_small_24b|withheld|P1|60.0|0.0|0|||0,mistral_small_24b,S4,withheld,CVE-2026-7210,affected,affected,True,False,True,2,85,15,1.0,1.0,1.0,0.0,0.0
D1-CVE-2026-7210-bookworm-V2|S5|mistral_small_24b|tracker|P1|60.0|0.0|0|||0,mistral_small_24b,S5,tracker,CVE-2026-7210,affected,affected,True,False,True,3,250,33,1.0,1.0,1.0,0.0,0.0
D1-CVE-2026-7210-bookworm-V2|S5|mistral_small_24b|withheld|P1|60.0|0.0|0|||0,mistral_small_24b,S5,withheld,CVE-2026-7210,affected,affected,True,False,True,2,122,17,1.0,1.0,1.0,0.0,0.0
D1-CVE-2026-7210-bookworm-V6|DC|granite41_8b|tracker|P3|60.0|0.0|0|||0,granite41_8b,DC,tracker,CVE-2026-7210,not_affected,not_affected,True,False,True,6,495,70,1.0,1.0,1.0,0.0,0.0
D1-CVE-2026-7210-bookworm-V6|DC|granite41_8b|withheld|P3|60.0|0.0|0|||0,granite41_8b,DC,withheld,CVE-2026-7210,not_affected,not_affected,True,False,True,5,480,70,1.0,1.0,1.0,0.0,0.0
D1-CVE-2026-7210-bookworm-V6|S2|granite41_8b|tracker|P1|60.0|0.0|0|||0,granite41_8b,S2,tracker,CVE-2026-7210,not_affected,not_affected,True,False,True,3,230,35,1.0,1.0,1.0,0.0,0.0
D1-CVE-2026-7210-bookworm-V6|S2|granite41_8b|withheld|P1|60.0|0.0|0|||0,granite41_8b,S2,withheld,CVE-2026-7210,not_affected,not_affected,True,False,True,2,252,38,1.0,1.0,1.0,0.0,0.0
D1-CVE-2026-7210-bookworm-V6|S3|granite41_8b|tracker|P1|60.0|0.0|0|||0,granite41_8b,S3,tracker,CVE-2026-7210,not_affected,not_affected,True,False,True,2,163,23,1.0,1.0,1.0,0.0,0.0
D1-CVE-2026-7210-bookworm-V6|S3|granite41_8b|withheld|P1|60.0|0.0|0|||0,granite41_8b,S3,withheld,CVE-2026-7210,not_affected,not_affected,True,False,True,2,153,22,1.0,1.0,1.0,0.0,0.0
D1-CVE-2026-7210-bookworm-V6|S4|granite41_8b|tracker|P1|60.0|0.0|0|||0,granite41_8b,S4,tracker,CVE-2026-7210,not_affected,not_affected,True,False,True,3,126,21,1.0,1.0,1.0,0.0,0.0
D1-CVE-2026-7210-bookworm-V6|S4|granite41_8b|withheld|P1|60.0|0.0|0|||0,granite41_8b,S4,withheld,CVE-2026-7210,not_affected,not_affected,True,False,True,6,349,52,1.0,1.0,1.0,0.0,0.0
D1-CVE-2026-7210-bookworm-V6|S5|granite41_8b|tracker|P1|60.0|0.0|0|||0,granite41_8b,S5,tracker,CVE-2026-7210,not_affected,not_affected,True,False,True,2,109,17,1.0,1.0,1.0,0.0,0.0
D1-CVE-2026-7210-bookworm-V6|S5|granite41_8b|withheld|P1|60.0|0.0|0|||0,granite41_8b,S5,withheld,CVE-2026-7210,not_affected,not_affected,True,False,True,4,233,32,1.0,1.0,1.0,0.0,0.0
D1-CVE-2026-72522-bookworm-V2|DC|granite41_8b|tracker|P3|60.0|0.0|0|||0,granite41_8b,DC,tracker,CVE-2026-72522,affected,affected,True,False,True,8,533,81,1.0,1.0,1.0,0.0,0.0
D1-CVE-2026-72522-bookworm-V2|DC|granite41_8b|withheld|P3|60.0|0.0|0|||0,granite41_8b,DC,withheld,CVE-2026-72522,affected,affected,True,False,True,5,374,53,1.0,1.0,1.0,0.0,0.0
D1-CVE-2026-72522-bookworm-V2|S2|granite41_8b|tracker|P1|60.0|0.0|0|||0,granite41_8b,S2,tracker,CVE-2026-72522,fixed,affected,False,False,True,6,372,54,1.0,1.0,1.0,0.0,0.0
D1-CVE-2026-72522-bookworm-V2|S2|granite41_8b|withheld|P1|60.0|0.0|0|||0,granite41_8b,S2,withheld,CVE-2026-72522,fixed,affected,False,False,True,5,363,52,1.0,0.0,1.0,0.0,0.0
D1-CVE-2026-72522-bookworm-V2|S3|granite41_8b|tracker|P1|60.0|0.0|0|||0,granite41_8b,S3,tracker,CVE-2026-72522,affected,affected,True,False,True,6,334,46,1.0,1.0,1.0,0.0,0.0
D1-CVE-2026-72522-bookworm-V2|S3|granite41_8b|withheld|P1|60.0|0.0|0|||0,granite41_8b,S3,withheld,CVE-2026-72522,affected,affected,True,False,True,5,227,33,1.0,1.0,1.0,0.0,0.0
D1-CVE-2026-72522-bookworm-V2|S4|granite41_8b|tracker|P1|60.0|0.0|0|||0,granite41_8b,S4,tracker,CVE-2026-72522,affected,affected,True,False,True,5,221,29,1.0,1.0,1.0,0.0,0.0
D1-CVE-2026-72522-bookworm-V2|S4|granite41_8b|withheld|P1|60.0|0.0|0|||0,granite41_8b,S4,withheld,CVE-2026-72522,under_investigation,affected,False,False,True,6,530,72,1.0,1.0,1.0,0.0,0.0
D1-CVE-2026-72522-bookworm-V2|S5|granite41_8b|tracker|P1|60.0|0.0|0|||0,granite41_8b,S5,tracker,CVE-2026-72522,affected,affected,True,False,True,4,270,35,1.0,1.0,1.0,0.0,0.0
D1-CVE-2026-72522-bookworm-V2|S5|granite41_8b|withheld|P1|60.0|0.0|0|||0,granite41_8b,S5,withheld,CVE-2026-72522,affected,affected,True,False,True,5,238,34,1.0,1.0,1.0,0.0,0.0
D1-CVE-2026-7262-trixie-V2|DC|gemma4_31b|tracker|P3|60.0|0.0|0|||0,gemma4_31b,DC,tracker,CVE-2026-7262,affected,affected,True,False,True,4,219,34,1.0,1.0,1.0,0.0,0.0
D1-CVE-2026-7262-trixie-V2|DC|gemma4_31b|withheld|P3|60.0|0.0|0|||0,gemma4_31b,DC,withheld,CVE-2026-7262,affected,affected,True,False,True,4,246,39,1.0,1.0,1.0,0.0,0.0
D1-CVE-2026-7262-trixie-V2|S2|gemma4_31b|tracker|P1|60.0|0.0|0|||0,gemma4_31b,S2,tracker,CVE-2026-7262,affected,affected,True,False,True,6,350,49,1.0,1.0,1.0,0.0,0.0
D1-CVE-2026-7262-trixie-V2|S2|gemma4_31b|withheld|P1|60.0|0.0|0|||0,gemma4_31b,S2,withheld,CVE-2026-7262,affected,affected,True,False,True,9,479,67,1.0,1.0,1.0,0.0,0.0
D1-CVE-2026-7262-trixie-V2|S3|gemma4_31b|tracker|P1|60.0|0.0|0|||0,gemma4_31b,S3,tracker,CVE-2026-7262,not_affected,affected,False,False,True,6,424,57,1.0,1.0,1.0,0.0,0.0
D1-CVE-2026-7262-trixie-V2|S3|gemma4_31b|withheld|P1|60.0|0.0|0|||0,gemma4_31b,S3,withheld,CVE-2026-7262,not_affected,affected,False,False,True,5,395,56,1.0,1.0,1.0,0.0,0.0
D1-CVE-2026-7262-trixie-V2|S4|gemma4_31b|tracker|P1|60.0|0.0|0|||0,gemma4_31b,S4,tracker,CVE-2026-7262,affected,affected,True,False,True,3,322,47,1.0,1.0,1.0,0.0,0.0
D1-CVE-2026-7262-trixie-V2|S4|gemma4_31b|withheld|P1|60.0|0.0|0|||0,gemma4_31b,S4,withheld,CVE-2026-7262,not_affected,affected,False,False,True,5,398,55,1.0,1.0,1.0,0.0,0.0
D1-CVE-2026-7262-trixie-V2|S5|gemma4_31b|tracker|P1|60.0|0.0|0|||0,gemma4_31b,S5,tracker,CVE-2026-7262,not_affected,affected,False,False,True,5,382,54,1.0,1.0,1.0,0.0,0.0
D1-CVE-2026-7262-trixie-V2|S5|gemma4_31b|withheld|P1|60.0|0.0|0|||0,gemma4_31b,S5,withheld,CVE-2026-7262,not_affected,affected,False,False,True,5,399,59,1.0,1.0,1.0,0.0,0.0
D1-CVE-2026-7262-trixie-V6|DC|qwen3_14b|tracker|P3|60.0|0.0|0|||0,qwen3_14b,DC,tracker,CVE-2026-7262,not_affected,not_affected,True,False,True,3,379,57,1.0,1.0,1.0,0.0,0.0
D1-CVE-2026-7262-trixie-V6|DC|qwen3_14b|withheld|P3|60.0|0.0|0|||0,qwen3_14b,DC,withheld,CVE-2026-7262,not_affected,not_affected,True,False,True,3,405,61,1.0,1.0,1.0,0.0,0.0
D1-CVE-2026-7262-trixie-V6|S2|qwen3_14b|tracker|P1|60.0|0.0|0|||0,qwen3_14b,S2,tracker,CVE-2026-7262,not_affected,not_affected,True,False,True,2,176,26,1.0,1.0,1.0,0.0,0.0
D1-CVE-2026-7262-trixie-V6|S2|qwen3_14b|withheld|P1|60.0|0.0|0|||0,qwen3_14b,S2,withheld,CVE-2026-7262,not_affected,not_affected,True,False,True,2,178,29,1.0,1.0,1.0,0.0,0.0
D1-CVE-2026-7262-trixie-V6|S3|qwen3_14b|tracker|P1|60.0|0.0|0|||0,qwen3_14b,S3,tracker,CVE-2026-7262,not_affected,not_affected,True,False,True,2,117,19,1.0,1.0,1.0,0.0,0.0
D1-CVE-2026-7262-trixie-V6|S3|qwen3_14b|withheld|P1|60.0|0.0|0|||0,qwen3_14b,S3,withheld,CVE-2026-7262,not_affected,not_affected,True,False,True,2,117,19,1.0,1.0,1.0,0.0,0.0
D1-CVE-2026-7262-trixie-V6|S4|qwen3_14b|tracker|P1|60.0|0.0|0|||0,qwen3_14b,S4,tracker,CVE-2026-7262,not_affected,not_affected,True,False,True,2,91,16,1.0,1.0,1.0,0.0,0.0
D1-CVE-2026-7262-trixie-V6|S4|qwen3_14b|withheld|P1|60.0|0.0|0|||0,qwen3_14b,S4,withheld,CVE-2026-7262,not_affected,not_affected,True,False,True,2,117,19,1.0,1.0,1.0,0.0,0.0
D1-CVE-2026-7262-trixie-V6|S5|qwen3_14b|tracker|P1|60.0|0.0|0|||0,qwen3_14b,S5,tracker,CVE-2026-7262,not_affected,not_affected,True,False,True,2,117,19,1.0,1.0,1.0,0.0,0.0
D1-CVE-2026-7262-trixie-V6|S5|qwen3_14b|withheld|P1|60.0|0.0|0|||0,qwen3_14b,S5,withheld,CVE-2026-7262,not_affected,not_affected,True,False,True,2,117,19,1.0,1.0,1.0,0.0,0.0
D1-CVE-2026-7774-trixie-V1|DC|granite41_8b|tracker|P3|60.0|0.0|0|||0,granite41_8b,DC,tracker,CVE-2026-7774,not_affected,not_affected,True,False,True,6,559,79,1.0,1.0,1.0,0.0,0.0
D1-CVE-2026-7774-trixie-V1|DC|granite41_8b|withheld|P3|60.0|0.0|0|||0,granite41_8b,DC,withheld,CVE-2026-7774,not_affected,not_affected,True,False,True,6,554,82,1.0,1.0,1.0,0.0,0.0
D1-CVE-2026-7774-trixie-V1|S2|granite41_8b|tracker|P1|60.0|0.0|0|||0,granite41_8b,S2,tracker,CVE-2026-7774,not_affected,not_affected,True,False,True,2,303,44,1.0,1.0,1.0,0.0,0.0
D1-CVE-2026-7774-trixie-V1|S2|granite41_8b|withheld|P1|60.0|0.0|0|||0,granite41_8b,S2,withheld,CVE-2026-7774,not_affected,not_affected,True,False,True,4,346,57,1.0,1.0,1.0,0.0,0.0
D1-CVE-2026-7774-trixie-V1|S3|granite41_8b|tracker|P1|60.0|0.0|0|||0,granite41_8b,S3,tracker,CVE-2026-7774,not_affected,not_affected,True,False,True,3,240,35,1.0,1.0,1.0,0.0,0.0
D1-CVE-2026-7774-trixie-V1|S3|granite41_8b|withheld|P1|60.0|0.0|0|||0,granite41_8b,S3,withheld,CVE-2026-7774,not_affected,not_affected,True,False,True,2,164,24,1.0,1.0,1.0,0.0,0.0
D1-CVE-2026-7774-trixie-V1|S4|granite41_8b|tracker|P1|60.0|0.0|0|||0,granite41_8b,S4,tracker,CVE-2026-7774,not_affected,not_affected,True,False,True,3,181,30,1.0,1.0,1.0,0.0,0.0
D1-CVE-2026-7774-trixie-V1|S4|granite41_8b|withheld|P1|60.0|0.0|0|||0,granite41_8b,S4,withheld,CVE-2026-7774,not_affected,not_affected,True,False,True,2,104,17,1.0,1.0,1.0,0.0,0.0
D1-CVE-2026-7774-trixie-V1|S5|granite41_8b|tracker|P1|60.0|0.0|0|||0,granite41_8b,S5,tracker,CVE-2026-7774,not_affected,not_affected,True,False,True,2,97,17,1.0,1.0,1.0,0.0,0.0
D1-CVE-2026-7774-trixie-V1|S5|granite41_8b|withheld|P1|60.0|0.0|0|||0,granite41_8b,S5,withheld,CVE-2026-7774,not_affected,not_affected,True,False,True,2,164,24,1.0,1.0,1.0,0.0,0.0
D1-CVE-2026-7774-trixie-V2|DC|mistral_small_24b|tracker|P3|60.0|0.0|0|||0,mistral_small_24b,DC,tracker,CVE-2026-7774,affected,affected,True,False,True,4,336,49,1.0,1.0,1.0,0.0,0.0
D1-CVE-2026-7774-trixie-V2|DC|mistral_small_24b|withheld|P3|60.0|0.0|0|||0,mistral_small_24b,DC,withheld,CVE-2026-7774,affected,affected,True,False,True,4,311,45,1.0,1.0,1.0,0.0,0.0
D1-CVE-2026-7774-trixie-V2|S2|mistral_small_24b|tracker|P1|60.0|0.0|0|||0,mistral_small_24b,S2,tracker,CVE-2026-7774,fixed,affected,False,False,True,8,402,62,1.0,0.6666666666666666,0.6666666666666666,0.3333333333333333,0.0
D1-CVE-2026-7774-trixie-V2|S2|mistral_small_24b|withheld|P1|60.0|0.0|0|||0,mistral_small_24b,S2,withheld,CVE-2026-7774,fixed,affected,False,False,True,5,229,33,1.0,0.6666666666666666,0.6666666666666666,0.3333333333333333,0.0
D1-CVE-2026-7774-trixie-V2|S3|mistral_small_24b|tracker|P1|60.0|0.0|0|||0,mistral_small_24b,S3,tracker,CVE-2026-7774,affected,affected,True,False,True,3,194,27,1.0,1.0,1.0,0.0,0.0
D1-CVE-2026-7774-trixie-V2|S3|mistral_small_24b|withheld|P1|60.0|0.0|0|||0,mistral_small_24b,S3,withheld,CVE-2026-7774,affected,affected,True,False,True,3,248,35,1.0,1.0,1.0,0.0,0.0
D1-CVE-2026-7774-trixie-V2|S4|mistral_small_24b|tracker|P1|60.0|0.0|0|||0,mistral_small_24b,S4,tracker,CVE-2026-7774,affected,affected,True,False,True,4,192,28,1.0,1.0,1.0,0.0,0.0
D1-CVE-2026-7774-trixie-V2|S4|mistral_small_24b|withheld|P1|60.0|0.0|0|||0,mistral_small_24b,S4,withheld,CVE-2026-7774,fixed,affected,False,False,True,4,152,21,1.0,0.6666666666666666,0.6666666666666666,0.3333333333333333,0.0
D1-CVE-2026-7774-trixie-V2|S5|mistral_small_24b|tracker|P1|60.0|0.0|0|||0,mistral_small_24b,S5,tracker,CVE-2026-7774,affected,affected,True,False,True,5,249,34,1.0,1.0,1.0,0.0,0.0
D1-CVE-2026-7774-trixie-V2|S5|mistral_small_24b|withheld|P1|60.0|0.0|0|||0,mistral_small_24b,S5,withheld,CVE-2026-7774,affected,affected,True,False,True,5,236,33,1.0,1.0,1.0,0.0,0.0
D1-CVE-2026-7774-trixie-V3|DC|gemma4_31b|tracker|P3|60.0|0.0|0|||0,gemma4_31b,DC,tracker,CVE-2026-7774,fixed,fixed,True,False,True,4,211,33,1.0,1.0,1.0,0.0,0.0
D1-CVE-2026-7774-trixie-V3|DC|gemma4_31b|withheld|P3|60.0|0.0|0|||0,gemma4_31b,DC,withheld,CVE-2026-7774,not_affected,fixed,False,False,True,1,230,34,1.0,1.0,1.0,0.0,0.0
D1-CVE-2026-7774-trixie-V3|S2|gemma4_31b|tracker|P1|60.0|0.0|0|||0,gemma4_31b,S2,tracker,CVE-2026-7774,fixed,fixed,True,False,True,6,369,55,1.0,1.0,1.0,0.0,0.0
D1-CVE-2026-7774-trixie-V3|S2|gemma4_31b|withheld|P1|60.0|0.0|0|||0,gemma4_31b,S2,withheld,CVE-2026-7774,under_investigation,fixed,False,False,True,6,668,103,1.0,1.0,1.0,0.0,0.0
D1-CVE-2026-7774-trixie-V3|S3|gemma4_31b|tracker|P1|60.0|0.0|0|||0,gemma4_31b,S3,tracker,CVE-2026-7774,fixed,fixed,True,False,True,6,410,55,1.0,1.0,1.0,0.0,0.0
D1-CVE-2026-7774-trixie-V3|S3|gemma4_31b|withheld|P1|60.0|0.0|0|||0,gemma4_31b,S3,withheld,CVE-2026-7774,under_investigation,fixed,False,False,True,10,1244,189,1.0,1.0,1.0,0.0,0.0
D1-CVE-2026-7774-trixie-V3|S4|gemma4_31b|tracker|P1|60.0|0.0|0|||0,gemma4_31b,S4,tracker,CVE-2026-7774,fixed,fixed,True,False,True,4,232,32,1.0,1.0,1.0,0.0,0.0
D1-CVE-2026-7774-trixie-V3|S4|gemma4_31b|withheld|P1|60.0|0.0|0|||0,gemma4_31b,S4,withheld,CVE-2026-7774,under_investigation,fixed,False,False,True,8,623,95,1.0,1.0,1.0,0.0,0.0
D1-CVE-2026-7774-trixie-V3|S5|gemma4_31b|tracker|P1|60.0|0.0|0|||0,gemma4_31b,S5,tracker,CVE-2026-7774,fixed,fixed,True,False,True,6,414,55,1.0,1.0,1.0,0.0,0.0
D1-CVE-2026-7774-trixie-V3|S5|gemma4_31b|withheld|P1|60.0|0.0|0|||0,gemma4_31b,S5,withheld,CVE-2026-7774,under_investigation,fixed,False,False,True,9,814,116,1.0,1.0,1.0,0.0,0.0
D1-CVE-2026-82474-trixie-V2|DC|llama31_8b|tracker|P3|60.0|0.0|0|||0,llama31_8b,DC,tracker,CVE-2026-82474,affected,affected,True,False,True,6,466,69,1.0,0.0,0.0,0.5,0.0
D1-CVE-2026-82474-trixie-V2|DC|llama31_8b|withheld|P3|60.0|0.0|0|||0,llama31_8b,DC,withheld,CVE-2026-82474,affected,affected,True,False,True,3,400,66,1.0,1.0,1.0,0.0,0.0
D1-CVE-2026-82474-trixie-V2|S2|llama31_8b|tracker|P1|60.0|0.0|0|||0,llama31_8b,S2,tracker,CVE-2026-82474,not_affected,affected,False,False,True,3,199,30,1.0,1.0,1.0,0.0,0.0
D1-CVE-2026-82474-trixie-V2|S2|llama31_8b|withheld|P1|60.0|0.0|0|||0,llama31_8b,S2,withheld,CVE-2026-82474,not_affected,affected,False,False,True,5,369,53,1.0,1.0,1.0,0.0,0.0
D1-CVE-2026-82474-trixie-V2|S3|llama31_8b|tracker|P1|60.0|0.0|0|||0,llama31_8b,S3,tracker,CVE-2026-82474,affected,affected,True,False,True,2,81,15,1.0,1.0,1.0,0.0,0.0
D1-CVE-2026-82474-trixie-V2|S3|llama31_8b|withheld|P1|60.0|0.0|0|||0,llama31_8b,S3,withheld,CVE-2026-82474,affected,affected,True,False,True,2,92,16,1.0,1.0,1.0,0.0,0.0
D1-CVE-2026-82474-trixie-V2|S4|llama31_8b|tracker|P1|60.0|0.0|0|||0,llama31_8b,S4,tracker,CVE-2026-82474,affected,affected,True,False,True,2,92,17,1.0,1.0,1.0,0.0,0.0
D1-CVE-2026-82474-trixie-V2|S4|llama31_8b|withheld|P1|60.0|0.0|0|||0,llama31_8b,S4,withheld,CVE-2026-82474,affected,affected,True,False,True,2,85,15,1.0,1.0,1.0,0.0,0.0
D1-CVE-2026-82474-trixie-V2|S5|llama31_8b|tracker|P1|60.0|0.0|0|||0,llama31_8b,S5,tracker,CVE-2026-82474,affected,affected,True,False,True,2,81,15,1.0,1.0,1.0,0.0,0.0
D1-CVE-2026-82474-trixie-V2|S5|llama31_8b|withheld|P1|60.0|0.0|0|||0,llama31_8b,S5,withheld,CVE-2026-82474,affected,affected,True,False,True,2,92,16,1.0,1.0,1.0,0.0,0.0
D1-CVE-2026-85091-trixie-V2|DC|gemma4_31b|tracker|P3|60.0|0.0|0|||0,gemma4_31b,DC,tracker,CVE-2026-85091,affected,affected,True,False,True,4,207,32,1.0,1.0,1.0,0.0,0.0
D1-CVE-2026-85091-trixie-V2|DC|gemma4_31b|withheld|P3|60.0|0.0|0|||0,gemma4_31b,DC,withheld,CVE-2026-85091,affected,affected,True,False,True,4,235,36,1.0,1.0,1.0,0.0,0.0
D1-CVE-2026-85091-trixie-V2|S2|gemma4_31b|tracker|P1|60.0|0.0|0|||0,gemma4_31b,S2,tracker,CVE-2026-85091,affected,affected,True,False,True,6,440,63,1.0,1.0,1.0,0.0,0.0
D1-CVE-2026-85091-trixie-V2|S2|gemma4_31b|withheld|P1|60.0|0.0|0|||0,gemma4_31b,S2,withheld,CVE-2026-85091,not_affected,affected,False,False,True,4,366,50,1.0,1.0,1.0,0.0,0.0
D1-CVE-2026-85091-trixie-V2|S3|gemma4_31b|tracker|P1|60.0|0.0|0|||0,gemma4_31b,S3,tracker,CVE-2026-85091,not_affected,affected,False,False,True,5,369,50,1.0,1.0,1.0,0.0,0.0
D1-CVE-2026-85091-trixie-V2|S3|gemma4_31b|withheld|P1|60.0|0.0|0|||0,gemma4_31b,S3,withheld,CVE-2026-85091,not_affected,affected,False,False,True,8,538,80,1.0,1.0,1.0,0.0,0.0
D1-CVE-2026-85091-trixie-V2|S4|gemma4_31b|tracker|P1|60.0|0.0|0|||0,gemma4_31b,S4,tracker,CVE-2026-85091,not_affected,affected,False,False,True,4,327,45,1.0,1.0,1.0,0.0,0.0
D1-CVE-2026-85091-trixie-V2|S4|gemma4_31b|withheld|P1|60.0|0.0|0|||0,gemma4_31b,S4,withheld,CVE-2026-85091,not_affected,affected,False,False,True,4,300,42,1.0,1.0,1.0,0.0,0.0
D1-CVE-2026-85091-trixie-V2|S5|gemma4_31b|tracker|P1|60.0|0.0|0|||0,gemma4_31b,S5,tracker,CVE-2026-85091,not_affected,affected,False,False,True,6,385,54,1.0,1.0,1.0,0.0,0.0
D1-CVE-2026-85091-trixie-V2|S5|gemma4_31b|withheld|P1|60.0|0.0|0|||0,gemma4_31b,S5,withheld,CVE-2026-85091,not_affected,affected,False,False,True,7,568,81,1.0,1.0,1.0,0.0,0.0
D1-CVE-2026-86143-bookworm-V2|DC|gemma4_31b|tracker|P3|60.0|0.0|0|||0,gemma4_31b,DC,tracker,CVE-2026-86143,affected,affected,True,False,True,4,200,31,1.0,1.0,1.0,0.0,0.0
D1-CVE-2026-86143-bookworm-V2|DC|gemma4_31b|withheld|P3|60.0|0.0|0|||0,gemma4_31b,DC,withheld,CVE-2026-86143,affected,affected,True,False,True,3,234,36,1.0,1.0,1.0,0.0,0.0
D1-CVE-2026-86143-bookworm-V2|S2|gemma4_31b|tracker|P1|60.0|0.0|0|||0,gemma4_31b,S2,tracker,CVE-2026-86143,affected,affected,True,False,True,11,578,86,1.0,1.0,1.0,0.0,0.0
D1-CVE-2026-86143-bookworm-V2|S2|gemma4_31b|withheld|P1|60.0|0.0|0|||0,gemma4_31b,S2,withheld,CVE-2026-86143,affected,affected,True,False,True,8,467,66,1.0,1.0,1.0,0.0,0.0
D1-CVE-2026-86143-bookworm-V2|S3|gemma4_31b|tracker|P1|60.0|0.0|0|||0,gemma4_31b,S3,tracker,CVE-2026-86143,affected,affected,True,False,True,8,409,60,1.0,1.0,1.0,0.0,0.0
D1-CVE-2026-86143-bookworm-V2|S3|gemma4_31b|withheld|P1|60.0|0.0|0|||0,gemma4_31b,S3,withheld,CVE-2026-86143,affected,affected,True,False,True,7,467,67,1.0,1.0,1.0,0.0,0.0
D1-CVE-2026-86143-bookworm-V2|S4|gemma4_31b|tracker|P1|60.0|0.0|0|||0,gemma4_31b,S4,tracker,CVE-2026-86143,affected,affected,True,False,True,7,487,72,1.0,1.0,1.0,0.0,0.0
D1-CVE-2026-86143-bookworm-V2|S4|gemma4_31b|withheld|P1|60.0|0.0|0|||0,gemma4_31b,S4,withheld,CVE-2026-86143,affected,affected,True,False,True,5,506,75,1.0,1.0,1.0,0.0,0.0
D1-CVE-2026-86143-bookworm-V2|S5|gemma4_31b|tracker|P1|60.0|0.0|0|||0,gemma4_31b,S5,tracker,CVE-2026-86143,affected,affected,True,False,True,7,436,62,1.0,1.0,1.0,0.0,0.0
D1-CVE-2026-86143-bookworm-V2|S5|gemma4_31b|withheld|P1|60.0|0.0|0|||0,gemma4_31b,S5,withheld,CVE-2026-86143,affected,affected,True,False,True,8,567,80,1.0,1.0,1.0,0.0,0.0
D1-CVE-2026-86143-trixie-V2|DC|llama31_8b|tracker|P3|60.0|0.0|0|||0,llama31_8b,DC,tracker,CVE-2026-86143,affected,affected,True,False,True,2,449,65,1.0,0.0,0.0,0.5,0.0
D1-CVE-2026-86143-trixie-V2|DC|llama31_8b|withheld|P3|60.0|0.0|0|||0,llama31_8b,DC,withheld,CVE-2026-86143,affected,affected,True,False,True,4,313,43,1.0,1.0,1.0,0.0,0.0
D1-CVE-2026-86143-trixie-V2|S2|llama31_8b|tracker|P1|60.0|0.0|0|||0,llama31_8b,S2,tracker,CVE-2026-86143,affected,affected,True,False,True,11,626,93,1.0,0.0,0.0,1.0,0.0
D1-CVE-2026-86143-trixie-V2|S2|llama31_8b|withheld|P1|60.0|0.0|0|||0,llama31_8b,S2,withheld,CVE-2026-86143,affected,affected,True,False,True,6,359,49,1.0,0.0,0.0,0.0,0.0
D1-CVE-2026-86143-trixie-V2|S3|llama31_8b|tracker|P1|60.0|0.0|0|||0,llama31_8b,S3,tracker,CVE-2026-86143,under_investigation,affected,False,False,True,1,58,9,1.0,0.0,0.0,0.5,0.0
D1-CVE-2026-86143-trixie-V2|S3|llama31_8b|withheld|P1|60.0|0.0|0|||0,llama31_8b,S3,withheld,CVE-2026-86143,affected,affected,True,False,True,3,35,5,1.0,1.0,1.0,0.0,0.0
D1-CVE-2026-86143-trixie-V2|S4|llama31_8b|tracker|P1|60.0|0.0|0|||0,llama31_8b,S4,tracker,CVE-2026-86143,affected,affected,True,False,True,2,92,17,1.0,1.0,1.0,0.0,0.0
D1-CVE-2026-86143-trixie-V2|S4|llama31_8b|withheld|P1|60.0|0.0|0|||0,llama31_8b,S4,withheld,CVE-2026-86143,affected,affected,True,False,True,2,67,13,1.0,1.0,1.0,0.0,0.0
D1-CVE-2026-86143-trixie-V2|S5|llama31_8b|tracker|P1|60.0|0.0|0|||0,llama31_8b,S5,tracker,CVE-2026-86143,under_investigation,affected,False,False,True,1,58,9,1.0,0.0,0.0,0.5,0.0
D1-CVE-2026-86143-trixie-V2|S5|llama31_8b|withheld|P1|60.0|0.0|0|||0,llama31_8b,S5,withheld,CVE-2026-86143,affected,affected,True,False,True,2,85,15,1.0,1.0,1.0,0.0,0.0
D1-CVE-2026-86143-trixie-V6|DC|granite41_8b|tracker|P3|60.0|0.0|0|||0,granite41_8b,DC,tracker,CVE-2026-86143,not_affected,not_affected,True,False,True,5,584,81,1.0,1.0,1.0,0.0,0.0
D1-CVE-2026-86143-trixie-V6|DC|granite41_8b|withheld|P3|60.0|0.0|0|||0,granite41_8b,DC,withheld,CVE-2026-86143,not_affected,not_affected,True,False,True,3,431,64,1.0,1.0,1.0,0.0,0.0
D1-CVE-2026-86143-trixie-V6|S2|granite41_8b|tracker|P1|60.0|0.0|0|||0,granite41_8b,S2,tracker,CVE-2026-86143,not_affected,not_affected,True,False,True,3,228,35,1.0,1.0,1.0,0.0,0.0
D1-CVE-2026-86143-trixie-V6|S2|granite41_8b|withheld|P1|60.0|0.0|0|||0,granite41_8b,S2,withheld,CVE-2026-86143,not_affected,not_affected,True,False,True,2,202,32,1.0,1.0,1.0,0.0,0.0
D1-CVE-2026-86143-trixie-V6|S3|granite41_8b|tracker|P1|60.0|0.0|0|||0,granite41_8b,S3,tracker,CVE-2026-86143,affected,not_affected,False,False,True,7,366,54,1.0,1.0,1.0,0.0,0.0
D1-CVE-2026-86143-trixie-V6|S3|granite41_8b|withheld|P1|60.0|0.0|0|||0,granite41_8b,S3,withheld,CVE-2026-86143,not_affected,not_affected,True,False,True,3,136,22,1.0,1.0,1.0,0.0,0.0
D1-CVE-2026-86143-trixie-V6|S4|granite41_8b|tracker|P1|60.0|0.0|0|||0,granite41_8b,S4,tracker,CVE-2026-86143,under_investigation,not_affected,False,False,True,4,339,50,1.0,1.0,1.0,0.0,0.0
D1-CVE-2026-86143-trixie-V6|S4|granite41_8b|withheld|P1|60.0|0.0|0|||0,granite41_8b,S4,withheld,CVE-2026-86143,not_affected,not_affected,True,False,True,3,180,27,1.0,1.0,1.0,0.0,0.0
D1-CVE-2026-86143-trixie-V6|S5|granite41_8b|tracker|P1|60.0|0.0|0|||0,granite41_8b,S5,tracker,CVE-2026-86143,affected,not_affected,False,False,True,5,262,38,1.0,1.0,1.0,0.0,0.0
D1-CVE-2026-86143-trixie-V6|S5|granite41_8b|withheld|P1|60.0|0.0|0|||0,granite41_8b,S5,withheld,CVE-2026-86143,not_affected,not_affected,True,False,True,2,101,17,1.0,1.0,1.0,0.0,0.0
D1-CVE-2026-8674-bookworm-V2|DC|llama31_8b|tracker|P3|60.0|0.0|0|||0,llama31_8b,DC,tracker,CVE-2026-8674,affected,affected,True,False,True,5,443,68,1.0,0.0,0.0,0.5,0.0
D1-CVE-2026-8674-bookworm-V2|DC|llama31_8b|withheld|P3|60.0|0.0|0|||0,llama31_8b,DC,withheld,CVE-2026-8674,affected,affected,True,False,True,5,418,69,1.0,1.0,1.0,0.0,0.0
D1-CVE-2026-8674-bookworm-V2|S2|llama31_8b|tracker|P1|60.0|0.0|0|||0,llama31_8b,S2,tracker,CVE-2026-8674,not_affected,affected,False,False,True,5,229,39,1.0,1.0,1.0,0.0,0.0
D1-CVE-2026-8674-bookworm-V2|S2|llama31_8b|withheld|P1|60.0|0.0|0|||0,llama31_8b,S2,withheld,CVE-2026-8674,not_affected,affected,False,False,True,4,271,43,1.0,1.0,1.0,0.0,0.0
D1-CVE-2026-8674-bookworm-V2|S3|llama31_8b|tracker|P1|60.0|0.0|0|||0,llama31_8b,S3,tracker,CVE-2026-8674,affected,affected,True,False,True,4,148,24,1.0,1.0,1.0,0.0,0.0
D1-CVE-2026-8674-bookworm-V2|S3|llama31_8b|withheld|P1|60.0|0.0|0|||0,llama31_8b,S3,withheld,CVE-2026-8674,affected,affected,True,False,True,1,104,17,1.0,1.0,1.0,0.0,0.0
D1-CVE-2026-8674-bookworm-V2|S4|llama31_8b|tracker|P1|60.0|0.0|0|||0,llama31_8b,S4,tracker,CVE-2026-8674,affected,affected,True,False,True,1,62,11,1.0,1.0,1.0,0.0,0.0
D1-CVE-2026-8674-bookworm-V2|S4|llama31_8b|withheld|P1|60.0|0.0|0|||0,llama31_8b,S4,withheld,CVE-2026-8674,affected,affected,True,False,True,1,62,11,1.0,1.0,1.0,0.0,0.0
D1-CVE-2026-8674-bookworm-V2|S5|llama31_8b|tracker|P1|60.0|0.0|0|||0,llama31_8b,S5,tracker,CVE-2026-8674,under_investigation,affected,False,False,True,2,415,62,1.0,1.0,1.0,0.0,0.0
D1-CVE-2026-8674-bookworm-V2|S5|llama31_8b|withheld|P1|60.0|0.0|0|||0,llama31_8b,S5,withheld,CVE-2026-8674,affected,affected,True,False,True,1,104,17,1.0,1.0,1.0,0.0,0.0
D1-CVE-2026-9256-trixie-V3|DC|llama31_8b|tracker|P3|60.0|0.0|0|||0,llama31_8b,DC,tracker,CVE-2026-9256,fixed,fixed,True,False,True,4,469,70,1.0,1.0,1.0,0.0,0.0
D1-CVE-2026-9256-trixie-V3|DC|llama31_8b|withheld|P3|60.0|0.0|0|||0,llama31_8b,DC,withheld,CVE-2026-9256,not_affected,fixed,False,False,True,7,504,83,1.0,1.0,1.0,0.0,0.0
D1-CVE-2026-9256-trixie-V3|S2|llama31_8b|tracker|P1|60.0|0.0|0|||0,llama31_8b,S2,tracker,CVE-2026-9256,not_affected,fixed,False,False,True,3,145,20,1.0,0.0,1.0,0.0,0.0
D1-CVE-2026-9256-trixie-V3|S2|llama31_8b|withheld|P1|60.0|0.0|0|||0,llama31_8b,S2,withheld,CVE-2026-9256,not_affected,fixed,False,False,True,6,639,93,1.0,1.0,1.0,0.0,0.0
D1-CVE-2026-9256-trixie-V3|S3|llama31_8b|tracker|P1|60.0|0.0|0|||0,llama31_8b,S3,tracker,CVE-2026-9256,under_investigation,fixed,False,False,True,0,33,4,1.0,1.0,1.0,0.0,1.0
D1-CVE-2026-9256-trixie-V3|S3|llama31_8b|withheld|P1|60.0|0.0|0|||0,llama31_8b,S3,withheld,CVE-2026-9256,under_investigation,fixed,False,False,True,0,23,3,1.0,0.0,0.0,1.0,1.0
D1-CVE-2026-9256-trixie-V3|S4|llama31_8b|tracker|P1|60.0|0.0|0|||0,llama31_8b,S4,tracker,CVE-2026-9256,not_affected,fixed,False,False,True,3,84,14,1.0,1.0,1.0,0.0,0.0
D1-CVE-2026-9256-trixie-V3|S4|llama31_8b|withheld|P1|60.0|0.0|0|||0,llama31_8b,S4,withheld,CVE-2026-9256,not_affected,fixed,False,False,True,3,58,10,1.0,1.0,1.0,0.0,0.0
D1-CVE-2026-9256-trixie-V3|S5|llama31_8b|tracker|P1|60.0|0.0|0|||0,llama31_8b,S5,tracker,CVE-2026-9256,under_investigation,fixed,False,False,True,0,33,4,1.0,1.0,1.0,0.0,1.0
D1-CVE-2026-9256-trixie-V3|S5|llama31_8b|withheld|P1|60.0|0.0|0|||0,llama31_8b,S5,withheld,CVE-2026-9256,under_investigation,fixed,False,False,True,0,23,3,1.0,0.0,0.0,1.0,1.0
