key,model,system,arm,case_id,cve,variant,error,ecosystem
D7-CVE-2016-4437-maven-noble-V3|DC|gemma4_31b|blind|P3|60.0|0.0|0|||0|d7|v3,gemma4_31b,DC,blind,D7-CVE-2016-4437-maven-noble-V3,CVE-2016-4437,V3,False,maven
D7-CVE-2016-4437-maven-noble-V3|DC|gemma4_31b|tracker|P3|60.0|0.0|0|||0|d7|v3,gemma4_31b,DC,tracker,D7-CVE-2016-4437-maven-noble-V3,CVE-2016-4437,V3,False,maven
D7-CVE-2016-4437-maven-noble-V3|DC|gemma4_31b|withheld|P3|60.0|0.0|0|||0|d7|v3,gemma4_31b,DC,withheld,D7-CVE-2016-4437-maven-noble-V3,CVE-2016-4437,V3,False,maven
D7-CVE-2016-4437-maven-noble-V3|DCv21|gemma4_31b|blind|P3|60.0|0.0|0|||0|d7|v3,gemma4_31b,DCv21,blind,D7-CVE-2016-4437-maven-noble-V3,CVE-2016-4437,V3,False,maven
D7-CVE-2016-4437-maven-noble-V3|DCv21|gemma4_31b|tracker|P3|60.0|0.0|0|||0|d7|v3,gemma4_31b,DCv21,tracker,D7-CVE-2016-4437-maven-noble-V3,CVE-2016-4437,V3,False,maven
D7-CVE-2016-4437-maven-noble-V3|DCv21|gemma4_31b|withheld|P3|60.0|0.0|0|||0|d7|v3,gemma4_31b,DCv21,withheld,D7-CVE-2016-4437-maven-noble-V3,CVE-2016-4437,V3,False,maven
D7-CVE-2023-30861-pypi-jammy-V6|DC|gemma4_31b|blind|P3|60.0|0.0|0|||0|d7|v3,gemma4_31b,DC,blind,D7-CVE-2023-30861-pypi-jammy-V6,CVE-2023-30861,V6,False,pypi
D7-CVE-2023-30861-pypi-jammy-V6|DC|gemma4_31b|tracker|P3|60.0|0.0|0|||0|d7|v3,gemma4_31b,DC,tracker,D7-CVE-2023-30861-pypi-jammy-V6,CVE-2023-30861,V6,False,pypi
D7-CVE-2023-30861-pypi-jammy-V6|DC|gemma4_31b|withheld|P3|60.0|0.0|0|||0|d7|v3,gemma4_31b,DC,withheld,D7-CVE-2023-30861-pypi-jammy-V6,CVE-2023-30861,V6,False,pypi
D7-CVE-2023-30861-pypi-jammy-V6|DCv21|gemma4_31b|blind|P3|60.0|0.0|0|||0|d7|v3,gemma4_31b,DCv21,blind,D7-CVE-2023-30861-pypi-jammy-V6,CVE-2023-30861,V6,False,pypi
D7-CVE-2023-30861-pypi-jammy-V6|DCv21|gemma4_31b|tracker|P3|60.0|0.0|0|||0|d7|v3,gemma4_31b,DCv21,tracker,D7-CVE-2023-30861-pypi-jammy-V6,CVE-2023-30861,V6,False,pypi
D7-CVE-2023-30861-pypi-jammy-V6|DCv21|gemma4_31b|withheld|P3|60.0|0.0|0|||0|d7|v3,gemma4_31b,DCv21,withheld,D7-CVE-2023-30861-pypi-jammy-V6,CVE-2023-30861,V6,False,pypi
D7-CVE-2023-42116-deb-ubuntu-jammy-V1|DC|gemma4_31b|blind|P3|60.0|0.0|0|||0|d7|v3,gemma4_31b,DC,blind,D7-CVE-2023-42116-deb-ubuntu-jammy-V1,CVE-2023-42116,V1,False,deb-ubuntu
D7-CVE-2023-42116-deb-ubuntu-jammy-V1|DC|gemma4_31b|tracker|P3|60.0|0.0|0|||0|d7|v3,gemma4_31b,DC,tracker,D7-CVE-2023-42116-deb-ubuntu-jammy-V1,CVE-2023-42116,V1,False,deb-ubuntu
D7-CVE-2023-42116-deb-ubuntu-jammy-V1|DC|gemma4_31b|withheld|P3|60.0|0.0|0|||0|d7|v3,gemma4_31b,DC,withheld,D7-CVE-2023-42116-deb-ubuntu-jammy-V1,CVE-2023-42116,V1,False,deb-ubuntu
D7-CVE-2023-42116-deb-ubuntu-jammy-V1|DCv21|gemma4_31b|blind|P3|60.0|0.0|0|||0|d7|v3,gemma4_31b,DCv21,blind,D7-CVE-2023-42116-deb-ubuntu-jammy-V1,CVE-2023-42116,V1,False,deb-ubuntu
D7-CVE-2023-42116-deb-ubuntu-jammy-V1|DCv21|gemma4_31b|tracker|P3|60.0|0.0|0|||0|d7|v3,gemma4_31b,DCv21,tracker,D7-CVE-2023-42116-deb-ubuntu-jammy-V1,CVE-2023-42116,V1,False,deb-ubuntu
D7-CVE-2023-42116-deb-ubuntu-jammy-V1|DCv21|gemma4_31b|withheld|P3|60.0|0.0|0|||0|d7|v3,gemma4_31b,DCv21,withheld,D7-CVE-2023-42116-deb-ubuntu-jammy-V1,CVE-2023-42116,V1,False,deb-ubuntu
D7-CVE-2023-48795-deb-ubuntu-jammy-V1|DC|gemma4_31b|blind|P3|60.0|0.0|0|||0|d7|v3,gemma4_31b,DC,blind,D7-CVE-2023-48795-deb-ubuntu-jammy-V1,CVE-2023-48795,V1,False,deb-ubuntu
D7-CVE-2023-48795-deb-ubuntu-jammy-V1|DC|gemma4_31b|tracker|P3|60.0|0.0|0|||0|d7|v3,gemma4_31b,DC,tracker,D7-CVE-2023-48795-deb-ubuntu-jammy-V1,CVE-2023-48795,V1,False,deb-ubuntu
D7-CVE-2023-48795-deb-ubuntu-jammy-V1|DC|gemma4_31b|withheld|P3|60.0|0.0|0|||0|d7|v3,gemma4_31b,DC,withheld,D7-CVE-2023-48795-deb-ubuntu-jammy-V1,CVE-2023-48795,V1,False,deb-ubuntu
D7-CVE-2023-48795-deb-ubuntu-jammy-V1|DCv21|gemma4_31b|blind|P3|60.0|0.0|0|||0|d7|v3,gemma4_31b,DCv21,blind,D7-CVE-2023-48795-deb-ubuntu-jammy-V1,CVE-2023-48795,V1,False,deb-ubuntu
D7-CVE-2023-48795-deb-ubuntu-jammy-V1|DCv21|gemma4_31b|tracker|P3|60.0|0.0|0|||0|d7|v3,gemma4_31b,DCv21,tracker,D7-CVE-2023-48795-deb-ubuntu-jammy-V1,CVE-2023-48795,V1,False,deb-ubuntu
D7-CVE-2023-48795-deb-ubuntu-jammy-V1|DCv21|gemma4_31b|withheld|P3|60.0|0.0|0|||0|d7|v3,gemma4_31b,DCv21,withheld,D7-CVE-2023-48795-deb-ubuntu-jammy-V1,CVE-2023-48795,V1,False,deb-ubuntu
D7-CVE-2023-48795-deb-ubuntu-noble-V3|DC|gemma4_31b|blind|P3|60.0|0.0|0|||0|d7|v3,gemma4_31b,DC,blind,D7-CVE-2023-48795-deb-ubuntu-noble-V3,CVE-2023-48795,V3,False,deb-ubuntu
D7-CVE-2023-48795-deb-ubuntu-noble-V3|DC|gemma4_31b|tracker|P3|60.0|0.0|0|||0|d7|v3,gemma4_31b,DC,tracker,D7-CVE-2023-48795-deb-ubuntu-noble-V3,CVE-2023-48795,V3,False,deb-ubuntu
D7-CVE-2023-48795-deb-ubuntu-noble-V3|DC|gemma4_31b|withheld|P3|60.0|0.0|0|||0|d7|v3,gemma4_31b,DC,withheld,D7-CVE-2023-48795-deb-ubuntu-noble-V3,CVE-2023-48795,V3,False,deb-ubuntu
D7-CVE-2023-48795-deb-ubuntu-noble-V3|DCv21|gemma4_31b|blind|P3|60.0|0.0|0|||0|d7|v3,gemma4_31b,DCv21,blind,D7-CVE-2023-48795-deb-ubuntu-noble-V3,CVE-2023-48795,V3,False,deb-ubuntu
D7-CVE-2023-48795-deb-ubuntu-noble-V3|DCv21|gemma4_31b|tracker|P3|60.0|0.0|0|||0|d7|v3,gemma4_31b,DCv21,tracker,D7-CVE-2023-48795-deb-ubuntu-noble-V3,CVE-2023-48795,V3,False,deb-ubuntu
D7-CVE-2023-48795-deb-ubuntu-noble-V3|DCv21|gemma4_31b|withheld|P3|60.0|0.0|0|||0|d7|v3,gemma4_31b,DCv21,withheld,D7-CVE-2023-48795-deb-ubuntu-noble-V3,CVE-2023-48795,V3,False,deb-ubuntu
D7-CVE-2024-45231-pypi-jammy-V1|DC|gemma4_31b|blind|P3|60.0|0.0|0|||0|d7|v3,gemma4_31b,DC,blind,D7-CVE-2024-45231-pypi-jammy-V1,CVE-2024-45231,V1,False,pypi
D7-CVE-2024-45231-pypi-jammy-V1|DC|gemma4_31b|tracker|P3|60.0|0.0|0|||0|d7|v3,gemma4_31b,DC,tracker,D7-CVE-2024-45231-pypi-jammy-V1,CVE-2024-45231,V1,False,pypi
D7-CVE-2024-45231-pypi-jammy-V1|DC|gemma4_31b|withheld|P3|60.0|0.0|0|||0|d7|v3,gemma4_31b,DC,withheld,D7-CVE-2024-45231-pypi-jammy-V1,CVE-2024-45231,V1,False,pypi
D7-CVE-2024-45231-pypi-jammy-V1|DCv21|gemma4_31b|blind|P3|60.0|0.0|0|||0|d7|v3,gemma4_31b,DCv21,blind,D7-CVE-2024-45231-pypi-jammy-V1,CVE-2024-45231,V1,False,pypi
D7-CVE-2024-45231-pypi-jammy-V1|DCv21|gemma4_31b|tracker|P3|60.0|0.0|0|||0|d7|v3,gemma4_31b,DCv21,tracker,D7-CVE-2024-45231-pypi-jammy-V1,CVE-2024-45231,V1,False,pypi
D7-CVE-2024-45231-pypi-jammy-V1|DCv21|gemma4_31b|withheld|P3|60.0|0.0|0|||0|d7|v3,gemma4_31b,DCv21,withheld,D7-CVE-2024-45231-pypi-jammy-V1,CVE-2024-45231,V1,False,pypi
D7-CVE-2025-32462-deb-ubuntu-jammy-V4|DC|gemma4_31b|blind|P3|60.0|0.0|0|||0|d7|v3,gemma4_31b,DC,blind,D7-CVE-2025-32462-deb-ubuntu-jammy-V4,CVE-2025-32462,V4,False,deb-ubuntu
D7-CVE-2025-32462-deb-ubuntu-jammy-V4|DC|gemma4_31b|tracker|P3|60.0|0.0|0|||0|d7|v3,gemma4_31b,DC,tracker,D7-CVE-2025-32462-deb-ubuntu-jammy-V4,CVE-2025-32462,V4,False,deb-ubuntu
D7-CVE-2025-32462-deb-ubuntu-jammy-V4|DC|gemma4_31b|withheld|P3|60.0|0.0|0|||0|d7|v3,gemma4_31b,DC,withheld,D7-CVE-2025-32462-deb-ubuntu-jammy-V4,CVE-2025-32462,V4,False,deb-ubuntu
D7-CVE-2025-32462-deb-ubuntu-jammy-V4|DCv21|gemma4_31b|blind|P3|60.0|0.0|0|||0|d7|v3,gemma4_31b,DCv21,blind,D7-CVE-2025-32462-deb-ubuntu-jammy-V4,CVE-2025-32462,V4,False,deb-ubuntu
D7-CVE-2025-32462-deb-ubuntu-jammy-V4|DCv21|gemma4_31b|tracker|P3|60.0|0.0|0|||0|d7|v3,gemma4_31b,DCv21,tracker,D7-CVE-2025-32462-deb-ubuntu-jammy-V4,CVE-2025-32462,V4,False,deb-ubuntu
D7-CVE-2025-32462-deb-ubuntu-jammy-V4|DCv21|gemma4_31b|withheld|P3|60.0|0.0|0|||0|d7|v3,gemma4_31b,DCv21,withheld,D7-CVE-2025-32462-deb-ubuntu-jammy-V4,CVE-2025-32462,V4,False,deb-ubuntu
D7-CVE-2025-32462-deb-ubuntu-noble-V4|DC|gemma4_31b|blind|P3|60.0|0.0|0|||0|d7|v3,gemma4_31b,DC,blind,D7-CVE-2025-32462-deb-ubuntu-noble-V4,CVE-2025-32462,V4,False,deb-ubuntu
D7-CVE-2025-32462-deb-ubuntu-noble-V4|DC|gemma4_31b|tracker|P3|60.0|0.0|0|||0|d7|v3,gemma4_31b,DC,tracker,D7-CVE-2025-32462-deb-ubuntu-noble-V4,CVE-2025-32462,V4,False,deb-ubuntu
D7-CVE-2025-32462-deb-ubuntu-noble-V4|DC|gemma4_31b|withheld|P3|60.0|0.0|0|||0|d7|v3,gemma4_31b,DC,withheld,D7-CVE-2025-32462-deb-ubuntu-noble-V4,CVE-2025-32462,V4,False,deb-ubuntu
D7-CVE-2025-32462-deb-ubuntu-noble-V4|DCv21|gemma4_31b|blind|P3|60.0|0.0|0|||0|d7|v3,gemma4_31b,DCv21,blind,D7-CVE-2025-32462-deb-ubuntu-noble-V4,CVE-2025-32462,V4,False,deb-ubuntu
D7-CVE-2025-32462-deb-ubuntu-noble-V4|DCv21|gemma4_31b|tracker|P3|60.0|0.0|0|||0|d7|v3,gemma4_31b,DCv21,tracker,D7-CVE-2025-32462-deb-ubuntu-noble-V4,CVE-2025-32462,V4,False,deb-ubuntu
D7-CVE-2025-32462-deb-ubuntu-noble-V4|DCv21|gemma4_31b|withheld|P3|60.0|0.0|0|||0|d7|v3,gemma4_31b,DCv21,withheld,D7-CVE-2025-32462-deb-ubuntu-noble-V4,CVE-2025-32462,V4,False,deb-ubuntu
D7-CVE-2025-49113-vendor-jammy-V4|DC|gemma4_31b|blind|P3|60.0|0.0|0|||0|d7|v3,gemma4_31b,DC,blind,D7-CVE-2025-49113-vendor-jammy-V4,CVE-2025-49113,V4,False,vendor
D7-CVE-2025-49113-vendor-jammy-V4|DC|gemma4_31b|tracker|P3|60.0|0.0|0|||0|d7|v3,gemma4_31b,DC,tracker,D7-CVE-2025-49113-vendor-jammy-V4,CVE-2025-49113,V4,False,vendor
D7-CVE-2025-49113-vendor-jammy-V4|DC|gemma4_31b|withheld|P3|60.0|0.0|0|||0|d7|v3,gemma4_31b,DC,withheld,D7-CVE-2025-49113-vendor-jammy-V4,CVE-2025-49113,V4,False,vendor
D7-CVE-2025-49113-vendor-jammy-V4|DCv21|gemma4_31b|blind|P3|60.0|0.0|0|||0|d7|v3,gemma4_31b,DCv21,blind,D7-CVE-2025-49113-vendor-jammy-V4,CVE-2025-49113,V4,False,vendor
D7-CVE-2025-49113-vendor-jammy-V4|DCv21|gemma4_31b|tracker|P3|60.0|0.0|0|||0|d7|v3,gemma4_31b,DCv21,tracker,D7-CVE-2025-49113-vendor-jammy-V4,CVE-2025-49113,V4,False,vendor
D7-CVE-2025-49113-vendor-jammy-V4|DCv21|gemma4_31b|withheld|P3|60.0|0.0|0|||0|d7|v3,gemma4_31b,DCv21,withheld,D7-CVE-2025-49113-vendor-jammy-V4,CVE-2025-49113,V4,False,vendor
D7-CVE-2025-49630-deb-ubuntu-jammy-V4|DC|gemma4_31b|blind|P3|60.0|0.0|0|||0|d7|v3,gemma4_31b,DC,blind,D7-CVE-2025-49630-deb-ubuntu-jammy-V4,CVE-2025-49630,V4,False,deb-ubuntu
D7-CVE-2025-49630-deb-ubuntu-jammy-V4|DC|gemma4_31b|tracker|P3|60.0|0.0|0|||0|d7|v3,gemma4_31b,DC,tracker,D7-CVE-2025-49630-deb-ubuntu-jammy-V4,CVE-2025-49630,V4,False,deb-ubuntu
D7-CVE-2025-49630-deb-ubuntu-jammy-V4|DC|gemma4_31b|withheld|P3|60.0|0.0|0|||0|d7|v3,gemma4_31b,DC,withheld,D7-CVE-2025-49630-deb-ubuntu-jammy-V4,CVE-2025-49630,V4,False,deb-ubuntu
D7-CVE-2025-49630-deb-ubuntu-jammy-V4|DCv21|gemma4_31b|blind|P3|60.0|0.0|0|||0|d7|v3,gemma4_31b,DCv21,blind,D7-CVE-2025-49630-deb-ubuntu-jammy-V4,CVE-2025-49630,V4,False,deb-ubuntu
D7-CVE-2025-49630-deb-ubuntu-jammy-V4|DCv21|gemma4_31b|tracker|P3|60.0|0.0|0|||0|d7|v3,gemma4_31b,DCv21,tracker,D7-CVE-2025-49630-deb-ubuntu-jammy-V4,CVE-2025-49630,V4,False,deb-ubuntu
D7-CVE-2025-49630-deb-ubuntu-jammy-V4|DCv21|gemma4_31b|withheld|P3|60.0|0.0|0|||0|d7|v3,gemma4_31b,DCv21,withheld,D7-CVE-2025-49630-deb-ubuntu-jammy-V4,CVE-2025-49630,V4,False,deb-ubuntu
D7-CVE-2025-49812-deb-ubuntu-noble-V2|DC|gemma4_31b|blind|P3|60.0|0.0|0|||0|d7|v3,gemma4_31b,DC,blind,D7-CVE-2025-49812-deb-ubuntu-noble-V2,CVE-2025-49812,V2,False,deb-ubuntu
D7-CVE-2025-49812-deb-ubuntu-noble-V2|DC|gemma4_31b|tracker|P3|60.0|0.0|0|||0|d7|v3,gemma4_31b,DC,tracker,D7-CVE-2025-49812-deb-ubuntu-noble-V2,CVE-2025-49812,V2,False,deb-ubuntu
D7-CVE-2025-49812-deb-ubuntu-noble-V2|DC|gemma4_31b|withheld|P3|60.0|0.0|0|||0|d7|v3,gemma4_31b,DC,withheld,D7-CVE-2025-49812-deb-ubuntu-noble-V2,CVE-2025-49812,V2,False,deb-ubuntu
D7-CVE-2025-49812-deb-ubuntu-noble-V2|DCv21|gemma4_31b|blind|P3|60.0|0.0|0|||0|d7|v3,gemma4_31b,DCv21,blind,D7-CVE-2025-49812-deb-ubuntu-noble-V2,CVE-2025-49812,V2,False,deb-ubuntu
D7-CVE-2025-49812-deb-ubuntu-noble-V2|DCv21|gemma4_31b|tracker|P3|60.0|0.0|0|||0|d7|v3,gemma4_31b,DCv21,tracker,D7-CVE-2025-49812-deb-ubuntu-noble-V2,CVE-2025-49812,V2,False,deb-ubuntu
D7-CVE-2025-49812-deb-ubuntu-noble-V2|DCv21|gemma4_31b|withheld|P3|60.0|0.0|0|||0|d7|v3,gemma4_31b,DCv21,withheld,D7-CVE-2025-49812-deb-ubuntu-noble-V2,CVE-2025-49812,V2,False,deb-ubuntu
D7-CVE-2026-10051-maven-jammy-V7|DC|gemma4_31b|blind|P3|60.0|0.0|0|||0|d7|v3,gemma4_31b,DC,blind,D7-CVE-2026-10051-maven-jammy-V7,CVE-2026-10051,V7,False,maven
D7-CVE-2026-10051-maven-jammy-V7|DC|gemma4_31b|tracker|P3|60.0|0.0|0|||0|d7|v3,gemma4_31b,DC,tracker,D7-CVE-2026-10051-maven-jammy-V7,CVE-2026-10051,V7,False,maven
D7-CVE-2026-10051-maven-jammy-V7|DC|gemma4_31b|withheld|P3|60.0|0.0|0|||0|d7|v3,gemma4_31b,DC,withheld,D7-CVE-2026-10051-maven-jammy-V7,CVE-2026-10051,V7,False,maven
D7-CVE-2026-10051-maven-jammy-V7|DCv21|gemma4_31b|blind|P3|60.0|0.0|0|||0|d7|v3,gemma4_31b,DCv21,blind,D7-CVE-2026-10051-maven-jammy-V7,CVE-2026-10051,V7,False,maven
D7-CVE-2026-10051-maven-jammy-V7|DCv21|gemma4_31b|tracker|P3|60.0|0.0|0|||0|d7|v3,gemma4_31b,DCv21,tracker,D7-CVE-2026-10051-maven-jammy-V7,CVE-2026-10051,V7,False,maven
D7-CVE-2026-10051-maven-jammy-V7|DCv21|gemma4_31b|withheld|P3|60.0|0.0|0|||0|d7|v3,gemma4_31b,DCv21,withheld,D7-CVE-2026-10051-maven-jammy-V7,CVE-2026-10051,V7,False,maven
D7-CVE-2026-29167-vendor-jammy-V3|DC|gemma4_31b|blind|P3|60.0|0.0|0|||0|d7|v3,gemma4_31b,DC,blind,D7-CVE-2026-29167-vendor-jammy-V3,CVE-2026-29167,V3,False,vendor
D7-CVE-2026-29167-vendor-jammy-V3|DC|gemma4_31b|tracker|P3|60.0|0.0|0|||0|d7|v3,gemma4_31b,DC,tracker,D7-CVE-2026-29167-vendor-jammy-V3,CVE-2026-29167,V3,False,vendor
D7-CVE-2026-29167-vendor-jammy-V3|DC|gemma4_31b|withheld|P3|60.0|0.0|0|||0|d7|v3,gemma4_31b,DC,withheld,D7-CVE-2026-29167-vendor-jammy-V3,CVE-2026-29167,V3,False,vendor
D7-CVE-2026-29167-vendor-jammy-V3|DCv21|gemma4_31b|blind|P3|60.0|0.0|0|||0|d7|v3,gemma4_31b,DCv21,blind,D7-CVE-2026-29167-vendor-jammy-V3,CVE-2026-29167,V3,False,vendor
D7-CVE-2026-29167-vendor-jammy-V3|DCv21|gemma4_31b|tracker|P3|60.0|0.0|0|||0|d7|v3,gemma4_31b,DCv21,tracker,D7-CVE-2026-29167-vendor-jammy-V3,CVE-2026-29167,V3,False,vendor
D7-CVE-2026-29167-vendor-jammy-V3|DCv21|gemma4_31b|withheld|P3|60.0|0.0|0|||0|d7|v3,gemma4_31b,DCv21,withheld,D7-CVE-2026-29167-vendor-jammy-V3,CVE-2026-29167,V3,False,vendor
D7-CVE-2026-41848-maven-noble-V2-b2|DC|gemma4_31b|blind|P3|60.0|0.0|0|||0|d7|v3,gemma4_31b,DC,blind,D7-CVE-2026-41848-maven-noble-V2-b2,CVE-2026-41848,V2,False,maven
D7-CVE-2026-41848-maven-noble-V2-b2|DC|gemma4_31b|tracker|P3|60.0|0.0|0|||0|d7|v3,gemma4_31b,DC,tracker,D7-CVE-2026-41848-maven-noble-V2-b2,CVE-2026-41848,V2,False,maven
D7-CVE-2026-41848-maven-noble-V2-b2|DC|gemma4_31b|withheld|P3|60.0|0.0|0|||0|d7|v3,gemma4_31b,DC,withheld,D7-CVE-2026-41848-maven-noble-V2-b2,CVE-2026-41848,V2,False,maven
D7-CVE-2026-41848-maven-noble-V2-b2|DCv21|gemma4_31b|blind|P3|60.0|0.0|0|||0|d7|v3,gemma4_31b,DCv21,blind,D7-CVE-2026-41848-maven-noble-V2-b2,CVE-2026-41848,V2,False,maven
D7-CVE-2026-41848-maven-noble-V2-b2|DCv21|gemma4_31b|tracker|P3|60.0|0.0|0|||0|d7|v3,gemma4_31b,DCv21,tracker,D7-CVE-2026-41848-maven-noble-V2-b2,CVE-2026-41848,V2,False,maven
D7-CVE-2026-41848-maven-noble-V2-b2|DCv21|gemma4_31b|withheld|P3|60.0|0.0|0|||0|d7|v3,gemma4_31b,DCv21,withheld,D7-CVE-2026-41848-maven-noble-V2-b2,CVE-2026-41848,V2,False,maven
D7-CVE-2026-41848-maven-noble-V7|DC|gemma4_31b|blind|P3|60.0|0.0|0|||0|d7|v3,gemma4_31b,DC,blind,D7-CVE-2026-41848-maven-noble-V7,CVE-2026-41848,V7,False,maven
D7-CVE-2026-41848-maven-noble-V7|DC|gemma4_31b|tracker|P3|60.0|0.0|0|||0|d7|v3,gemma4_31b,DC,tracker,D7-CVE-2026-41848-maven-noble-V7,CVE-2026-41848,V7,False,maven
D7-CVE-2026-41848-maven-noble-V7|DC|gemma4_31b|withheld|P3|60.0|0.0|0|||0|d7|v3,gemma4_31b,DC,withheld,D7-CVE-2026-41848-maven-noble-V7,CVE-2026-41848,V7,False,maven
D7-CVE-2026-41848-maven-noble-V7|DCv21|gemma4_31b|blind|P3|60.0|0.0|0|||0|d7|v3,gemma4_31b,DCv21,blind,D7-CVE-2026-41848-maven-noble-V7,CVE-2026-41848,V7,False,maven
D7-CVE-2026-41848-maven-noble-V7|DCv21|gemma4_31b|tracker|P3|60.0|0.0|0|||0|d7|v3,gemma4_31b,DCv21,tracker,D7-CVE-2026-41848-maven-noble-V7,CVE-2026-41848,V7,False,maven
D7-CVE-2026-41848-maven-noble-V7|DCv21|gemma4_31b|withheld|P3|60.0|0.0|0|||0|d7|v3,gemma4_31b,DCv21,withheld,D7-CVE-2026-41848-maven-noble-V7,CVE-2026-41848,V7,False,maven
D7-CVE-2026-42561-pypi-jammy-V2|DC|gemma4_31b|blind|P3|60.0|0.0|0|||0|d7|v3,gemma4_31b,DC,blind,D7-CVE-2026-42561-pypi-jammy-V2,CVE-2026-42561,V2,False,pypi
D7-CVE-2026-42561-pypi-jammy-V2|DC|gemma4_31b|tracker|P3|60.0|0.0|0|||0|d7|v3,gemma4_31b,DC,tracker,D7-CVE-2026-42561-pypi-jammy-V2,CVE-2026-42561,V2,False,pypi
D7-CVE-2026-42561-pypi-jammy-V2|DC|gemma4_31b|withheld|P3|60.0|0.0|0|||0|d7|v3,gemma4_31b,DC,withheld,D7-CVE-2026-42561-pypi-jammy-V2,CVE-2026-42561,V2,False,pypi
D7-CVE-2026-42561-pypi-jammy-V2|DCv21|gemma4_31b|blind|P3|60.0|0.0|0|||0|d7|v3,gemma4_31b,DCv21,blind,D7-CVE-2026-42561-pypi-jammy-V2,CVE-2026-42561,V2,False,pypi
D7-CVE-2026-42561-pypi-jammy-V2|DCv21|gemma4_31b|tracker|P3|60.0|0.0|0|||0|d7|v3,gemma4_31b,DCv21,tracker,D7-CVE-2026-42561-pypi-jammy-V2,CVE-2026-42561,V2,False,pypi
D7-CVE-2026-42561-pypi-jammy-V2|DCv21|gemma4_31b|withheld|P3|60.0|0.0|0|||0|d7|v3,gemma4_31b,DCv21,withheld,D7-CVE-2026-42561-pypi-jammy-V2,CVE-2026-42561,V2,False,pypi
D7-CVE-2026-45409-pypi-jammy-V2|DC|gemma4_31b|blind|P3|60.0|0.0|0|||0|d7|v3,gemma4_31b,DC,blind,D7-CVE-2026-45409-pypi-jammy-V2,CVE-2026-45409,V2,False,pypi
D7-CVE-2026-45409-pypi-jammy-V2|DC|gemma4_31b|tracker|P3|60.0|0.0|0|||0|d7|v3,gemma4_31b,DC,tracker,D7-CVE-2026-45409-pypi-jammy-V2,CVE-2026-45409,V2,False,pypi
D7-CVE-2026-45409-pypi-jammy-V2|DC|gemma4_31b|withheld|P3|60.0|0.0|0|||0|d7|v3,gemma4_31b,DC,withheld,D7-CVE-2026-45409-pypi-jammy-V2,CVE-2026-45409,V2,False,pypi
D7-CVE-2026-45409-pypi-jammy-V2|DCv21|gemma4_31b|blind|P3|60.0|0.0|0|||0|d7|v3,gemma4_31b,DCv21,blind,D7-CVE-2026-45409-pypi-jammy-V2,CVE-2026-45409,V2,False,pypi
D7-CVE-2026-45409-pypi-jammy-V2|DCv21|gemma4_31b|tracker|P3|60.0|0.0|0|||0|d7|v3,gemma4_31b,DCv21,tracker,D7-CVE-2026-45409-pypi-jammy-V2,CVE-2026-45409,V2,False,pypi
D7-CVE-2026-45409-pypi-jammy-V2|DCv21|gemma4_31b|withheld|P3|60.0|0.0|0|||0|d7|v3,gemma4_31b,DCv21,withheld,D7-CVE-2026-45409-pypi-jammy-V2,CVE-2026-45409,V2,False,pypi
D7-CVE-2026-48522-pypi-jammy-V2-b2|DC|gemma4_31b|blind|P3|60.0|0.0|0|||0|d7|v3,gemma4_31b,DC,blind,D7-CVE-2026-48522-pypi-jammy-V2-b2,CVE-2026-48522,V2,False,pypi
D7-CVE-2026-48522-pypi-jammy-V2-b2|DC|gemma4_31b|tracker|P3|60.0|0.0|0|||0|d7|v3,gemma4_31b,DC,tracker,D7-CVE-2026-48522-pypi-jammy-V2-b2,CVE-2026-48522,V2,False,pypi
D7-CVE-2026-48522-pypi-jammy-V2-b2|DC|gemma4_31b|withheld|P3|60.0|0.0|0|||0|d7|v3,gemma4_31b,DC,withheld,D7-CVE-2026-48522-pypi-jammy-V2-b2,CVE-2026-48522,V2,False,pypi
D7-CVE-2026-48522-pypi-jammy-V2-b2|DCv21|gemma4_31b|blind|P3|60.0|0.0|0|||0|d7|v3,gemma4_31b,DCv21,blind,D7-CVE-2026-48522-pypi-jammy-V2-b2,CVE-2026-48522,V2,False,pypi
D7-CVE-2026-48522-pypi-jammy-V2-b2|DCv21|gemma4_31b|tracker|P3|60.0|0.0|0|||0|d7|v3,gemma4_31b,DCv21,tracker,D7-CVE-2026-48522-pypi-jammy-V2-b2,CVE-2026-48522,V2,False,pypi
D7-CVE-2026-48522-pypi-jammy-V2-b2|DCv21|gemma4_31b|withheld|P3|60.0|0.0|0|||0|d7|v3,gemma4_31b,DCv21,withheld,D7-CVE-2026-48522-pypi-jammy-V2-b2,CVE-2026-48522,V2,False,pypi
D7-CVE-2026-59998-deb-ubuntu-noble-V4|DC|gemma4_31b|blind|P3|60.0|0.0|0|||0|d7|v3,gemma4_31b,DC,blind,D7-CVE-2026-59998-deb-ubuntu-noble-V4,CVE-2026-59998,V4,False,deb-ubuntu
D7-CVE-2026-59998-deb-ubuntu-noble-V4|DC|gemma4_31b|tracker|P3|60.0|0.0|0|||0|d7|v3,gemma4_31b,DC,tracker,D7-CVE-2026-59998-deb-ubuntu-noble-V4,CVE-2026-59998,V4,False,deb-ubuntu
D7-CVE-2026-59998-deb-ubuntu-noble-V4|DC|gemma4_31b|withheld|P3|60.0|0.0|0|||0|d7|v3,gemma4_31b,DC,withheld,D7-CVE-2026-59998-deb-ubuntu-noble-V4,CVE-2026-59998,V4,False,deb-ubuntu
D7-CVE-2026-59998-deb-ubuntu-noble-V4|DCv21|gemma4_31b|blind|P3|60.0|0.0|0|||0|d7|v3,gemma4_31b,DCv21,blind,D7-CVE-2026-59998-deb-ubuntu-noble-V4,CVE-2026-59998,V4,False,deb-ubuntu
D7-CVE-2026-59998-deb-ubuntu-noble-V4|DCv21|gemma4_31b|tracker|P3|60.0|0.0|0|||0|d7|v3,gemma4_31b,DCv21,tracker,D7-CVE-2026-59998-deb-ubuntu-noble-V4,CVE-2026-59998,V4,False,deb-ubuntu
D7-CVE-2026-59998-deb-ubuntu-noble-V4|DCv21|gemma4_31b|withheld|P3|60.0|0.0|0|||0|d7|v3,gemma4_31b,DCv21,withheld,D7-CVE-2026-59998-deb-ubuntu-noble-V4,CVE-2026-59998,V4,False,deb-ubuntu
D7-CVE-2026-8404-pypi-noble-V6|DC|gemma4_31b|blind|P3|60.0|0.0|0|||0|d7|v3,gemma4_31b,DC,blind,D7-CVE-2026-8404-pypi-noble-V6,CVE-2026-8404,V6,False,pypi
D7-CVE-2026-8404-pypi-noble-V6|DC|gemma4_31b|tracker|P3|60.0|0.0|0|||0|d7|v3,gemma4_31b,DC,tracker,D7-CVE-2026-8404-pypi-noble-V6,CVE-2026-8404,V6,False,pypi
D7-CVE-2026-8404-pypi-noble-V6|DC|gemma4_31b|withheld|P3|60.0|0.0|0|||0|d7|v3,gemma4_31b,DC,withheld,D7-CVE-2026-8404-pypi-noble-V6,CVE-2026-8404,V6,False,pypi
D7-CVE-2026-8404-pypi-noble-V6|DCv21|gemma4_31b|blind|P3|60.0|0.0|0|||0|d7|v3,gemma4_31b,DCv21,blind,D7-CVE-2026-8404-pypi-noble-V6,CVE-2026-8404,V6,False,pypi
D7-CVE-2026-8404-pypi-noble-V6|DCv21|gemma4_31b|tracker|P3|60.0|0.0|0|||0|d7|v3,gemma4_31b,DCv21,tracker,D7-CVE-2026-8404-pypi-noble-V6,CVE-2026-8404,V6,False,pypi
D7-CVE-2026-8404-pypi-noble-V6|DCv21|gemma4_31b|withheld|P3|60.0|0.0|0|||0|d7|v3,gemma4_31b,DCv21,withheld,D7-CVE-2026-8404-pypi-noble-V6,CVE-2026-8404,V6,False,pypi
D7-CVE-2026-84645-vendor-jammy-V6|DC|gemma4_31b|blind|P3|60.0|0.0|0|||0|d7|v3,gemma4_31b,DC,blind,D7-CVE-2026-84645-vendor-jammy-V6,CVE-2026-84645,V6,False,vendor
D7-CVE-2026-84645-vendor-jammy-V6|DC|gemma4_31b|tracker|P3|60.0|0.0|0|||0|d7|v3,gemma4_31b,DC,tracker,D7-CVE-2026-84645-vendor-jammy-V6,CVE-2026-84645,V6,False,vendor
D7-CVE-2026-84645-vendor-jammy-V6|DC|gemma4_31b|withheld|P3|60.0|0.0|0|||0|d7|v3,gemma4_31b,DC,withheld,D7-CVE-2026-84645-vendor-jammy-V6,CVE-2026-84645,V6,False,vendor
D7-CVE-2026-84645-vendor-jammy-V6|DCv21|gemma4_31b|blind|P3|60.0|0.0|0|||0|d7|v3,gemma4_31b,DCv21,blind,D7-CVE-2026-84645-vendor-jammy-V6,CVE-2026-84645,V6,False,vendor
D7-CVE-2026-84645-vendor-jammy-V6|DCv21|gemma4_31b|tracker|P3|60.0|0.0|0|||0|d7|v3,gemma4_31b,DCv21,tracker,D7-CVE-2026-84645-vendor-jammy-V6,CVE-2026-84645,V6,False,vendor
D7-CVE-2026-84645-vendor-jammy-V6|DCv21|gemma4_31b|withheld|P3|60.0|0.0|0|||0|d7|v3,gemma4_31b,DCv21,withheld,D7-CVE-2026-84645-vendor-jammy-V6,CVE-2026-84645,V6,False,vendor
D7-CVE-2026-90698-deb-ubuntu-jammy-V6|DC|gemma4_31b|blind|P3|60.0|0.0|0|||0|d7|v3,gemma4_31b,DC,blind,D7-CVE-2026-90698-deb-ubuntu-jammy-V6,CVE-2026-90698,V6,False,deb-ubuntu
D7-CVE-2026-90698-deb-ubuntu-jammy-V6|DC|gemma4_31b|tracker|P3|60.0|0.0|0|||0|d7|v3,gemma4_31b,DC,tracker,D7-CVE-2026-90698-deb-ubuntu-jammy-V6,CVE-2026-90698,V6,False,deb-ubuntu
D7-CVE-2026-90698-deb-ubuntu-jammy-V6|DC|gemma4_31b|withheld|P3|60.0|0.0|0|||0|d7|v3,gemma4_31b,DC,withheld,D7-CVE-2026-90698-deb-ubuntu-jammy-V6,CVE-2026-90698,V6,False,deb-ubuntu
D7-CVE-2026-90698-deb-ubuntu-jammy-V6|DCv21|gemma4_31b|blind|P3|60.0|0.0|0|||0|d7|v3,gemma4_31b,DCv21,blind,D7-CVE-2026-90698-deb-ubuntu-jammy-V6,CVE-2026-90698,V6,False,deb-ubuntu
D7-CVE-2026-90698-deb-ubuntu-jammy-V6|DCv21|gemma4_31b|tracker|P3|60.0|0.0|0|||0|d7|v3,gemma4_31b,DCv21,tracker,D7-CVE-2026-90698-deb-ubuntu-jammy-V6,CVE-2026-90698,V6,False,deb-ubuntu
D7-CVE-2026-90698-deb-ubuntu-jammy-V6|DCv21|gemma4_31b|withheld|P3|60.0|0.0|0|||0|d7|v3,gemma4_31b,DCv21,withheld,D7-CVE-2026-90698-deb-ubuntu-jammy-V6,CVE-2026-90698,V6,False,deb-ubuntu
D7-CVE-2026-94054-deb-ubuntu-noble-V4|DC|gemma4_31b|blind|P3|60.0|0.0|0|||0|d7|v3,gemma4_31b,DC,blind,D7-CVE-2026-94054-deb-ubuntu-noble-V4,CVE-2026-94054,V4,False,deb-ubuntu
D7-CVE-2026-94054-deb-ubuntu-noble-V4|DC|gemma4_31b|tracker|P3|60.0|0.0|0|||0|d7|v3,gemma4_31b,DC,tracker,D7-CVE-2026-94054-deb-ubuntu-noble-V4,CVE-2026-94054,V4,False,deb-ubuntu
D7-CVE-2026-94054-deb-ubuntu-noble-V4|DC|gemma4_31b|withheld|P3|60.0|0.0|0|||0|d7|v3,gemma4_31b,DC,withheld,D7-CVE-2026-94054-deb-ubuntu-noble-V4,CVE-2026-94054,V4,False,deb-ubuntu
D7-CVE-2026-94054-deb-ubuntu-noble-V4|DCv21|gemma4_31b|blind|P3|60.0|0.0|0|||0|d7|v3,gemma4_31b,DCv21,blind,D7-CVE-2026-94054-deb-ubuntu-noble-V4,CVE-2026-94054,V4,False,deb-ubuntu
D7-CVE-2026-94054-deb-ubuntu-noble-V4|DCv21|gemma4_31b|tracker|P3|60.0|0.0|0|||0|d7|v3,gemma4_31b,DCv21,tracker,D7-CVE-2026-94054-deb-ubuntu-noble-V4,CVE-2026-94054,V4,False,deb-ubuntu
D7-CVE-2026-94054-deb-ubuntu-noble-V4|DCv21|gemma4_31b|withheld|P3|60.0|0.0|0|||0|d7|v3,gemma4_31b,DCv21,withheld,D7-CVE-2026-94054-deb-ubuntu-noble-V4,CVE-2026-94054,V4,False,deb-ubuntu
D7-CVE-2026-9828-maven-noble-V2|DC|gemma4_31b|blind|P3|60.0|0.0|0|||0|d7|v3,gemma4_31b,DC,blind,D7-CVE-2026-9828-maven-noble-V2,CVE-2026-9828,V2,False,maven
D7-CVE-2026-9828-maven-noble-V2|DC|gemma4_31b|tracker|P3|60.0|0.0|0|||0|d7|v3,gemma4_31b,DC,tracker,D7-CVE-2026-9828-maven-noble-V2,CVE-2026-9828,V2,False,maven
D7-CVE-2026-9828-maven-noble-V2|DC|gemma4_31b|withheld|P3|60.0|0.0|0|||0|d7|v3,gemma4_31b,DC,withheld,D7-CVE-2026-9828-maven-noble-V2,CVE-2026-9828,V2,False,maven
D7-CVE-2026-9828-maven-noble-V2|DCv21|gemma4_31b|blind|P3|60.0|0.0|0|||0|d7|v3,gemma4_31b,DCv21,blind,D7-CVE-2026-9828-maven-noble-V2,CVE-2026-9828,V2,False,maven
D7-CVE-2026-9828-maven-noble-V2|DCv21|gemma4_31b|tracker|P3|60.0|0.0|0|||0|d7|v3,gemma4_31b,DCv21,tracker,D7-CVE-2026-9828-maven-noble-V2,CVE-2026-9828,V2,False,maven
D7-CVE-2026-9828-maven-noble-V2|DCv21|gemma4_31b|withheld|P3|60.0|0.0|0|||0|d7|v3,gemma4_31b,DCv21,withheld,D7-CVE-2026-9828-maven-noble-V2,CVE-2026-9828,V2,False,maven
D7-CVE-2021-44228-maven-noble-V7|DC|granite41_30b|blind|P3|60.0|0.0|0|||0|d7|v3,granite41_30b,DC,blind,D7-CVE-2021-44228-maven-noble-V7,CVE-2021-44228,V7,False,maven
D7-CVE-2021-44228-maven-noble-V7|DC|granite41_30b|tracker|P3|60.0|0.0|0|||0|d7|v3,granite41_30b,DC,tracker,D7-CVE-2021-44228-maven-noble-V7,CVE-2021-44228,V7,False,maven
D7-CVE-2021-44228-maven-noble-V7|DC|granite41_30b|withheld|P3|60.0|0.0|0|||0|d7|v3,granite41_30b,DC,withheld,D7-CVE-2021-44228-maven-noble-V7,CVE-2021-44228,V7,False,maven
D7-CVE-2021-44228-maven-noble-V7|DCv21|granite41_30b|blind|P3|60.0|0.0|0|||0|d7|v3,granite41_30b,DCv21,blind,D7-CVE-2021-44228-maven-noble-V7,CVE-2021-44228,V7,False,maven
D7-CVE-2021-44228-maven-noble-V7|DCv21|granite41_30b|tracker|P3|60.0|0.0|0|||0|d7|v3,granite41_30b,DCv21,tracker,D7-CVE-2021-44228-maven-noble-V7,CVE-2021-44228,V7,False,maven
D7-CVE-2021-44228-maven-noble-V7|DCv21|granite41_30b|withheld|P3|60.0|0.0|0|||0|d7|v3,granite41_30b,DCv21,withheld,D7-CVE-2021-44228-maven-noble-V7,CVE-2021-44228,V7,False,maven
D7-CVE-2021-45046-maven-jammy-V3|DC|granite41_30b|blind|P3|60.0|0.0|0|||0|d7|v3,granite41_30b,DC,blind,D7-CVE-2021-45046-maven-jammy-V3,CVE-2021-45046,V3,False,maven
D7-CVE-2021-45046-maven-jammy-V3|DC|granite41_30b|tracker|P3|60.0|0.0|0|||0|d7|v3,granite41_30b,DC,tracker,D7-CVE-2021-45046-maven-jammy-V3,CVE-2021-45046,V3,False,maven
D7-CVE-2021-45046-maven-jammy-V3|DC|granite41_30b|withheld|P3|60.0|0.0|0|||0|d7|v3,granite41_30b,DC,withheld,D7-CVE-2021-45046-maven-jammy-V3,CVE-2021-45046,V3,False,maven
D7-CVE-2021-45046-maven-jammy-V3|DCv21|granite41_30b|blind|P3|60.0|0.0|0|||0|d7|v3,granite41_30b,DCv21,blind,D7-CVE-2021-45046-maven-jammy-V3,CVE-2021-45046,V3,False,maven
D7-CVE-2021-45046-maven-jammy-V3|DCv21|granite41_30b|tracker|P3|60.0|0.0|0|||0|d7|v3,granite41_30b,DCv21,tracker,D7-CVE-2021-45046-maven-jammy-V3,CVE-2021-45046,V3,False,maven
D7-CVE-2021-45046-maven-jammy-V3|DCv21|granite41_30b|withheld|P3|60.0|0.0|0|||0|d7|v3,granite41_30b,DCv21,withheld,D7-CVE-2021-45046-maven-jammy-V3,CVE-2021-45046,V3,False,maven
D7-CVE-2021-45105-maven-jammy-V3|DC|granite41_30b|blind|P3|60.0|0.0|0|||0|d7|v3,granite41_30b,DC,blind,D7-CVE-2021-45105-maven-jammy-V3,CVE-2021-45105,V3,False,maven
D7-CVE-2021-45105-maven-jammy-V3|DC|granite41_30b|tracker|P3|60.0|0.0|0|||0|d7|v3,granite41_30b,DC,tracker,D7-CVE-2021-45105-maven-jammy-V3,CVE-2021-45105,V3,False,maven
D7-CVE-2021-45105-maven-jammy-V3|DC|granite41_30b|withheld|P3|60.0|0.0|0|||0|d7|v3,granite41_30b,DC,withheld,D7-CVE-2021-45105-maven-jammy-V3,CVE-2021-45105,V3,False,maven
D7-CVE-2021-45105-maven-jammy-V3|DCv21|granite41_30b|blind|P3|60.0|0.0|0|||0|d7|v3,granite41_30b,DCv21,blind,D7-CVE-2021-45105-maven-jammy-V3,CVE-2021-45105,V3,False,maven
D7-CVE-2021-45105-maven-jammy-V3|DCv21|granite41_30b|tracker|P3|60.0|0.0|0|||0|d7|v3,granite41_30b,DCv21,tracker,D7-CVE-2021-45105-maven-jammy-V3,CVE-2021-45105,V3,False,maven
D7-CVE-2021-45105-maven-jammy-V3|DCv21|granite41_30b|withheld|P3|60.0|0.0|0|||0|d7|v3,granite41_30b,DCv21,withheld,D7-CVE-2021-45105-maven-jammy-V3,CVE-2021-45105,V3,False,maven
D7-CVE-2021-45105-maven-jammy-V4|DC|granite41_30b|blind|P3|60.0|0.0|0|||0|d7|v3,granite41_30b,DC,blind,D7-CVE-2021-45105-maven-jammy-V4,CVE-2021-45105,V4,False,maven
D7-CVE-2021-45105-maven-jammy-V4|DC|granite41_30b|tracker|P3|60.0|0.0|0|||0|d7|v3,granite41_30b,DC,tracker,D7-CVE-2021-45105-maven-jammy-V4,CVE-2021-45105,V4,False,maven
D7-CVE-2021-45105-maven-jammy-V4|DC|granite41_30b|withheld|P3|60.0|0.0|0|||0|d7|v3,granite41_30b,DC,withheld,D7-CVE-2021-45105-maven-jammy-V4,CVE-2021-45105,V4,False,maven
D7-CVE-2021-45105-maven-jammy-V4|DCv21|granite41_30b|blind|P3|60.0|0.0|0|||0|d7|v3,granite41_30b,DCv21,blind,D7-CVE-2021-45105-maven-jammy-V4,CVE-2021-45105,V4,False,maven
D7-CVE-2021-45105-maven-jammy-V4|DCv21|granite41_30b|tracker|P3|60.0|0.0|0|||0|d7|v3,granite41_30b,DCv21,tracker,D7-CVE-2021-45105-maven-jammy-V4,CVE-2021-45105,V4,False,maven
D7-CVE-2021-45105-maven-jammy-V4|DCv21|granite41_30b|withheld|P3|60.0|0.0|0|||0|d7|v3,granite41_30b,DCv21,withheld,D7-CVE-2021-45105-maven-jammy-V4,CVE-2021-45105,V4,False,maven
D7-CVE-2022-22963-maven-jammy-V7|DC|granite41_30b|blind|P3|60.0|0.0|0|||0|d7|v3,granite41_30b,DC,blind,D7-CVE-2022-22963-maven-jammy-V7,CVE-2022-22963,V7,False,maven
D7-CVE-2022-22963-maven-jammy-V7|DC|granite41_30b|tracker|P3|60.0|0.0|0|||0|d7|v3,granite41_30b,DC,tracker,D7-CVE-2022-22963-maven-jammy-V7,CVE-2022-22963,V7,False,maven
D7-CVE-2022-22963-maven-jammy-V7|DC|granite41_30b|withheld|P3|60.0|0.0|0|||0|d7|v3,granite41_30b,DC,withheld,D7-CVE-2022-22963-maven-jammy-V7,CVE-2022-22963,V7,False,maven
D7-CVE-2022-22963-maven-jammy-V7|DCv21|granite41_30b|blind|P3|60.0|0.0|0|||0|d7|v3,granite41_30b,DCv21,blind,D7-CVE-2022-22963-maven-jammy-V7,CVE-2022-22963,V7,False,maven
D7-CVE-2022-22963-maven-jammy-V7|DCv21|granite41_30b|tracker|P3|60.0|0.0|0|||0|d7|v3,granite41_30b,DCv21,tracker,D7-CVE-2022-22963-maven-jammy-V7,CVE-2022-22963,V7,False,maven
D7-CVE-2022-22963-maven-jammy-V7|DCv21|granite41_30b|withheld|P3|60.0|0.0|0|||0|d7|v3,granite41_30b,DCv21,withheld,D7-CVE-2022-22963-maven-jammy-V7,CVE-2022-22963,V7,False,maven
D7-CVE-2023-30861-pypi-noble-V3|DC|granite41_30b|blind|P3|60.0|0.0|0|||0|d7|v3,granite41_30b,DC,blind,D7-CVE-2023-30861-pypi-noble-V3,CVE-2023-30861,V3,False,pypi
D7-CVE-2023-30861-pypi-noble-V3|DC|granite41_30b|tracker|P3|60.0|0.0|0|||0|d7|v3,granite41_30b,DC,tracker,D7-CVE-2023-30861-pypi-noble-V3,CVE-2023-30861,V3,False,pypi
D7-CVE-2023-30861-pypi-noble-V3|DC|granite41_30b|withheld|P3|60.0|0.0|0|||0|d7|v3,granite41_30b,DC,withheld,D7-CVE-2023-30861-pypi-noble-V3,CVE-2023-30861,V3,False,pypi
D7-CVE-2023-30861-pypi-noble-V3|DCv21|granite41_30b|blind|P3|60.0|0.0|0|||0|d7|v3,granite41_30b,DCv21,blind,D7-CVE-2023-30861-pypi-noble-V3,CVE-2023-30861,V3,False,pypi
D7-CVE-2023-30861-pypi-noble-V3|DCv21|granite41_30b|tracker|P3|60.0|0.0|0|||0|d7|v3,granite41_30b,DCv21,tracker,D7-CVE-2023-30861-pypi-noble-V3,CVE-2023-30861,V3,False,pypi
D7-CVE-2023-30861-pypi-noble-V3|DCv21|granite41_30b|withheld|P3|60.0|0.0|0|||0|d7|v3,granite41_30b,DCv21,withheld,D7-CVE-2023-30861-pypi-noble-V3,CVE-2023-30861,V3,False,pypi
D7-CVE-2024-22195-pypi-jammy-V1|DC|granite41_30b|blind|P3|60.0|0.0|0|||0|d7|v3,granite41_30b,DC,blind,D7-CVE-2024-22195-pypi-jammy-V1,CVE-2024-22195,V1,False,pypi
D7-CVE-2024-22195-pypi-jammy-V1|DC|granite41_30b|tracker|P3|60.0|0.0|0|||0|d7|v3,granite41_30b,DC,tracker,D7-CVE-2024-22195-pypi-jammy-V1,CVE-2024-22195,V1,False,pypi
D7-CVE-2024-22195-pypi-jammy-V1|DC|granite41_30b|withheld|P3|60.0|0.0|0|||0|d7|v3,granite41_30b,DC,withheld,D7-CVE-2024-22195-pypi-jammy-V1,CVE-2024-22195,V1,False,pypi
D7-CVE-2024-22195-pypi-jammy-V1|DCv21|granite41_30b|blind|P3|60.0|0.0|0|||0|d7|v3,granite41_30b,DCv21,blind,D7-CVE-2024-22195-pypi-jammy-V1,CVE-2024-22195,V1,False,pypi
D7-CVE-2024-22195-pypi-jammy-V1|DCv21|granite41_30b|tracker|P3|60.0|0.0|0|||0|d7|v3,granite41_30b,DCv21,tracker,D7-CVE-2024-22195-pypi-jammy-V1,CVE-2024-22195,V1,False,pypi
D7-CVE-2024-22195-pypi-jammy-V1|DCv21|granite41_30b|withheld|P3|60.0|0.0|0|||0|d7|v3,granite41_30b,DCv21,withheld,D7-CVE-2024-22195-pypi-jammy-V1,CVE-2024-22195,V1,False,pypi
D7-CVE-2024-23334-pypi-jammy-V1|DC|granite41_30b|blind|P3|60.0|0.0|0|||0|d7|v3,granite41_30b,DC,blind,D7-CVE-2024-23334-pypi-jammy-V1,CVE-2024-23334,V1,False,pypi
D7-CVE-2024-23334-pypi-jammy-V1|DC|granite41_30b|tracker|P3|60.0|0.0|0|||0|d7|v3,granite41_30b,DC,tracker,D7-CVE-2024-23334-pypi-jammy-V1,CVE-2024-23334,V1,False,pypi
D7-CVE-2024-23334-pypi-jammy-V1|DC|granite41_30b|withheld|P3|60.0|0.0|0|||0|d7|v3,granite41_30b,DC,withheld,D7-CVE-2024-23334-pypi-jammy-V1,CVE-2024-23334,V1,False,pypi
D7-CVE-2024-23334-pypi-jammy-V1|DCv21|granite41_30b|blind|P3|60.0|0.0|0|||0|d7|v3,granite41_30b,DCv21,blind,D7-CVE-2024-23334-pypi-jammy-V1,CVE-2024-23334,V1,False,pypi
D7-CVE-2024-23334-pypi-jammy-V1|DCv21|granite41_30b|tracker|P3|60.0|0.0|0|||0|d7|v3,granite41_30b,DCv21,tracker,D7-CVE-2024-23334-pypi-jammy-V1,CVE-2024-23334,V1,False,pypi
D7-CVE-2024-23334-pypi-jammy-V1|DCv21|granite41_30b|withheld|P3|60.0|0.0|0|||0|d7|v3,granite41_30b,DCv21,withheld,D7-CVE-2024-23334-pypi-jammy-V1,CVE-2024-23334,V1,False,pypi
D7-CVE-2024-45231-pypi-noble-V6|DC|granite41_30b|blind|P3|60.0|0.0|0|||0|d7|v3,granite41_30b,DC,blind,D7-CVE-2024-45231-pypi-noble-V6,CVE-2024-45231,V6,False,pypi
D7-CVE-2024-45231-pypi-noble-V6|DC|granite41_30b|tracker|P3|60.0|0.0|0|||0|d7|v3,granite41_30b,DC,tracker,D7-CVE-2024-45231-pypi-noble-V6,CVE-2024-45231,V6,False,pypi
D7-CVE-2024-45231-pypi-noble-V6|DC|granite41_30b|withheld|P3|60.0|0.0|0|||0|d7|v3,granite41_30b,DC,withheld,D7-CVE-2024-45231-pypi-noble-V6,CVE-2024-45231,V6,False,pypi
D7-CVE-2024-45231-pypi-noble-V6|DCv21|granite41_30b|blind|P3|60.0|0.0|0|||0|d7|v3,granite41_30b,DCv21,blind,D7-CVE-2024-45231-pypi-noble-V6,CVE-2024-45231,V6,False,pypi
D7-CVE-2024-45231-pypi-noble-V6|DCv21|granite41_30b|tracker|P3|60.0|0.0|0|||0|d7|v3,granite41_30b,DCv21,tracker,D7-CVE-2024-45231-pypi-noble-V6,CVE-2024-45231,V6,False,pypi
D7-CVE-2024-45231-pypi-noble-V6|DCv21|granite41_30b|withheld|P3|60.0|0.0|0|||0|d7|v3,granite41_30b,DCv21,withheld,D7-CVE-2024-45231-pypi-noble-V6,CVE-2024-45231,V6,False,pypi
D7-CVE-2024-52804-pypi-jammy-V2|DC|granite41_30b|blind|P3|60.0|0.0|0|||0|d7|v3,granite41_30b,DC,blind,D7-CVE-2024-52804-pypi-jammy-V2,CVE-2024-52804,V2,False,pypi
D7-CVE-2024-52804-pypi-jammy-V2|DC|granite41_30b|tracker|P3|60.0|0.0|0|||0|d7|v3,granite41_30b,DC,tracker,D7-CVE-2024-52804-pypi-jammy-V2,CVE-2024-52804,V2,False,pypi
D7-CVE-2024-52804-pypi-jammy-V2|DC|granite41_30b|withheld|P3|60.0|0.0|0|||0|d7|v3,granite41_30b,DC,withheld,D7-CVE-2024-52804-pypi-jammy-V2,CVE-2024-52804,V2,False,pypi
D7-CVE-2024-52804-pypi-jammy-V2|DCv21|granite41_30b|blind|P3|60.0|0.0|0|||0|d7|v3,granite41_30b,DCv21,blind,D7-CVE-2024-52804-pypi-jammy-V2,CVE-2024-52804,V2,False,pypi
D7-CVE-2024-52804-pypi-jammy-V2|DCv21|granite41_30b|tracker|P3|60.0|0.0|0|||0|d7|v3,granite41_30b,DCv21,tracker,D7-CVE-2024-52804-pypi-jammy-V2,CVE-2024-52804,V2,False,pypi
D7-CVE-2024-52804-pypi-jammy-V2|DCv21|granite41_30b|withheld|P3|60.0|0.0|0|||0|d7|v3,granite41_30b,DCv21,withheld,D7-CVE-2024-52804-pypi-jammy-V2,CVE-2024-52804,V2,False,pypi
D7-CVE-2024-7347-deb-ubuntu-noble-V2|DC|granite41_30b|blind|P3|60.0|0.0|0|||0|d7|v3,granite41_30b,DC,blind,D7-CVE-2024-7347-deb-ubuntu-noble-V2,CVE-2024-7347,V2,False,deb-ubuntu
D7-CVE-2024-7347-deb-ubuntu-noble-V2|DC|granite41_30b|tracker|P3|60.0|0.0|0|||0|d7|v3,granite41_30b,DC,tracker,D7-CVE-2024-7347-deb-ubuntu-noble-V2,CVE-2024-7347,V2,False,deb-ubuntu
D7-CVE-2024-7347-deb-ubuntu-noble-V2|DC|granite41_30b|withheld|P3|60.0|0.0|0|||0|d7|v3,granite41_30b,DC,withheld,D7-CVE-2024-7347-deb-ubuntu-noble-V2,CVE-2024-7347,V2,False,deb-ubuntu
D7-CVE-2024-7347-deb-ubuntu-noble-V2|DCv21|granite41_30b|blind|P3|60.0|0.0|0|||0|d7|v3,granite41_30b,DCv21,blind,D7-CVE-2024-7347-deb-ubuntu-noble-V2,CVE-2024-7347,V2,False,deb-ubuntu
D7-CVE-2024-7347-deb-ubuntu-noble-V2|DCv21|granite41_30b|tracker|P3|60.0|0.0|0|||0|d7|v3,granite41_30b,DCv21,tracker,D7-CVE-2024-7347-deb-ubuntu-noble-V2,CVE-2024-7347,V2,False,deb-ubuntu
D7-CVE-2024-7347-deb-ubuntu-noble-V2|DCv21|granite41_30b|withheld|P3|60.0|0.0|0|||0|d7|v3,granite41_30b,DCv21,withheld,D7-CVE-2024-7347-deb-ubuntu-noble-V2,CVE-2024-7347,V2,False,deb-ubuntu
D7-CVE-2025-24813-vendor-jammy-V8|DC|granite41_30b|blind|P3|60.0|0.0|0|||0|d7|v3,granite41_30b,DC,blind,D7-CVE-2025-24813-vendor-jammy-V8,CVE-2025-24813,V8,False,vendor
D7-CVE-2025-24813-vendor-jammy-V8|DC|granite41_30b|tracker|P3|60.0|0.0|0|||0|d7|v3,granite41_30b,DC,tracker,D7-CVE-2025-24813-vendor-jammy-V8,CVE-2025-24813,V8,False,vendor
D7-CVE-2025-24813-vendor-jammy-V8|DC|granite41_30b|withheld|P3|60.0|0.0|0|||0|d7|v3,granite41_30b,DC,withheld,D7-CVE-2025-24813-vendor-jammy-V8,CVE-2025-24813,V8,False,vendor
D7-CVE-2025-24813-vendor-jammy-V8|DCv21|granite41_30b|blind|P3|60.0|0.0|0|||0|d7|v3,granite41_30b,DCv21,blind,D7-CVE-2025-24813-vendor-jammy-V8,CVE-2025-24813,V8,False,vendor
D7-CVE-2025-24813-vendor-jammy-V8|DCv21|granite41_30b|tracker|P3|60.0|0.0|0|||0|d7|v3,granite41_30b,DCv21,tracker,D7-CVE-2025-24813-vendor-jammy-V8,CVE-2025-24813,V8,False,vendor
D7-CVE-2025-24813-vendor-jammy-V8|DCv21|granite41_30b|withheld|P3|60.0|0.0|0|||0|d7|v3,granite41_30b,DCv21,withheld,D7-CVE-2025-24813-vendor-jammy-V8,CVE-2025-24813,V8,False,vendor
D7-CVE-2025-49630-deb-ubuntu-noble-V4|DC|granite41_30b|blind|P3|60.0|0.0|0|||0|d7|v3,granite41_30b,DC,blind,D7-CVE-2025-49630-deb-ubuntu-noble-V4,CVE-2025-49630,V4,False,deb-ubuntu
D7-CVE-2025-49630-deb-ubuntu-noble-V4|DC|granite41_30b|tracker|P3|60.0|0.0|0|||0|d7|v3,granite41_30b,DC,tracker,D7-CVE-2025-49630-deb-ubuntu-noble-V4,CVE-2025-49630,V4,False,deb-ubuntu
D7-CVE-2025-49630-deb-ubuntu-noble-V4|DC|granite41_30b|withheld|P3|60.0|0.0|0|||0|d7|v3,granite41_30b,DC,withheld,D7-CVE-2025-49630-deb-ubuntu-noble-V4,CVE-2025-49630,V4,False,deb-ubuntu
D7-CVE-2025-49630-deb-ubuntu-noble-V4|DCv21|granite41_30b|blind|P3|60.0|0.0|0|||0|d7|v3,granite41_30b,DCv21,blind,D7-CVE-2025-49630-deb-ubuntu-noble-V4,CVE-2025-49630,V4,False,deb-ubuntu
D7-CVE-2025-49630-deb-ubuntu-noble-V4|DCv21|granite41_30b|tracker|P3|60.0|0.0|0|||0|d7|v3,granite41_30b,DCv21,tracker,D7-CVE-2025-49630-deb-ubuntu-noble-V4,CVE-2025-49630,V4,False,deb-ubuntu
D7-CVE-2025-49630-deb-ubuntu-noble-V4|DCv21|granite41_30b|withheld|P3|60.0|0.0|0|||0|d7|v3,granite41_30b,DCv21,withheld,D7-CVE-2025-49630-deb-ubuntu-noble-V4,CVE-2025-49630,V4,False,deb-ubuntu
D7-CVE-2026-2340-deb-ubuntu-noble-V1|DC|granite41_30b|blind|P3|60.0|0.0|0|||0|d7|v3,granite41_30b,DC,blind,D7-CVE-2026-2340-deb-ubuntu-noble-V1,CVE-2026-2340,V1,False,deb-ubuntu
D7-CVE-2026-2340-deb-ubuntu-noble-V1|DC|granite41_30b|tracker|P3|60.0|0.0|0|||0|d7|v3,granite41_30b,DC,tracker,D7-CVE-2026-2340-deb-ubuntu-noble-V1,CVE-2026-2340,V1,False,deb-ubuntu
D7-CVE-2026-2340-deb-ubuntu-noble-V1|DC|granite41_30b|withheld|P3|60.0|0.0|0|||0|d7|v3,granite41_30b,DC,withheld,D7-CVE-2026-2340-deb-ubuntu-noble-V1,CVE-2026-2340,V1,False,deb-ubuntu
D7-CVE-2026-2340-deb-ubuntu-noble-V1|DCv21|granite41_30b|blind|P3|60.0|0.0|0|||0|d7|v3,granite41_30b,DCv21,blind,D7-CVE-2026-2340-deb-ubuntu-noble-V1,CVE-2026-2340,V1,False,deb-ubuntu
D7-CVE-2026-2340-deb-ubuntu-noble-V1|DCv21|granite41_30b|tracker|P3|60.0|0.0|0|||0|d7|v3,granite41_30b,DCv21,tracker,D7-CVE-2026-2340-deb-ubuntu-noble-V1,CVE-2026-2340,V1,False,deb-ubuntu
D7-CVE-2026-2340-deb-ubuntu-noble-V1|DCv21|granite41_30b|withheld|P3|60.0|0.0|0|||0|d7|v3,granite41_30b,DCv21,withheld,D7-CVE-2026-2340-deb-ubuntu-noble-V1,CVE-2026-2340,V1,False,deb-ubuntu
D7-CVE-2026-40110-pypi-noble-V2-b2|DC|granite41_30b|blind|P3|60.0|0.0|0|||0|d7|v3,granite41_30b,DC,blind,D7-CVE-2026-40110-pypi-noble-V2-b2,CVE-2026-40110,V2,False,pypi
D7-CVE-2026-40110-pypi-noble-V2-b2|DC|granite41_30b|tracker|P3|60.0|0.0|0|||0|d7|v3,granite41_30b,DC,tracker,D7-CVE-2026-40110-pypi-noble-V2-b2,CVE-2026-40110,V2,False,pypi
D7-CVE-2026-40110-pypi-noble-V2-b2|DC|granite41_30b|withheld|P3|60.0|0.0|0|||0|d7|v3,granite41_30b,DC,withheld,D7-CVE-2026-40110-pypi-noble-V2-b2,CVE-2026-40110,V2,False,pypi
D7-CVE-2026-40110-pypi-noble-V2-b2|DCv21|granite41_30b|blind|P3|60.0|0.0|0|||0|d7|v3,granite41_30b,DCv21,blind,D7-CVE-2026-40110-pypi-noble-V2-b2,CVE-2026-40110,V2,False,pypi
D7-CVE-2026-40110-pypi-noble-V2-b2|DCv21|granite41_30b|tracker|P3|60.0|0.0|0|||0|d7|v3,granite41_30b,DCv21,tracker,D7-CVE-2026-40110-pypi-noble-V2-b2,CVE-2026-40110,V2,False,pypi
D7-CVE-2026-40110-pypi-noble-V2-b2|DCv21|granite41_30b|withheld|P3|60.0|0.0|0|||0|d7|v3,granite41_30b,DCv21,withheld,D7-CVE-2026-40110-pypi-noble-V2-b2,CVE-2026-40110,V2,False,pypi
D7-CVE-2026-42198-maven-jammy-V2-b2|DC|granite41_30b|blind|P3|60.0|0.0|0|||0|d7|v3,granite41_30b,DC,blind,D7-CVE-2026-42198-maven-jammy-V2-b2,CVE-2026-42198,V2,False,maven
D7-CVE-2026-42198-maven-jammy-V2-b2|DC|granite41_30b|tracker|P3|60.0|0.0|0|||0|d7|v3,granite41_30b,DC,tracker,D7-CVE-2026-42198-maven-jammy-V2-b2,CVE-2026-42198,V2,False,maven
D7-CVE-2026-42198-maven-jammy-V2-b2|DC|granite41_30b|withheld|P3|60.0|0.0|0|||0|d7|v3,granite41_30b,DC,withheld,D7-CVE-2026-42198-maven-jammy-V2-b2,CVE-2026-42198,V2,False,maven
D7-CVE-2026-42198-maven-jammy-V2-b2|DCv21|granite41_30b|blind|P3|60.0|0.0|0|||0|d7|v3,granite41_30b,DCv21,blind,D7-CVE-2026-42198-maven-jammy-V2-b2,CVE-2026-42198,V2,False,maven
D7-CVE-2026-42198-maven-jammy-V2-b2|DCv21|granite41_30b|tracker|P3|60.0|0.0|0|||0|d7|v3,granite41_30b,DCv21,tracker,D7-CVE-2026-42198-maven-jammy-V2-b2,CVE-2026-42198,V2,False,maven
D7-CVE-2026-42198-maven-jammy-V2-b2|DCv21|granite41_30b|withheld|P3|60.0|0.0|0|||0|d7|v3,granite41_30b,DCv21,withheld,D7-CVE-2026-42198-maven-jammy-V2-b2,CVE-2026-42198,V2,False,maven
D7-CVE-2026-49268-maven-jammy-V6|DC|granite41_30b|blind|P3|60.0|0.0|0|||0|d7|v3,granite41_30b,DC,blind,D7-CVE-2026-49268-maven-jammy-V6,CVE-2026-49268,V6,False,maven
D7-CVE-2026-49268-maven-jammy-V6|DC|granite41_30b|tracker|P3|60.0|0.0|0|||0|d7|v3,granite41_30b,DC,tracker,D7-CVE-2026-49268-maven-jammy-V6,CVE-2026-49268,V6,False,maven
D7-CVE-2026-49268-maven-jammy-V6|DC|granite41_30b|withheld|P3|60.0|0.0|0|||0|d7|v3,granite41_30b,DC,withheld,D7-CVE-2026-49268-maven-jammy-V6,CVE-2026-49268,V6,False,maven
D7-CVE-2026-49268-maven-jammy-V6|DCv21|granite41_30b|blind|P3|60.0|0.0|0|||0|d7|v3,granite41_30b,DCv21,blind,D7-CVE-2026-49268-maven-jammy-V6,CVE-2026-49268,V6,False,maven
D7-CVE-2026-49268-maven-jammy-V6|DCv21|granite41_30b|tracker|P3|60.0|0.0|0|||0|d7|v3,granite41_30b,DCv21,tracker,D7-CVE-2026-49268-maven-jammy-V6,CVE-2026-49268,V6,False,maven
D7-CVE-2026-49268-maven-jammy-V6|DCv21|granite41_30b|withheld|P3|60.0|0.0|0|||0|d7|v3,granite41_30b,DCv21,withheld,D7-CVE-2026-49268-maven-jammy-V6,CVE-2026-49268,V6,False,maven
D7-CVE-2026-55203-deb-ubuntu-noble-V4|DC|granite41_30b|blind|P3|60.0|0.0|0|||0|d7|v3,granite41_30b,DC,blind,D7-CVE-2026-55203-deb-ubuntu-noble-V4,CVE-2026-55203,V4,False,deb-ubuntu
D7-CVE-2026-55203-deb-ubuntu-noble-V4|DC|granite41_30b|tracker|P3|60.0|0.0|0|||0|d7|v3,granite41_30b,DC,tracker,D7-CVE-2026-55203-deb-ubuntu-noble-V4,CVE-2026-55203,V4,False,deb-ubuntu
D7-CVE-2026-55203-deb-ubuntu-noble-V4|DC|granite41_30b|withheld|P3|60.0|0.0|0|||0|d7|v3,granite41_30b,DC,withheld,D7-CVE-2026-55203-deb-ubuntu-noble-V4,CVE-2026-55203,V4,False,deb-ubuntu
D7-CVE-2026-55203-deb-ubuntu-noble-V4|DCv21|granite41_30b|blind|P3|60.0|0.0|0|||0|d7|v3,granite41_30b,DCv21,blind,D7-CVE-2026-55203-deb-ubuntu-noble-V4,CVE-2026-55203,V4,False,deb-ubuntu
D7-CVE-2026-55203-deb-ubuntu-noble-V4|DCv21|granite41_30b|tracker|P3|60.0|0.0|0|||0|d7|v3,granite41_30b,DCv21,tracker,D7-CVE-2026-55203-deb-ubuntu-noble-V4,CVE-2026-55203,V4,False,deb-ubuntu
D7-CVE-2026-55203-deb-ubuntu-noble-V4|DCv21|granite41_30b|withheld|P3|60.0|0.0|0|||0|d7|v3,granite41_30b,DCv21,withheld,D7-CVE-2026-55203-deb-ubuntu-noble-V4,CVE-2026-55203,V4,False,deb-ubuntu
D7-CVE-2026-59998-deb-ubuntu-noble-V6|DC|granite41_30b|blind|P3|60.0|0.0|0|||0|d7|v3,granite41_30b,DC,blind,D7-CVE-2026-59998-deb-ubuntu-noble-V6,CVE-2026-59998,V6,False,deb-ubuntu
D7-CVE-2026-59998-deb-ubuntu-noble-V6|DC|granite41_30b|tracker|P3|60.0|0.0|0|||0|d7|v3,granite41_30b,DC,tracker,D7-CVE-2026-59998-deb-ubuntu-noble-V6,CVE-2026-59998,V6,False,deb-ubuntu
D7-CVE-2026-59998-deb-ubuntu-noble-V6|DC|granite41_30b|withheld|P3|60.0|0.0|0|||0|d7|v3,granite41_30b,DC,withheld,D7-CVE-2026-59998-deb-ubuntu-noble-V6,CVE-2026-59998,V6,False,deb-ubuntu
D7-CVE-2026-59998-deb-ubuntu-noble-V6|DCv21|granite41_30b|blind|P3|60.0|0.0|0|||0|d7|v3,granite41_30b,DCv21,blind,D7-CVE-2026-59998-deb-ubuntu-noble-V6,CVE-2026-59998,V6,False,deb-ubuntu
D7-CVE-2026-59998-deb-ubuntu-noble-V6|DCv21|granite41_30b|tracker|P3|60.0|0.0|0|||0|d7|v3,granite41_30b,DCv21,tracker,D7-CVE-2026-59998-deb-ubuntu-noble-V6,CVE-2026-59998,V6,False,deb-ubuntu
D7-CVE-2026-59998-deb-ubuntu-noble-V6|DCv21|granite41_30b|withheld|P3|60.0|0.0|0|||0|d7|v3,granite41_30b,DCv21,withheld,D7-CVE-2026-59998-deb-ubuntu-noble-V6,CVE-2026-59998,V6,False,deb-ubuntu
D7-CVE-2026-64849-pypi-jammy-V2-b2|DC|granite41_30b|blind|P3|60.0|0.0|0|||0|d7|v3,granite41_30b,DC,blind,D7-CVE-2026-64849-pypi-jammy-V2-b2,CVE-2026-64849,V2,False,pypi
D7-CVE-2026-64849-pypi-jammy-V2-b2|DC|granite41_30b|tracker|P3|60.0|0.0|0|||0|d7|v3,granite41_30b,DC,tracker,D7-CVE-2026-64849-pypi-jammy-V2-b2,CVE-2026-64849,V2,False,pypi
D7-CVE-2026-64849-pypi-jammy-V2-b2|DC|granite41_30b|withheld|P3|60.0|0.0|0|||0|d7|v3,granite41_30b,DC,withheld,D7-CVE-2026-64849-pypi-jammy-V2-b2,CVE-2026-64849,V2,False,pypi
D7-CVE-2026-64849-pypi-jammy-V2-b2|DCv21|granite41_30b|blind|P3|60.0|0.0|0|||0|d7|v3,granite41_30b,DCv21,blind,D7-CVE-2026-64849-pypi-jammy-V2-b2,CVE-2026-64849,V2,False,pypi
D7-CVE-2026-64849-pypi-jammy-V2-b2|DCv21|granite41_30b|tracker|P3|60.0|0.0|0|||0|d7|v3,granite41_30b,DCv21,tracker,D7-CVE-2026-64849-pypi-jammy-V2-b2,CVE-2026-64849,V2,False,pypi
D7-CVE-2026-64849-pypi-jammy-V2-b2|DCv21|granite41_30b|withheld|P3|60.0|0.0|0|||0|d7|v3,granite41_30b,DCv21,withheld,D7-CVE-2026-64849-pypi-jammy-V2-b2,CVE-2026-64849,V2,False,pypi
D7-CVE-2026-64849-pypi-jammy-V3|DC|granite41_30b|blind|P3|60.0|0.0|0|||0|d7|v3,granite41_30b,DC,blind,D7-CVE-2026-64849-pypi-jammy-V3,CVE-2026-64849,V3,False,pypi
D7-CVE-2026-64849-pypi-jammy-V3|DC|granite41_30b|tracker|P3|60.0|0.0|0|||0|d7|v3,granite41_30b,DC,tracker,D7-CVE-2026-64849-pypi-jammy-V3,CVE-2026-64849,V3,False,pypi
D7-CVE-2026-64849-pypi-jammy-V3|DC|granite41_30b|withheld|P3|60.0|0.0|0|||0|d7|v3,granite41_30b,DC,withheld,D7-CVE-2026-64849-pypi-jammy-V3,CVE-2026-64849,V3,False,pypi
D7-CVE-2026-64849-pypi-jammy-V3|DCv21|granite41_30b|blind|P3|60.0|0.0|0|||0|d7|v3,granite41_30b,DCv21,blind,D7-CVE-2026-64849-pypi-jammy-V3,CVE-2026-64849,V3,False,pypi
D7-CVE-2026-64849-pypi-jammy-V3|DCv21|granite41_30b|tracker|P3|60.0|0.0|0|||0|d7|v3,granite41_30b,DCv21,tracker,D7-CVE-2026-64849-pypi-jammy-V3,CVE-2026-64849,V3,False,pypi
D7-CVE-2026-64849-pypi-jammy-V3|DCv21|granite41_30b|withheld|P3|60.0|0.0|0|||0|d7|v3,granite41_30b,DCv21,withheld,D7-CVE-2026-64849-pypi-jammy-V3,CVE-2026-64849,V3,False,pypi
D7-CVE-2026-65183-vendor-noble-V8|DC|granite41_30b|blind|P3|60.0|0.0|0|||0|d7|v3,granite41_30b,DC,blind,D7-CVE-2026-65183-vendor-noble-V8,CVE-2026-65183,V8,False,vendor
D7-CVE-2026-65183-vendor-noble-V8|DC|granite41_30b|tracker|P3|60.0|0.0|0|||0|d7|v3,granite41_30b,DC,tracker,D7-CVE-2026-65183-vendor-noble-V8,CVE-2026-65183,V8,False,vendor
D7-CVE-2026-65183-vendor-noble-V8|DC|granite41_30b|withheld|P3|60.0|0.0|0|||0|d7|v3,granite41_30b,DC,withheld,D7-CVE-2026-65183-vendor-noble-V8,CVE-2026-65183,V8,False,vendor
D7-CVE-2026-65183-vendor-noble-V8|DCv21|granite41_30b|blind|P3|60.0|0.0|0|||0|d7|v3,granite41_30b,DCv21,blind,D7-CVE-2026-65183-vendor-noble-V8,CVE-2026-65183,V8,False,vendor
D7-CVE-2026-65183-vendor-noble-V8|DCv21|granite41_30b|tracker|P3|60.0|0.0|0|||0|d7|v3,granite41_30b,DCv21,tracker,D7-CVE-2026-65183-vendor-noble-V8,CVE-2026-65183,V8,False,vendor
D7-CVE-2026-65183-vendor-noble-V8|DCv21|granite41_30b|withheld|P3|60.0|0.0|0|||0|d7|v3,granite41_30b,DCv21,withheld,D7-CVE-2026-65183-vendor-noble-V8,CVE-2026-65183,V8,False,vendor
D7-CVE-2026-84645-vendor-jammy-V4|DC|granite41_30b|blind|P3|60.0|0.0|0|||0|d7|v3,granite41_30b,DC,blind,D7-CVE-2026-84645-vendor-jammy-V4,CVE-2026-84645,V4,False,vendor
D7-CVE-2026-84645-vendor-jammy-V4|DC|granite41_30b|tracker|P3|60.0|0.0|0|||0|d7|v3,granite41_30b,DC,tracker,D7-CVE-2026-84645-vendor-jammy-V4,CVE-2026-84645,V4,False,vendor
D7-CVE-2026-84645-vendor-jammy-V4|DC|granite41_30b|withheld|P3|60.0|0.0|0|||0|d7|v3,granite41_30b,DC,withheld,D7-CVE-2026-84645-vendor-jammy-V4,CVE-2026-84645,V4,False,vendor
D7-CVE-2026-84645-vendor-jammy-V4|DCv21|granite41_30b|blind|P3|60.0|0.0|0|||0|d7|v3,granite41_30b,DCv21,blind,D7-CVE-2026-84645-vendor-jammy-V4,CVE-2026-84645,V4,False,vendor
D7-CVE-2026-84645-vendor-jammy-V4|DCv21|granite41_30b|tracker|P3|60.0|0.0|0|||0|d7|v3,granite41_30b,DCv21,tracker,D7-CVE-2026-84645-vendor-jammy-V4,CVE-2026-84645,V4,False,vendor
D7-CVE-2026-84645-vendor-jammy-V4|DCv21|granite41_30b|withheld|P3|60.0|0.0|0|||0|d7|v3,granite41_30b,DCv21,withheld,D7-CVE-2026-84645-vendor-jammy-V4,CVE-2026-84645,V4,False,vendor
D7-CVE-2026-94054-deb-ubuntu-noble-V6|DC|granite41_30b|blind|P3|60.0|0.0|0|||0|d7|v3,granite41_30b,DC,blind,D7-CVE-2026-94054-deb-ubuntu-noble-V6,CVE-2026-94054,V6,False,deb-ubuntu
D7-CVE-2026-94054-deb-ubuntu-noble-V6|DC|granite41_30b|tracker|P3|60.0|0.0|0|||0|d7|v3,granite41_30b,DC,tracker,D7-CVE-2026-94054-deb-ubuntu-noble-V6,CVE-2026-94054,V6,False,deb-ubuntu
D7-CVE-2026-94054-deb-ubuntu-noble-V6|DC|granite41_30b|withheld|P3|60.0|0.0|0|||0|d7|v3,granite41_30b,DC,withheld,D7-CVE-2026-94054-deb-ubuntu-noble-V6,CVE-2026-94054,V6,False,deb-ubuntu
D7-CVE-2026-94054-deb-ubuntu-noble-V6|DCv21|granite41_30b|blind|P3|60.0|0.0|0|||0|d7|v3,granite41_30b,DCv21,blind,D7-CVE-2026-94054-deb-ubuntu-noble-V6,CVE-2026-94054,V6,False,deb-ubuntu
D7-CVE-2026-94054-deb-ubuntu-noble-V6|DCv21|granite41_30b|tracker|P3|60.0|0.0|0|||0|d7|v3,granite41_30b,DCv21,tracker,D7-CVE-2026-94054-deb-ubuntu-noble-V6,CVE-2026-94054,V6,False,deb-ubuntu
D7-CVE-2026-94054-deb-ubuntu-noble-V6|DCv21|granite41_30b|withheld|P3|60.0|0.0|0|||0|d7|v3,granite41_30b,DCv21,withheld,D7-CVE-2026-94054-deb-ubuntu-noble-V6,CVE-2026-94054,V6,False,deb-ubuntu
D7-CVE-2018-1000861-vendor-jammy-V6|DC|granite41_8b|blind|P3|60.0|0.0|0|||0|d7|v3,granite41_8b,DC,blind,D7-CVE-2018-1000861-vendor-jammy-V6,CVE-2018-1000861,V6,False,vendor
D7-CVE-2018-1000861-vendor-jammy-V6|DC|granite41_8b|tracker|P3|60.0|0.0|0|||0|d7|v3,granite41_8b,DC,tracker,D7-CVE-2018-1000861-vendor-jammy-V6,CVE-2018-1000861,V6,False,vendor
D7-CVE-2018-1000861-vendor-jammy-V6|DC|granite41_8b|withheld|P3|60.0|0.0|0|||0|d7|v3,granite41_8b,DC,withheld,D7-CVE-2018-1000861-vendor-jammy-V6,CVE-2018-1000861,V6,False,vendor
D7-CVE-2018-1000861-vendor-jammy-V6|DCv21|granite41_8b|blind|P3|60.0|0.0|0|||0|d7|v3,granite41_8b,DCv21,blind,D7-CVE-2018-1000861-vendor-jammy-V6,CVE-2018-1000861,V6,False,vendor
D7-CVE-2018-1000861-vendor-jammy-V6|DCv21|granite41_8b|tracker|P3|60.0|0.0|0|||0|d7|v3,granite41_8b,DCv21,tracker,D7-CVE-2018-1000861-vendor-jammy-V6,CVE-2018-1000861,V6,False,vendor
D7-CVE-2018-1000861-vendor-jammy-V6|DCv21|granite41_8b|withheld|P3|60.0|0.0|0|||0|d7|v3,granite41_8b,DCv21,withheld,D7-CVE-2018-1000861-vendor-jammy-V6,CVE-2018-1000861,V6,False,vendor
D7-CVE-2020-1747-pypi-jammy-V2|DC|granite41_8b|blind|P3|60.0|0.0|0|||0|d7|v3,granite41_8b,DC,blind,D7-CVE-2020-1747-pypi-jammy-V2,CVE-2020-1747,V2,False,pypi
D7-CVE-2020-1747-pypi-jammy-V2|DC|granite41_8b|tracker|P3|60.0|0.0|0|||0|d7|v3,granite41_8b,DC,tracker,D7-CVE-2020-1747-pypi-jammy-V2,CVE-2020-1747,V2,False,pypi
D7-CVE-2020-1747-pypi-jammy-V2|DC|granite41_8b|withheld|P3|60.0|0.0|0|||0|d7|v3,granite41_8b,DC,withheld,D7-CVE-2020-1747-pypi-jammy-V2,CVE-2020-1747,V2,False,pypi
D7-CVE-2020-1747-pypi-jammy-V2|DCv21|granite41_8b|blind|P3|60.0|0.0|0|||0|d7|v3,granite41_8b,DCv21,blind,D7-CVE-2020-1747-pypi-jammy-V2,CVE-2020-1747,V2,False,pypi
D7-CVE-2020-1747-pypi-jammy-V2|DCv21|granite41_8b|tracker|P3|60.0|0.0|0|||0|d7|v3,granite41_8b,DCv21,tracker,D7-CVE-2020-1747-pypi-jammy-V2,CVE-2020-1747,V2,False,pypi
D7-CVE-2020-1747-pypi-jammy-V2|DCv21|granite41_8b|withheld|P3|60.0|0.0|0|||0|d7|v3,granite41_8b,DCv21,withheld,D7-CVE-2020-1747-pypi-jammy-V2,CVE-2020-1747,V2,False,pypi
D7-CVE-2021-45105-maven-noble-V2-b2|DC|granite41_8b|blind|P3|60.0|0.0|0|||0|d7|v3,granite41_8b,DC,blind,D7-CVE-2021-45105-maven-noble-V2-b2,CVE-2021-45105,V2,False,maven
D7-CVE-2021-45105-maven-noble-V2-b2|DC|granite41_8b|tracker|P3|60.0|0.0|0|||0|d7|v3,granite41_8b,DC,tracker,D7-CVE-2021-45105-maven-noble-V2-b2,CVE-2021-45105,V2,False,maven
D7-CVE-2021-45105-maven-noble-V2-b2|DC|granite41_8b|withheld|P3|60.0|0.0|0|||0|d7|v3,granite41_8b,DC,withheld,D7-CVE-2021-45105-maven-noble-V2-b2,CVE-2021-45105,V2,False,maven
D7-CVE-2021-45105-maven-noble-V2-b2|DCv21|granite41_8b|blind|P3|60.0|0.0|0|||0|d7|v3,granite41_8b,DCv21,blind,D7-CVE-2021-45105-maven-noble-V2-b2,CVE-2021-45105,V2,False,maven
D7-CVE-2021-45105-maven-noble-V2-b2|DCv21|granite41_8b|tracker|P3|60.0|0.0|0|||0|d7|v3,granite41_8b,DCv21,tracker,D7-CVE-2021-45105-maven-noble-V2-b2,CVE-2021-45105,V2,False,maven
D7-CVE-2021-45105-maven-noble-V2-b2|DCv21|granite41_8b|withheld|P3|60.0|0.0|0|||0|d7|v3,granite41_8b,DCv21,withheld,D7-CVE-2021-45105-maven-noble-V2-b2,CVE-2021-45105,V2,False,maven
D7-CVE-2022-41741-deb-ubuntu-jammy-V2|DC|granite41_8b|blind|P3|60.0|0.0|0|||0|d7|v3,granite41_8b,DC,blind,D7-CVE-2022-41741-deb-ubuntu-jammy-V2,CVE-2022-41741,V2,False,deb-ubuntu
D7-CVE-2022-41741-deb-ubuntu-jammy-V2|DC|granite41_8b|tracker|P3|60.0|0.0|0|||0|d7|v3,granite41_8b,DC,tracker,D7-CVE-2022-41741-deb-ubuntu-jammy-V2,CVE-2022-41741,V2,False,deb-ubuntu
D7-CVE-2022-41741-deb-ubuntu-jammy-V2|DC|granite41_8b|withheld|P3|60.0|0.0|0|||0|d7|v3,granite41_8b,DC,withheld,D7-CVE-2022-41741-deb-ubuntu-jammy-V2,CVE-2022-41741,V2,False,deb-ubuntu
D7-CVE-2022-41741-deb-ubuntu-jammy-V2|DCv21|granite41_8b|blind|P3|60.0|0.0|0|||0|d7|v3,granite41_8b,DCv21,blind,D7-CVE-2022-41741-deb-ubuntu-jammy-V2,CVE-2022-41741,V2,False,deb-ubuntu
D7-CVE-2022-41741-deb-ubuntu-jammy-V2|DCv21|granite41_8b|tracker|P3|60.0|0.0|0|||0|d7|v3,granite41_8b,DCv21,tracker,D7-CVE-2022-41741-deb-ubuntu-jammy-V2,CVE-2022-41741,V2,False,deb-ubuntu
D7-CVE-2022-41741-deb-ubuntu-jammy-V2|DCv21|granite41_8b|withheld|P3|60.0|0.0|0|||0|d7|v3,granite41_8b,DCv21,withheld,D7-CVE-2022-41741-deb-ubuntu-jammy-V2,CVE-2022-41741,V2,False,deb-ubuntu
D7-CVE-2022-41741-deb-ubuntu-noble-V1|DC|granite41_8b|blind|P3|60.0|0.0|0|||0|d7|v3,granite41_8b,DC,blind,D7-CVE-2022-41741-deb-ubuntu-noble-V1,CVE-2022-41741,V1,False,deb-ubuntu
D7-CVE-2022-41741-deb-ubuntu-noble-V1|DC|granite41_8b|tracker|P3|60.0|0.0|0|||0|d7|v3,granite41_8b,DC,tracker,D7-CVE-2022-41741-deb-ubuntu-noble-V1,CVE-2022-41741,V1,False,deb-ubuntu
D7-CVE-2022-41741-deb-ubuntu-noble-V1|DC|granite41_8b|withheld|P3|60.0|0.0|0|||0|d7|v3,granite41_8b,DC,withheld,D7-CVE-2022-41741-deb-ubuntu-noble-V1,CVE-2022-41741,V1,False,deb-ubuntu
D7-CVE-2022-41741-deb-ubuntu-noble-V1|DCv21|granite41_8b|blind|P3|60.0|0.0|0|||0|d7|v3,granite41_8b,DCv21,blind,D7-CVE-2022-41741-deb-ubuntu-noble-V1,CVE-2022-41741,V1,False,deb-ubuntu
D7-CVE-2022-41741-deb-ubuntu-noble-V1|DCv21|granite41_8b|tracker|P3|60.0|0.0|0|||0|d7|v3,granite41_8b,DCv21,tracker,D7-CVE-2022-41741-deb-ubuntu-noble-V1,CVE-2022-41741,V1,False,deb-ubuntu
D7-CVE-2022-41741-deb-ubuntu-noble-V1|DCv21|granite41_8b|withheld|P3|60.0|0.0|0|||0|d7|v3,granite41_8b,DCv21,withheld,D7-CVE-2022-41741-deb-ubuntu-noble-V1,CVE-2022-41741,V1,False,deb-ubuntu
D7-CVE-2024-1597-maven-jammy-V2-b2|DC|granite41_8b|blind|P3|60.0|0.0|0|||0|d7|v3,granite41_8b,DC,blind,D7-CVE-2024-1597-maven-jammy-V2-b2,CVE-2024-1597,V2,False,maven
D7-CVE-2024-1597-maven-jammy-V2-b2|DC|granite41_8b|tracker|P3|60.0|0.0|0|||0|d7|v3,granite41_8b,DC,tracker,D7-CVE-2024-1597-maven-jammy-V2-b2,CVE-2024-1597,V2,False,maven
D7-CVE-2024-1597-maven-jammy-V2-b2|DC|granite41_8b|withheld|P3|60.0|0.0|0|||0|d7|v3,granite41_8b,DC,withheld,D7-CVE-2024-1597-maven-jammy-V2-b2,CVE-2024-1597,V2,False,maven
D7-CVE-2024-1597-maven-jammy-V2-b2|DCv21|granite41_8b|blind|P3|60.0|0.0|0|||0|d7|v3,granite41_8b,DCv21,blind,D7-CVE-2024-1597-maven-jammy-V2-b2,CVE-2024-1597,V2,False,maven
D7-CVE-2024-1597-maven-jammy-V2-b2|DCv21|granite41_8b|tracker|P3|60.0|0.0|0|||0|d7|v3,granite41_8b,DCv21,tracker,D7-CVE-2024-1597-maven-jammy-V2-b2,CVE-2024-1597,V2,False,maven
D7-CVE-2024-1597-maven-jammy-V2-b2|DCv21|granite41_8b|withheld|P3|60.0|0.0|0|||0|d7|v3,granite41_8b,DCv21,withheld,D7-CVE-2024-1597-maven-jammy-V2-b2,CVE-2024-1597,V2,False,maven
D7-CVE-2024-1597-maven-noble-V3|DC|granite41_8b|blind|P3|60.0|0.0|0|||0|d7|v3,granite41_8b,DC,blind,D7-CVE-2024-1597-maven-noble-V3,CVE-2024-1597,V3,False,maven
D7-CVE-2024-1597-maven-noble-V3|DC|granite41_8b|tracker|P3|60.0|0.0|0|||0|d7|v3,granite41_8b,DC,tracker,D7-CVE-2024-1597-maven-noble-V3,CVE-2024-1597,V3,False,maven
D7-CVE-2024-1597-maven-noble-V3|DC|granite41_8b|withheld|P3|60.0|0.0|0|||0|d7|v3,granite41_8b,DC,withheld,D7-CVE-2024-1597-maven-noble-V3,CVE-2024-1597,V3,False,maven
D7-CVE-2024-1597-maven-noble-V3|DCv21|granite41_8b|blind|P3|60.0|0.0|0|||0|d7|v3,granite41_8b,DCv21,blind,D7-CVE-2024-1597-maven-noble-V3,CVE-2024-1597,V3,False,maven
D7-CVE-2024-1597-maven-noble-V3|DCv21|granite41_8b|tracker|P3|60.0|0.0|0|||0|d7|v3,granite41_8b,DCv21,tracker,D7-CVE-2024-1597-maven-noble-V3,CVE-2024-1597,V3,False,maven
D7-CVE-2024-1597-maven-noble-V3|DCv21|granite41_8b|withheld|P3|60.0|0.0|0|||0|d7|v3,granite41_8b,DCv21,withheld,D7-CVE-2024-1597-maven-noble-V3,CVE-2024-1597,V3,False,maven
D7-CVE-2024-38475-deb-ubuntu-jammy-V2|DC|granite41_8b|blind|P3|60.0|0.0|0|||0|d7|v3,granite41_8b,DC,blind,D7-CVE-2024-38475-deb-ubuntu-jammy-V2,CVE-2024-38475,V2,False,deb-ubuntu
D7-CVE-2024-38475-deb-ubuntu-jammy-V2|DC|granite41_8b|tracker|P3|60.0|0.0|0|||0|d7|v3,granite41_8b,DC,tracker,D7-CVE-2024-38475-deb-ubuntu-jammy-V2,CVE-2024-38475,V2,False,deb-ubuntu
D7-CVE-2024-38475-deb-ubuntu-jammy-V2|DC|granite41_8b|withheld|P3|60.0|0.0|0|||0|d7|v3,granite41_8b,DC,withheld,D7-CVE-2024-38475-deb-ubuntu-jammy-V2,CVE-2024-38475,V2,False,deb-ubuntu
D7-CVE-2024-38475-deb-ubuntu-jammy-V2|DCv21|granite41_8b|blind|P3|60.0|0.0|0|||0|d7|v3,granite41_8b,DCv21,blind,D7-CVE-2024-38475-deb-ubuntu-jammy-V2,CVE-2024-38475,V2,False,deb-ubuntu
D7-CVE-2024-38475-deb-ubuntu-jammy-V2|DCv21|granite41_8b|tracker|P3|60.0|0.0|0|||0|d7|v3,granite41_8b,DCv21,tracker,D7-CVE-2024-38475-deb-ubuntu-jammy-V2,CVE-2024-38475,V2,False,deb-ubuntu
D7-CVE-2024-38475-deb-ubuntu-jammy-V2|DCv21|granite41_8b|withheld|P3|60.0|0.0|0|||0|d7|v3,granite41_8b,DCv21,withheld,D7-CVE-2024-38475-deb-ubuntu-jammy-V2,CVE-2024-38475,V2,False,deb-ubuntu
D7-CVE-2025-23419-deb-ubuntu-noble-V2|DC|granite41_8b|blind|P3|60.0|0.0|0|||0|d7|v3,granite41_8b,DC,blind,D7-CVE-2025-23419-deb-ubuntu-noble-V2,CVE-2025-23419,V2,False,deb-ubuntu
D7-CVE-2025-23419-deb-ubuntu-noble-V2|DC|granite41_8b|tracker|P3|60.0|0.0|0|||0|d7|v3,granite41_8b,DC,tracker,D7-CVE-2025-23419-deb-ubuntu-noble-V2,CVE-2025-23419,V2,False,deb-ubuntu
D7-CVE-2025-23419-deb-ubuntu-noble-V2|DC|granite41_8b|withheld|P3|60.0|0.0|0|||0|d7|v3,granite41_8b,DC,withheld,D7-CVE-2025-23419-deb-ubuntu-noble-V2,CVE-2025-23419,V2,False,deb-ubuntu
D7-CVE-2025-23419-deb-ubuntu-noble-V2|DCv21|granite41_8b|blind|P3|60.0|0.0|0|||0|d7|v3,granite41_8b,DCv21,blind,D7-CVE-2025-23419-deb-ubuntu-noble-V2,CVE-2025-23419,V2,False,deb-ubuntu
D7-CVE-2025-23419-deb-ubuntu-noble-V2|DCv21|granite41_8b|tracker|P3|60.0|0.0|0|||0|d7|v3,granite41_8b,DCv21,tracker,D7-CVE-2025-23419-deb-ubuntu-noble-V2,CVE-2025-23419,V2,False,deb-ubuntu
D7-CVE-2025-23419-deb-ubuntu-noble-V2|DCv21|granite41_8b|withheld|P3|60.0|0.0|0|||0|d7|v3,granite41_8b,DCv21,withheld,D7-CVE-2025-23419-deb-ubuntu-noble-V2,CVE-2025-23419,V2,False,deb-ubuntu
D7-CVE-2025-32462-deb-ubuntu-jammy-V5|DC|granite41_8b|blind|P3|60.0|0.0|0|||0|d7|v3,granite41_8b,DC,blind,D7-CVE-2025-32462-deb-ubuntu-jammy-V5,CVE-2025-32462,V5,False,deb-ubuntu
D7-CVE-2025-32462-deb-ubuntu-jammy-V5|DC|granite41_8b|tracker|P3|60.0|0.0|0|||0|d7|v3,granite41_8b,DC,tracker,D7-CVE-2025-32462-deb-ubuntu-jammy-V5,CVE-2025-32462,V5,False,deb-ubuntu
D7-CVE-2025-32462-deb-ubuntu-jammy-V5|DC|granite41_8b|withheld|P3|60.0|0.0|0|||0|d7|v3,granite41_8b,DC,withheld,D7-CVE-2025-32462-deb-ubuntu-jammy-V5,CVE-2025-32462,V5,False,deb-ubuntu
D7-CVE-2025-32462-deb-ubuntu-jammy-V5|DCv21|granite41_8b|blind|P3|60.0|0.0|0|||0|d7|v3,granite41_8b,DCv21,blind,D7-CVE-2025-32462-deb-ubuntu-jammy-V5,CVE-2025-32462,V5,False,deb-ubuntu
D7-CVE-2025-32462-deb-ubuntu-jammy-V5|DCv21|granite41_8b|tracker|P3|60.0|0.0|0|||0|d7|v3,granite41_8b,DCv21,tracker,D7-CVE-2025-32462-deb-ubuntu-jammy-V5,CVE-2025-32462,V5,False,deb-ubuntu
D7-CVE-2025-32462-deb-ubuntu-jammy-V5|DCv21|granite41_8b|withheld|P3|60.0|0.0|0|||0|d7|v3,granite41_8b,DCv21,withheld,D7-CVE-2025-32462-deb-ubuntu-jammy-V5,CVE-2025-32462,V5,False,deb-ubuntu
D7-CVE-2025-48384-deb-ubuntu-jammy-V2|DC|granite41_8b|blind|P3|60.0|0.0|0|||0|d7|v3,granite41_8b,DC,blind,D7-CVE-2025-48384-deb-ubuntu-jammy-V2,CVE-2025-48384,V2,False,deb-ubuntu
D7-CVE-2025-48384-deb-ubuntu-jammy-V2|DC|granite41_8b|tracker|P3|60.0|0.0|0|||0|d7|v3,granite41_8b,DC,tracker,D7-CVE-2025-48384-deb-ubuntu-jammy-V2,CVE-2025-48384,V2,False,deb-ubuntu
D7-CVE-2025-48384-deb-ubuntu-jammy-V2|DC|granite41_8b|withheld|P3|60.0|0.0|0|||0|d7|v3,granite41_8b,DC,withheld,D7-CVE-2025-48384-deb-ubuntu-jammy-V2,CVE-2025-48384,V2,False,deb-ubuntu
D7-CVE-2025-48384-deb-ubuntu-jammy-V2|DCv21|granite41_8b|blind|P3|60.0|0.0|0|||0|d7|v3,granite41_8b,DCv21,blind,D7-CVE-2025-48384-deb-ubuntu-jammy-V2,CVE-2025-48384,V2,False,deb-ubuntu
D7-CVE-2025-48384-deb-ubuntu-jammy-V2|DCv21|granite41_8b|tracker|P3|60.0|0.0|0|||0|d7|v3,granite41_8b,DCv21,tracker,D7-CVE-2025-48384-deb-ubuntu-jammy-V2,CVE-2025-48384,V2,False,deb-ubuntu
D7-CVE-2025-48384-deb-ubuntu-jammy-V2|DCv21|granite41_8b|withheld|P3|60.0|0.0|0|||0|d7|v3,granite41_8b,DCv21,withheld,D7-CVE-2025-48384-deb-ubuntu-jammy-V2,CVE-2025-48384,V2,False,deb-ubuntu
D7-CVE-2025-49812-deb-ubuntu-noble-V6|DC|granite41_8b|blind|P3|60.0|0.0|0|||0|d7|v3,granite41_8b,DC,blind,D7-CVE-2025-49812-deb-ubuntu-noble-V6,CVE-2025-49812,V6,False,deb-ubuntu
D7-CVE-2025-49812-deb-ubuntu-noble-V6|DC|granite41_8b|tracker|P3|60.0|0.0|0|||0|d7|v3,granite41_8b,DC,tracker,D7-CVE-2025-49812-deb-ubuntu-noble-V6,CVE-2025-49812,V6,False,deb-ubuntu
D7-CVE-2025-49812-deb-ubuntu-noble-V6|DC|granite41_8b|withheld|P3|60.0|0.0|0|||0|d7|v3,granite41_8b,DC,withheld,D7-CVE-2025-49812-deb-ubuntu-noble-V6,CVE-2025-49812,V6,False,deb-ubuntu
D7-CVE-2025-49812-deb-ubuntu-noble-V6|DCv21|granite41_8b|blind|P3|60.0|0.0|0|||0|d7|v3,granite41_8b,DCv21,blind,D7-CVE-2025-49812-deb-ubuntu-noble-V6,CVE-2025-49812,V6,False,deb-ubuntu
D7-CVE-2025-49812-deb-ubuntu-noble-V6|DCv21|granite41_8b|tracker|P3|60.0|0.0|0|||0|d7|v3,granite41_8b,DCv21,tracker,D7-CVE-2025-49812-deb-ubuntu-noble-V6,CVE-2025-49812,V6,False,deb-ubuntu
D7-CVE-2025-49812-deb-ubuntu-noble-V6|DCv21|granite41_8b|withheld|P3|60.0|0.0|0|||0|d7|v3,granite41_8b,DCv21,withheld,D7-CVE-2025-49812-deb-ubuntu-noble-V6,CVE-2025-49812,V6,False,deb-ubuntu
D7-CVE-2025-8714-deb-ubuntu-jammy-V2|DC|granite41_8b|blind|P3|60.0|0.0|0|||0|d7|v3,granite41_8b,DC,blind,D7-CVE-2025-8714-deb-ubuntu-jammy-V2,CVE-2025-8714,V2,False,deb-ubuntu
D7-CVE-2025-8714-deb-ubuntu-jammy-V2|DC|granite41_8b|tracker|P3|60.0|0.0|0|||0|d7|v3,granite41_8b,DC,tracker,D7-CVE-2025-8714-deb-ubuntu-jammy-V2,CVE-2025-8714,V2,False,deb-ubuntu
D7-CVE-2025-8714-deb-ubuntu-jammy-V2|DC|granite41_8b|withheld|P3|60.0|0.0|0|||0|d7|v3,granite41_8b,DC,withheld,D7-CVE-2025-8714-deb-ubuntu-jammy-V2,CVE-2025-8714,V2,False,deb-ubuntu
D7-CVE-2025-8714-deb-ubuntu-jammy-V2|DCv21|granite41_8b|blind|P3|60.0|0.0|0|||0|d7|v3,granite41_8b,DCv21,blind,D7-CVE-2025-8714-deb-ubuntu-jammy-V2,CVE-2025-8714,V2,False,deb-ubuntu
D7-CVE-2025-8714-deb-ubuntu-jammy-V2|DCv21|granite41_8b|tracker|P3|60.0|0.0|0|||0|d7|v3,granite41_8b,DCv21,tracker,D7-CVE-2025-8714-deb-ubuntu-jammy-V2,CVE-2025-8714,V2,False,deb-ubuntu
D7-CVE-2025-8714-deb-ubuntu-jammy-V2|DCv21|granite41_8b|withheld|P3|60.0|0.0|0|||0|d7|v3,granite41_8b,DCv21,withheld,D7-CVE-2025-8714-deb-ubuntu-jammy-V2,CVE-2025-8714,V2,False,deb-ubuntu
D7-CVE-2026-10051-maven-noble-V6|DC|granite41_8b|blind|P3|60.0|0.0|0|||0|d7|v3,granite41_8b,DC,blind,D7-CVE-2026-10051-maven-noble-V6,CVE-2026-10051,V6,False,maven
D7-CVE-2026-10051-maven-noble-V6|DC|granite41_8b|tracker|P3|60.0|0.0|0|||0|d7|v3,granite41_8b,DC,tracker,D7-CVE-2026-10051-maven-noble-V6,CVE-2026-10051,V6,False,maven
D7-CVE-2026-10051-maven-noble-V6|DC|granite41_8b|withheld|P3|60.0|0.0|0|||0|d7|v3,granite41_8b,DC,withheld,D7-CVE-2026-10051-maven-noble-V6,CVE-2026-10051,V6,False,maven
D7-CVE-2026-10051-maven-noble-V6|DCv21|granite41_8b|blind|P3|60.0|0.0|0|||0|d7|v3,granite41_8b,DCv21,blind,D7-CVE-2026-10051-maven-noble-V6,CVE-2026-10051,V6,False,maven
D7-CVE-2026-10051-maven-noble-V6|DCv21|granite41_8b|tracker|P3|60.0|0.0|0|||0|d7|v3,granite41_8b,DCv21,tracker,D7-CVE-2026-10051-maven-noble-V6,CVE-2026-10051,V6,False,maven
D7-CVE-2026-10051-maven-noble-V6|DCv21|granite41_8b|withheld|P3|60.0|0.0|0|||0|d7|v3,granite41_8b,DCv21,withheld,D7-CVE-2026-10051-maven-noble-V6,CVE-2026-10051,V6,False,maven
D7-CVE-2026-13221-deb-ubuntu-noble-V2|DC|granite41_8b|blind|P3|60.0|0.0|0|||0|d7|v3,granite41_8b,DC,blind,D7-CVE-2026-13221-deb-ubuntu-noble-V2,CVE-2026-13221,V2,False,deb-ubuntu
D7-CVE-2026-13221-deb-ubuntu-noble-V2|DC|granite41_8b|tracker|P3|60.0|0.0|0|||0|d7|v3,granite41_8b,DC,tracker,D7-CVE-2026-13221-deb-ubuntu-noble-V2,CVE-2026-13221,V2,False,deb-ubuntu
D7-CVE-2026-13221-deb-ubuntu-noble-V2|DC|granite41_8b|withheld|P3|60.0|0.0|0|||0|d7|v3,granite41_8b,DC,withheld,D7-CVE-2026-13221-deb-ubuntu-noble-V2,CVE-2026-13221,V2,False,deb-ubuntu
D7-CVE-2026-13221-deb-ubuntu-noble-V2|DCv21|granite41_8b|blind|P3|60.0|0.0|0|||0|d7|v3,granite41_8b,DCv21,blind,D7-CVE-2026-13221-deb-ubuntu-noble-V2,CVE-2026-13221,V2,False,deb-ubuntu
D7-CVE-2026-13221-deb-ubuntu-noble-V2|DCv21|granite41_8b|tracker|P3|60.0|0.0|0|||0|d7|v3,granite41_8b,DCv21,tracker,D7-CVE-2026-13221-deb-ubuntu-noble-V2,CVE-2026-13221,V2,False,deb-ubuntu
D7-CVE-2026-13221-deb-ubuntu-noble-V2|DCv21|granite41_8b|withheld|P3|60.0|0.0|0|||0|d7|v3,granite41_8b,DCv21,withheld,D7-CVE-2026-13221-deb-ubuntu-noble-V2,CVE-2026-13221,V2,False,deb-ubuntu
D7-CVE-2026-42561-pypi-jammy-V3|DC|granite41_8b|blind|P3|60.0|0.0|0|||0|d7|v3,granite41_8b,DC,blind,D7-CVE-2026-42561-pypi-jammy-V3,CVE-2026-42561,V3,False,pypi
D7-CVE-2026-42561-pypi-jammy-V3|DC|granite41_8b|tracker|P3|60.0|0.0|0|||0|d7|v3,granite41_8b,DC,tracker,D7-CVE-2026-42561-pypi-jammy-V3,CVE-2026-42561,V3,False,pypi
D7-CVE-2026-42561-pypi-jammy-V3|DC|granite41_8b|withheld|P3|60.0|0.0|0|||0|d7|v3,granite41_8b,DC,withheld,D7-CVE-2026-42561-pypi-jammy-V3,CVE-2026-42561,V3,False,pypi
D7-CVE-2026-42561-pypi-jammy-V3|DCv21|granite41_8b|blind|P3|60.0|0.0|0|||0|d7|v3,granite41_8b,DCv21,blind,D7-CVE-2026-42561-pypi-jammy-V3,CVE-2026-42561,V3,False,pypi
D7-CVE-2026-42561-pypi-jammy-V3|DCv21|granite41_8b|tracker|P3|60.0|0.0|0|||0|d7|v3,granite41_8b,DCv21,tracker,D7-CVE-2026-42561-pypi-jammy-V3,CVE-2026-42561,V3,False,pypi
D7-CVE-2026-42561-pypi-jammy-V3|DCv21|granite41_8b|withheld|P3|60.0|0.0|0|||0|d7|v3,granite41_8b,DCv21,withheld,D7-CVE-2026-42561-pypi-jammy-V3,CVE-2026-42561,V3,False,pypi
D7-CVE-2026-42561-pypi-noble-V1|DC|granite41_8b|blind|P3|60.0|0.0|0|||0|d7|v3,granite41_8b,DC,blind,D7-CVE-2026-42561-pypi-noble-V1,CVE-2026-42561,V1,False,pypi
D7-CVE-2026-42561-pypi-noble-V1|DC|granite41_8b|tracker|P3|60.0|0.0|0|||0|d7|v3,granite41_8b,DC,tracker,D7-CVE-2026-42561-pypi-noble-V1,CVE-2026-42561,V1,False,pypi
D7-CVE-2026-42561-pypi-noble-V1|DC|granite41_8b|withheld|P3|60.0|0.0|0|||0|d7|v3,granite41_8b,DC,withheld,D7-CVE-2026-42561-pypi-noble-V1,CVE-2026-42561,V1,False,pypi
D7-CVE-2026-42561-pypi-noble-V1|DCv21|granite41_8b|blind|P3|60.0|0.0|0|||0|d7|v3,granite41_8b,DCv21,blind,D7-CVE-2026-42561-pypi-noble-V1,CVE-2026-42561,V1,False,pypi
D7-CVE-2026-42561-pypi-noble-V1|DCv21|granite41_8b|tracker|P3|60.0|0.0|0|||0|d7|v3,granite41_8b,DCv21,tracker,D7-CVE-2026-42561-pypi-noble-V1,CVE-2026-42561,V1,False,pypi
D7-CVE-2026-42561-pypi-noble-V1|DCv21|granite41_8b|withheld|P3|60.0|0.0|0|||0|d7|v3,granite41_8b,DCv21,withheld,D7-CVE-2026-42561-pypi-noble-V1,CVE-2026-42561,V1,False,pypi
D7-CVE-2026-43617-deb-ubuntu-jammy-V2|DC|granite41_8b|blind|P3|60.0|0.0|0|||0|d7|v3,granite41_8b,DC,blind,D7-CVE-2026-43617-deb-ubuntu-jammy-V2,CVE-2026-43617,V2,False,deb-ubuntu
D7-CVE-2026-43617-deb-ubuntu-jammy-V2|DC|granite41_8b|tracker|P3|60.0|0.0|0|||0|d7|v3,granite41_8b,DC,tracker,D7-CVE-2026-43617-deb-ubuntu-jammy-V2,CVE-2026-43617,V2,False,deb-ubuntu
D7-CVE-2026-43617-deb-ubuntu-jammy-V2|DC|granite41_8b|withheld|P3|60.0|0.0|0|||0|d7|v3,granite41_8b,DC,withheld,D7-CVE-2026-43617-deb-ubuntu-jammy-V2,CVE-2026-43617,V2,False,deb-ubuntu
D7-CVE-2026-43617-deb-ubuntu-jammy-V2|DCv21|granite41_8b|blind|P3|60.0|0.0|0|||0|d7|v3,granite41_8b,DCv21,blind,D7-CVE-2026-43617-deb-ubuntu-jammy-V2,CVE-2026-43617,V2,False,deb-ubuntu
D7-CVE-2026-43617-deb-ubuntu-jammy-V2|DCv21|granite41_8b|tracker|P3|60.0|0.0|0|||0|d7|v3,granite41_8b,DCv21,tracker,D7-CVE-2026-43617-deb-ubuntu-jammy-V2,CVE-2026-43617,V2,False,deb-ubuntu
D7-CVE-2026-43617-deb-ubuntu-jammy-V2|DCv21|granite41_8b|withheld|P3|60.0|0.0|0|||0|d7|v3,granite41_8b,DCv21,withheld,D7-CVE-2026-43617-deb-ubuntu-jammy-V2,CVE-2026-43617,V2,False,deb-ubuntu
D7-CVE-2026-53435-vendor-noble-V8-b2|DC|granite41_8b|blind|P3|60.0|0.0|0|||0|d7|v3,granite41_8b,DC,blind,D7-CVE-2026-53435-vendor-noble-V8-b2,CVE-2026-53435,V8,False,vendor
D7-CVE-2026-53435-vendor-noble-V8-b2|DC|granite41_8b|tracker|P3|60.0|0.0|0|||0|d7|v3,granite41_8b,DC,tracker,D7-CVE-2026-53435-vendor-noble-V8-b2,CVE-2026-53435,V8,False,vendor
D7-CVE-2026-53435-vendor-noble-V8-b2|DC|granite41_8b|withheld|P3|60.0|0.0|0|||0|d7|v3,granite41_8b,DC,withheld,D7-CVE-2026-53435-vendor-noble-V8-b2,CVE-2026-53435,V8,False,vendor
D7-CVE-2026-53435-vendor-noble-V8-b2|DCv21|granite41_8b|blind|P3|60.0|0.0|0|||0|d7|v3,granite41_8b,DCv21,blind,D7-CVE-2026-53435-vendor-noble-V8-b2,CVE-2026-53435,V8,False,vendor
D7-CVE-2026-53435-vendor-noble-V8-b2|DCv21|granite41_8b|tracker|P3|60.0|0.0|0|||0|d7|v3,granite41_8b,DCv21,tracker,D7-CVE-2026-53435-vendor-noble-V8-b2,CVE-2026-53435,V8,False,vendor
D7-CVE-2026-53435-vendor-noble-V8-b2|DCv21|granite41_8b|withheld|P3|60.0|0.0|0|||0|d7|v3,granite41_8b,DCv21,withheld,D7-CVE-2026-53435-vendor-noble-V8-b2,CVE-2026-53435,V8,False,vendor
D7-CVE-2026-55203-deb-ubuntu-jammy-V2|DC|granite41_8b|blind|P3|60.0|0.0|0|||0|d7|v3,granite41_8b,DC,blind,D7-CVE-2026-55203-deb-ubuntu-jammy-V2,CVE-2026-55203,V2,False,deb-ubuntu
D7-CVE-2026-55203-deb-ubuntu-jammy-V2|DC|granite41_8b|tracker|P3|60.0|0.0|0|||0|d7|v3,granite41_8b,DC,tracker,D7-CVE-2026-55203-deb-ubuntu-jammy-V2,CVE-2026-55203,V2,False,deb-ubuntu
D7-CVE-2026-55203-deb-ubuntu-jammy-V2|DC|granite41_8b|withheld|P3|60.0|0.0|0|||0|d7|v3,granite41_8b,DC,withheld,D7-CVE-2026-55203-deb-ubuntu-jammy-V2,CVE-2026-55203,V2,False,deb-ubuntu
D7-CVE-2026-55203-deb-ubuntu-jammy-V2|DCv21|granite41_8b|blind|P3|60.0|0.0|0|||0|d7|v3,granite41_8b,DCv21,blind,D7-CVE-2026-55203-deb-ubuntu-jammy-V2,CVE-2026-55203,V2,False,deb-ubuntu
D7-CVE-2026-55203-deb-ubuntu-jammy-V2|DCv21|granite41_8b|tracker|P3|60.0|0.0|0|||0|d7|v3,granite41_8b,DCv21,tracker,D7-CVE-2026-55203-deb-ubuntu-jammy-V2,CVE-2026-55203,V2,False,deb-ubuntu
D7-CVE-2026-55203-deb-ubuntu-jammy-V2|DCv21|granite41_8b|withheld|P3|60.0|0.0|0|||0|d7|v3,granite41_8b,DCv21,withheld,D7-CVE-2026-55203-deb-ubuntu-jammy-V2,CVE-2026-55203,V2,False,deb-ubuntu
D7-CVE-2026-55203-deb-ubuntu-jammy-V4|DC|granite41_8b|blind|P3|60.0|0.0|0|||0|d7|v3,granite41_8b,DC,blind,D7-CVE-2026-55203-deb-ubuntu-jammy-V4,CVE-2026-55203,V4,False,deb-ubuntu
D7-CVE-2026-55203-deb-ubuntu-jammy-V4|DC|granite41_8b|tracker|P3|60.0|0.0|0|||0|d7|v3,granite41_8b,DC,tracker,D7-CVE-2026-55203-deb-ubuntu-jammy-V4,CVE-2026-55203,V4,False,deb-ubuntu
D7-CVE-2026-55203-deb-ubuntu-jammy-V4|DC|granite41_8b|withheld|P3|60.0|0.0|0|||0|d7|v3,granite41_8b,DC,withheld,D7-CVE-2026-55203-deb-ubuntu-jammy-V4,CVE-2026-55203,V4,False,deb-ubuntu
D7-CVE-2026-55203-deb-ubuntu-jammy-V4|DCv21|granite41_8b|blind|P3|60.0|0.0|0|||0|d7|v3,granite41_8b,DCv21,blind,D7-CVE-2026-55203-deb-ubuntu-jammy-V4,CVE-2026-55203,V4,False,deb-ubuntu
D7-CVE-2026-55203-deb-ubuntu-jammy-V4|DCv21|granite41_8b|tracker|P3|60.0|0.0|0|||0|d7|v3,granite41_8b,DCv21,tracker,D7-CVE-2026-55203-deb-ubuntu-jammy-V4,CVE-2026-55203,V4,False,deb-ubuntu
D7-CVE-2026-55203-deb-ubuntu-jammy-V4|DCv21|granite41_8b|withheld|P3|60.0|0.0|0|||0|d7|v3,granite41_8b,DCv21,withheld,D7-CVE-2026-55203-deb-ubuntu-jammy-V4,CVE-2026-55203,V4,False,deb-ubuntu
D7-CVE-2026-55956-vendor-noble-V8|DC|granite41_8b|blind|P3|60.0|0.0|0|||0|d7|v3,granite41_8b,DC,blind,D7-CVE-2026-55956-vendor-noble-V8,CVE-2026-55956,V8,False,vendor
D7-CVE-2026-55956-vendor-noble-V8|DC|granite41_8b|tracker|P3|60.0|0.0|0|||0|d7|v3,granite41_8b,DC,tracker,D7-CVE-2026-55956-vendor-noble-V8,CVE-2026-55956,V8,False,vendor
D7-CVE-2026-55956-vendor-noble-V8|DC|granite41_8b|withheld|P3|60.0|0.0|0|||0|d7|v3,granite41_8b,DC,withheld,D7-CVE-2026-55956-vendor-noble-V8,CVE-2026-55956,V8,False,vendor
D7-CVE-2026-55956-vendor-noble-V8|DCv21|granite41_8b|blind|P3|60.0|0.0|0|||0|d7|v3,granite41_8b,DCv21,blind,D7-CVE-2026-55956-vendor-noble-V8,CVE-2026-55956,V8,False,vendor
D7-CVE-2026-55956-vendor-noble-V8|DCv21|granite41_8b|tracker|P3|60.0|0.0|0|||0|d7|v3,granite41_8b,DCv21,tracker,D7-CVE-2026-55956-vendor-noble-V8,CVE-2026-55956,V8,False,vendor
D7-CVE-2026-55956-vendor-noble-V8|DCv21|granite41_8b|withheld|P3|60.0|0.0|0|||0|d7|v3,granite41_8b,DCv21,withheld,D7-CVE-2026-55956-vendor-noble-V8,CVE-2026-55956,V8,False,vendor
D7-CVE-2026-90698-deb-ubuntu-jammy-V2|DC|granite41_8b|blind|P3|60.0|0.0|0|||0|d7|v3,granite41_8b,DC,blind,D7-CVE-2026-90698-deb-ubuntu-jammy-V2,CVE-2026-90698,V2,False,deb-ubuntu
D7-CVE-2026-90698-deb-ubuntu-jammy-V2|DC|granite41_8b|tracker|P3|60.0|0.0|0|||0|d7|v3,granite41_8b,DC,tracker,D7-CVE-2026-90698-deb-ubuntu-jammy-V2,CVE-2026-90698,V2,False,deb-ubuntu
D7-CVE-2026-90698-deb-ubuntu-jammy-V2|DC|granite41_8b|withheld|P3|60.0|0.0|0|||0|d7|v3,granite41_8b,DC,withheld,D7-CVE-2026-90698-deb-ubuntu-jammy-V2,CVE-2026-90698,V2,False,deb-ubuntu
D7-CVE-2026-90698-deb-ubuntu-jammy-V2|DCv21|granite41_8b|blind|P3|60.0|0.0|0|||0|d7|v3,granite41_8b,DCv21,blind,D7-CVE-2026-90698-deb-ubuntu-jammy-V2,CVE-2026-90698,V2,False,deb-ubuntu
D7-CVE-2026-90698-deb-ubuntu-jammy-V2|DCv21|granite41_8b|tracker|P3|60.0|0.0|0|||0|d7|v3,granite41_8b,DCv21,tracker,D7-CVE-2026-90698-deb-ubuntu-jammy-V2,CVE-2026-90698,V2,False,deb-ubuntu
D7-CVE-2026-90698-deb-ubuntu-jammy-V2|DCv21|granite41_8b|withheld|P3|60.0|0.0|0|||0|d7|v3,granite41_8b,DCv21,withheld,D7-CVE-2026-90698-deb-ubuntu-jammy-V2,CVE-2026-90698,V2,False,deb-ubuntu
D7-CVE-2026-9828-maven-jammy-V2-b2|DC|granite41_8b|blind|P3|60.0|0.0|0|||0|d7|v3,granite41_8b,DC,blind,D7-CVE-2026-9828-maven-jammy-V2-b2,CVE-2026-9828,V2,False,maven
D7-CVE-2026-9828-maven-jammy-V2-b2|DC|granite41_8b|tracker|P3|60.0|0.0|0|||0|d7|v3,granite41_8b,DC,tracker,D7-CVE-2026-9828-maven-jammy-V2-b2,CVE-2026-9828,V2,False,maven
D7-CVE-2026-9828-maven-jammy-V2-b2|DC|granite41_8b|withheld|P3|60.0|0.0|0|||0|d7|v3,granite41_8b,DC,withheld,D7-CVE-2026-9828-maven-jammy-V2-b2,CVE-2026-9828,V2,False,maven
D7-CVE-2026-9828-maven-jammy-V2-b2|DCv21|granite41_8b|blind|P3|60.0|0.0|0|||0|d7|v3,granite41_8b,DCv21,blind,D7-CVE-2026-9828-maven-jammy-V2-b2,CVE-2026-9828,V2,False,maven
D7-CVE-2026-9828-maven-jammy-V2-b2|DCv21|granite41_8b|tracker|P3|60.0|0.0|0|||0|d7|v3,granite41_8b,DCv21,tracker,D7-CVE-2026-9828-maven-jammy-V2-b2,CVE-2026-9828,V2,False,maven
D7-CVE-2026-9828-maven-jammy-V2-b2|DCv21|granite41_8b|withheld|P3|60.0|0.0|0|||0|d7|v3,granite41_8b,DCv21,withheld,D7-CVE-2026-9828-maven-jammy-V2-b2,CVE-2026-9828,V2,False,maven
D7-CVE-2016-4437-maven-jammy-V2-b2|DC|llama31_8b|blind|P3|60.0|0.0|0|||0|d7|v3,llama31_8b,DC,blind,D7-CVE-2016-4437-maven-jammy-V2-b2,CVE-2016-4437,V2,False,maven
D7-CVE-2016-4437-maven-jammy-V2-b2|DC|llama31_8b|tracker|P3|60.0|0.0|0|||0|d7|v3,llama31_8b,DC,tracker,D7-CVE-2016-4437-maven-jammy-V2-b2,CVE-2016-4437,V2,False,maven
D7-CVE-2016-4437-maven-jammy-V2-b2|DC|llama31_8b|withheld|P3|60.0|0.0|0|||0|d7|v3,llama31_8b,DC,withheld,D7-CVE-2016-4437-maven-jammy-V2-b2,CVE-2016-4437,V2,False,maven
D7-CVE-2016-4437-maven-jammy-V2-b2|DCv21|llama31_8b|blind|P3|60.0|0.0|0|||0|d7|v3,llama31_8b,DCv21,blind,D7-CVE-2016-4437-maven-jammy-V2-b2,CVE-2016-4437,V2,False,maven
D7-CVE-2016-4437-maven-jammy-V2-b2|DCv21|llama31_8b|tracker|P3|60.0|0.0|0|||0|d7|v3,llama31_8b,DCv21,tracker,D7-CVE-2016-4437-maven-jammy-V2-b2,CVE-2016-4437,V2,False,maven
D7-CVE-2016-4437-maven-jammy-V2-b2|DCv21|llama31_8b|withheld|P3|60.0|0.0|0|||0|d7|v3,llama31_8b,DCv21,withheld,D7-CVE-2016-4437-maven-jammy-V2-b2,CVE-2016-4437,V2,False,maven
D7-CVE-2016-4437-maven-noble-V1|DC|llama31_8b|blind|P3|60.0|0.0|0|||0|d7|v3,llama31_8b,DC,blind,D7-CVE-2016-4437-maven-noble-V1,CVE-2016-4437,V1,False,maven
D7-CVE-2016-4437-maven-noble-V1|DC|llama31_8b|tracker|P3|60.0|0.0|0|||0|d7|v3,llama31_8b,DC,tracker,D7-CVE-2016-4437-maven-noble-V1,CVE-2016-4437,V1,False,maven
D7-CVE-2016-4437-maven-noble-V1|DC|llama31_8b|withheld|P3|60.0|0.0|0|||0|d7|v3,llama31_8b,DC,withheld,D7-CVE-2016-4437-maven-noble-V1,CVE-2016-4437,V1,False,maven
D7-CVE-2016-4437-maven-noble-V1|DCv21|llama31_8b|blind|P3|60.0|0.0|0|||0|d7|v3,llama31_8b,DCv21,blind,D7-CVE-2016-4437-maven-noble-V1,CVE-2016-4437,V1,False,maven
D7-CVE-2016-4437-maven-noble-V1|DCv21|llama31_8b|tracker|P3|60.0|0.0|0|||0|d7|v3,llama31_8b,DCv21,tracker,D7-CVE-2016-4437-maven-noble-V1,CVE-2016-4437,V1,False,maven
D7-CVE-2016-4437-maven-noble-V1|DCv21|llama31_8b|withheld|P3|60.0|0.0|0|||0|d7|v3,llama31_8b,DCv21,withheld,D7-CVE-2016-4437-maven-noble-V1,CVE-2016-4437,V1,False,maven
D7-CVE-2020-9484-vendor-jammy-V3|DC|llama31_8b|blind|P3|60.0|0.0|0|||0|d7|v3,llama31_8b,DC,blind,D7-CVE-2020-9484-vendor-jammy-V3,CVE-2020-9484,V3,False,vendor
D7-CVE-2020-9484-vendor-jammy-V3|DC|llama31_8b|tracker|P3|60.0|0.0|0|||0|d7|v3,llama31_8b,DC,tracker,D7-CVE-2020-9484-vendor-jammy-V3,CVE-2020-9484,V3,False,vendor
D7-CVE-2020-9484-vendor-jammy-V3|DC|llama31_8b|withheld|P3|60.0|0.0|0|||0|d7|v3,llama31_8b,DC,withheld,D7-CVE-2020-9484-vendor-jammy-V3,CVE-2020-9484,V3,False,vendor
D7-CVE-2020-9484-vendor-jammy-V3|DCv21|llama31_8b|blind|P3|60.0|0.0|0|||0|d7|v3,llama31_8b,DCv21,blind,D7-CVE-2020-9484-vendor-jammy-V3,CVE-2020-9484,V3,False,vendor
D7-CVE-2020-9484-vendor-jammy-V3|DCv21|llama31_8b|tracker|P3|60.0|0.0|0|||0|d7|v3,llama31_8b,DCv21,tracker,D7-CVE-2020-9484-vendor-jammy-V3,CVE-2020-9484,V3,False,vendor
D7-CVE-2020-9484-vendor-jammy-V3|DCv21|llama31_8b|withheld|P3|60.0|0.0|0|||0|d7|v3,llama31_8b,DCv21,withheld,D7-CVE-2020-9484-vendor-jammy-V3,CVE-2020-9484,V3,False,vendor
D7-CVE-2021-45105-maven-noble-V1|DC|llama31_8b|blind|P3|60.0|0.0|0|||0|d7|v3,llama31_8b,DC,blind,D7-CVE-2021-45105-maven-noble-V1,CVE-2021-45105,V1,False,maven
D7-CVE-2021-45105-maven-noble-V1|DC|llama31_8b|tracker|P3|60.0|0.0|0|||0|d7|v3,llama31_8b,DC,tracker,D7-CVE-2021-45105-maven-noble-V1,CVE-2021-45105,V1,False,maven
D7-CVE-2021-45105-maven-noble-V1|DC|llama31_8b|withheld|P3|60.0|0.0|0|||0|d7|v3,llama31_8b,DC,withheld,D7-CVE-2021-45105-maven-noble-V1,CVE-2021-45105,V1,False,maven
D7-CVE-2021-45105-maven-noble-V1|DCv21|llama31_8b|blind|P3|60.0|0.0|0|||0|d7|v3,llama31_8b,DCv21,blind,D7-CVE-2021-45105-maven-noble-V1,CVE-2021-45105,V1,False,maven
D7-CVE-2021-45105-maven-noble-V1|DCv21|llama31_8b|tracker|P3|60.0|0.0|0|||0|d7|v3,llama31_8b,DCv21,tracker,D7-CVE-2021-45105-maven-noble-V1,CVE-2021-45105,V1,False,maven
D7-CVE-2021-45105-maven-noble-V1|DCv21|llama31_8b|withheld|P3|60.0|0.0|0|||0|d7|v3,llama31_8b,DCv21,withheld,D7-CVE-2021-45105-maven-noble-V1,CVE-2021-45105,V1,False,maven
D7-CVE-2022-1471-maven-noble-V6|DC|llama31_8b|blind|P3|60.0|0.0|0|||0|d7|v3,llama31_8b,DC,blind,D7-CVE-2022-1471-maven-noble-V6,CVE-2022-1471,V6,False,maven
D7-CVE-2022-1471-maven-noble-V6|DC|llama31_8b|tracker|P3|60.0|0.0|0|||0|d7|v3,llama31_8b,DC,tracker,D7-CVE-2022-1471-maven-noble-V6,CVE-2022-1471,V6,False,maven
D7-CVE-2022-1471-maven-noble-V6|DC|llama31_8b|withheld|P3|60.0|0.0|0|||0|d7|v3,llama31_8b,DC,withheld,D7-CVE-2022-1471-maven-noble-V6,CVE-2022-1471,V6,False,maven
D7-CVE-2022-1471-maven-noble-V6|DCv21|llama31_8b|blind|P3|60.0|0.0|0|||0|d7|v3,llama31_8b,DCv21,blind,D7-CVE-2022-1471-maven-noble-V6,CVE-2022-1471,V6,False,maven
D7-CVE-2022-1471-maven-noble-V6|DCv21|llama31_8b|tracker|P3|60.0|0.0|0|||0|d7|v3,llama31_8b,DCv21,tracker,D7-CVE-2022-1471-maven-noble-V6,CVE-2022-1471,V6,False,maven
D7-CVE-2022-1471-maven-noble-V6|DCv21|llama31_8b|withheld|P3|60.0|0.0|0|||0|d7|v3,llama31_8b,DCv21,withheld,D7-CVE-2022-1471-maven-noble-V6,CVE-2022-1471,V6,False,maven
D7-CVE-2022-41741-deb-ubuntu-jammy-V5|DC|llama31_8b|blind|P3|60.0|0.0|0|||0|d7|v3,llama31_8b,DC,blind,D7-CVE-2022-41741-deb-ubuntu-jammy-V5,CVE-2022-41741,V5,False,deb-ubuntu
D7-CVE-2022-41741-deb-ubuntu-jammy-V5|DC|llama31_8b|tracker|P3|60.0|0.0|0|||0|d7|v3,llama31_8b,DC,tracker,D7-CVE-2022-41741-deb-ubuntu-jammy-V5,CVE-2022-41741,V5,False,deb-ubuntu
D7-CVE-2022-41741-deb-ubuntu-jammy-V5|DC|llama31_8b|withheld|P3|60.0|0.0|0|||0|d7|v3,llama31_8b,DC,withheld,D7-CVE-2022-41741-deb-ubuntu-jammy-V5,CVE-2022-41741,V5,False,deb-ubuntu
D7-CVE-2022-41741-deb-ubuntu-jammy-V5|DCv21|llama31_8b|blind|P3|60.0|0.0|0|||0|d7|v3,llama31_8b,DCv21,blind,D7-CVE-2022-41741-deb-ubuntu-jammy-V5,CVE-2022-41741,V5,False,deb-ubuntu
D7-CVE-2022-41741-deb-ubuntu-jammy-V5|DCv21|llama31_8b|tracker|P3|60.0|0.0|0|||0|d7|v3,llama31_8b,DCv21,tracker,D7-CVE-2022-41741-deb-ubuntu-jammy-V5,CVE-2022-41741,V5,False,deb-ubuntu
D7-CVE-2022-41741-deb-ubuntu-jammy-V5|DCv21|llama31_8b|withheld|P3|60.0|0.0|0|||0|d7|v3,llama31_8b,DCv21,withheld,D7-CVE-2022-41741-deb-ubuntu-jammy-V5,CVE-2022-41741,V5,False,deb-ubuntu
D7-CVE-2023-25690-deb-ubuntu-jammy-V6|DC|llama31_8b|blind|P3|60.0|0.0|0|||0|d7|v3,llama31_8b,DC,blind,D7-CVE-2023-25690-deb-ubuntu-jammy-V6,CVE-2023-25690,V6,False,deb-ubuntu
D7-CVE-2023-25690-deb-ubuntu-jammy-V6|DC|llama31_8b|tracker|P3|60.0|0.0|0|||0|d7|v3,llama31_8b,DC,tracker,D7-CVE-2023-25690-deb-ubuntu-jammy-V6,CVE-2023-25690,V6,False,deb-ubuntu
D7-CVE-2023-25690-deb-ubuntu-jammy-V6|DC|llama31_8b|withheld|P3|60.0|0.0|0|||0|d7|v3,llama31_8b,DC,withheld,D7-CVE-2023-25690-deb-ubuntu-jammy-V6,CVE-2023-25690,V6,False,deb-ubuntu
D7-CVE-2023-25690-deb-ubuntu-jammy-V6|DCv21|llama31_8b|blind|P3|60.0|0.0|0|||0|d7|v3,llama31_8b,DCv21,blind,D7-CVE-2023-25690-deb-ubuntu-jammy-V6,CVE-2023-25690,V6,False,deb-ubuntu
D7-CVE-2023-25690-deb-ubuntu-jammy-V6|DCv21|llama31_8b|tracker|P3|60.0|0.0|0|||0|d7|v3,llama31_8b,DCv21,tracker,D7-CVE-2023-25690-deb-ubuntu-jammy-V6,CVE-2023-25690,V6,False,deb-ubuntu
D7-CVE-2023-25690-deb-ubuntu-jammy-V6|DCv21|llama31_8b|withheld|P3|60.0|0.0|0|||0|d7|v3,llama31_8b,DCv21,withheld,D7-CVE-2023-25690-deb-ubuntu-jammy-V6,CVE-2023-25690,V6,False,deb-ubuntu
D7-CVE-2023-7104-deb-ubuntu-jammy-V4|DC|llama31_8b|blind|P3|60.0|0.0|0|||0|d7|v3,llama31_8b,DC,blind,D7-CVE-2023-7104-deb-ubuntu-jammy-V4,CVE-2023-7104,V4,False,deb-ubuntu
D7-CVE-2023-7104-deb-ubuntu-jammy-V4|DC|llama31_8b|tracker|P3|60.0|0.0|0|||0|d7|v3,llama31_8b,DC,tracker,D7-CVE-2023-7104-deb-ubuntu-jammy-V4,CVE-2023-7104,V4,False,deb-ubuntu
D7-CVE-2023-7104-deb-ubuntu-jammy-V4|DC|llama31_8b|withheld|P3|60.0|0.0|0|||0|d7|v3,llama31_8b,DC,withheld,D7-CVE-2023-7104-deb-ubuntu-jammy-V4,CVE-2023-7104,V4,False,deb-ubuntu
D7-CVE-2023-7104-deb-ubuntu-jammy-V4|DCv21|llama31_8b|blind|P3|60.0|0.0|0|||0|d7|v3,llama31_8b,DCv21,blind,D7-CVE-2023-7104-deb-ubuntu-jammy-V4,CVE-2023-7104,V4,False,deb-ubuntu
D7-CVE-2023-7104-deb-ubuntu-jammy-V4|DCv21|llama31_8b|tracker|P3|60.0|0.0|0|||0|d7|v3,llama31_8b,DCv21,tracker,D7-CVE-2023-7104-deb-ubuntu-jammy-V4,CVE-2023-7104,V4,False,deb-ubuntu
D7-CVE-2023-7104-deb-ubuntu-jammy-V4|DCv21|llama31_8b|withheld|P3|60.0|0.0|0|||0|d7|v3,llama31_8b,DCv21,withheld,D7-CVE-2023-7104-deb-ubuntu-jammy-V4,CVE-2023-7104,V4,False,deb-ubuntu
D7-CVE-2024-37383-vendor-jammy-V3|DC|llama31_8b|blind|P3|60.0|0.0|0|||0|d7|v3,llama31_8b,DC,blind,D7-CVE-2024-37383-vendor-jammy-V3,CVE-2024-37383,V3,False,vendor
D7-CVE-2024-37383-vendor-jammy-V3|DC|llama31_8b|tracker|P3|60.0|0.0|0|||0|d7|v3,llama31_8b,DC,tracker,D7-CVE-2024-37383-vendor-jammy-V3,CVE-2024-37383,V3,False,vendor
D7-CVE-2024-37383-vendor-jammy-V3|DC|llama31_8b|withheld|P3|60.0|0.0|0|||0|d7|v3,llama31_8b,DC,withheld,D7-CVE-2024-37383-vendor-jammy-V3,CVE-2024-37383,V3,False,vendor
D7-CVE-2024-37383-vendor-jammy-V3|DCv21|llama31_8b|blind|P3|60.0|0.0|0|||0|d7|v3,llama31_8b,DCv21,blind,D7-CVE-2024-37383-vendor-jammy-V3,CVE-2024-37383,V3,False,vendor
D7-CVE-2024-37383-vendor-jammy-V3|DCv21|llama31_8b|tracker|P3|60.0|0.0|0|||0|d7|v3,llama31_8b,DCv21,tracker,D7-CVE-2024-37383-vendor-jammy-V3,CVE-2024-37383,V3,False,vendor
D7-CVE-2024-37383-vendor-jammy-V3|DCv21|llama31_8b|withheld|P3|60.0|0.0|0|||0|d7|v3,llama31_8b,DCv21,withheld,D7-CVE-2024-37383-vendor-jammy-V3,CVE-2024-37383,V3,False,vendor
D7-CVE-2024-38475-deb-ubuntu-noble-V2|DC|llama31_8b|blind|P3|60.0|0.0|0|||0|d7|v3,llama31_8b,DC,blind,D7-CVE-2024-38475-deb-ubuntu-noble-V2,CVE-2024-38475,V2,False,deb-ubuntu
D7-CVE-2024-38475-deb-ubuntu-noble-V2|DC|llama31_8b|tracker|P3|60.0|0.0|0|||0|d7|v3,llama31_8b,DC,tracker,D7-CVE-2024-38475-deb-ubuntu-noble-V2,CVE-2024-38475,V2,False,deb-ubuntu
D7-CVE-2024-38475-deb-ubuntu-noble-V2|DC|llama31_8b|withheld|P3|60.0|0.0|0|||0|d7|v3,llama31_8b,DC,withheld,D7-CVE-2024-38475-deb-ubuntu-noble-V2,CVE-2024-38475,V2,False,deb-ubuntu
D7-CVE-2024-38475-deb-ubuntu-noble-V2|DCv21|llama31_8b|blind|P3|60.0|0.0|0|||0|d7|v3,llama31_8b,DCv21,blind,D7-CVE-2024-38475-deb-ubuntu-noble-V2,CVE-2024-38475,V2,False,deb-ubuntu
D7-CVE-2024-38475-deb-ubuntu-noble-V2|DCv21|llama31_8b|tracker|P3|60.0|0.0|0|||0|d7|v3,llama31_8b,DCv21,tracker,D7-CVE-2024-38475-deb-ubuntu-noble-V2,CVE-2024-38475,V2,False,deb-ubuntu
D7-CVE-2024-38475-deb-ubuntu-noble-V2|DCv21|llama31_8b|withheld|P3|60.0|0.0|0|||0|d7|v3,llama31_8b,DCv21,withheld,D7-CVE-2024-38475-deb-ubuntu-noble-V2,CVE-2024-38475,V2,False,deb-ubuntu
D7-CVE-2024-56171-deb-ubuntu-noble-V4|DC|llama31_8b|blind|P3|60.0|0.0|0|||0|d7|v3,llama31_8b,DC,blind,D7-CVE-2024-56171-deb-ubuntu-noble-V4,CVE-2024-56171,V4,False,deb-ubuntu
D7-CVE-2024-56171-deb-ubuntu-noble-V4|DC|llama31_8b|tracker|P3|60.0|0.0|0|||0|d7|v3,llama31_8b,DC,tracker,D7-CVE-2024-56171-deb-ubuntu-noble-V4,CVE-2024-56171,V4,False,deb-ubuntu
D7-CVE-2024-56171-deb-ubuntu-noble-V4|DC|llama31_8b|withheld|P3|60.0|0.0|0|||0|d7|v3,llama31_8b,DC,withheld,D7-CVE-2024-56171-deb-ubuntu-noble-V4,CVE-2024-56171,V4,False,deb-ubuntu
D7-CVE-2024-56171-deb-ubuntu-noble-V4|DCv21|llama31_8b|blind|P3|60.0|0.0|0|||0|d7|v3,llama31_8b,DCv21,blind,D7-CVE-2024-56171-deb-ubuntu-noble-V4,CVE-2024-56171,V4,False,deb-ubuntu
D7-CVE-2024-56171-deb-ubuntu-noble-V4|DCv21|llama31_8b|tracker|P3|60.0|0.0|0|||0|d7|v3,llama31_8b,DCv21,tracker,D7-CVE-2024-56171-deb-ubuntu-noble-V4,CVE-2024-56171,V4,False,deb-ubuntu
D7-CVE-2024-56171-deb-ubuntu-noble-V4|DCv21|llama31_8b|withheld|P3|60.0|0.0|0|||0|d7|v3,llama31_8b,DCv21,withheld,D7-CVE-2024-56171-deb-ubuntu-noble-V4,CVE-2024-56171,V4,False,deb-ubuntu
D7-CVE-2025-23419-deb-ubuntu-jammy-V4|DC|llama31_8b|blind|P3|60.0|0.0|0|||0|d7|v3,llama31_8b,DC,blind,D7-CVE-2025-23419-deb-ubuntu-jammy-V4,CVE-2025-23419,V4,False,deb-ubuntu
D7-CVE-2025-23419-deb-ubuntu-jammy-V4|DC|llama31_8b|tracker|P3|60.0|0.0|0|||0|d7|v3,llama31_8b,DC,tracker,D7-CVE-2025-23419-deb-ubuntu-jammy-V4,CVE-2025-23419,V4,False,deb-ubuntu
D7-CVE-2025-23419-deb-ubuntu-jammy-V4|DC|llama31_8b|withheld|P3|60.0|0.0|0|||0|d7|v3,llama31_8b,DC,withheld,D7-CVE-2025-23419-deb-ubuntu-jammy-V4,CVE-2025-23419,V4,False,deb-ubuntu
D7-CVE-2025-23419-deb-ubuntu-jammy-V4|DCv21|llama31_8b|blind|P3|60.0|0.0|0|||0|d7|v3,llama31_8b,DCv21,blind,D7-CVE-2025-23419-deb-ubuntu-jammy-V4,CVE-2025-23419,V4,False,deb-ubuntu
D7-CVE-2025-23419-deb-ubuntu-jammy-V4|DCv21|llama31_8b|tracker|P3|60.0|0.0|0|||0|d7|v3,llama31_8b,DCv21,tracker,D7-CVE-2025-23419-deb-ubuntu-jammy-V4,CVE-2025-23419,V4,False,deb-ubuntu
D7-CVE-2025-23419-deb-ubuntu-jammy-V4|DCv21|llama31_8b|withheld|P3|60.0|0.0|0|||0|d7|v3,llama31_8b,DCv21,withheld,D7-CVE-2025-23419-deb-ubuntu-jammy-V4,CVE-2025-23419,V4,False,deb-ubuntu
D7-CVE-2025-24813-vendor-noble-V3|DC|llama31_8b|blind|P3|60.0|0.0|0|||0|d7|v3,llama31_8b,DC,blind,D7-CVE-2025-24813-vendor-noble-V3,CVE-2025-24813,V3,False,vendor
D7-CVE-2025-24813-vendor-noble-V3|DC|llama31_8b|tracker|P3|60.0|0.0|0|||0|d7|v3,llama31_8b,DC,tracker,D7-CVE-2025-24813-vendor-noble-V3,CVE-2025-24813,V3,False,vendor
D7-CVE-2025-24813-vendor-noble-V3|DC|llama31_8b|withheld|P3|60.0|0.0|0|||0|d7|v3,llama31_8b,DC,withheld,D7-CVE-2025-24813-vendor-noble-V3,CVE-2025-24813,V3,False,vendor
D7-CVE-2025-24813-vendor-noble-V3|DCv21|llama31_8b|blind|P3|60.0|0.0|0|||0|d7|v3,llama31_8b,DCv21,blind,D7-CVE-2025-24813-vendor-noble-V3,CVE-2025-24813,V3,False,vendor
D7-CVE-2025-24813-vendor-noble-V3|DCv21|llama31_8b|tracker|P3|60.0|0.0|0|||0|d7|v3,llama31_8b,DCv21,tracker,D7-CVE-2025-24813-vendor-noble-V3,CVE-2025-24813,V3,False,vendor
D7-CVE-2025-24813-vendor-noble-V3|DCv21|llama31_8b|withheld|P3|60.0|0.0|0|||0|d7|v3,llama31_8b,DCv21,withheld,D7-CVE-2025-24813-vendor-noble-V3,CVE-2025-24813,V3,False,vendor
D7-CVE-2025-49113-vendor-noble-V6|DC|llama31_8b|blind|P3|60.0|0.0|0|||0|d7|v3,llama31_8b,DC,blind,D7-CVE-2025-49113-vendor-noble-V6,CVE-2025-49113,V6,False,vendor
D7-CVE-2025-49113-vendor-noble-V6|DC|llama31_8b|tracker|P3|60.0|0.0|0|||0|d7|v3,llama31_8b,DC,tracker,D7-CVE-2025-49113-vendor-noble-V6,CVE-2025-49113,V6,False,vendor
D7-CVE-2025-49113-vendor-noble-V6|DC|llama31_8b|withheld|P3|60.0|0.0|0|||0|d7|v3,llama31_8b,DC,withheld,D7-CVE-2025-49113-vendor-noble-V6,CVE-2025-49113,V6,False,vendor
D7-CVE-2025-49113-vendor-noble-V6|DCv21|llama31_8b|blind|P3|60.0|0.0|0|||0|d7|v3,llama31_8b,DCv21,blind,D7-CVE-2025-49113-vendor-noble-V6,CVE-2025-49113,V6,False,vendor
D7-CVE-2025-49113-vendor-noble-V6|DCv21|llama31_8b|tracker|P3|60.0|0.0|0|||0|d7|v3,llama31_8b,DCv21,tracker,D7-CVE-2025-49113-vendor-noble-V6,CVE-2025-49113,V6,False,vendor
D7-CVE-2025-49113-vendor-noble-V6|DCv21|llama31_8b|withheld|P3|60.0|0.0|0|||0|d7|v3,llama31_8b,DCv21,withheld,D7-CVE-2025-49113-vendor-noble-V6,CVE-2025-49113,V6,False,vendor
D7-CVE-2026-12969-deb-ubuntu-jammy-V6|DC|llama31_8b|blind|P3|60.0|0.0|0|||0|d7|v3,llama31_8b,DC,blind,D7-CVE-2026-12969-deb-ubuntu-jammy-V6,CVE-2026-12969,V6,False,deb-ubuntu
D7-CVE-2026-12969-deb-ubuntu-jammy-V6|DC|llama31_8b|tracker|P3|60.0|0.0|0|||0|d7|v3,llama31_8b,DC,tracker,D7-CVE-2026-12969-deb-ubuntu-jammy-V6,CVE-2026-12969,V6,False,deb-ubuntu
D7-CVE-2026-12969-deb-ubuntu-jammy-V6|DC|llama31_8b|withheld|P3|60.0|0.0|0|||0|d7|v3,llama31_8b,DC,withheld,D7-CVE-2026-12969-deb-ubuntu-jammy-V6,CVE-2026-12969,V6,False,deb-ubuntu
D7-CVE-2026-12969-deb-ubuntu-jammy-V6|DCv21|llama31_8b|blind|P3|60.0|0.0|0|||0|d7|v3,llama31_8b,DCv21,blind,D7-CVE-2026-12969-deb-ubuntu-jammy-V6,CVE-2026-12969,V6,False,deb-ubuntu
D7-CVE-2026-12969-deb-ubuntu-jammy-V6|DCv21|llama31_8b|tracker|P3|60.0|0.0|0|||0|d7|v3,llama31_8b,DCv21,tracker,D7-CVE-2026-12969-deb-ubuntu-jammy-V6,CVE-2026-12969,V6,False,deb-ubuntu
D7-CVE-2026-12969-deb-ubuntu-jammy-V6|DCv21|llama31_8b|withheld|P3|60.0|0.0|0|||0|d7|v3,llama31_8b,DCv21,withheld,D7-CVE-2026-12969-deb-ubuntu-jammy-V6,CVE-2026-12969,V6,False,deb-ubuntu
D7-CVE-2026-29167-vendor-noble-V8|DC|llama31_8b|blind|P3|60.0|0.0|0|||0|d7|v3,llama31_8b,DC,blind,D7-CVE-2026-29167-vendor-noble-V8,CVE-2026-29167,V8,False,vendor
D7-CVE-2026-29167-vendor-noble-V8|DC|llama31_8b|tracker|P3|60.0|0.0|0|||0|d7|v3,llama31_8b,DC,tracker,D7-CVE-2026-29167-vendor-noble-V8,CVE-2026-29167,V8,False,vendor
D7-CVE-2026-29167-vendor-noble-V8|DC|llama31_8b|withheld|P3|60.0|0.0|0|||0|d7|v3,llama31_8b,DC,withheld,D7-CVE-2026-29167-vendor-noble-V8,CVE-2026-29167,V8,False,vendor
D7-CVE-2026-29167-vendor-noble-V8|DCv21|llama31_8b|blind|P3|60.0|0.0|0|||0|d7|v3,llama31_8b,DCv21,blind,D7-CVE-2026-29167-vendor-noble-V8,CVE-2026-29167,V8,False,vendor
D7-CVE-2026-29167-vendor-noble-V8|DCv21|llama31_8b|tracker|P3|60.0|0.0|0|||0|d7|v3,llama31_8b,DCv21,tracker,D7-CVE-2026-29167-vendor-noble-V8,CVE-2026-29167,V8,False,vendor
D7-CVE-2026-29167-vendor-noble-V8|DCv21|llama31_8b|withheld|P3|60.0|0.0|0|||0|d7|v3,llama31_8b,DCv21,withheld,D7-CVE-2026-29167-vendor-noble-V8,CVE-2026-29167,V8,False,vendor
D7-CVE-2026-41848-maven-jammy-V6|DC|llama31_8b|blind|P3|60.0|0.0|0|||0|d7|v3,llama31_8b,DC,blind,D7-CVE-2026-41848-maven-jammy-V6,CVE-2026-41848,V6,False,maven
D7-CVE-2026-41848-maven-jammy-V6|DC|llama31_8b|tracker|P3|60.0|0.0|0|||0|d7|v3,llama31_8b,DC,tracker,D7-CVE-2026-41848-maven-jammy-V6,CVE-2026-41848,V6,False,maven
D7-CVE-2026-41848-maven-jammy-V6|DC|llama31_8b|withheld|P3|60.0|0.0|0|||0|d7|v3,llama31_8b,DC,withheld,D7-CVE-2026-41848-maven-jammy-V6,CVE-2026-41848,V6,False,maven
D7-CVE-2026-41848-maven-jammy-V6|DCv21|llama31_8b|blind|P3|60.0|0.0|0|||0|d7|v3,llama31_8b,DCv21,blind,D7-CVE-2026-41848-maven-jammy-V6,CVE-2026-41848,V6,False,maven
D7-CVE-2026-41848-maven-jammy-V6|DCv21|llama31_8b|tracker|P3|60.0|0.0|0|||0|d7|v3,llama31_8b,DCv21,tracker,D7-CVE-2026-41848-maven-jammy-V6,CVE-2026-41848,V6,False,maven
D7-CVE-2026-41848-maven-jammy-V6|DCv21|llama31_8b|withheld|P3|60.0|0.0|0|||0|d7|v3,llama31_8b,DCv21,withheld,D7-CVE-2026-41848-maven-jammy-V6,CVE-2026-41848,V6,False,maven
D7-CVE-2026-42308-pypi-jammy-V1|DC|llama31_8b|blind|P3|60.0|0.0|0|||0|d7|v3,llama31_8b,DC,blind,D7-CVE-2026-42308-pypi-jammy-V1,CVE-2026-42308,V1,False,pypi
D7-CVE-2026-42308-pypi-jammy-V1|DC|llama31_8b|tracker|P3|60.0|0.0|0|||0|d7|v3,llama31_8b,DC,tracker,D7-CVE-2026-42308-pypi-jammy-V1,CVE-2026-42308,V1,False,pypi
D7-CVE-2026-42308-pypi-jammy-V1|DC|llama31_8b|withheld|P3|60.0|0.0|0|||0|d7|v3,llama31_8b,DC,withheld,D7-CVE-2026-42308-pypi-jammy-V1,CVE-2026-42308,V1,False,pypi
D7-CVE-2026-42308-pypi-jammy-V1|DCv21|llama31_8b|blind|P3|60.0|0.0|0|||0|d7|v3,llama31_8b,DCv21,blind,D7-CVE-2026-42308-pypi-jammy-V1,CVE-2026-42308,V1,False,pypi
D7-CVE-2026-42308-pypi-jammy-V1|DCv21|llama31_8b|tracker|P3|60.0|0.0|0|||0|d7|v3,llama31_8b,DCv21,tracker,D7-CVE-2026-42308-pypi-jammy-V1,CVE-2026-42308,V1,False,pypi
D7-CVE-2026-42308-pypi-jammy-V1|DCv21|llama31_8b|withheld|P3|60.0|0.0|0|||0|d7|v3,llama31_8b,DCv21,withheld,D7-CVE-2026-42308-pypi-jammy-V1,CVE-2026-42308,V1,False,pypi
D7-CVE-2026-42533-deb-ubuntu-noble-V2|DC|llama31_8b|blind|P3|60.0|0.0|0|||0|d7|v3,llama31_8b,DC,blind,D7-CVE-2026-42533-deb-ubuntu-noble-V2,CVE-2026-42533,V2,False,deb-ubuntu
D7-CVE-2026-42533-deb-ubuntu-noble-V2|DC|llama31_8b|tracker|P3|60.0|0.0|0|||0|d7|v3,llama31_8b,DC,tracker,D7-CVE-2026-42533-deb-ubuntu-noble-V2,CVE-2026-42533,V2,False,deb-ubuntu
D7-CVE-2026-42533-deb-ubuntu-noble-V2|DC|llama31_8b|withheld|P3|60.0|0.0|0|||0|d7|v3,llama31_8b,DC,withheld,D7-CVE-2026-42533-deb-ubuntu-noble-V2,CVE-2026-42533,V2,False,deb-ubuntu
D7-CVE-2026-42533-deb-ubuntu-noble-V2|DCv21|llama31_8b|blind|P3|60.0|0.0|0|||0|d7|v3,llama31_8b,DCv21,blind,D7-CVE-2026-42533-deb-ubuntu-noble-V2,CVE-2026-42533,V2,False,deb-ubuntu
D7-CVE-2026-42533-deb-ubuntu-noble-V2|DCv21|llama31_8b|tracker|P3|60.0|0.0|0|||0|d7|v3,llama31_8b,DCv21,tracker,D7-CVE-2026-42533-deb-ubuntu-noble-V2,CVE-2026-42533,V2,False,deb-ubuntu
D7-CVE-2026-42533-deb-ubuntu-noble-V2|DCv21|llama31_8b|withheld|P3|60.0|0.0|0|||0|d7|v3,llama31_8b,DCv21,withheld,D7-CVE-2026-42533-deb-ubuntu-noble-V2,CVE-2026-42533,V2,False,deb-ubuntu
D7-CVE-2026-43617-deb-ubuntu-jammy-V4|DC|llama31_8b|blind|P3|60.0|0.0|0|||0|d7|v3,llama31_8b,DC,blind,D7-CVE-2026-43617-deb-ubuntu-jammy-V4,CVE-2026-43617,V4,False,deb-ubuntu
D7-CVE-2026-43617-deb-ubuntu-jammy-V4|DC|llama31_8b|tracker|P3|60.0|0.0|0|||0|d7|v3,llama31_8b,DC,tracker,D7-CVE-2026-43617-deb-ubuntu-jammy-V4,CVE-2026-43617,V4,False,deb-ubuntu
D7-CVE-2026-43617-deb-ubuntu-jammy-V4|DC|llama31_8b|withheld|P3|60.0|0.0|0|||0|d7|v3,llama31_8b,DC,withheld,D7-CVE-2026-43617-deb-ubuntu-jammy-V4,CVE-2026-43617,V4,False,deb-ubuntu
D7-CVE-2026-43617-deb-ubuntu-jammy-V4|DCv21|llama31_8b|blind|P3|60.0|0.0|0|||0|d7|v3,llama31_8b,DCv21,blind,D7-CVE-2026-43617-deb-ubuntu-jammy-V4,CVE-2026-43617,V4,False,deb-ubuntu
D7-CVE-2026-43617-deb-ubuntu-jammy-V4|DCv21|llama31_8b|tracker|P3|60.0|0.0|0|||0|d7|v3,llama31_8b,DCv21,tracker,D7-CVE-2026-43617-deb-ubuntu-jammy-V4,CVE-2026-43617,V4,False,deb-ubuntu
D7-CVE-2026-43617-deb-ubuntu-jammy-V4|DCv21|llama31_8b|withheld|P3|60.0|0.0|0|||0|d7|v3,llama31_8b,DCv21,withheld,D7-CVE-2026-43617-deb-ubuntu-jammy-V4,CVE-2026-43617,V4,False,deb-ubuntu
D7-CVE-2026-55276-vendor-jammy-V4|DC|llama31_8b|blind|P3|60.0|0.0|0|||0|d7|v3,llama31_8b,DC,blind,D7-CVE-2026-55276-vendor-jammy-V4,CVE-2026-55276,V4,False,vendor
D7-CVE-2026-55276-vendor-jammy-V4|DC|llama31_8b|tracker|P3|60.0|0.0|0|||0|d7|v3,llama31_8b,DC,tracker,D7-CVE-2026-55276-vendor-jammy-V4,CVE-2026-55276,V4,False,vendor
D7-CVE-2026-55276-vendor-jammy-V4|DC|llama31_8b|withheld|P3|60.0|0.0|0|||0|d7|v3,llama31_8b,DC,withheld,D7-CVE-2026-55276-vendor-jammy-V4,CVE-2026-55276,V4,False,vendor
D7-CVE-2026-55276-vendor-jammy-V4|DCv21|llama31_8b|blind|P3|60.0|0.0|0|||0|d7|v3,llama31_8b,DCv21,blind,D7-CVE-2026-55276-vendor-jammy-V4,CVE-2026-55276,V4,False,vendor
D7-CVE-2026-55276-vendor-jammy-V4|DCv21|llama31_8b|tracker|P3|60.0|0.0|0|||0|d7|v3,llama31_8b,DCv21,tracker,D7-CVE-2026-55276-vendor-jammy-V4,CVE-2026-55276,V4,False,vendor
D7-CVE-2026-55276-vendor-jammy-V4|DCv21|llama31_8b|withheld|P3|60.0|0.0|0|||0|d7|v3,llama31_8b,DCv21,withheld,D7-CVE-2026-55276-vendor-jammy-V4,CVE-2026-55276,V4,False,vendor
D7-CVE-2026-56153-vendor-noble-V8|DC|llama31_8b|blind|P3|60.0|0.0|0|||0|d7|v3,llama31_8b,DC,blind,D7-CVE-2026-56153-vendor-noble-V8,CVE-2026-56153,V8,False,vendor
D7-CVE-2026-56153-vendor-noble-V8|DC|llama31_8b|tracker|P3|60.0|0.0|0|||0|d7|v3,llama31_8b,DC,tracker,D7-CVE-2026-56153-vendor-noble-V8,CVE-2026-56153,V8,False,vendor
D7-CVE-2026-56153-vendor-noble-V8|DC|llama31_8b|withheld|P3|60.0|0.0|0|||0|d7|v3,llama31_8b,DC,withheld,D7-CVE-2026-56153-vendor-noble-V8,CVE-2026-56153,V8,False,vendor
D7-CVE-2026-56153-vendor-noble-V8|DCv21|llama31_8b|blind|P3|60.0|0.0|0|||0|d7|v3,llama31_8b,DCv21,blind,D7-CVE-2026-56153-vendor-noble-V8,CVE-2026-56153,V8,False,vendor
D7-CVE-2026-56153-vendor-noble-V8|DCv21|llama31_8b|tracker|P3|60.0|0.0|0|||0|d7|v3,llama31_8b,DCv21,tracker,D7-CVE-2026-56153-vendor-noble-V8,CVE-2026-56153,V8,False,vendor
D7-CVE-2026-56153-vendor-noble-V8|DCv21|llama31_8b|withheld|P3|60.0|0.0|0|||0|d7|v3,llama31_8b,DCv21,withheld,D7-CVE-2026-56153-vendor-noble-V8,CVE-2026-56153,V8,False,vendor
D7-CVE-2026-65183-vendor-jammy-V3|DC|llama31_8b|blind|P3|60.0|0.0|0|||0|d7|v3,llama31_8b,DC,blind,D7-CVE-2026-65183-vendor-jammy-V3,CVE-2026-65183,V3,False,vendor
D7-CVE-2026-65183-vendor-jammy-V3|DC|llama31_8b|tracker|P3|60.0|0.0|0|||0|d7|v3,llama31_8b,DC,tracker,D7-CVE-2026-65183-vendor-jammy-V3,CVE-2026-65183,V3,False,vendor
D7-CVE-2026-65183-vendor-jammy-V3|DC|llama31_8b|withheld|P3|60.0|0.0|0|||0|d7|v3,llama31_8b,DC,withheld,D7-CVE-2026-65183-vendor-jammy-V3,CVE-2026-65183,V3,False,vendor
D7-CVE-2026-65183-vendor-jammy-V3|DCv21|llama31_8b|blind|P3|60.0|0.0|0|||0|d7|v3,llama31_8b,DCv21,blind,D7-CVE-2026-65183-vendor-jammy-V3,CVE-2026-65183,V3,False,vendor
D7-CVE-2026-65183-vendor-jammy-V3|DCv21|llama31_8b|tracker|P3|60.0|0.0|0|||0|d7|v3,llama31_8b,DCv21,tracker,D7-CVE-2026-65183-vendor-jammy-V3,CVE-2026-65183,V3,False,vendor
D7-CVE-2026-65183-vendor-jammy-V3|DCv21|llama31_8b|withheld|P3|60.0|0.0|0|||0|d7|v3,llama31_8b,DCv21,withheld,D7-CVE-2026-65183-vendor-jammy-V3,CVE-2026-65183,V3,False,vendor
D7-CVE-2026-90698-deb-ubuntu-noble-V2|DC|llama31_8b|blind|P3|60.0|0.0|0|||0|d7|v3,llama31_8b,DC,blind,D7-CVE-2026-90698-deb-ubuntu-noble-V2,CVE-2026-90698,V2,False,deb-ubuntu
D7-CVE-2026-90698-deb-ubuntu-noble-V2|DC|llama31_8b|tracker|P3|60.0|0.0|0|||0|d7|v3,llama31_8b,DC,tracker,D7-CVE-2026-90698-deb-ubuntu-noble-V2,CVE-2026-90698,V2,False,deb-ubuntu
D7-CVE-2026-90698-deb-ubuntu-noble-V2|DC|llama31_8b|withheld|P3|60.0|0.0|0|||0|d7|v3,llama31_8b,DC,withheld,D7-CVE-2026-90698-deb-ubuntu-noble-V2,CVE-2026-90698,V2,False,deb-ubuntu
D7-CVE-2026-90698-deb-ubuntu-noble-V2|DCv21|llama31_8b|blind|P3|60.0|0.0|0|||0|d7|v3,llama31_8b,DCv21,blind,D7-CVE-2026-90698-deb-ubuntu-noble-V2,CVE-2026-90698,V2,False,deb-ubuntu
D7-CVE-2026-90698-deb-ubuntu-noble-V2|DCv21|llama31_8b|tracker|P3|60.0|0.0|0|||0|d7|v3,llama31_8b,DCv21,tracker,D7-CVE-2026-90698-deb-ubuntu-noble-V2,CVE-2026-90698,V2,False,deb-ubuntu
D7-CVE-2026-90698-deb-ubuntu-noble-V2|DCv21|llama31_8b|withheld|P3|60.0|0.0|0|||0|d7|v3,llama31_8b,DCv21,withheld,D7-CVE-2026-90698-deb-ubuntu-noble-V2,CVE-2026-90698,V2,False,deb-ubuntu
D7-CVE-2018-1000861-vendor-noble-V1|DC|mistral_small_24b|blind|P3|60.0|0.0|0|||0|d7|v3,mistral_small_24b,DC,blind,D7-CVE-2018-1000861-vendor-noble-V1,CVE-2018-1000861,V1,False,vendor
D7-CVE-2018-1000861-vendor-noble-V1|DC|mistral_small_24b|tracker|P3|60.0|0.0|0|||0|d7|v3,mistral_small_24b,DC,tracker,D7-CVE-2018-1000861-vendor-noble-V1,CVE-2018-1000861,V1,False,vendor
D7-CVE-2018-1000861-vendor-noble-V1|DC|mistral_small_24b|withheld|P3|60.0|0.0|0|||0|d7|v3,mistral_small_24b,DC,withheld,D7-CVE-2018-1000861-vendor-noble-V1,CVE-2018-1000861,V1,False,vendor
D7-CVE-2018-1000861-vendor-noble-V1|DCv21|mistral_small_24b|blind|P3|60.0|0.0|0|||0|d7|v3,mistral_small_24b,DCv21,blind,D7-CVE-2018-1000861-vendor-noble-V1,CVE-2018-1000861,V1,False,vendor
D7-CVE-2018-1000861-vendor-noble-V1|DCv21|mistral_small_24b|tracker|P3|60.0|0.0|0|||0|d7|v3,mistral_small_24b,DCv21,tracker,D7-CVE-2018-1000861-vendor-noble-V1,CVE-2018-1000861,V1,False,vendor
D7-CVE-2018-1000861-vendor-noble-V1|DCv21|mistral_small_24b|withheld|P3|60.0|0.0|0|||0|d7|v3,mistral_small_24b,DCv21,withheld,D7-CVE-2018-1000861-vendor-noble-V1,CVE-2018-1000861,V1,False,vendor
D7-CVE-2020-9484-vendor-jammy-V6|DC|mistral_small_24b|blind|P3|60.0|0.0|0|||0|d7|v3,mistral_small_24b,DC,blind,D7-CVE-2020-9484-vendor-jammy-V6,CVE-2020-9484,V6,False,vendor
D7-CVE-2020-9484-vendor-jammy-V6|DC|mistral_small_24b|tracker|P3|60.0|0.0|0|||0|d7|v3,mistral_small_24b,DC,tracker,D7-CVE-2020-9484-vendor-jammy-V6,CVE-2020-9484,V6,False,vendor
D7-CVE-2020-9484-vendor-jammy-V6|DC|mistral_small_24b|withheld|P3|60.0|0.0|0|||0|d7|v3,mistral_small_24b,DC,withheld,D7-CVE-2020-9484-vendor-jammy-V6,CVE-2020-9484,V6,False,vendor
D7-CVE-2020-9484-vendor-jammy-V6|DCv21|mistral_small_24b|blind|P3|60.0|0.0|0|||0|d7|v3,mistral_small_24b,DCv21,blind,D7-CVE-2020-9484-vendor-jammy-V6,CVE-2020-9484,V6,False,vendor
D7-CVE-2020-9484-vendor-jammy-V6|DCv21|mistral_small_24b|tracker|P3|60.0|0.0|0|||0|d7|v3,mistral_small_24b,DCv21,tracker,D7-CVE-2020-9484-vendor-jammy-V6,CVE-2020-9484,V6,False,vendor
D7-CVE-2020-9484-vendor-jammy-V6|DCv21|mistral_small_24b|withheld|P3|60.0|0.0|0|||0|d7|v3,mistral_small_24b,DCv21,withheld,D7-CVE-2020-9484-vendor-jammy-V6,CVE-2020-9484,V6,False,vendor
D7-CVE-2021-40438-vendor-noble-V1|DC|mistral_small_24b|blind|P3|60.0|0.0|0|||0|d7|v3,mistral_small_24b,DC,blind,D7-CVE-2021-40438-vendor-noble-V1,CVE-2021-40438,V1,False,vendor
D7-CVE-2021-40438-vendor-noble-V1|DC|mistral_small_24b|tracker|P3|60.0|0.0|0|||0|d7|v3,mistral_small_24b,DC,tracker,D7-CVE-2021-40438-vendor-noble-V1,CVE-2021-40438,V1,False,vendor
D7-CVE-2021-40438-vendor-noble-V1|DC|mistral_small_24b|withheld|P3|60.0|0.0|0|||0|d7|v3,mistral_small_24b,DC,withheld,D7-CVE-2021-40438-vendor-noble-V1,CVE-2021-40438,V1,False,vendor
D7-CVE-2021-40438-vendor-noble-V1|DCv21|mistral_small_24b|blind|P3|60.0|0.0|0|||0|d7|v3,mistral_small_24b,DCv21,blind,D7-CVE-2021-40438-vendor-noble-V1,CVE-2021-40438,V1,False,vendor
D7-CVE-2021-40438-vendor-noble-V1|DCv21|mistral_small_24b|tracker|P3|60.0|0.0|0|||0|d7|v3,mistral_small_24b,DCv21,tracker,D7-CVE-2021-40438-vendor-noble-V1,CVE-2021-40438,V1,False,vendor
D7-CVE-2021-40438-vendor-noble-V1|DCv21|mistral_small_24b|withheld|P3|60.0|0.0|0|||0|d7|v3,mistral_small_24b,DCv21,withheld,D7-CVE-2021-40438-vendor-noble-V1,CVE-2021-40438,V1,False,vendor
D7-CVE-2022-22963-maven-jammy-V4|DC|mistral_small_24b|blind|P3|60.0|0.0|0|||0|d7|v3,mistral_small_24b,DC,blind,D7-CVE-2022-22963-maven-jammy-V4,CVE-2022-22963,V4,False,maven
D7-CVE-2022-22963-maven-jammy-V4|DC|mistral_small_24b|tracker|P3|60.0|0.0|0|||0|d7|v3,mistral_small_24b,DC,tracker,D7-CVE-2022-22963-maven-jammy-V4,CVE-2022-22963,V4,False,maven
D7-CVE-2022-22963-maven-jammy-V4|DC|mistral_small_24b|withheld|P3|60.0|0.0|0|||0|d7|v3,mistral_small_24b,DC,withheld,D7-CVE-2022-22963-maven-jammy-V4,CVE-2022-22963,V4,False,maven
D7-CVE-2022-22963-maven-jammy-V4|DCv21|mistral_small_24b|blind|P3|60.0|0.0|0|||0|d7|v3,mistral_small_24b,DCv21,blind,D7-CVE-2022-22963-maven-jammy-V4,CVE-2022-22963,V4,False,maven
D7-CVE-2022-22963-maven-jammy-V4|DCv21|mistral_small_24b|tracker|P3|60.0|0.0|0|||0|d7|v3,mistral_small_24b,DCv21,tracker,D7-CVE-2022-22963-maven-jammy-V4,CVE-2022-22963,V4,False,maven
D7-CVE-2022-22963-maven-jammy-V4|DCv21|mistral_small_24b|withheld|P3|60.0|0.0|0|||0|d7|v3,mistral_small_24b,DCv21,withheld,D7-CVE-2022-22963-maven-jammy-V4,CVE-2022-22963,V4,False,maven
D7-CVE-2022-41741-deb-ubuntu-jammy-V4|DC|mistral_small_24b|blind|P3|60.0|0.0|0|||0|d7|v3,mistral_small_24b,DC,blind,D7-CVE-2022-41741-deb-ubuntu-jammy-V4,CVE-2022-41741,V4,False,deb-ubuntu
D7-CVE-2022-41741-deb-ubuntu-jammy-V4|DC|mistral_small_24b|tracker|P3|60.0|0.0|0|||0|d7|v3,mistral_small_24b,DC,tracker,D7-CVE-2022-41741-deb-ubuntu-jammy-V4,CVE-2022-41741,V4,False,deb-ubuntu
D7-CVE-2022-41741-deb-ubuntu-jammy-V4|DC|mistral_small_24b|withheld|P3|60.0|0.0|0|||0|d7|v3,mistral_small_24b,DC,withheld,D7-CVE-2022-41741-deb-ubuntu-jammy-V4,CVE-2022-41741,V4,False,deb-ubuntu
D7-CVE-2022-41741-deb-ubuntu-jammy-V4|DCv21|mistral_small_24b|blind|P3|60.0|0.0|0|||0|d7|v3,mistral_small_24b,DCv21,blind,D7-CVE-2022-41741-deb-ubuntu-jammy-V4,CVE-2022-41741,V4,False,deb-ubuntu
D7-CVE-2022-41741-deb-ubuntu-jammy-V4|DCv21|mistral_small_24b|tracker|P3|60.0|0.0|0|||0|d7|v3,mistral_small_24b,DCv21,tracker,D7-CVE-2022-41741-deb-ubuntu-jammy-V4,CVE-2022-41741,V4,False,deb-ubuntu
D7-CVE-2022-41741-deb-ubuntu-jammy-V4|DCv21|mistral_small_24b|withheld|P3|60.0|0.0|0|||0|d7|v3,mistral_small_24b,DCv21,withheld,D7-CVE-2022-41741-deb-ubuntu-jammy-V4,CVE-2022-41741,V4,False,deb-ubuntu
D7-CVE-2023-42116-deb-ubuntu-noble-V6|DC|mistral_small_24b|blind|P3|60.0|0.0|0|||0|d7|v3,mistral_small_24b,DC,blind,D7-CVE-2023-42116-deb-ubuntu-noble-V6,CVE-2023-42116,V6,False,deb-ubuntu
D7-CVE-2023-42116-deb-ubuntu-noble-V6|DC|mistral_small_24b|tracker|P3|60.0|0.0|0|||0|d7|v3,mistral_small_24b,DC,tracker,D7-CVE-2023-42116-deb-ubuntu-noble-V6,CVE-2023-42116,V6,False,deb-ubuntu
D7-CVE-2023-42116-deb-ubuntu-noble-V6|DC|mistral_small_24b|withheld|P3|60.0|0.0|0|||0|d7|v3,mistral_small_24b,DC,withheld,D7-CVE-2023-42116-deb-ubuntu-noble-V6,CVE-2023-42116,V6,False,deb-ubuntu
D7-CVE-2023-42116-deb-ubuntu-noble-V6|DCv21|mistral_small_24b|blind|P3|60.0|0.0|0|||0|d7|v3,mistral_small_24b,DCv21,blind,D7-CVE-2023-42116-deb-ubuntu-noble-V6,CVE-2023-42116,V6,False,deb-ubuntu
D7-CVE-2023-42116-deb-ubuntu-noble-V6|DCv21|mistral_small_24b|tracker|P3|60.0|0.0|0|||0|d7|v3,mistral_small_24b,DCv21,tracker,D7-CVE-2023-42116-deb-ubuntu-noble-V6,CVE-2023-42116,V6,False,deb-ubuntu
D7-CVE-2023-42116-deb-ubuntu-noble-V6|DCv21|mistral_small_24b|withheld|P3|60.0|0.0|0|||0|d7|v3,mistral_small_24b,DCv21,withheld,D7-CVE-2023-42116-deb-ubuntu-noble-V6,CVE-2023-42116,V6,False,deb-ubuntu
D7-CVE-2023-43770-vendor-jammy-V1|DC|mistral_small_24b|blind|P3|60.0|0.0|0|||0|d7|v3,mistral_small_24b,DC,blind,D7-CVE-2023-43770-vendor-jammy-V1,CVE-2023-43770,V1,False,vendor
D7-CVE-2023-43770-vendor-jammy-V1|DC|mistral_small_24b|tracker|P3|60.0|0.0|0|||0|d7|v3,mistral_small_24b,DC,tracker,D7-CVE-2023-43770-vendor-jammy-V1,CVE-2023-43770,V1,False,vendor
D7-CVE-2023-43770-vendor-jammy-V1|DC|mistral_small_24b|withheld|P3|60.0|0.0|0|||0|d7|v3,mistral_small_24b,DC,withheld,D7-CVE-2023-43770-vendor-jammy-V1,CVE-2023-43770,V1,False,vendor
D7-CVE-2023-43770-vendor-jammy-V1|DCv21|mistral_small_24b|blind|P3|60.0|0.0|0|||0|d7|v3,mistral_small_24b,DCv21,blind,D7-CVE-2023-43770-vendor-jammy-V1,CVE-2023-43770,V1,False,vendor
D7-CVE-2023-43770-vendor-jammy-V1|DCv21|mistral_small_24b|tracker|P3|60.0|0.0|0|||0|d7|v3,mistral_small_24b,DCv21,tracker,D7-CVE-2023-43770-vendor-jammy-V1,CVE-2023-43770,V1,False,vendor
D7-CVE-2023-43770-vendor-jammy-V1|DCv21|mistral_small_24b|withheld|P3|60.0|0.0|0|||0|d7|v3,mistral_small_24b,DCv21,withheld,D7-CVE-2023-43770-vendor-jammy-V1,CVE-2023-43770,V1,False,vendor
D7-CVE-2023-7104-deb-ubuntu-noble-V1|DC|mistral_small_24b|blind|P3|60.0|0.0|0|||0|d7|v3,mistral_small_24b,DC,blind,D7-CVE-2023-7104-deb-ubuntu-noble-V1,CVE-2023-7104,V1,False,deb-ubuntu
D7-CVE-2023-7104-deb-ubuntu-noble-V1|DC|mistral_small_24b|tracker|P3|60.0|0.0|0|||0|d7|v3,mistral_small_24b,DC,tracker,D7-CVE-2023-7104-deb-ubuntu-noble-V1,CVE-2023-7104,V1,False,deb-ubuntu
D7-CVE-2023-7104-deb-ubuntu-noble-V1|DC|mistral_small_24b|withheld|P3|60.0|0.0|0|||0|d7|v3,mistral_small_24b,DC,withheld,D7-CVE-2023-7104-deb-ubuntu-noble-V1,CVE-2023-7104,V1,False,deb-ubuntu
D7-CVE-2023-7104-deb-ubuntu-noble-V1|DCv21|mistral_small_24b|blind|P3|60.0|0.0|0|||0|d7|v3,mistral_small_24b,DCv21,blind,D7-CVE-2023-7104-deb-ubuntu-noble-V1,CVE-2023-7104,V1,False,deb-ubuntu
D7-CVE-2023-7104-deb-ubuntu-noble-V1|DCv21|mistral_small_24b|tracker|P3|60.0|0.0|0|||0|d7|v3,mistral_small_24b,DCv21,tracker,D7-CVE-2023-7104-deb-ubuntu-noble-V1,CVE-2023-7104,V1,False,deb-ubuntu
D7-CVE-2023-7104-deb-ubuntu-noble-V1|DCv21|mistral_small_24b|withheld|P3|60.0|0.0|0|||0|d7|v3,mistral_small_24b,DCv21,withheld,D7-CVE-2023-7104-deb-ubuntu-noble-V1,CVE-2023-7104,V1,False,deb-ubuntu
D7-CVE-2024-1597-maven-jammy-V5|DC|mistral_small_24b|blind|P3|60.0|0.0|0|||0|d7|v3,mistral_small_24b,DC,blind,D7-CVE-2024-1597-maven-jammy-V5,CVE-2024-1597,V5,False,maven
D7-CVE-2024-1597-maven-jammy-V5|DC|mistral_small_24b|tracker|P3|60.0|0.0|0|||0|d7|v3,mistral_small_24b,DC,tracker,D7-CVE-2024-1597-maven-jammy-V5,CVE-2024-1597,V5,False,maven
D7-CVE-2024-1597-maven-jammy-V5|DC|mistral_small_24b|withheld|P3|60.0|0.0|0|||0|d7|v3,mistral_small_24b,DC,withheld,D7-CVE-2024-1597-maven-jammy-V5,CVE-2024-1597,V5,False,maven
D7-CVE-2024-1597-maven-jammy-V5|DCv21|mistral_small_24b|blind|P3|60.0|0.0|0|||0|d7|v3,mistral_small_24b,DCv21,blind,D7-CVE-2024-1597-maven-jammy-V5,CVE-2024-1597,V5,False,maven
D7-CVE-2024-1597-maven-jammy-V5|DCv21|mistral_small_24b|tracker|P3|60.0|0.0|0|||0|d7|v3,mistral_small_24b,DCv21,tracker,D7-CVE-2024-1597-maven-jammy-V5,CVE-2024-1597,V5,False,maven
D7-CVE-2024-1597-maven-jammy-V5|DCv21|mistral_small_24b|withheld|P3|60.0|0.0|0|||0|d7|v3,mistral_small_24b,DCv21,withheld,D7-CVE-2024-1597-maven-jammy-V5,CVE-2024-1597,V5,False,maven
D7-CVE-2024-23334-pypi-jammy-V6|DC|mistral_small_24b|blind|P3|60.0|0.0|0|||0|d7|v3,mistral_small_24b,DC,blind,D7-CVE-2024-23334-pypi-jammy-V6,CVE-2024-23334,V6,False,pypi
D7-CVE-2024-23334-pypi-jammy-V6|DC|mistral_small_24b|tracker|P3|60.0|0.0|0|||0|d7|v3,mistral_small_24b,DC,tracker,D7-CVE-2024-23334-pypi-jammy-V6,CVE-2024-23334,V6,False,pypi
D7-CVE-2024-23334-pypi-jammy-V6|DC|mistral_small_24b|withheld|P3|60.0|0.0|0|||0|d7|v3,mistral_small_24b,DC,withheld,D7-CVE-2024-23334-pypi-jammy-V6,CVE-2024-23334,V6,False,pypi
D7-CVE-2024-23334-pypi-jammy-V6|DCv21|mistral_small_24b|blind|P3|60.0|0.0|0|||0|d7|v3,mistral_small_24b,DCv21,blind,D7-CVE-2024-23334-pypi-jammy-V6,CVE-2024-23334,V6,False,pypi
D7-CVE-2024-23334-pypi-jammy-V6|DCv21|mistral_small_24b|tracker|P3|60.0|0.0|0|||0|d7|v3,mistral_small_24b,DCv21,tracker,D7-CVE-2024-23334-pypi-jammy-V6,CVE-2024-23334,V6,False,pypi
D7-CVE-2024-23334-pypi-jammy-V6|DCv21|mistral_small_24b|withheld|P3|60.0|0.0|0|||0|d7|v3,mistral_small_24b,DCv21,withheld,D7-CVE-2024-23334-pypi-jammy-V6,CVE-2024-23334,V6,False,pypi
D7-CVE-2024-45231-pypi-jammy-V4|DC|mistral_small_24b|blind|P3|60.0|0.0|0|||0|d7|v3,mistral_small_24b,DC,blind,D7-CVE-2024-45231-pypi-jammy-V4,CVE-2024-45231,V4,False,pypi
D7-CVE-2024-45231-pypi-jammy-V4|DC|mistral_small_24b|tracker|P3|60.0|0.0|0|||0|d7|v3,mistral_small_24b,DC,tracker,D7-CVE-2024-45231-pypi-jammy-V4,CVE-2024-45231,V4,False,pypi
D7-CVE-2024-45231-pypi-jammy-V4|DC|mistral_small_24b|withheld|P3|60.0|0.0|0|||0|d7|v3,mistral_small_24b,DC,withheld,D7-CVE-2024-45231-pypi-jammy-V4,CVE-2024-45231,V4,False,pypi
D7-CVE-2024-45231-pypi-jammy-V4|DCv21|mistral_small_24b|blind|P3|60.0|0.0|0|||0|d7|v3,mistral_small_24b,DCv21,blind,D7-CVE-2024-45231-pypi-jammy-V4,CVE-2024-45231,V4,False,pypi
D7-CVE-2024-45231-pypi-jammy-V4|DCv21|mistral_small_24b|tracker|P3|60.0|0.0|0|||0|d7|v3,mistral_small_24b,DCv21,tracker,D7-CVE-2024-45231-pypi-jammy-V4,CVE-2024-45231,V4,False,pypi
D7-CVE-2024-45231-pypi-jammy-V4|DCv21|mistral_small_24b|withheld|P3|60.0|0.0|0|||0|d7|v3,mistral_small_24b,DCv21,withheld,D7-CVE-2024-45231-pypi-jammy-V4,CVE-2024-45231,V4,False,pypi
D7-CVE-2024-7347-deb-ubuntu-jammy-V3|DC|mistral_small_24b|blind|P3|60.0|0.0|0|||0|d7|v3,mistral_small_24b,DC,blind,D7-CVE-2024-7347-deb-ubuntu-jammy-V3,CVE-2024-7347,V3,False,deb-ubuntu
D7-CVE-2024-7347-deb-ubuntu-jammy-V3|DC|mistral_small_24b|tracker|P3|60.0|0.0|0|||0|d7|v3,mistral_small_24b,DC,tracker,D7-CVE-2024-7347-deb-ubuntu-jammy-V3,CVE-2024-7347,V3,False,deb-ubuntu
D7-CVE-2024-7347-deb-ubuntu-jammy-V3|DC|mistral_small_24b|withheld|P3|60.0|0.0|0|||0|d7|v3,mistral_small_24b,DC,withheld,D7-CVE-2024-7347-deb-ubuntu-jammy-V3,CVE-2024-7347,V3,False,deb-ubuntu
D7-CVE-2024-7347-deb-ubuntu-jammy-V3|DCv21|mistral_small_24b|blind|P3|60.0|0.0|0|||0|d7|v3,mistral_small_24b,DCv21,blind,D7-CVE-2024-7347-deb-ubuntu-jammy-V3,CVE-2024-7347,V3,False,deb-ubuntu
D7-CVE-2024-7347-deb-ubuntu-jammy-V3|DCv21|mistral_small_24b|tracker|P3|60.0|0.0|0|||0|d7|v3,mistral_small_24b,DCv21,tracker,D7-CVE-2024-7347-deb-ubuntu-jammy-V3,CVE-2024-7347,V3,False,deb-ubuntu
D7-CVE-2024-7347-deb-ubuntu-jammy-V3|DCv21|mistral_small_24b|withheld|P3|60.0|0.0|0|||0|d7|v3,mistral_small_24b,DCv21,withheld,D7-CVE-2024-7347-deb-ubuntu-jammy-V3,CVE-2024-7347,V3,False,deb-ubuntu
D7-CVE-2025-32462-deb-ubuntu-jammy-V1|DC|mistral_small_24b|blind|P3|60.0|0.0|0|||0|d7|v3,mistral_small_24b,DC,blind,D7-CVE-2025-32462-deb-ubuntu-jammy-V1,CVE-2025-32462,V1,False,deb-ubuntu
D7-CVE-2025-32462-deb-ubuntu-jammy-V1|DC|mistral_small_24b|tracker|P3|60.0|0.0|0|||0|d7|v3,mistral_small_24b,DC,tracker,D7-CVE-2025-32462-deb-ubuntu-jammy-V1,CVE-2025-32462,V1,False,deb-ubuntu
D7-CVE-2025-32462-deb-ubuntu-jammy-V1|DC|mistral_small_24b|withheld|P3|60.0|0.0|0|||0|d7|v3,mistral_small_24b,DC,withheld,D7-CVE-2025-32462-deb-ubuntu-jammy-V1,CVE-2025-32462,V1,False,deb-ubuntu
D7-CVE-2025-32462-deb-ubuntu-jammy-V1|DCv21|mistral_small_24b|blind|P3|60.0|0.0|0|||0|d7|v3,mistral_small_24b,DCv21,blind,D7-CVE-2025-32462-deb-ubuntu-jammy-V1,CVE-2025-32462,V1,False,deb-ubuntu
D7-CVE-2025-32462-deb-ubuntu-jammy-V1|DCv21|mistral_small_24b|tracker|P3|60.0|0.0|0|||0|d7|v3,mistral_small_24b,DCv21,tracker,D7-CVE-2025-32462-deb-ubuntu-jammy-V1,CVE-2025-32462,V1,False,deb-ubuntu
D7-CVE-2025-32462-deb-ubuntu-jammy-V1|DCv21|mistral_small_24b|withheld|P3|60.0|0.0|0|||0|d7|v3,mistral_small_24b,DCv21,withheld,D7-CVE-2025-32462-deb-ubuntu-jammy-V1,CVE-2025-32462,V1,False,deb-ubuntu
D7-CVE-2026-12969-deb-ubuntu-jammy-V2|DC|mistral_small_24b|blind|P3|60.0|0.0|0|||0|d7|v3,mistral_small_24b,DC,blind,D7-CVE-2026-12969-deb-ubuntu-jammy-V2,CVE-2026-12969,V2,False,deb-ubuntu
D7-CVE-2026-12969-deb-ubuntu-jammy-V2|DC|mistral_small_24b|tracker|P3|60.0|0.0|0|||0|d7|v3,mistral_small_24b,DC,tracker,D7-CVE-2026-12969-deb-ubuntu-jammy-V2,CVE-2026-12969,V2,False,deb-ubuntu
D7-CVE-2026-12969-deb-ubuntu-jammy-V2|DC|mistral_small_24b|withheld|P3|60.0|0.0|0|||0|d7|v3,mistral_small_24b,DC,withheld,D7-CVE-2026-12969-deb-ubuntu-jammy-V2,CVE-2026-12969,V2,False,deb-ubuntu
D7-CVE-2026-12969-deb-ubuntu-jammy-V2|DCv21|mistral_small_24b|blind|P3|60.0|0.0|0|||0|d7|v3,mistral_small_24b,DCv21,blind,D7-CVE-2026-12969-deb-ubuntu-jammy-V2,CVE-2026-12969,V2,False,deb-ubuntu
D7-CVE-2026-12969-deb-ubuntu-jammy-V2|DCv21|mistral_small_24b|tracker|P3|60.0|0.0|0|||0|d7|v3,mistral_small_24b,DCv21,tracker,D7-CVE-2026-12969-deb-ubuntu-jammy-V2,CVE-2026-12969,V2,False,deb-ubuntu
D7-CVE-2026-12969-deb-ubuntu-jammy-V2|DCv21|mistral_small_24b|withheld|P3|60.0|0.0|0|||0|d7|v3,mistral_small_24b,DCv21,withheld,D7-CVE-2026-12969-deb-ubuntu-jammy-V2,CVE-2026-12969,V2,False,deb-ubuntu
D7-CVE-2026-2340-deb-ubuntu-jammy-V6|DC|mistral_small_24b|blind|P3|60.0|0.0|0|||0|d7|v3,mistral_small_24b,DC,blind,D7-CVE-2026-2340-deb-ubuntu-jammy-V6,CVE-2026-2340,V6,False,deb-ubuntu
D7-CVE-2026-2340-deb-ubuntu-jammy-V6|DC|mistral_small_24b|tracker|P3|60.0|0.0|0|||0|d7|v3,mistral_small_24b,DC,tracker,D7-CVE-2026-2340-deb-ubuntu-jammy-V6,CVE-2026-2340,V6,False,deb-ubuntu
D7-CVE-2026-2340-deb-ubuntu-jammy-V6|DC|mistral_small_24b|withheld|P3|60.0|0.0|0|||0|d7|v3,mistral_small_24b,DC,withheld,D7-CVE-2026-2340-deb-ubuntu-jammy-V6,CVE-2026-2340,V6,False,deb-ubuntu
D7-CVE-2026-2340-deb-ubuntu-jammy-V6|DCv21|mistral_small_24b|blind|P3|60.0|0.0|0|||0|d7|v3,mistral_small_24b,DCv21,blind,D7-CVE-2026-2340-deb-ubuntu-jammy-V6,CVE-2026-2340,V6,False,deb-ubuntu
D7-CVE-2026-2340-deb-ubuntu-jammy-V6|DCv21|mistral_small_24b|tracker|P3|60.0|0.0|0|||0|d7|v3,mistral_small_24b,DCv21,tracker,D7-CVE-2026-2340-deb-ubuntu-jammy-V6,CVE-2026-2340,V6,False,deb-ubuntu
D7-CVE-2026-2340-deb-ubuntu-jammy-V6|DCv21|mistral_small_24b|withheld|P3|60.0|0.0|0|||0|d7|v3,mistral_small_24b,DCv21,withheld,D7-CVE-2026-2340-deb-ubuntu-jammy-V6,CVE-2026-2340,V6,False,deb-ubuntu
D7-CVE-2026-42198-maven-noble-V1|DC|mistral_small_24b|blind|P3|60.0|0.0|0|||0|d7|v3,mistral_small_24b,DC,blind,D7-CVE-2026-42198-maven-noble-V1,CVE-2026-42198,V1,False,maven
D7-CVE-2026-42198-maven-noble-V1|DC|mistral_small_24b|tracker|P3|60.0|0.0|0|||0|d7|v3,mistral_small_24b,DC,tracker,D7-CVE-2026-42198-maven-noble-V1,CVE-2026-42198,V1,False,maven
D7-CVE-2026-42198-maven-noble-V1|DC|mistral_small_24b|withheld|P3|60.0|0.0|0|||0|d7|v3,mistral_small_24b,DC,withheld,D7-CVE-2026-42198-maven-noble-V1,CVE-2026-42198,V1,False,maven
D7-CVE-2026-42198-maven-noble-V1|DCv21|mistral_small_24b|blind|P3|60.0|0.0|0|||0|d7|v3,mistral_small_24b,DCv21,blind,D7-CVE-2026-42198-maven-noble-V1,CVE-2026-42198,V1,False,maven
D7-CVE-2026-42198-maven-noble-V1|DCv21|mistral_small_24b|tracker|P3|60.0|0.0|0|||0|d7|v3,mistral_small_24b,DCv21,tracker,D7-CVE-2026-42198-maven-noble-V1,CVE-2026-42198,V1,False,maven
D7-CVE-2026-42198-maven-noble-V1|DCv21|mistral_small_24b|withheld|P3|60.0|0.0|0|||0|d7|v3,mistral_small_24b,DCv21,withheld,D7-CVE-2026-42198-maven-noble-V1,CVE-2026-42198,V1,False,maven
D7-CVE-2026-42561-pypi-noble-V2-b2|DC|mistral_small_24b|blind|P3|60.0|0.0|0|||0|d7|v3,mistral_small_24b,DC,blind,D7-CVE-2026-42561-pypi-noble-V2-b2,CVE-2026-42561,V2,False,pypi
D7-CVE-2026-42561-pypi-noble-V2-b2|DC|mistral_small_24b|tracker|P3|60.0|0.0|0|||0|d7|v3,mistral_small_24b,DC,tracker,D7-CVE-2026-42561-pypi-noble-V2-b2,CVE-2026-42561,V2,False,pypi
D7-CVE-2026-42561-pypi-noble-V2-b2|DC|mistral_small_24b|withheld|P3|60.0|0.0|0|||0|d7|v3,mistral_small_24b,DC,withheld,D7-CVE-2026-42561-pypi-noble-V2-b2,CVE-2026-42561,V2,False,pypi
D7-CVE-2026-42561-pypi-noble-V2-b2|DCv21|mistral_small_24b|blind|P3|60.0|0.0|0|||0|d7|v3,mistral_small_24b,DCv21,blind,D7-CVE-2026-42561-pypi-noble-V2-b2,CVE-2026-42561,V2,False,pypi
D7-CVE-2026-42561-pypi-noble-V2-b2|DCv21|mistral_small_24b|tracker|P3|60.0|0.0|0|||0|d7|v3,mistral_small_24b,DCv21,tracker,D7-CVE-2026-42561-pypi-noble-V2-b2,CVE-2026-42561,V2,False,pypi
D7-CVE-2026-42561-pypi-noble-V2-b2|DCv21|mistral_small_24b|withheld|P3|60.0|0.0|0|||0|d7|v3,mistral_small_24b,DCv21,withheld,D7-CVE-2026-42561-pypi-noble-V2-b2,CVE-2026-42561,V2,False,pypi
D7-CVE-2026-53435-vendor-jammy-V4|DC|mistral_small_24b|blind|P3|60.0|0.0|0|||0|d7|v3,mistral_small_24b,DC,blind,D7-CVE-2026-53435-vendor-jammy-V4,CVE-2026-53435,V4,False,vendor
D7-CVE-2026-53435-vendor-jammy-V4|DC|mistral_small_24b|tracker|P3|60.0|0.0|0|||0|d7|v3,mistral_small_24b,DC,tracker,D7-CVE-2026-53435-vendor-jammy-V4,CVE-2026-53435,V4,False,vendor
D7-CVE-2026-53435-vendor-jammy-V4|DC|mistral_small_24b|withheld|P3|60.0|0.0|0|||0|d7|v3,mistral_small_24b,DC,withheld,D7-CVE-2026-53435-vendor-jammy-V4,CVE-2026-53435,V4,False,vendor
D7-CVE-2026-53435-vendor-jammy-V4|DCv21|mistral_small_24b|blind|P3|60.0|0.0|0|||0|d7|v3,mistral_small_24b,DCv21,blind,D7-CVE-2026-53435-vendor-jammy-V4,CVE-2026-53435,V4,False,vendor
D7-CVE-2026-53435-vendor-jammy-V4|DCv21|mistral_small_24b|tracker|P3|60.0|0.0|0|||0|d7|v3,mistral_small_24b,DCv21,tracker,D7-CVE-2026-53435-vendor-jammy-V4,CVE-2026-53435,V4,False,vendor
D7-CVE-2026-53435-vendor-jammy-V4|DCv21|mistral_small_24b|withheld|P3|60.0|0.0|0|||0|d7|v3,mistral_small_24b,DCv21,withheld,D7-CVE-2026-53435-vendor-jammy-V4,CVE-2026-53435,V4,False,vendor
D7-CVE-2026-55956-vendor-jammy-V8-b2|DC|mistral_small_24b|blind|P3|60.0|0.0|0|||0|d7|v3,mistral_small_24b,DC,blind,D7-CVE-2026-55956-vendor-jammy-V8-b2,CVE-2026-55956,V8,False,vendor
D7-CVE-2026-55956-vendor-jammy-V8-b2|DC|mistral_small_24b|tracker|P3|60.0|0.0|0|||0|d7|v3,mistral_small_24b,DC,tracker,D7-CVE-2026-55956-vendor-jammy-V8-b2,CVE-2026-55956,V8,False,vendor
D7-CVE-2026-55956-vendor-jammy-V8-b2|DC|mistral_small_24b|withheld|P3|60.0|0.0|0|||0|d7|v3,mistral_small_24b,DC,withheld,D7-CVE-2026-55956-vendor-jammy-V8-b2,CVE-2026-55956,V8,False,vendor
D7-CVE-2026-55956-vendor-jammy-V8-b2|DCv21|mistral_small_24b|blind|P3|60.0|0.0|0|||0|d7|v3,mistral_small_24b,DCv21,blind,D7-CVE-2026-55956-vendor-jammy-V8-b2,CVE-2026-55956,V8,False,vendor
D7-CVE-2026-55956-vendor-jammy-V8-b2|DCv21|mistral_small_24b|tracker|P3|60.0|0.0|0|||0|d7|v3,mistral_small_24b,DCv21,tracker,D7-CVE-2026-55956-vendor-jammy-V8-b2,CVE-2026-55956,V8,False,vendor
D7-CVE-2026-55956-vendor-jammy-V8-b2|DCv21|mistral_small_24b|withheld|P3|60.0|0.0|0|||0|d7|v3,mistral_small_24b,DCv21,withheld,D7-CVE-2026-55956-vendor-jammy-V8-b2,CVE-2026-55956,V8,False,vendor
D7-CVE-2026-56153-vendor-noble-V1|DC|mistral_small_24b|blind|P3|60.0|0.0|0|||0|d7|v3,mistral_small_24b,DC,blind,D7-CVE-2026-56153-vendor-noble-V1,CVE-2026-56153,V1,False,vendor
D7-CVE-2026-56153-vendor-noble-V1|DC|mistral_small_24b|tracker|P3|60.0|0.0|0|||0|d7|v3,mistral_small_24b,DC,tracker,D7-CVE-2026-56153-vendor-noble-V1,CVE-2026-56153,V1,False,vendor
D7-CVE-2026-56153-vendor-noble-V1|DC|mistral_small_24b|withheld|P3|60.0|0.0|0|||0|d7|v3,mistral_small_24b,DC,withheld,D7-CVE-2026-56153-vendor-noble-V1,CVE-2026-56153,V1,False,vendor
D7-CVE-2026-56153-vendor-noble-V1|DCv21|mistral_small_24b|blind|P3|60.0|0.0|0|||0|d7|v3,mistral_small_24b,DCv21,blind,D7-CVE-2026-56153-vendor-noble-V1,CVE-2026-56153,V1,False,vendor
D7-CVE-2026-56153-vendor-noble-V1|DCv21|mistral_small_24b|tracker|P3|60.0|0.0|0|||0|d7|v3,mistral_small_24b,DCv21,tracker,D7-CVE-2026-56153-vendor-noble-V1,CVE-2026-56153,V1,False,vendor
D7-CVE-2026-56153-vendor-noble-V1|DCv21|mistral_small_24b|withheld|P3|60.0|0.0|0|||0|d7|v3,mistral_small_24b,DCv21,withheld,D7-CVE-2026-56153-vendor-noble-V1,CVE-2026-56153,V1,False,vendor
D7-CVE-2026-59998-deb-ubuntu-noble-V2|DC|mistral_small_24b|blind|P3|60.0|0.0|0|||0|d7|v3,mistral_small_24b,DC,blind,D7-CVE-2026-59998-deb-ubuntu-noble-V2,CVE-2026-59998,V2,False,deb-ubuntu
D7-CVE-2026-59998-deb-ubuntu-noble-V2|DC|mistral_small_24b|tracker|P3|60.0|0.0|0|||0|d7|v3,mistral_small_24b,DC,tracker,D7-CVE-2026-59998-deb-ubuntu-noble-V2,CVE-2026-59998,V2,False,deb-ubuntu
D7-CVE-2026-59998-deb-ubuntu-noble-V2|DC|mistral_small_24b|withheld|P3|60.0|0.0|0|||0|d7|v3,mistral_small_24b,DC,withheld,D7-CVE-2026-59998-deb-ubuntu-noble-V2,CVE-2026-59998,V2,False,deb-ubuntu
D7-CVE-2026-59998-deb-ubuntu-noble-V2|DCv21|mistral_small_24b|blind|P3|60.0|0.0|0|||0|d7|v3,mistral_small_24b,DCv21,blind,D7-CVE-2026-59998-deb-ubuntu-noble-V2,CVE-2026-59998,V2,False,deb-ubuntu
D7-CVE-2026-59998-deb-ubuntu-noble-V2|DCv21|mistral_small_24b|tracker|P3|60.0|0.0|0|||0|d7|v3,mistral_small_24b,DCv21,tracker,D7-CVE-2026-59998-deb-ubuntu-noble-V2,CVE-2026-59998,V2,False,deb-ubuntu
D7-CVE-2026-59998-deb-ubuntu-noble-V2|DCv21|mistral_small_24b|withheld|P3|60.0|0.0|0|||0|d7|v3,mistral_small_24b,DCv21,withheld,D7-CVE-2026-59998-deb-ubuntu-noble-V2,CVE-2026-59998,V2,False,deb-ubuntu
D7-CVE-2026-65183-vendor-jammy-V6|DC|mistral_small_24b|blind|P3|60.0|0.0|0|||0|d7|v3,mistral_small_24b,DC,blind,D7-CVE-2026-65183-vendor-jammy-V6,CVE-2026-65183,V6,False,vendor
D7-CVE-2026-65183-vendor-jammy-V6|DC|mistral_small_24b|tracker|P3|60.0|0.0|0|||0|d7|v3,mistral_small_24b,DC,tracker,D7-CVE-2026-65183-vendor-jammy-V6,CVE-2026-65183,V6,False,vendor
D7-CVE-2026-65183-vendor-jammy-V6|DC|mistral_small_24b|withheld|P3|60.0|0.0|0|||0|d7|v3,mistral_small_24b,DC,withheld,D7-CVE-2026-65183-vendor-jammy-V6,CVE-2026-65183,V6,False,vendor
D7-CVE-2026-65183-vendor-jammy-V6|DCv21|mistral_small_24b|blind|P3|60.0|0.0|0|||0|d7|v3,mistral_small_24b,DCv21,blind,D7-CVE-2026-65183-vendor-jammy-V6,CVE-2026-65183,V6,False,vendor
D7-CVE-2026-65183-vendor-jammy-V6|DCv21|mistral_small_24b|tracker|P3|60.0|0.0|0|||0|d7|v3,mistral_small_24b,DCv21,tracker,D7-CVE-2026-65183-vendor-jammy-V6,CVE-2026-65183,V6,False,vendor
D7-CVE-2026-65183-vendor-jammy-V6|DCv21|mistral_small_24b|withheld|P3|60.0|0.0|0|||0|d7|v3,mistral_small_24b,DCv21,withheld,D7-CVE-2026-65183-vendor-jammy-V6,CVE-2026-65183,V6,False,vendor
D7-CVE-2026-94054-deb-ubuntu-jammy-V2|DC|mistral_small_24b|blind|P3|60.0|0.0|0|||0|d7|v3,mistral_small_24b,DC,blind,D7-CVE-2026-94054-deb-ubuntu-jammy-V2,CVE-2026-94054,V2,False,deb-ubuntu
D7-CVE-2026-94054-deb-ubuntu-jammy-V2|DC|mistral_small_24b|tracker|P3|60.0|0.0|0|||0|d7|v3,mistral_small_24b,DC,tracker,D7-CVE-2026-94054-deb-ubuntu-jammy-V2,CVE-2026-94054,V2,False,deb-ubuntu
D7-CVE-2026-94054-deb-ubuntu-jammy-V2|DC|mistral_small_24b|withheld|P3|60.0|0.0|0|||0|d7|v3,mistral_small_24b,DC,withheld,D7-CVE-2026-94054-deb-ubuntu-jammy-V2,CVE-2026-94054,V2,False,deb-ubuntu
D7-CVE-2026-94054-deb-ubuntu-jammy-V2|DCv21|mistral_small_24b|blind|P3|60.0|0.0|0|||0|d7|v3,mistral_small_24b,DCv21,blind,D7-CVE-2026-94054-deb-ubuntu-jammy-V2,CVE-2026-94054,V2,False,deb-ubuntu
D7-CVE-2026-94054-deb-ubuntu-jammy-V2|DCv21|mistral_small_24b|tracker|P3|60.0|0.0|0|||0|d7|v3,mistral_small_24b,DCv21,tracker,D7-CVE-2026-94054-deb-ubuntu-jammy-V2,CVE-2026-94054,V2,False,deb-ubuntu
D7-CVE-2026-94054-deb-ubuntu-jammy-V2|DCv21|mistral_small_24b|withheld|P3|60.0|0.0|0|||0|d7|v3,mistral_small_24b,DCv21,withheld,D7-CVE-2026-94054-deb-ubuntu-jammy-V2,CVE-2026-94054,V2,False,deb-ubuntu
D7-CVE-2026-9828-maven-noble-V6|DC|mistral_small_24b|blind|P3|60.0|0.0|0|||0|d7|v3,mistral_small_24b,DC,blind,D7-CVE-2026-9828-maven-noble-V6,CVE-2026-9828,V6,False,maven
D7-CVE-2026-9828-maven-noble-V6|DC|mistral_small_24b|tracker|P3|60.0|0.0|0|||0|d7|v3,mistral_small_24b,DC,tracker,D7-CVE-2026-9828-maven-noble-V6,CVE-2026-9828,V6,False,maven
D7-CVE-2026-9828-maven-noble-V6|DC|mistral_small_24b|withheld|P3|60.0|0.0|0|||0|d7|v3,mistral_small_24b,DC,withheld,D7-CVE-2026-9828-maven-noble-V6,CVE-2026-9828,V6,False,maven
D7-CVE-2026-9828-maven-noble-V6|DCv21|mistral_small_24b|blind|P3|60.0|0.0|0|||0|d7|v3,mistral_small_24b,DCv21,blind,D7-CVE-2026-9828-maven-noble-V6,CVE-2026-9828,V6,False,maven
D7-CVE-2026-9828-maven-noble-V6|DCv21|mistral_small_24b|tracker|P3|60.0|0.0|0|||0|d7|v3,mistral_small_24b,DCv21,tracker,D7-CVE-2026-9828-maven-noble-V6,CVE-2026-9828,V6,False,maven
D7-CVE-2026-9828-maven-noble-V6|DCv21|mistral_small_24b|withheld|P3|60.0|0.0|0|||0|d7|v3,mistral_small_24b,DCv21,withheld,D7-CVE-2026-9828-maven-noble-V6,CVE-2026-9828,V6,False,maven
D7-CVE-2018-1000861-vendor-jammy-V8|DC|qwen3_14b|blind|P3|60.0|0.0|0|||0|d7|v3,qwen3_14b,DC,blind,D7-CVE-2018-1000861-vendor-jammy-V8,CVE-2018-1000861,V8,False,vendor
D7-CVE-2018-1000861-vendor-jammy-V8|DC|qwen3_14b|tracker|P3|60.0|0.0|0|||0|d7|v3,qwen3_14b,DC,tracker,D7-CVE-2018-1000861-vendor-jammy-V8,CVE-2018-1000861,V8,False,vendor
D7-CVE-2018-1000861-vendor-jammy-V8|DC|qwen3_14b|withheld|P3|60.0|0.0|0|||0|d7|v3,qwen3_14b,DC,withheld,D7-CVE-2018-1000861-vendor-jammy-V8,CVE-2018-1000861,V8,False,vendor
D7-CVE-2018-1000861-vendor-jammy-V8|DCv21|qwen3_14b|blind|P3|60.0|0.0|0|||0|d7|v3,qwen3_14b,DCv21,blind,D7-CVE-2018-1000861-vendor-jammy-V8,CVE-2018-1000861,V8,False,vendor
D7-CVE-2018-1000861-vendor-jammy-V8|DCv21|qwen3_14b|tracker|P3|60.0|0.0|0|||0|d7|v3,qwen3_14b,DCv21,tracker,D7-CVE-2018-1000861-vendor-jammy-V8,CVE-2018-1000861,V8,False,vendor
D7-CVE-2018-1000861-vendor-jammy-V8|DCv21|qwen3_14b|withheld|P3|60.0|0.0|0|||0|d7|v3,qwen3_14b,DCv21,withheld,D7-CVE-2018-1000861-vendor-jammy-V8,CVE-2018-1000861,V8,False,vendor
D7-CVE-2021-44228-maven-jammy-V5|DC|qwen3_14b|blind|P3|60.0|0.0|0|||0|d7|v3,qwen3_14b,DC,blind,D7-CVE-2021-44228-maven-jammy-V5,CVE-2021-44228,V5,False,maven
D7-CVE-2021-44228-maven-jammy-V5|DC|qwen3_14b|tracker|P3|60.0|0.0|0|||0|d7|v3,qwen3_14b,DC,tracker,D7-CVE-2021-44228-maven-jammy-V5,CVE-2021-44228,V5,False,maven
D7-CVE-2021-44228-maven-jammy-V5|DC|qwen3_14b|withheld|P3|60.0|0.0|0|||0|d7|v3,qwen3_14b,DC,withheld,D7-CVE-2021-44228-maven-jammy-V5,CVE-2021-44228,V5,False,maven
D7-CVE-2021-44228-maven-jammy-V5|DCv21|qwen3_14b|blind|P3|60.0|0.0|0|||0|d7|v3,qwen3_14b,DCv21,blind,D7-CVE-2021-44228-maven-jammy-V5,CVE-2021-44228,V5,False,maven
D7-CVE-2021-44228-maven-jammy-V5|DCv21|qwen3_14b|tracker|P3|60.0|0.0|0|||0|d7|v3,qwen3_14b,DCv21,tracker,D7-CVE-2021-44228-maven-jammy-V5,CVE-2021-44228,V5,False,maven
D7-CVE-2021-44228-maven-jammy-V5|DCv21|qwen3_14b|withheld|P3|60.0|0.0|0|||0|d7|v3,qwen3_14b,DCv21,withheld,D7-CVE-2021-44228-maven-jammy-V5,CVE-2021-44228,V5,False,maven
D7-CVE-2021-44228-maven-noble-V2-b2|DC|qwen3_14b|blind|P3|60.0|0.0|0|||0|d7|v3,qwen3_14b,DC,blind,D7-CVE-2021-44228-maven-noble-V2-b2,CVE-2021-44228,V2,False,maven
D7-CVE-2021-44228-maven-noble-V2-b2|DC|qwen3_14b|tracker|P3|60.0|0.0|0|||0|d7|v3,qwen3_14b,DC,tracker,D7-CVE-2021-44228-maven-noble-V2-b2,CVE-2021-44228,V2,False,maven
D7-CVE-2021-44228-maven-noble-V2-b2|DC|qwen3_14b|withheld|P3|60.0|0.0|0|||0|d7|v3,qwen3_14b,DC,withheld,D7-CVE-2021-44228-maven-noble-V2-b2,CVE-2021-44228,V2,False,maven
D7-CVE-2021-44228-maven-noble-V2-b2|DCv21|qwen3_14b|blind|P3|60.0|0.0|0|||0|d7|v3,qwen3_14b,DCv21,blind,D7-CVE-2021-44228-maven-noble-V2-b2,CVE-2021-44228,V2,False,maven
D7-CVE-2021-44228-maven-noble-V2-b2|DCv21|qwen3_14b|tracker|P3|60.0|0.0|0|||0|d7|v3,qwen3_14b,DCv21,tracker,D7-CVE-2021-44228-maven-noble-V2-b2,CVE-2021-44228,V2,False,maven
D7-CVE-2021-44228-maven-noble-V2-b2|DCv21|qwen3_14b|withheld|P3|60.0|0.0|0|||0|d7|v3,qwen3_14b,DCv21,withheld,D7-CVE-2021-44228-maven-noble-V2-b2,CVE-2021-44228,V2,False,maven
D7-CVE-2021-45105-maven-jammy-V7|DC|qwen3_14b|blind|P3|60.0|0.0|0|||0|d7|v3,qwen3_14b,DC,blind,D7-CVE-2021-45105-maven-jammy-V7,CVE-2021-45105,V7,False,maven
D7-CVE-2021-45105-maven-jammy-V7|DC|qwen3_14b|tracker|P3|60.0|0.0|0|||0|d7|v3,qwen3_14b,DC,tracker,D7-CVE-2021-45105-maven-jammy-V7,CVE-2021-45105,V7,False,maven
D7-CVE-2021-45105-maven-jammy-V7|DC|qwen3_14b|withheld|P3|60.0|0.0|0|||0|d7|v3,qwen3_14b,DC,withheld,D7-CVE-2021-45105-maven-jammy-V7,CVE-2021-45105,V7,False,maven
D7-CVE-2021-45105-maven-jammy-V7|DCv21|qwen3_14b|blind|P3|60.0|0.0|0|||0|d7|v3,qwen3_14b,DCv21,blind,D7-CVE-2021-45105-maven-jammy-V7,CVE-2021-45105,V7,False,maven
D7-CVE-2021-45105-maven-jammy-V7|DCv21|qwen3_14b|tracker|P3|60.0|0.0|0|||0|d7|v3,qwen3_14b,DCv21,tracker,D7-CVE-2021-45105-maven-jammy-V7,CVE-2021-45105,V7,False,maven
D7-CVE-2021-45105-maven-jammy-V7|DCv21|qwen3_14b|withheld|P3|60.0|0.0|0|||0|d7|v3,qwen3_14b,DCv21,withheld,D7-CVE-2021-45105-maven-jammy-V7,CVE-2021-45105,V7,False,maven
D7-CVE-2021-45105-maven-noble-V2|DC|qwen3_14b|blind|P3|60.0|0.0|0|||0|d7|v3,qwen3_14b,DC,blind,D7-CVE-2021-45105-maven-noble-V2,CVE-2021-45105,V2,False,maven
D7-CVE-2021-45105-maven-noble-V2|DC|qwen3_14b|tracker|P3|60.0|0.0|0|||0|d7|v3,qwen3_14b,DC,tracker,D7-CVE-2021-45105-maven-noble-V2,CVE-2021-45105,V2,False,maven
D7-CVE-2021-45105-maven-noble-V2|DC|qwen3_14b|withheld|P3|60.0|0.0|0|||0|d7|v3,qwen3_14b,DC,withheld,D7-CVE-2021-45105-maven-noble-V2,CVE-2021-45105,V2,False,maven
D7-CVE-2021-45105-maven-noble-V2|DCv21|qwen3_14b|blind|P3|60.0|0.0|0|||0|d7|v3,qwen3_14b,DCv21,blind,D7-CVE-2021-45105-maven-noble-V2,CVE-2021-45105,V2,False,maven
D7-CVE-2021-45105-maven-noble-V2|DCv21|qwen3_14b|tracker|P3|60.0|0.0|0|||0|d7|v3,qwen3_14b,DCv21,tracker,D7-CVE-2021-45105-maven-noble-V2,CVE-2021-45105,V2,False,maven
D7-CVE-2021-45105-maven-noble-V2|DCv21|qwen3_14b|withheld|P3|60.0|0.0|0|||0|d7|v3,qwen3_14b,DCv21,withheld,D7-CVE-2021-45105-maven-noble-V2,CVE-2021-45105,V2,False,maven
D7-CVE-2022-1471-maven-noble-V1|DC|qwen3_14b|blind|P3|60.0|0.0|0|||0|d7|v3,qwen3_14b,DC,blind,D7-CVE-2022-1471-maven-noble-V1,CVE-2022-1471,V1,False,maven
D7-CVE-2022-1471-maven-noble-V1|DC|qwen3_14b|tracker|P3|60.0|0.0|0|||0|d7|v3,qwen3_14b,DC,tracker,D7-CVE-2022-1471-maven-noble-V1,CVE-2022-1471,V1,False,maven
D7-CVE-2022-1471-maven-noble-V1|DC|qwen3_14b|withheld|P3|60.0|0.0|0|||0|d7|v3,qwen3_14b,DC,withheld,D7-CVE-2022-1471-maven-noble-V1,CVE-2022-1471,V1,False,maven
D7-CVE-2022-1471-maven-noble-V1|DCv21|qwen3_14b|blind|P3|60.0|0.0|0|||0|d7|v3,qwen3_14b,DCv21,blind,D7-CVE-2022-1471-maven-noble-V1,CVE-2022-1471,V1,False,maven
D7-CVE-2022-1471-maven-noble-V1|DCv21|qwen3_14b|tracker|P3|60.0|0.0|0|||0|d7|v3,qwen3_14b,DCv21,tracker,D7-CVE-2022-1471-maven-noble-V1,CVE-2022-1471,V1,False,maven
D7-CVE-2022-1471-maven-noble-V1|DCv21|qwen3_14b|withheld|P3|60.0|0.0|0|||0|d7|v3,qwen3_14b,DCv21,withheld,D7-CVE-2022-1471-maven-noble-V1,CVE-2022-1471,V1,False,maven
D7-CVE-2023-25690-deb-ubuntu-noble-V3|DC|qwen3_14b|blind|P3|60.0|0.0|0|||0|d7|v3,qwen3_14b,DC,blind,D7-CVE-2023-25690-deb-ubuntu-noble-V3,CVE-2023-25690,V3,False,deb-ubuntu
D7-CVE-2023-25690-deb-ubuntu-noble-V3|DC|qwen3_14b|tracker|P3|60.0|0.0|0|||0|d7|v3,qwen3_14b,DC,tracker,D7-CVE-2023-25690-deb-ubuntu-noble-V3,CVE-2023-25690,V3,False,deb-ubuntu
D7-CVE-2023-25690-deb-ubuntu-noble-V3|DC|qwen3_14b|withheld|P3|60.0|0.0|0|||0|d7|v3,qwen3_14b,DC,withheld,D7-CVE-2023-25690-deb-ubuntu-noble-V3,CVE-2023-25690,V3,False,deb-ubuntu
D7-CVE-2023-25690-deb-ubuntu-noble-V3|DCv21|qwen3_14b|blind|P3|60.0|0.0|0|||0|d7|v3,qwen3_14b,DCv21,blind,D7-CVE-2023-25690-deb-ubuntu-noble-V3,CVE-2023-25690,V3,False,deb-ubuntu
D7-CVE-2023-25690-deb-ubuntu-noble-V3|DCv21|qwen3_14b|tracker|P3|60.0|0.0|0|||0|d7|v3,qwen3_14b,DCv21,tracker,D7-CVE-2023-25690-deb-ubuntu-noble-V3,CVE-2023-25690,V3,False,deb-ubuntu
D7-CVE-2023-25690-deb-ubuntu-noble-V3|DCv21|qwen3_14b|withheld|P3|60.0|0.0|0|||0|d7|v3,qwen3_14b,DCv21,withheld,D7-CVE-2023-25690-deb-ubuntu-noble-V3,CVE-2023-25690,V3,False,deb-ubuntu
D7-CVE-2024-22195-pypi-jammy-V3|DC|qwen3_14b|blind|P3|60.0|0.0|0|||0|d7|v3,qwen3_14b,DC,blind,D7-CVE-2024-22195-pypi-jammy-V3,CVE-2024-22195,V3,False,pypi
D7-CVE-2024-22195-pypi-jammy-V3|DC|qwen3_14b|tracker|P3|60.0|0.0|0|||0|d7|v3,qwen3_14b,DC,tracker,D7-CVE-2024-22195-pypi-jammy-V3,CVE-2024-22195,V3,False,pypi
D7-CVE-2024-22195-pypi-jammy-V3|DC|qwen3_14b|withheld|P3|60.0|0.0|0|||0|d7|v3,qwen3_14b,DC,withheld,D7-CVE-2024-22195-pypi-jammy-V3,CVE-2024-22195,V3,False,pypi
D7-CVE-2024-22195-pypi-jammy-V3|DCv21|qwen3_14b|blind|P3|60.0|0.0|0|||0|d7|v3,qwen3_14b,DCv21,blind,D7-CVE-2024-22195-pypi-jammy-V3,CVE-2024-22195,V3,False,pypi
D7-CVE-2024-22195-pypi-jammy-V3|DCv21|qwen3_14b|tracker|P3|60.0|0.0|0|||0|d7|v3,qwen3_14b,DCv21,tracker,D7-CVE-2024-22195-pypi-jammy-V3,CVE-2024-22195,V3,False,pypi
D7-CVE-2024-22195-pypi-jammy-V3|DCv21|qwen3_14b|withheld|P3|60.0|0.0|0|||0|d7|v3,qwen3_14b,DCv21,withheld,D7-CVE-2024-22195-pypi-jammy-V3,CVE-2024-22195,V3,False,pypi
D7-CVE-2024-38475-deb-ubuntu-jammy-V6|DC|qwen3_14b|blind|P3|60.0|0.0|0|||0|d7|v3,qwen3_14b,DC,blind,D7-CVE-2024-38475-deb-ubuntu-jammy-V6,CVE-2024-38475,V6,False,deb-ubuntu
D7-CVE-2024-38475-deb-ubuntu-jammy-V6|DC|qwen3_14b|tracker|P3|60.0|0.0|0|||0|d7|v3,qwen3_14b,DC,tracker,D7-CVE-2024-38475-deb-ubuntu-jammy-V6,CVE-2024-38475,V6,False,deb-ubuntu
D7-CVE-2024-38475-deb-ubuntu-jammy-V6|DC|qwen3_14b|withheld|P3|60.0|0.0|0|||0|d7|v3,qwen3_14b,DC,withheld,D7-CVE-2024-38475-deb-ubuntu-jammy-V6,CVE-2024-38475,V6,False,deb-ubuntu
D7-CVE-2024-38475-deb-ubuntu-jammy-V6|DCv21|qwen3_14b|blind|P3|60.0|0.0|0|||0|d7|v3,qwen3_14b,DCv21,blind,D7-CVE-2024-38475-deb-ubuntu-jammy-V6,CVE-2024-38475,V6,False,deb-ubuntu
D7-CVE-2024-38475-deb-ubuntu-jammy-V6|DCv21|qwen3_14b|tracker|P3|60.0|0.0|0|||0|d7|v3,qwen3_14b,DCv21,tracker,D7-CVE-2024-38475-deb-ubuntu-jammy-V6,CVE-2024-38475,V6,False,deb-ubuntu
D7-CVE-2024-38475-deb-ubuntu-jammy-V6|DCv21|qwen3_14b|withheld|P3|60.0|0.0|0|||0|d7|v3,qwen3_14b,DCv21,withheld,D7-CVE-2024-38475-deb-ubuntu-jammy-V6,CVE-2024-38475,V6,False,deb-ubuntu
D7-CVE-2024-7347-deb-ubuntu-jammy-V5|DC|qwen3_14b|blind|P3|60.0|0.0|0|||0|d7|v3,qwen3_14b,DC,blind,D7-CVE-2024-7347-deb-ubuntu-jammy-V5,CVE-2024-7347,V5,False,deb-ubuntu
D7-CVE-2024-7347-deb-ubuntu-jammy-V5|DC|qwen3_14b|tracker|P3|60.0|0.0|0|||0|d7|v3,qwen3_14b,DC,tracker,D7-CVE-2024-7347-deb-ubuntu-jammy-V5,CVE-2024-7347,V5,False,deb-ubuntu
D7-CVE-2024-7347-deb-ubuntu-jammy-V5|DC|qwen3_14b|withheld|P3|60.0|0.0|0|||0|d7|v3,qwen3_14b,DC,withheld,D7-CVE-2024-7347-deb-ubuntu-jammy-V5,CVE-2024-7347,V5,False,deb-ubuntu
D7-CVE-2024-7347-deb-ubuntu-jammy-V5|DCv21|qwen3_14b|blind|P3|60.0|0.0|0|||0|d7|v3,qwen3_14b,DCv21,blind,D7-CVE-2024-7347-deb-ubuntu-jammy-V5,CVE-2024-7347,V5,False,deb-ubuntu
D7-CVE-2024-7347-deb-ubuntu-jammy-V5|DCv21|qwen3_14b|tracker|P3|60.0|0.0|0|||0|d7|v3,qwen3_14b,DCv21,tracker,D7-CVE-2024-7347-deb-ubuntu-jammy-V5,CVE-2024-7347,V5,False,deb-ubuntu
D7-CVE-2024-7347-deb-ubuntu-jammy-V5|DCv21|qwen3_14b|withheld|P3|60.0|0.0|0|||0|d7|v3,qwen3_14b,DCv21,withheld,D7-CVE-2024-7347-deb-ubuntu-jammy-V5,CVE-2024-7347,V5,False,deb-ubuntu
D7-CVE-2024-7347-deb-ubuntu-noble-V5|DC|qwen3_14b|blind|P3|60.0|0.0|0|||0|d7|v3,qwen3_14b,DC,blind,D7-CVE-2024-7347-deb-ubuntu-noble-V5,CVE-2024-7347,V5,False,deb-ubuntu
D7-CVE-2024-7347-deb-ubuntu-noble-V5|DC|qwen3_14b|tracker|P3|60.0|0.0|0|||0|d7|v3,qwen3_14b,DC,tracker,D7-CVE-2024-7347-deb-ubuntu-noble-V5,CVE-2024-7347,V5,False,deb-ubuntu
D7-CVE-2024-7347-deb-ubuntu-noble-V5|DC|qwen3_14b|withheld|P3|60.0|0.0|0|||0|d7|v3,qwen3_14b,DC,withheld,D7-CVE-2024-7347-deb-ubuntu-noble-V5,CVE-2024-7347,V5,False,deb-ubuntu
D7-CVE-2024-7347-deb-ubuntu-noble-V5|DCv21|qwen3_14b|blind|P3|60.0|0.0|0|||0|d7|v3,qwen3_14b,DCv21,blind,D7-CVE-2024-7347-deb-ubuntu-noble-V5,CVE-2024-7347,V5,False,deb-ubuntu
D7-CVE-2024-7347-deb-ubuntu-noble-V5|DCv21|qwen3_14b|tracker|P3|60.0|0.0|0|||0|d7|v3,qwen3_14b,DCv21,tracker,D7-CVE-2024-7347-deb-ubuntu-noble-V5,CVE-2024-7347,V5,False,deb-ubuntu
D7-CVE-2024-7347-deb-ubuntu-noble-V5|DCv21|qwen3_14b|withheld|P3|60.0|0.0|0|||0|d7|v3,qwen3_14b,DCv21,withheld,D7-CVE-2024-7347-deb-ubuntu-noble-V5,CVE-2024-7347,V5,False,deb-ubuntu
D7-CVE-2025-23419-deb-ubuntu-noble-V1|DC|qwen3_14b|blind|P3|60.0|0.0|0|||0|d7|v3,qwen3_14b,DC,blind,D7-CVE-2025-23419-deb-ubuntu-noble-V1,CVE-2025-23419,V1,False,deb-ubuntu
D7-CVE-2025-23419-deb-ubuntu-noble-V1|DC|qwen3_14b|tracker|P3|60.0|0.0|0|||0|d7|v3,qwen3_14b,DC,tracker,D7-CVE-2025-23419-deb-ubuntu-noble-V1,CVE-2025-23419,V1,False,deb-ubuntu
D7-CVE-2025-23419-deb-ubuntu-noble-V1|DC|qwen3_14b|withheld|P3|60.0|0.0|0|||0|d7|v3,qwen3_14b,DC,withheld,D7-CVE-2025-23419-deb-ubuntu-noble-V1,CVE-2025-23419,V1,False,deb-ubuntu
D7-CVE-2025-23419-deb-ubuntu-noble-V1|DCv21|qwen3_14b|blind|P3|60.0|0.0|0|||0|d7|v3,qwen3_14b,DCv21,blind,D7-CVE-2025-23419-deb-ubuntu-noble-V1,CVE-2025-23419,V1,False,deb-ubuntu
D7-CVE-2025-23419-deb-ubuntu-noble-V1|DCv21|qwen3_14b|tracker|P3|60.0|0.0|0|||0|d7|v3,qwen3_14b,DCv21,tracker,D7-CVE-2025-23419-deb-ubuntu-noble-V1,CVE-2025-23419,V1,False,deb-ubuntu
D7-CVE-2025-23419-deb-ubuntu-noble-V1|DCv21|qwen3_14b|withheld|P3|60.0|0.0|0|||0|d7|v3,qwen3_14b,DCv21,withheld,D7-CVE-2025-23419-deb-ubuntu-noble-V1,CVE-2025-23419,V1,False,deb-ubuntu
D7-CVE-2025-24813-vendor-jammy-V8-b2|DC|qwen3_14b|blind|P3|60.0|0.0|0|||0|d7|v3,qwen3_14b,DC,blind,D7-CVE-2025-24813-vendor-jammy-V8-b2,CVE-2025-24813,V8,False,vendor
D7-CVE-2025-24813-vendor-jammy-V8-b2|DC|qwen3_14b|tracker|P3|60.0|0.0|0|||0|d7|v3,qwen3_14b,DC,tracker,D7-CVE-2025-24813-vendor-jammy-V8-b2,CVE-2025-24813,V8,False,vendor
D7-CVE-2025-24813-vendor-jammy-V8-b2|DC|qwen3_14b|withheld|P3|60.0|0.0|0|||0|d7|v3,qwen3_14b,DC,withheld,D7-CVE-2025-24813-vendor-jammy-V8-b2,CVE-2025-24813,V8,False,vendor
D7-CVE-2025-24813-vendor-jammy-V8-b2|DCv21|qwen3_14b|blind|P3|60.0|0.0|0|||0|d7|v3,qwen3_14b,DCv21,blind,D7-CVE-2025-24813-vendor-jammy-V8-b2,CVE-2025-24813,V8,False,vendor
D7-CVE-2025-24813-vendor-jammy-V8-b2|DCv21|qwen3_14b|tracker|P3|60.0|0.0|0|||0|d7|v3,qwen3_14b,DCv21,tracker,D7-CVE-2025-24813-vendor-jammy-V8-b2,CVE-2025-24813,V8,False,vendor
D7-CVE-2025-24813-vendor-jammy-V8-b2|DCv21|qwen3_14b|withheld|P3|60.0|0.0|0|||0|d7|v3,qwen3_14b,DCv21,withheld,D7-CVE-2025-24813-vendor-jammy-V8-b2,CVE-2025-24813,V8,False,vendor
D7-CVE-2025-48384-deb-ubuntu-jammy-V4|DC|qwen3_14b|blind|P3|60.0|0.0|0|||0|d7|v3,qwen3_14b,DC,blind,D7-CVE-2025-48384-deb-ubuntu-jammy-V4,CVE-2025-48384,V4,False,deb-ubuntu
D7-CVE-2025-48384-deb-ubuntu-jammy-V4|DC|qwen3_14b|tracker|P3|60.0|0.0|0|||0|d7|v3,qwen3_14b,DC,tracker,D7-CVE-2025-48384-deb-ubuntu-jammy-V4,CVE-2025-48384,V4,False,deb-ubuntu
D7-CVE-2025-48384-deb-ubuntu-jammy-V4|DC|qwen3_14b|withheld|P3|60.0|0.0|0|||0|d7|v3,qwen3_14b,DC,withheld,D7-CVE-2025-48384-deb-ubuntu-jammy-V4,CVE-2025-48384,V4,False,deb-ubuntu
D7-CVE-2025-48384-deb-ubuntu-jammy-V4|DCv21|qwen3_14b|blind|P3|60.0|0.0|0|||0|d7|v3,qwen3_14b,DCv21,blind,D7-CVE-2025-48384-deb-ubuntu-jammy-V4,CVE-2025-48384,V4,False,deb-ubuntu
D7-CVE-2025-48384-deb-ubuntu-jammy-V4|DCv21|qwen3_14b|tracker|P3|60.0|0.0|0|||0|d7|v3,qwen3_14b,DCv21,tracker,D7-CVE-2025-48384-deb-ubuntu-jammy-V4,CVE-2025-48384,V4,False,deb-ubuntu
D7-CVE-2025-48384-deb-ubuntu-jammy-V4|DCv21|qwen3_14b|withheld|P3|60.0|0.0|0|||0|d7|v3,qwen3_14b,DCv21,withheld,D7-CVE-2025-48384-deb-ubuntu-jammy-V4,CVE-2025-48384,V4,False,deb-ubuntu
D7-CVE-2025-49630-deb-ubuntu-noble-V1|DC|qwen3_14b|blind|P3|60.0|0.0|0|||0|d7|v3,qwen3_14b,DC,blind,D7-CVE-2025-49630-deb-ubuntu-noble-V1,CVE-2025-49630,V1,False,deb-ubuntu
D7-CVE-2025-49630-deb-ubuntu-noble-V1|DC|qwen3_14b|tracker|P3|60.0|0.0|0|||0|d7|v3,qwen3_14b,DC,tracker,D7-CVE-2025-49630-deb-ubuntu-noble-V1,CVE-2025-49630,V1,False,deb-ubuntu
D7-CVE-2025-49630-deb-ubuntu-noble-V1|DC|qwen3_14b|withheld|P3|60.0|0.0|0|||0|d7|v3,qwen3_14b,DC,withheld,D7-CVE-2025-49630-deb-ubuntu-noble-V1,CVE-2025-49630,V1,False,deb-ubuntu
D7-CVE-2025-49630-deb-ubuntu-noble-V1|DCv21|qwen3_14b|blind|P3|60.0|0.0|0|||0|d7|v3,qwen3_14b,DCv21,blind,D7-CVE-2025-49630-deb-ubuntu-noble-V1,CVE-2025-49630,V1,False,deb-ubuntu
D7-CVE-2025-49630-deb-ubuntu-noble-V1|DCv21|qwen3_14b|tracker|P3|60.0|0.0|0|||0|d7|v3,qwen3_14b,DCv21,tracker,D7-CVE-2025-49630-deb-ubuntu-noble-V1,CVE-2025-49630,V1,False,deb-ubuntu
D7-CVE-2025-49630-deb-ubuntu-noble-V1|DCv21|qwen3_14b|withheld|P3|60.0|0.0|0|||0|d7|v3,qwen3_14b,DCv21,withheld,D7-CVE-2025-49630-deb-ubuntu-noble-V1,CVE-2025-49630,V1,False,deb-ubuntu
D7-CVE-2026-10051-maven-noble-V1|DC|qwen3_14b|blind|P3|60.0|0.0|0|||0|d7|v3,qwen3_14b,DC,blind,D7-CVE-2026-10051-maven-noble-V1,CVE-2026-10051,V1,False,maven
D7-CVE-2026-10051-maven-noble-V1|DC|qwen3_14b|tracker|P3|60.0|0.0|0|||0|d7|v3,qwen3_14b,DC,tracker,D7-CVE-2026-10051-maven-noble-V1,CVE-2026-10051,V1,False,maven
D7-CVE-2026-10051-maven-noble-V1|DC|qwen3_14b|withheld|P3|60.0|0.0|0|||0|d7|v3,qwen3_14b,DC,withheld,D7-CVE-2026-10051-maven-noble-V1,CVE-2026-10051,V1,False,maven
D7-CVE-2026-10051-maven-noble-V1|DCv21|qwen3_14b|blind|P3|60.0|0.0|0|||0|d7|v3,qwen3_14b,DCv21,blind,D7-CVE-2026-10051-maven-noble-V1,CVE-2026-10051,V1,False,maven
D7-CVE-2026-10051-maven-noble-V1|DCv21|qwen3_14b|tracker|P3|60.0|0.0|0|||0|d7|v3,qwen3_14b,DCv21,tracker,D7-CVE-2026-10051-maven-noble-V1,CVE-2026-10051,V1,False,maven
D7-CVE-2026-10051-maven-noble-V1|DCv21|qwen3_14b|withheld|P3|60.0|0.0|0|||0|d7|v3,qwen3_14b,DCv21,withheld,D7-CVE-2026-10051-maven-noble-V1,CVE-2026-10051,V1,False,maven
D7-CVE-2026-13221-deb-ubuntu-noble-V4|DC|qwen3_14b|blind|P3|60.0|0.0|0|||0|d7|v3,qwen3_14b,DC,blind,D7-CVE-2026-13221-deb-ubuntu-noble-V4,CVE-2026-13221,V4,False,deb-ubuntu
D7-CVE-2026-13221-deb-ubuntu-noble-V4|DC|qwen3_14b|tracker|P3|60.0|0.0|0|||0|d7|v3,qwen3_14b,DC,tracker,D7-CVE-2026-13221-deb-ubuntu-noble-V4,CVE-2026-13221,V4,False,deb-ubuntu
D7-CVE-2026-13221-deb-ubuntu-noble-V4|DC|qwen3_14b|withheld|P3|60.0|0.0|0|||0|d7|v3,qwen3_14b,DC,withheld,D7-CVE-2026-13221-deb-ubuntu-noble-V4,CVE-2026-13221,V4,False,deb-ubuntu
D7-CVE-2026-13221-deb-ubuntu-noble-V4|DCv21|qwen3_14b|blind|P3|60.0|0.0|0|||0|d7|v3,qwen3_14b,DCv21,blind,D7-CVE-2026-13221-deb-ubuntu-noble-V4,CVE-2026-13221,V4,False,deb-ubuntu
D7-CVE-2026-13221-deb-ubuntu-noble-V4|DCv21|qwen3_14b|tracker|P3|60.0|0.0|0|||0|d7|v3,qwen3_14b,DCv21,tracker,D7-CVE-2026-13221-deb-ubuntu-noble-V4,CVE-2026-13221,V4,False,deb-ubuntu
D7-CVE-2026-13221-deb-ubuntu-noble-V4|DCv21|qwen3_14b|withheld|P3|60.0|0.0|0|||0|d7|v3,qwen3_14b,DCv21,withheld,D7-CVE-2026-13221-deb-ubuntu-noble-V4,CVE-2026-13221,V4,False,deb-ubuntu
D7-CVE-2026-41848-maven-jammy-V1|DC|qwen3_14b|blind|P3|60.0|0.0|0|||0|d7|v3,qwen3_14b,DC,blind,D7-CVE-2026-41848-maven-jammy-V1,CVE-2026-41848,V1,False,maven
D7-CVE-2026-41848-maven-jammy-V1|DC|qwen3_14b|tracker|P3|60.0|0.0|0|||0|d7|v3,qwen3_14b,DC,tracker,D7-CVE-2026-41848-maven-jammy-V1,CVE-2026-41848,V1,False,maven
D7-CVE-2026-41848-maven-jammy-V1|DC|qwen3_14b|withheld|P3|60.0|0.0|0|||0|d7|v3,qwen3_14b,DC,withheld,D7-CVE-2026-41848-maven-jammy-V1,CVE-2026-41848,V1,False,maven
D7-CVE-2026-41848-maven-jammy-V1|DCv21|qwen3_14b|blind|P3|60.0|0.0|0|||0|d7|v3,qwen3_14b,DCv21,blind,D7-CVE-2026-41848-maven-jammy-V1,CVE-2026-41848,V1,False,maven
D7-CVE-2026-41848-maven-jammy-V1|DCv21|qwen3_14b|tracker|P3|60.0|0.0|0|||0|d7|v3,qwen3_14b,DCv21,tracker,D7-CVE-2026-41848-maven-jammy-V1,CVE-2026-41848,V1,False,maven
D7-CVE-2026-41848-maven-jammy-V1|DCv21|qwen3_14b|withheld|P3|60.0|0.0|0|||0|d7|v3,qwen3_14b,DCv21,withheld,D7-CVE-2026-41848-maven-jammy-V1,CVE-2026-41848,V1,False,maven
D7-CVE-2026-42308-pypi-noble-V6|DC|qwen3_14b|blind|P3|60.0|0.0|0|||0|d7|v3,qwen3_14b,DC,blind,D7-CVE-2026-42308-pypi-noble-V6,CVE-2026-42308,V6,False,pypi
D7-CVE-2026-42308-pypi-noble-V6|DC|qwen3_14b|tracker|P3|60.0|0.0|0|||0|d7|v3,qwen3_14b,DC,tracker,D7-CVE-2026-42308-pypi-noble-V6,CVE-2026-42308,V6,False,pypi
D7-CVE-2026-42308-pypi-noble-V6|DC|qwen3_14b|withheld|P3|60.0|0.0|0|||0|d7|v3,qwen3_14b,DC,withheld,D7-CVE-2026-42308-pypi-noble-V6,CVE-2026-42308,V6,False,pypi
D7-CVE-2026-42308-pypi-noble-V6|DCv21|qwen3_14b|blind|P3|60.0|0.0|0|||0|d7|v3,qwen3_14b,DCv21,blind,D7-CVE-2026-42308-pypi-noble-V6,CVE-2026-42308,V6,False,pypi
D7-CVE-2026-42308-pypi-noble-V6|DCv21|qwen3_14b|tracker|P3|60.0|0.0|0|||0|d7|v3,qwen3_14b,DCv21,tracker,D7-CVE-2026-42308-pypi-noble-V6,CVE-2026-42308,V6,False,pypi
D7-CVE-2026-42308-pypi-noble-V6|DCv21|qwen3_14b|withheld|P3|60.0|0.0|0|||0|d7|v3,qwen3_14b,DCv21,withheld,D7-CVE-2026-42308-pypi-noble-V6,CVE-2026-42308,V6,False,pypi
D7-CVE-2026-42533-deb-ubuntu-noble-V3|DC|qwen3_14b|blind|P3|60.0|0.0|0|||0|d7|v3,qwen3_14b,DC,blind,D7-CVE-2026-42533-deb-ubuntu-noble-V3,CVE-2026-42533,V3,False,deb-ubuntu
D7-CVE-2026-42533-deb-ubuntu-noble-V3|DC|qwen3_14b|tracker|P3|60.0|0.0|0|||0|d7|v3,qwen3_14b,DC,tracker,D7-CVE-2026-42533-deb-ubuntu-noble-V3,CVE-2026-42533,V3,False,deb-ubuntu
D7-CVE-2026-42533-deb-ubuntu-noble-V3|DC|qwen3_14b|withheld|P3|60.0|0.0|0|||0|d7|v3,qwen3_14b,DC,withheld,D7-CVE-2026-42533-deb-ubuntu-noble-V3,CVE-2026-42533,V3,False,deb-ubuntu
D7-CVE-2026-42533-deb-ubuntu-noble-V3|DCv21|qwen3_14b|blind|P3|60.0|0.0|0|||0|d7|v3,qwen3_14b,DCv21,blind,D7-CVE-2026-42533-deb-ubuntu-noble-V3,CVE-2026-42533,V3,False,deb-ubuntu
D7-CVE-2026-42533-deb-ubuntu-noble-V3|DCv21|qwen3_14b|tracker|P3|60.0|0.0|0|||0|d7|v3,qwen3_14b,DCv21,tracker,D7-CVE-2026-42533-deb-ubuntu-noble-V3,CVE-2026-42533,V3,False,deb-ubuntu
D7-CVE-2026-42533-deb-ubuntu-noble-V3|DCv21|qwen3_14b|withheld|P3|60.0|0.0|0|||0|d7|v3,qwen3_14b,DCv21,withheld,D7-CVE-2026-42533-deb-ubuntu-noble-V3,CVE-2026-42533,V3,False,deb-ubuntu
D7-CVE-2026-53435-vendor-jammy-V6|DC|qwen3_14b|blind|P3|60.0|0.0|0|||0|d7|v3,qwen3_14b,DC,blind,D7-CVE-2026-53435-vendor-jammy-V6,CVE-2026-53435,V6,False,vendor
D7-CVE-2026-53435-vendor-jammy-V6|DC|qwen3_14b|tracker|P3|60.0|0.0|0|||0|d7|v3,qwen3_14b,DC,tracker,D7-CVE-2026-53435-vendor-jammy-V6,CVE-2026-53435,V6,False,vendor
D7-CVE-2026-53435-vendor-jammy-V6|DC|qwen3_14b|withheld|P3|60.0|0.0|0|||0|d7|v3,qwen3_14b,DC,withheld,D7-CVE-2026-53435-vendor-jammy-V6,CVE-2026-53435,V6,False,vendor
D7-CVE-2026-53435-vendor-jammy-V6|DCv21|qwen3_14b|blind|P3|60.0|0.0|0|||0|d7|v3,qwen3_14b,DCv21,blind,D7-CVE-2026-53435-vendor-jammy-V6,CVE-2026-53435,V6,False,vendor
D7-CVE-2026-53435-vendor-jammy-V6|DCv21|qwen3_14b|tracker|P3|60.0|0.0|0|||0|d7|v3,qwen3_14b,DCv21,tracker,D7-CVE-2026-53435-vendor-jammy-V6,CVE-2026-53435,V6,False,vendor
D7-CVE-2026-53435-vendor-jammy-V6|DCv21|qwen3_14b|withheld|P3|60.0|0.0|0|||0|d7|v3,qwen3_14b,DCv21,withheld,D7-CVE-2026-53435-vendor-jammy-V6,CVE-2026-53435,V6,False,vendor
D7-CVE-2026-65183-vendor-jammy-V8-b2|DC|qwen3_14b|blind|P3|60.0|0.0|0|||0|d7|v3,qwen3_14b,DC,blind,D7-CVE-2026-65183-vendor-jammy-V8-b2,CVE-2026-65183,V8,False,vendor
D7-CVE-2026-65183-vendor-jammy-V8-b2|DC|qwen3_14b|tracker|P3|60.0|0.0|0|||0|d7|v3,qwen3_14b,DC,tracker,D7-CVE-2026-65183-vendor-jammy-V8-b2,CVE-2026-65183,V8,False,vendor
D7-CVE-2026-65183-vendor-jammy-V8-b2|DC|qwen3_14b|withheld|P3|60.0|0.0|0|||0|d7|v3,qwen3_14b,DC,withheld,D7-CVE-2026-65183-vendor-jammy-V8-b2,CVE-2026-65183,V8,False,vendor
D7-CVE-2026-65183-vendor-jammy-V8-b2|DCv21|qwen3_14b|blind|P3|60.0|0.0|0|||0|d7|v3,qwen3_14b,DCv21,blind,D7-CVE-2026-65183-vendor-jammy-V8-b2,CVE-2026-65183,V8,False,vendor
D7-CVE-2026-65183-vendor-jammy-V8-b2|DCv21|qwen3_14b|tracker|P3|60.0|0.0|0|||0|d7|v3,qwen3_14b,DCv21,tracker,D7-CVE-2026-65183-vendor-jammy-V8-b2,CVE-2026-65183,V8,False,vendor
D7-CVE-2026-65183-vendor-jammy-V8-b2|DCv21|qwen3_14b|withheld|P3|60.0|0.0|0|||0|d7|v3,qwen3_14b,DCv21,withheld,D7-CVE-2026-65183-vendor-jammy-V8-b2,CVE-2026-65183,V8,False,vendor
D7-CVE-2026-8404-pypi-noble-V3|DC|qwen3_14b|blind|P3|60.0|0.0|0|||0|d7|v3,qwen3_14b,DC,blind,D7-CVE-2026-8404-pypi-noble-V3,CVE-2026-8404,V3,False,pypi
D7-CVE-2026-8404-pypi-noble-V3|DC|qwen3_14b|tracker|P3|60.0|0.0|0|||0|d7|v3,qwen3_14b,DC,tracker,D7-CVE-2026-8404-pypi-noble-V3,CVE-2026-8404,V3,False,pypi
D7-CVE-2026-8404-pypi-noble-V3|DC|qwen3_14b|withheld|P3|60.0|0.0|0|||0|d7|v3,qwen3_14b,DC,withheld,D7-CVE-2026-8404-pypi-noble-V3,CVE-2026-8404,V3,False,pypi
D7-CVE-2026-8404-pypi-noble-V3|DCv21|qwen3_14b|blind|P3|60.0|0.0|0|||0|d7|v3,qwen3_14b,DCv21,blind,D7-CVE-2026-8404-pypi-noble-V3,CVE-2026-8404,V3,False,pypi
D7-CVE-2026-8404-pypi-noble-V3|DCv21|qwen3_14b|tracker|P3|60.0|0.0|0|||0|d7|v3,qwen3_14b,DCv21,tracker,D7-CVE-2026-8404-pypi-noble-V3,CVE-2026-8404,V3,False,pypi
D7-CVE-2026-8404-pypi-noble-V3|DCv21|qwen3_14b|withheld|P3|60.0|0.0|0|||0|d7|v3,qwen3_14b,DCv21,withheld,D7-CVE-2026-8404-pypi-noble-V3,CVE-2026-8404,V3,False,pypi
D7-CVE-2026-8404-pypi-noble-V4|DC|qwen3_14b|blind|P3|60.0|0.0|0|||0|d7|v3,qwen3_14b,DC,blind,D7-CVE-2026-8404-pypi-noble-V4,CVE-2026-8404,V4,False,pypi
D7-CVE-2026-8404-pypi-noble-V4|DC|qwen3_14b|tracker|P3|60.0|0.0|0|||0|d7|v3,qwen3_14b,DC,tracker,D7-CVE-2026-8404-pypi-noble-V4,CVE-2026-8404,V4,False,pypi
D7-CVE-2026-8404-pypi-noble-V4|DC|qwen3_14b|withheld|P3|60.0|0.0|0|||0|d7|v3,qwen3_14b,DC,withheld,D7-CVE-2026-8404-pypi-noble-V4,CVE-2026-8404,V4,False,pypi
D7-CVE-2026-8404-pypi-noble-V4|DCv21|qwen3_14b|blind|P3|60.0|0.0|0|||0|d7|v3,qwen3_14b,DCv21,blind,D7-CVE-2026-8404-pypi-noble-V4,CVE-2026-8404,V4,False,pypi
D7-CVE-2026-8404-pypi-noble-V4|DCv21|qwen3_14b|tracker|P3|60.0|0.0|0|||0|d7|v3,qwen3_14b,DCv21,tracker,D7-CVE-2026-8404-pypi-noble-V4,CVE-2026-8404,V4,False,pypi
D7-CVE-2026-8404-pypi-noble-V4|DCv21|qwen3_14b|withheld|P3|60.0|0.0|0|||0|d7|v3,qwen3_14b,DCv21,withheld,D7-CVE-2026-8404-pypi-noble-V4,CVE-2026-8404,V4,False,pypi
D7-CVE-2016-4437-maven-noble-V6|DC|qwen3_4b|blind|P3|60.0|0.0|0|||0|d7|v3,qwen3_4b,DC,blind,D7-CVE-2016-4437-maven-noble-V6,CVE-2016-4437,V6,False,maven
D7-CVE-2016-4437-maven-noble-V6|DC|qwen3_4b|tracker|P3|60.0|0.0|0|||0|d7|v3,qwen3_4b,DC,tracker,D7-CVE-2016-4437-maven-noble-V6,CVE-2016-4437,V6,False,maven
D7-CVE-2016-4437-maven-noble-V6|DC|qwen3_4b|withheld|P3|60.0|0.0|0|||0|d7|v3,qwen3_4b,DC,withheld,D7-CVE-2016-4437-maven-noble-V6,CVE-2016-4437,V6,False,maven
D7-CVE-2016-4437-maven-noble-V6|DCv21|qwen3_4b|blind|P3|60.0|0.0|0|||0|d7|v3,qwen3_4b,DCv21,blind,D7-CVE-2016-4437-maven-noble-V6,CVE-2016-4437,V6,False,maven
D7-CVE-2016-4437-maven-noble-V6|DCv21|qwen3_4b|tracker|P3|60.0|0.0|0|||0|d7|v3,qwen3_4b,DCv21,tracker,D7-CVE-2016-4437-maven-noble-V6,CVE-2016-4437,V6,False,maven
D7-CVE-2016-4437-maven-noble-V6|DCv21|qwen3_4b|withheld|P3|60.0|0.0|0|||0|d7|v3,qwen3_4b,DCv21,withheld,D7-CVE-2016-4437-maven-noble-V6,CVE-2016-4437,V6,False,maven
D7-CVE-2020-9484-vendor-jammy-V5|DC|qwen3_4b|blind|P3|60.0|0.0|0|||0|d7|v3,qwen3_4b,DC,blind,D7-CVE-2020-9484-vendor-jammy-V5,CVE-2020-9484,V5,False,vendor
D7-CVE-2020-9484-vendor-jammy-V5|DC|qwen3_4b|tracker|P3|60.0|0.0|0|||0|d7|v3,qwen3_4b,DC,tracker,D7-CVE-2020-9484-vendor-jammy-V5,CVE-2020-9484,V5,False,vendor
D7-CVE-2020-9484-vendor-jammy-V5|DC|qwen3_4b|withheld|P3|60.0|0.0|0|||0|d7|v3,qwen3_4b,DC,withheld,D7-CVE-2020-9484-vendor-jammy-V5,CVE-2020-9484,V5,False,vendor
D7-CVE-2020-9484-vendor-jammy-V5|DCv21|qwen3_4b|blind|P3|60.0|0.0|0|||0|d7|v3,qwen3_4b,DCv21,blind,D7-CVE-2020-9484-vendor-jammy-V5,CVE-2020-9484,V5,False,vendor
D7-CVE-2020-9484-vendor-jammy-V5|DCv21|qwen3_4b|tracker|P3|60.0|0.0|0|||0|d7|v3,qwen3_4b,DCv21,tracker,D7-CVE-2020-9484-vendor-jammy-V5,CVE-2020-9484,V5,False,vendor
D7-CVE-2020-9484-vendor-jammy-V5|DCv21|qwen3_4b|withheld|P3|60.0|0.0|0|||0|d7|v3,qwen3_4b,DCv21,withheld,D7-CVE-2020-9484-vendor-jammy-V5,CVE-2020-9484,V5,False,vendor
D7-CVE-2020-9484-vendor-jammy-V8|DC|qwen3_4b|blind|P3|60.0|0.0|0|||0|d7|v3,qwen3_4b,DC,blind,D7-CVE-2020-9484-vendor-jammy-V8,CVE-2020-9484,V8,False,vendor
D7-CVE-2020-9484-vendor-jammy-V8|DC|qwen3_4b|tracker|P3|60.0|0.0|0|||0|d7|v3,qwen3_4b,DC,tracker,D7-CVE-2020-9484-vendor-jammy-V8,CVE-2020-9484,V8,False,vendor
D7-CVE-2020-9484-vendor-jammy-V8|DC|qwen3_4b|withheld|P3|60.0|0.0|0|||0|d7|v3,qwen3_4b,DC,withheld,D7-CVE-2020-9484-vendor-jammy-V8,CVE-2020-9484,V8,False,vendor
D7-CVE-2020-9484-vendor-jammy-V8|DCv21|qwen3_4b|blind|P3|60.0|0.0|0|||0|d7|v3,qwen3_4b,DCv21,blind,D7-CVE-2020-9484-vendor-jammy-V8,CVE-2020-9484,V8,False,vendor
D7-CVE-2020-9484-vendor-jammy-V8|DCv21|qwen3_4b|tracker|P3|60.0|0.0|0|||0|d7|v3,qwen3_4b,DCv21,tracker,D7-CVE-2020-9484-vendor-jammy-V8,CVE-2020-9484,V8,False,vendor
D7-CVE-2020-9484-vendor-jammy-V8|DCv21|qwen3_4b|withheld|P3|60.0|0.0|0|||0|d7|v3,qwen3_4b,DCv21,withheld,D7-CVE-2020-9484-vendor-jammy-V8,CVE-2020-9484,V8,False,vendor
D7-CVE-2021-4104-maven-jammy-V7|DC|qwen3_4b|blind|P3|60.0|0.0|0|||0|d7|v3,qwen3_4b,DC,blind,D7-CVE-2021-4104-maven-jammy-V7,CVE-2021-4104,V7,False,maven
D7-CVE-2021-4104-maven-jammy-V7|DC|qwen3_4b|tracker|P3|60.0|0.0|0|||0|d7|v3,qwen3_4b,DC,tracker,D7-CVE-2021-4104-maven-jammy-V7,CVE-2021-4104,V7,False,maven
D7-CVE-2021-4104-maven-jammy-V7|DC|qwen3_4b|withheld|P3|60.0|0.0|0|||0|d7|v3,qwen3_4b,DC,withheld,D7-CVE-2021-4104-maven-jammy-V7,CVE-2021-4104,V7,False,maven
D7-CVE-2021-4104-maven-jammy-V7|DCv21|qwen3_4b|blind|P3|60.0|0.0|0|||0|d7|v3,qwen3_4b,DCv21,blind,D7-CVE-2021-4104-maven-jammy-V7,CVE-2021-4104,V7,False,maven
D7-CVE-2021-4104-maven-jammy-V7|DCv21|qwen3_4b|tracker|P3|60.0|0.0|0|||0|d7|v3,qwen3_4b,DCv21,tracker,D7-CVE-2021-4104-maven-jammy-V7,CVE-2021-4104,V7,False,maven
D7-CVE-2021-4104-maven-jammy-V7|DCv21|qwen3_4b|withheld|P3|60.0|0.0|0|||0|d7|v3,qwen3_4b,DCv21,withheld,D7-CVE-2021-4104-maven-jammy-V7,CVE-2021-4104,V7,False,maven
D7-CVE-2021-45046-maven-noble-V4|DC|qwen3_4b|blind|P3|60.0|0.0|0|||0|d7|v3,qwen3_4b,DC,blind,D7-CVE-2021-45046-maven-noble-V4,CVE-2021-45046,V4,False,maven
D7-CVE-2021-45046-maven-noble-V4|DC|qwen3_4b|tracker|P3|60.0|0.0|0|||0|d7|v3,qwen3_4b,DC,tracker,D7-CVE-2021-45046-maven-noble-V4,CVE-2021-45046,V4,False,maven
D7-CVE-2021-45046-maven-noble-V4|DC|qwen3_4b|withheld|P3|60.0|0.0|0|||0|d7|v3,qwen3_4b,DC,withheld,D7-CVE-2021-45046-maven-noble-V4,CVE-2021-45046,V4,False,maven
D7-CVE-2021-45046-maven-noble-V4|DCv21|qwen3_4b|blind|P3|60.0|0.0|0|||0|d7|v3,qwen3_4b,DCv21,blind,D7-CVE-2021-45046-maven-noble-V4,CVE-2021-45046,V4,False,maven
D7-CVE-2021-45046-maven-noble-V4|DCv21|qwen3_4b|tracker|P3|60.0|0.0|0|||0|d7|v3,qwen3_4b,DCv21,tracker,D7-CVE-2021-45046-maven-noble-V4,CVE-2021-45046,V4,False,maven
D7-CVE-2021-45046-maven-noble-V4|DCv21|qwen3_4b|withheld|P3|60.0|0.0|0|||0|d7|v3,qwen3_4b,DCv21,withheld,D7-CVE-2021-45046-maven-noble-V4,CVE-2021-45046,V4,False,maven
D7-CVE-2022-1471-maven-noble-V2-b2|DC|qwen3_4b|blind|P3|60.0|0.0|0|||0|d7|v3,qwen3_4b,DC,blind,D7-CVE-2022-1471-maven-noble-V2-b2,CVE-2022-1471,V2,False,maven
D7-CVE-2022-1471-maven-noble-V2-b2|DC|qwen3_4b|tracker|P3|60.0|0.0|0|||0|d7|v3,qwen3_4b,DC,tracker,D7-CVE-2022-1471-maven-noble-V2-b2,CVE-2022-1471,V2,False,maven
D7-CVE-2022-1471-maven-noble-V2-b2|DC|qwen3_4b|withheld|P3|60.0|0.0|0|||0|d7|v3,qwen3_4b,DC,withheld,D7-CVE-2022-1471-maven-noble-V2-b2,CVE-2022-1471,V2,False,maven
D7-CVE-2022-1471-maven-noble-V2-b2|DCv21|qwen3_4b|blind|P3|60.0|0.0|0|||0|d7|v3,qwen3_4b,DCv21,blind,D7-CVE-2022-1471-maven-noble-V2-b2,CVE-2022-1471,V2,False,maven
D7-CVE-2022-1471-maven-noble-V2-b2|DCv21|qwen3_4b|tracker|P3|60.0|0.0|0|||0|d7|v3,qwen3_4b,DCv21,tracker,D7-CVE-2022-1471-maven-noble-V2-b2,CVE-2022-1471,V2,False,maven
D7-CVE-2022-1471-maven-noble-V2-b2|DCv21|qwen3_4b|withheld|P3|60.0|0.0|0|||0|d7|v3,qwen3_4b,DCv21,withheld,D7-CVE-2022-1471-maven-noble-V2-b2,CVE-2022-1471,V2,False,maven
D7-CVE-2022-22963-maven-noble-V3|DC|qwen3_4b|blind|P3|60.0|0.0|0|||0|d7|v3,qwen3_4b,DC,blind,D7-CVE-2022-22963-maven-noble-V3,CVE-2022-22963,V3,False,maven
D7-CVE-2022-22963-maven-noble-V3|DC|qwen3_4b|tracker|P3|60.0|0.0|0|||0|d7|v3,qwen3_4b,DC,tracker,D7-CVE-2022-22963-maven-noble-V3,CVE-2022-22963,V3,False,maven
D7-CVE-2022-22963-maven-noble-V3|DC|qwen3_4b|withheld|P3|60.0|0.0|0|||0|d7|v3,qwen3_4b,DC,withheld,D7-CVE-2022-22963-maven-noble-V3,CVE-2022-22963,V3,False,maven
D7-CVE-2022-22963-maven-noble-V3|DCv21|qwen3_4b|blind|P3|60.0|0.0|0|||0|d7|v3,qwen3_4b,DCv21,blind,D7-CVE-2022-22963-maven-noble-V3,CVE-2022-22963,V3,False,maven
D7-CVE-2022-22963-maven-noble-V3|DCv21|qwen3_4b|tracker|P3|60.0|0.0|0|||0|d7|v3,qwen3_4b,DCv21,tracker,D7-CVE-2022-22963-maven-noble-V3,CVE-2022-22963,V3,False,maven
D7-CVE-2022-22963-maven-noble-V3|DCv21|qwen3_4b|withheld|P3|60.0|0.0|0|||0|d7|v3,qwen3_4b,DCv21,withheld,D7-CVE-2022-22963-maven-noble-V3,CVE-2022-22963,V3,False,maven
D7-CVE-2023-25690-deb-ubuntu-jammy-V5|DC|qwen3_4b|blind|P3|60.0|0.0|0|||0|d7|v3,qwen3_4b,DC,blind,D7-CVE-2023-25690-deb-ubuntu-jammy-V5,CVE-2023-25690,V5,False,deb-ubuntu
D7-CVE-2023-25690-deb-ubuntu-jammy-V5|DC|qwen3_4b|tracker|P3|60.0|0.0|0|||0|d7|v3,qwen3_4b,DC,tracker,D7-CVE-2023-25690-deb-ubuntu-jammy-V5,CVE-2023-25690,V5,False,deb-ubuntu
D7-CVE-2023-25690-deb-ubuntu-jammy-V5|DC|qwen3_4b|withheld|P3|60.0|0.0|0|||0|d7|v3,qwen3_4b,DC,withheld,D7-CVE-2023-25690-deb-ubuntu-jammy-V5,CVE-2023-25690,V5,False,deb-ubuntu
D7-CVE-2023-25690-deb-ubuntu-jammy-V5|DCv21|qwen3_4b|blind|P3|60.0|0.0|0|||0|d7|v3,qwen3_4b,DCv21,blind,D7-CVE-2023-25690-deb-ubuntu-jammy-V5,CVE-2023-25690,V5,False,deb-ubuntu
D7-CVE-2023-25690-deb-ubuntu-jammy-V5|DCv21|qwen3_4b|tracker|P3|60.0|0.0|0|||0|d7|v3,qwen3_4b,DCv21,tracker,D7-CVE-2023-25690-deb-ubuntu-jammy-V5,CVE-2023-25690,V5,False,deb-ubuntu
D7-CVE-2023-25690-deb-ubuntu-jammy-V5|DCv21|qwen3_4b|withheld|P3|60.0|0.0|0|||0|d7|v3,qwen3_4b,DCv21,withheld,D7-CVE-2023-25690-deb-ubuntu-jammy-V5,CVE-2023-25690,V5,False,deb-ubuntu
D7-CVE-2023-43770-vendor-noble-V3|DC|qwen3_4b|blind|P3|60.0|0.0|0|||0|d7|v3,qwen3_4b,DC,blind,D7-CVE-2023-43770-vendor-noble-V3,CVE-2023-43770,V3,False,vendor
D7-CVE-2023-43770-vendor-noble-V3|DC|qwen3_4b|tracker|P3|60.0|0.0|0|||0|d7|v3,qwen3_4b,DC,tracker,D7-CVE-2023-43770-vendor-noble-V3,CVE-2023-43770,V3,False,vendor
D7-CVE-2023-43770-vendor-noble-V3|DC|qwen3_4b|withheld|P3|60.0|0.0|0|||0|d7|v3,qwen3_4b,DC,withheld,D7-CVE-2023-43770-vendor-noble-V3,CVE-2023-43770,V3,False,vendor
D7-CVE-2023-43770-vendor-noble-V3|DCv21|qwen3_4b|blind|P3|60.0|0.0|0|||0|d7|v3,qwen3_4b,DCv21,blind,D7-CVE-2023-43770-vendor-noble-V3,CVE-2023-43770,V3,False,vendor
D7-CVE-2023-43770-vendor-noble-V3|DCv21|qwen3_4b|tracker|P3|60.0|0.0|0|||0|d7|v3,qwen3_4b,DCv21,tracker,D7-CVE-2023-43770-vendor-noble-V3,CVE-2023-43770,V3,False,vendor
D7-CVE-2023-43770-vendor-noble-V3|DCv21|qwen3_4b|withheld|P3|60.0|0.0|0|||0|d7|v3,qwen3_4b,DCv21,withheld,D7-CVE-2023-43770-vendor-noble-V3,CVE-2023-43770,V3,False,vendor
D7-CVE-2023-50447-pypi-jammy-V1|DC|qwen3_4b|blind|P3|60.0|0.0|0|||0|d7|v3,qwen3_4b,DC,blind,D7-CVE-2023-50447-pypi-jammy-V1,CVE-2023-50447,V1,False,pypi
D7-CVE-2023-50447-pypi-jammy-V1|DC|qwen3_4b|tracker|P3|60.0|0.0|0|||0|d7|v3,qwen3_4b,DC,tracker,D7-CVE-2023-50447-pypi-jammy-V1,CVE-2023-50447,V1,False,pypi
D7-CVE-2023-50447-pypi-jammy-V1|DC|qwen3_4b|withheld|P3|60.0|0.0|0|||0|d7|v3,qwen3_4b,DC,withheld,D7-CVE-2023-50447-pypi-jammy-V1,CVE-2023-50447,V1,False,pypi
D7-CVE-2023-50447-pypi-jammy-V1|DCv21|qwen3_4b|blind|P3|60.0|0.0|0|||0|d7|v3,qwen3_4b,DCv21,blind,D7-CVE-2023-50447-pypi-jammy-V1,CVE-2023-50447,V1,False,pypi
D7-CVE-2023-50447-pypi-jammy-V1|DCv21|qwen3_4b|tracker|P3|60.0|0.0|0|||0|d7|v3,qwen3_4b,DCv21,tracker,D7-CVE-2023-50447-pypi-jammy-V1,CVE-2023-50447,V1,False,pypi
D7-CVE-2023-50447-pypi-jammy-V1|DCv21|qwen3_4b|withheld|P3|60.0|0.0|0|||0|d7|v3,qwen3_4b,DCv21,withheld,D7-CVE-2023-50447-pypi-jammy-V1,CVE-2023-50447,V1,False,pypi
D7-CVE-2023-50447-pypi-jammy-V2-b2|DC|qwen3_4b|blind|P3|60.0|0.0|0|||0|d7|v3,qwen3_4b,DC,blind,D7-CVE-2023-50447-pypi-jammy-V2-b2,CVE-2023-50447,V2,False,pypi
D7-CVE-2023-50447-pypi-jammy-V2-b2|DC|qwen3_4b|tracker|P3|60.0|0.0|0|||0|d7|v3,qwen3_4b,DC,tracker,D7-CVE-2023-50447-pypi-jammy-V2-b2,CVE-2023-50447,V2,False,pypi
D7-CVE-2023-50447-pypi-jammy-V2-b2|DC|qwen3_4b|withheld|P3|60.0|0.0|0|||0|d7|v3,qwen3_4b,DC,withheld,D7-CVE-2023-50447-pypi-jammy-V2-b2,CVE-2023-50447,V2,False,pypi
D7-CVE-2023-50447-pypi-jammy-V2-b2|DCv21|qwen3_4b|blind|P3|60.0|0.0|0|||0|d7|v3,qwen3_4b,DCv21,blind,D7-CVE-2023-50447-pypi-jammy-V2-b2,CVE-2023-50447,V2,False,pypi
D7-CVE-2023-50447-pypi-jammy-V2-b2|DCv21|qwen3_4b|tracker|P3|60.0|0.0|0|||0|d7|v3,qwen3_4b,DCv21,tracker,D7-CVE-2023-50447-pypi-jammy-V2-b2,CVE-2023-50447,V2,False,pypi
D7-CVE-2023-50447-pypi-jammy-V2-b2|DCv21|qwen3_4b|withheld|P3|60.0|0.0|0|||0|d7|v3,qwen3_4b,DCv21,withheld,D7-CVE-2023-50447-pypi-jammy-V2-b2,CVE-2023-50447,V2,False,pypi
D7-CVE-2024-23334-pypi-noble-V2|DC|qwen3_4b|blind|P3|60.0|0.0|0|||0|d7|v3,qwen3_4b,DC,blind,D7-CVE-2024-23334-pypi-noble-V2,CVE-2024-23334,V2,False,pypi
D7-CVE-2024-23334-pypi-noble-V2|DC|qwen3_4b|tracker|P3|60.0|0.0|0|||0|d7|v3,qwen3_4b,DC,tracker,D7-CVE-2024-23334-pypi-noble-V2,CVE-2024-23334,V2,False,pypi
D7-CVE-2024-23334-pypi-noble-V2|DC|qwen3_4b|withheld|P3|60.0|0.0|0|||0|d7|v3,qwen3_4b,DC,withheld,D7-CVE-2024-23334-pypi-noble-V2,CVE-2024-23334,V2,False,pypi
D7-CVE-2024-23334-pypi-noble-V2|DCv21|qwen3_4b|blind|P3|60.0|0.0|0|||0|d7|v3,qwen3_4b,DCv21,blind,D7-CVE-2024-23334-pypi-noble-V2,CVE-2024-23334,V2,False,pypi
D7-CVE-2024-23334-pypi-noble-V2|DCv21|qwen3_4b|tracker|P3|60.0|0.0|0|||0|d7|v3,qwen3_4b,DCv21,tracker,D7-CVE-2024-23334-pypi-noble-V2,CVE-2024-23334,V2,False,pypi
D7-CVE-2024-23334-pypi-noble-V2|DCv21|qwen3_4b|withheld|P3|60.0|0.0|0|||0|d7|v3,qwen3_4b,DCv21,withheld,D7-CVE-2024-23334-pypi-noble-V2,CVE-2024-23334,V2,False,pypi
D7-CVE-2024-23334-pypi-noble-V3|DC|qwen3_4b|blind|P3|60.0|0.0|0|||0|d7|v3,qwen3_4b,DC,blind,D7-CVE-2024-23334-pypi-noble-V3,CVE-2024-23334,V3,False,pypi
D7-CVE-2024-23334-pypi-noble-V3|DC|qwen3_4b|tracker|P3|60.0|0.0|0|||0|d7|v3,qwen3_4b,DC,tracker,D7-CVE-2024-23334-pypi-noble-V3,CVE-2024-23334,V3,False,pypi
D7-CVE-2024-23334-pypi-noble-V3|DC|qwen3_4b|withheld|P3|60.0|0.0|0|||0|d7|v3,qwen3_4b,DC,withheld,D7-CVE-2024-23334-pypi-noble-V3,CVE-2024-23334,V3,False,pypi
D7-CVE-2024-23334-pypi-noble-V3|DCv21|qwen3_4b|blind|P3|60.0|0.0|0|||0|d7|v3,qwen3_4b,DCv21,blind,D7-CVE-2024-23334-pypi-noble-V3,CVE-2024-23334,V3,False,pypi
D7-CVE-2024-23334-pypi-noble-V3|DCv21|qwen3_4b|tracker|P3|60.0|0.0|0|||0|d7|v3,qwen3_4b,DCv21,tracker,D7-CVE-2024-23334-pypi-noble-V3,CVE-2024-23334,V3,False,pypi
D7-CVE-2024-23334-pypi-noble-V3|DCv21|qwen3_4b|withheld|P3|60.0|0.0|0|||0|d7|v3,qwen3_4b,DCv21,withheld,D7-CVE-2024-23334-pypi-noble-V3,CVE-2024-23334,V3,False,pypi
D7-CVE-2024-37383-vendor-jammy-V1|DC|qwen3_4b|blind|P3|60.0|0.0|0|||0|d7|v3,qwen3_4b,DC,blind,D7-CVE-2024-37383-vendor-jammy-V1,CVE-2024-37383,V1,False,vendor
D7-CVE-2024-37383-vendor-jammy-V1|DC|qwen3_4b|tracker|P3|60.0|0.0|0|||0|d7|v3,qwen3_4b,DC,tracker,D7-CVE-2024-37383-vendor-jammy-V1,CVE-2024-37383,V1,False,vendor
D7-CVE-2024-37383-vendor-jammy-V1|DC|qwen3_4b|withheld|P3|60.0|0.0|0|||0|d7|v3,qwen3_4b,DC,withheld,D7-CVE-2024-37383-vendor-jammy-V1,CVE-2024-37383,V1,False,vendor
D7-CVE-2024-37383-vendor-jammy-V1|DCv21|qwen3_4b|blind|P3|60.0|0.0|0|||0|d7|v3,qwen3_4b,DCv21,blind,D7-CVE-2024-37383-vendor-jammy-V1,CVE-2024-37383,V1,False,vendor
D7-CVE-2024-37383-vendor-jammy-V1|DCv21|qwen3_4b|tracker|P3|60.0|0.0|0|||0|d7|v3,qwen3_4b,DCv21,tracker,D7-CVE-2024-37383-vendor-jammy-V1,CVE-2024-37383,V1,False,vendor
D7-CVE-2024-37383-vendor-jammy-V1|DCv21|qwen3_4b|withheld|P3|60.0|0.0|0|||0|d7|v3,qwen3_4b,DCv21,withheld,D7-CVE-2024-37383-vendor-jammy-V1,CVE-2024-37383,V1,False,vendor
D7-CVE-2024-56171-deb-ubuntu-jammy-V2|DC|qwen3_4b|blind|P3|60.0|0.0|0|||0|d7|v3,qwen3_4b,DC,blind,D7-CVE-2024-56171-deb-ubuntu-jammy-V2,CVE-2024-56171,V2,False,deb-ubuntu
D7-CVE-2024-56171-deb-ubuntu-jammy-V2|DC|qwen3_4b|tracker|P3|60.0|0.0|0|||0|d7|v3,qwen3_4b,DC,tracker,D7-CVE-2024-56171-deb-ubuntu-jammy-V2,CVE-2024-56171,V2,False,deb-ubuntu
D7-CVE-2024-56171-deb-ubuntu-jammy-V2|DC|qwen3_4b|withheld|P3|60.0|0.0|0|||0|d7|v3,qwen3_4b,DC,withheld,D7-CVE-2024-56171-deb-ubuntu-jammy-V2,CVE-2024-56171,V2,False,deb-ubuntu
D7-CVE-2024-56171-deb-ubuntu-jammy-V2|DCv21|qwen3_4b|blind|P3|60.0|0.0|0|||0|d7|v3,qwen3_4b,DCv21,blind,D7-CVE-2024-56171-deb-ubuntu-jammy-V2,CVE-2024-56171,V2,False,deb-ubuntu
D7-CVE-2024-56171-deb-ubuntu-jammy-V2|DCv21|qwen3_4b|tracker|P3|60.0|0.0|0|||0|d7|v3,qwen3_4b,DCv21,tracker,D7-CVE-2024-56171-deb-ubuntu-jammy-V2,CVE-2024-56171,V2,False,deb-ubuntu
D7-CVE-2024-56171-deb-ubuntu-jammy-V2|DCv21|qwen3_4b|withheld|P3|60.0|0.0|0|||0|d7|v3,qwen3_4b,DCv21,withheld,D7-CVE-2024-56171-deb-ubuntu-jammy-V2,CVE-2024-56171,V2,False,deb-ubuntu
D7-CVE-2026-12969-deb-ubuntu-noble-V2|DC|qwen3_4b|blind|P3|60.0|0.0|0|||0|d7|v3,qwen3_4b,DC,blind,D7-CVE-2026-12969-deb-ubuntu-noble-V2,CVE-2026-12969,V2,False,deb-ubuntu
D7-CVE-2026-12969-deb-ubuntu-noble-V2|DC|qwen3_4b|tracker|P3|60.0|0.0|0|||0|d7|v3,qwen3_4b,DC,tracker,D7-CVE-2026-12969-deb-ubuntu-noble-V2,CVE-2026-12969,V2,False,deb-ubuntu
D7-CVE-2026-12969-deb-ubuntu-noble-V2|DC|qwen3_4b|withheld|P3|60.0|0.0|0|||0|d7|v3,qwen3_4b,DC,withheld,D7-CVE-2026-12969-deb-ubuntu-noble-V2,CVE-2026-12969,V2,False,deb-ubuntu
D7-CVE-2026-12969-deb-ubuntu-noble-V2|DCv21|qwen3_4b|blind|P3|60.0|0.0|0|||0|d7|v3,qwen3_4b,DCv21,blind,D7-CVE-2026-12969-deb-ubuntu-noble-V2,CVE-2026-12969,V2,False,deb-ubuntu
D7-CVE-2026-12969-deb-ubuntu-noble-V2|DCv21|qwen3_4b|tracker|P3|60.0|0.0|0|||0|d7|v3,qwen3_4b,DCv21,tracker,D7-CVE-2026-12969-deb-ubuntu-noble-V2,CVE-2026-12969,V2,False,deb-ubuntu
D7-CVE-2026-12969-deb-ubuntu-noble-V2|DCv21|qwen3_4b|withheld|P3|60.0|0.0|0|||0|d7|v3,qwen3_4b,DCv21,withheld,D7-CVE-2026-12969-deb-ubuntu-noble-V2,CVE-2026-12969,V2,False,deb-ubuntu
D7-CVE-2026-24072-deb-ubuntu-noble-V1|DC|qwen3_4b|blind|P3|60.0|0.0|0|||0|d7|v3,qwen3_4b,DC,blind,D7-CVE-2026-24072-deb-ubuntu-noble-V1,CVE-2026-24072,V1,False,deb-ubuntu
D7-CVE-2026-24072-deb-ubuntu-noble-V1|DC|qwen3_4b|tracker|P3|60.0|0.0|0|||0|d7|v3,qwen3_4b,DC,tracker,D7-CVE-2026-24072-deb-ubuntu-noble-V1,CVE-2026-24072,V1,False,deb-ubuntu
D7-CVE-2026-24072-deb-ubuntu-noble-V1|DC|qwen3_4b|withheld|P3|60.0|0.0|0|||0|d7|v3,qwen3_4b,DC,withheld,D7-CVE-2026-24072-deb-ubuntu-noble-V1,CVE-2026-24072,V1,False,deb-ubuntu
D7-CVE-2026-24072-deb-ubuntu-noble-V1|DCv21|qwen3_4b|blind|P3|60.0|0.0|0|||0|d7|v3,qwen3_4b,DCv21,blind,D7-CVE-2026-24072-deb-ubuntu-noble-V1,CVE-2026-24072,V1,False,deb-ubuntu
D7-CVE-2026-24072-deb-ubuntu-noble-V1|DCv21|qwen3_4b|tracker|P3|60.0|0.0|0|||0|d7|v3,qwen3_4b,DCv21,tracker,D7-CVE-2026-24072-deb-ubuntu-noble-V1,CVE-2026-24072,V1,False,deb-ubuntu
D7-CVE-2026-24072-deb-ubuntu-noble-V1|DCv21|qwen3_4b|withheld|P3|60.0|0.0|0|||0|d7|v3,qwen3_4b,DCv21,withheld,D7-CVE-2026-24072-deb-ubuntu-noble-V1,CVE-2026-24072,V1,False,deb-ubuntu
D7-CVE-2026-40110-pypi-jammy-V2|DC|qwen3_4b|blind|P3|60.0|0.0|0|||0|d7|v3,qwen3_4b,DC,blind,D7-CVE-2026-40110-pypi-jammy-V2,CVE-2026-40110,V2,False,pypi
D7-CVE-2026-40110-pypi-jammy-V2|DC|qwen3_4b|tracker|P3|60.0|0.0|0|||0|d7|v3,qwen3_4b,DC,tracker,D7-CVE-2026-40110-pypi-jammy-V2,CVE-2026-40110,V2,False,pypi
D7-CVE-2026-40110-pypi-jammy-V2|DC|qwen3_4b|withheld|P3|60.0|0.0|0|||0|d7|v3,qwen3_4b,DC,withheld,D7-CVE-2026-40110-pypi-jammy-V2,CVE-2026-40110,V2,False,pypi
D7-CVE-2026-40110-pypi-jammy-V2|DCv21|qwen3_4b|blind|P3|60.0|0.0|0|||0|d7|v3,qwen3_4b,DCv21,blind,D7-CVE-2026-40110-pypi-jammy-V2,CVE-2026-40110,V2,False,pypi
D7-CVE-2026-40110-pypi-jammy-V2|DCv21|qwen3_4b|tracker|P3|60.0|0.0|0|||0|d7|v3,qwen3_4b,DCv21,tracker,D7-CVE-2026-40110-pypi-jammy-V2,CVE-2026-40110,V2,False,pypi
D7-CVE-2026-40110-pypi-jammy-V2|DCv21|qwen3_4b|withheld|P3|60.0|0.0|0|||0|d7|v3,qwen3_4b,DCv21,withheld,D7-CVE-2026-40110-pypi-jammy-V2,CVE-2026-40110,V2,False,pypi
D7-CVE-2026-42198-maven-noble-V2|DC|qwen3_4b|blind|P3|60.0|0.0|0|||0|d7|v3,qwen3_4b,DC,blind,D7-CVE-2026-42198-maven-noble-V2,CVE-2026-42198,V2,False,maven
D7-CVE-2026-42198-maven-noble-V2|DC|qwen3_4b|tracker|P3|60.0|0.0|0|||0|d7|v3,qwen3_4b,DC,tracker,D7-CVE-2026-42198-maven-noble-V2,CVE-2026-42198,V2,False,maven
D7-CVE-2026-42198-maven-noble-V2|DC|qwen3_4b|withheld|P3|60.0|0.0|0|||0|d7|v3,qwen3_4b,DC,withheld,D7-CVE-2026-42198-maven-noble-V2,CVE-2026-42198,V2,False,maven
D7-CVE-2026-42198-maven-noble-V2|DCv21|qwen3_4b|blind|P3|60.0|0.0|0|||0|d7|v3,qwen3_4b,DCv21,blind,D7-CVE-2026-42198-maven-noble-V2,CVE-2026-42198,V2,False,maven
D7-CVE-2026-42198-maven-noble-V2|DCv21|qwen3_4b|tracker|P3|60.0|0.0|0|||0|d7|v3,qwen3_4b,DCv21,tracker,D7-CVE-2026-42198-maven-noble-V2,CVE-2026-42198,V2,False,maven
D7-CVE-2026-42198-maven-noble-V2|DCv21|qwen3_4b|withheld|P3|60.0|0.0|0|||0|d7|v3,qwen3_4b,DCv21,withheld,D7-CVE-2026-42198-maven-noble-V2,CVE-2026-42198,V2,False,maven
D7-CVE-2026-42308-pypi-noble-V2-b2|DC|qwen3_4b|blind|P3|60.0|0.0|0|||0|d7|v3,qwen3_4b,DC,blind,D7-CVE-2026-42308-pypi-noble-V2-b2,CVE-2026-42308,V2,False,pypi
D7-CVE-2026-42308-pypi-noble-V2-b2|DC|qwen3_4b|tracker|P3|60.0|0.0|0|||0|d7|v3,qwen3_4b,DC,tracker,D7-CVE-2026-42308-pypi-noble-V2-b2,CVE-2026-42308,V2,False,pypi
D7-CVE-2026-42308-pypi-noble-V2-b2|DC|qwen3_4b|withheld|P3|60.0|0.0|0|||0|d7|v3,qwen3_4b,DC,withheld,D7-CVE-2026-42308-pypi-noble-V2-b2,CVE-2026-42308,V2,False,pypi
D7-CVE-2026-42308-pypi-noble-V2-b2|DCv21|qwen3_4b|blind|P3|60.0|0.0|0|||0|d7|v3,qwen3_4b,DCv21,blind,D7-CVE-2026-42308-pypi-noble-V2-b2,CVE-2026-42308,V2,False,pypi
D7-CVE-2026-42308-pypi-noble-V2-b2|DCv21|qwen3_4b|tracker|P3|60.0|0.0|0|||0|d7|v3,qwen3_4b,DCv21,tracker,D7-CVE-2026-42308-pypi-noble-V2-b2,CVE-2026-42308,V2,False,pypi
D7-CVE-2026-42308-pypi-noble-V2-b2|DCv21|qwen3_4b|withheld|P3|60.0|0.0|0|||0|d7|v3,qwen3_4b,DCv21,withheld,D7-CVE-2026-42308-pypi-noble-V2-b2,CVE-2026-42308,V2,False,pypi
D7-CVE-2026-42533-deb-ubuntu-noble-V6|DC|qwen3_4b|blind|P3|60.0|0.0|0|||0|d7|v3,qwen3_4b,DC,blind,D7-CVE-2026-42533-deb-ubuntu-noble-V6,CVE-2026-42533,V6,False,deb-ubuntu
D7-CVE-2026-42533-deb-ubuntu-noble-V6|DC|qwen3_4b|tracker|P3|60.0|0.0|0|||0|d7|v3,qwen3_4b,DC,tracker,D7-CVE-2026-42533-deb-ubuntu-noble-V6,CVE-2026-42533,V6,False,deb-ubuntu
D7-CVE-2026-42533-deb-ubuntu-noble-V6|DC|qwen3_4b|withheld|P3|60.0|0.0|0|||0|d7|v3,qwen3_4b,DC,withheld,D7-CVE-2026-42533-deb-ubuntu-noble-V6,CVE-2026-42533,V6,False,deb-ubuntu
D7-CVE-2026-42533-deb-ubuntu-noble-V6|DCv21|qwen3_4b|blind|P3|60.0|0.0|0|||0|d7|v3,qwen3_4b,DCv21,blind,D7-CVE-2026-42533-deb-ubuntu-noble-V6,CVE-2026-42533,V6,False,deb-ubuntu
D7-CVE-2026-42533-deb-ubuntu-noble-V6|DCv21|qwen3_4b|tracker|P3|60.0|0.0|0|||0|d7|v3,qwen3_4b,DCv21,tracker,D7-CVE-2026-42533-deb-ubuntu-noble-V6,CVE-2026-42533,V6,False,deb-ubuntu
D7-CVE-2026-42533-deb-ubuntu-noble-V6|DCv21|qwen3_4b|withheld|P3|60.0|0.0|0|||0|d7|v3,qwen3_4b,DCv21,withheld,D7-CVE-2026-42533-deb-ubuntu-noble-V6,CVE-2026-42533,V6,False,deb-ubuntu
D7-CVE-2026-43617-deb-ubuntu-noble-V4|DC|qwen3_4b|blind|P3|60.0|0.0|0|||0|d7|v3,qwen3_4b,DC,blind,D7-CVE-2026-43617-deb-ubuntu-noble-V4,CVE-2026-43617,V4,False,deb-ubuntu
D7-CVE-2026-43617-deb-ubuntu-noble-V4|DC|qwen3_4b|tracker|P3|60.0|0.0|0|||0|d7|v3,qwen3_4b,DC,tracker,D7-CVE-2026-43617-deb-ubuntu-noble-V4,CVE-2026-43617,V4,False,deb-ubuntu
D7-CVE-2026-43617-deb-ubuntu-noble-V4|DC|qwen3_4b|withheld|P3|60.0|0.0|0|||0|d7|v3,qwen3_4b,DC,withheld,D7-CVE-2026-43617-deb-ubuntu-noble-V4,CVE-2026-43617,V4,False,deb-ubuntu
D7-CVE-2026-43617-deb-ubuntu-noble-V4|DCv21|qwen3_4b|blind|P3|60.0|0.0|0|||0|d7|v3,qwen3_4b,DCv21,blind,D7-CVE-2026-43617-deb-ubuntu-noble-V4,CVE-2026-43617,V4,False,deb-ubuntu
D7-CVE-2026-43617-deb-ubuntu-noble-V4|DCv21|qwen3_4b|tracker|P3|60.0|0.0|0|||0|d7|v3,qwen3_4b,DCv21,tracker,D7-CVE-2026-43617-deb-ubuntu-noble-V4,CVE-2026-43617,V4,False,deb-ubuntu
D7-CVE-2026-43617-deb-ubuntu-noble-V4|DCv21|qwen3_4b|withheld|P3|60.0|0.0|0|||0|d7|v3,qwen3_4b,DCv21,withheld,D7-CVE-2026-43617-deb-ubuntu-noble-V4,CVE-2026-43617,V4,False,deb-ubuntu
D7-CVE-2026-53435-vendor-noble-V1|DC|qwen3_4b|blind|P3|60.0|0.0|0|||0|d7|v3,qwen3_4b,DC,blind,D7-CVE-2026-53435-vendor-noble-V1,CVE-2026-53435,V1,False,vendor
D7-CVE-2026-53435-vendor-noble-V1|DC|qwen3_4b|tracker|P3|60.0|0.0|0|||0|d7|v3,qwen3_4b,DC,tracker,D7-CVE-2026-53435-vendor-noble-V1,CVE-2026-53435,V1,False,vendor
D7-CVE-2026-53435-vendor-noble-V1|DC|qwen3_4b|withheld|P3|60.0|0.0|0|||0|d7|v3,qwen3_4b,DC,withheld,D7-CVE-2026-53435-vendor-noble-V1,CVE-2026-53435,V1,False,vendor
D7-CVE-2026-53435-vendor-noble-V1|DCv21|qwen3_4b|blind|P3|60.0|0.0|0|||0|d7|v3,qwen3_4b,DCv21,blind,D7-CVE-2026-53435-vendor-noble-V1,CVE-2026-53435,V1,False,vendor
D7-CVE-2026-53435-vendor-noble-V1|DCv21|qwen3_4b|tracker|P3|60.0|0.0|0|||0|d7|v3,qwen3_4b,DCv21,tracker,D7-CVE-2026-53435-vendor-noble-V1,CVE-2026-53435,V1,False,vendor
D7-CVE-2026-53435-vendor-noble-V1|DCv21|qwen3_4b|withheld|P3|60.0|0.0|0|||0|d7|v3,qwen3_4b,DCv21,withheld,D7-CVE-2026-53435-vendor-noble-V1,CVE-2026-53435,V1,False,vendor
D7-CVE-2026-90698-deb-ubuntu-noble-V1|DC|qwen3_4b|blind|P3|60.0|0.0|0|||0|d7|v3,qwen3_4b,DC,blind,D7-CVE-2026-90698-deb-ubuntu-noble-V1,CVE-2026-90698,V1,False,deb-ubuntu
D7-CVE-2026-90698-deb-ubuntu-noble-V1|DC|qwen3_4b|tracker|P3|60.0|0.0|0|||0|d7|v3,qwen3_4b,DC,tracker,D7-CVE-2026-90698-deb-ubuntu-noble-V1,CVE-2026-90698,V1,False,deb-ubuntu
D7-CVE-2026-90698-deb-ubuntu-noble-V1|DC|qwen3_4b|withheld|P3|60.0|0.0|0|||0|d7|v3,qwen3_4b,DC,withheld,D7-CVE-2026-90698-deb-ubuntu-noble-V1,CVE-2026-90698,V1,False,deb-ubuntu
D7-CVE-2026-90698-deb-ubuntu-noble-V1|DCv21|qwen3_4b|blind|P3|60.0|0.0|0|||0|d7|v3,qwen3_4b,DCv21,blind,D7-CVE-2026-90698-deb-ubuntu-noble-V1,CVE-2026-90698,V1,False,deb-ubuntu
D7-CVE-2026-90698-deb-ubuntu-noble-V1|DCv21|qwen3_4b|tracker|P3|60.0|0.0|0|||0|d7|v3,qwen3_4b,DCv21,tracker,D7-CVE-2026-90698-deb-ubuntu-noble-V1,CVE-2026-90698,V1,False,deb-ubuntu
D7-CVE-2026-90698-deb-ubuntu-noble-V1|DCv21|qwen3_4b|withheld|P3|60.0|0.0|0|||0|d7|v3,qwen3_4b,DCv21,withheld,D7-CVE-2026-90698-deb-ubuntu-noble-V1,CVE-2026-90698,V1,False,deb-ubuntu
