experiment,model,mode,case_id,profile,template,llm_calls,quality,applicability_correct,action_keyword_recall,information_need_recall,unsafe_recommendation,contradiction_correct,completed,steps,latency_s,tokens
deepcti_candidate_100_2026,llama3.1:8b,adaptive_memory,DCTI-KEV-001-CVE-2002-0367,affected,affected,1,0.9,1,0.5,1.0,0,1,1,3,54.0454968,1333
deepcti_candidate_100_2026,llama3.1:8b,adaptive_memory,DCTI-KEV-002-CVE-2004-0210,not_applicable,not_applicable,1,0.9,1,0.5,1.0,0,1,1,2,35.988134599999995,1028
deepcti_candidate_100_2026,llama3.1:8b,adaptive_memory,DCTI-KEV-003-CVE-2004-1464,uncertain,uncertain,0,0.7,1,0.5,1.0,0,0,1,3,0.0,0
deepcti_candidate_100_2026,llama3.1:8b,adaptive_memory,DCTI-KEV-004-CVE-2005-2773,contradictory,contradictory,0,1.0,1,1.0,1.0,0,1,1,3,0.0,0
deepcti_candidate_100_2026,llama3.1:8b,adaptive_memory,DCTI-KEV-005-CVE-2006-1547,affected,affected,1,1.0,1,1.0,1.0,0,1,1,3,50.135297400000006,1414
deepcti_candidate_100_2026,llama3.1:8b,adaptive_memory,DCTI-KEV-006-CVE-2006-2492,not_applicable,not_applicable,1,0.9,1,0.5,1.0,0,1,1,2,59.348548900000004,1160
deepcti_candidate_100_2026,llama3.1:8b,adaptive_memory,DCTI-KEV-007-CVE-2007-0671,uncertain,uncertain,0,0.7,1,0.5,1.0,0,0,1,3,0.0,0
deepcti_candidate_100_2026,llama3.1:8b,adaptive_memory,DCTI-KEV-008-CVE-2007-3010,contradictory,contradictory,0,1.0,1,1.0,1.0,0,1,1,3,0.0,0
deepcti_candidate_100_2026,llama3.1:8b,adaptive_memory,DCTI-KEV-009-CVE-2007-5659,affected,affected,1,1.0,1,1.0,1.0,0,1,1,3,48.045770600000004,1380
deepcti_candidate_100_2026,llama3.1:8b,adaptive_memory,DCTI-KEV-010-CVE-2008-0015,not_applicable,not_applicable,1,0.9,1,0.5,1.0,0,1,1,2,34.419645700000004,1080
deepcti_candidate_100_2026,llama3.1:8b,adaptive_memory,DCTI-KEV-011-CVE-2008-0655,uncertain,uncertain,0,0.7,1,0.5,1.0,0,0,1,3,0.0,0
deepcti_candidate_100_2026,llama3.1:8b,adaptive_memory,DCTI-KEV-012-CVE-2008-2992,contradictory,contradictory,0,1.0,1,1.0,1.0,0,1,1,3,0.0,0
deepcti_candidate_100_2026,llama3.1:8b,adaptive_memory,DCTI-KEV-013-CVE-2008-3431,affected,affected,1,0.9,1,0.5,1.0,0,1,1,3,50.803184,1396
deepcti_candidate_100_2026,llama3.1:8b,adaptive_memory,DCTI-KEV-014-CVE-2008-4128,not_applicable,not_applicable,1,0.9,1,0.5,1.0,0,1,1,2,34.813095600000004,1162
deepcti_candidate_100_2026,llama3.1:8b,adaptive_memory,DCTI-KEV-015-CVE-2008-4250,uncertain,uncertain,0,0.7,1,0.5,1.0,0,0,1,3,0.0,0
deepcti_candidate_100_2026,llama3.1:8b,adaptive_memory,DCTI-KEV-016-CVE-2009-0238,contradictory,contradictory,0,1.0,1,1.0,1.0,0,1,1,3,0.0,0
deepcti_candidate_100_2026,llama3.1:8b,adaptive_memory,DCTI-KEV-017-CVE-2009-0556,affected,affected,1,1.0,1,1.0,1.0,0,1,1,3,58.0835582,1479
deepcti_candidate_100_2026,llama3.1:8b,adaptive_memory,DCTI-KEV-018-CVE-2009-0557,not_applicable,not_applicable,1,0.9,1,0.5,1.0,0,1,1,2,35.693382,1030
deepcti_candidate_100_2026,llama3.1:8b,adaptive_memory,DCTI-KEV-019-CVE-2009-0563,uncertain,uncertain,0,0.7,1,0.5,1.0,0,0,1,3,0.0,0
deepcti_candidate_100_2026,llama3.1:8b,adaptive_memory,DCTI-KEV-020-CVE-2009-0927,contradictory,contradictory,0,1.0,1,1.0,1.0,0,1,1,3,0.0,0
deepcti_candidate_100_2026,llama3.1:8b,adaptive_memory,DCTI-KEV-021-CVE-2009-1123,affected,affected,1,0.9,1,0.5,1.0,0,1,1,3,42.4614211,1360
deepcti_candidate_100_2026,llama3.1:8b,adaptive_memory,DCTI-KEV-022-CVE-2009-1151,not_applicable,not_applicable,1,0.9,1,0.5,1.0,0,1,1,2,34.8656673,1040
deepcti_candidate_100_2026,llama3.1:8b,adaptive_memory,DCTI-KEV-023-CVE-2009-1537,uncertain,uncertain,0,0.7,1,0.5,1.0,0,0,1,3,0.0,0
deepcti_candidate_100_2026,llama3.1:8b,adaptive_memory,DCTI-KEV-024-CVE-2009-1862,contradictory,contradictory,0,1.0,1,1.0,1.0,0,1,1,3,0.0,0
deepcti_candidate_100_2026,llama3.1:8b,adaptive_memory,DCTI-KEV-025-CVE-2009-2055,affected,affected,1,0.9,1,0.5,1.0,0,1,1,3,52.1151089,1416
deepcti_candidate_100_2026,llama3.1:8b,adaptive_memory,DCTI-KEV-026-CVE-2009-3129,not_applicable,not_applicable,1,0.9,1,0.5,1.0,0,1,1,2,36.3679657,1053
deepcti_candidate_100_2026,llama3.1:8b,adaptive_memory,DCTI-KEV-027-CVE-2009-3459,uncertain,uncertain,0,0.7,1,0.5,1.0,0,0,1,3,0.0,0
deepcti_candidate_100_2026,llama3.1:8b,adaptive_memory,DCTI-KEV-028-CVE-2009-3953,contradictory,contradictory,0,1.0,1,1.0,1.0,0,1,1,3,0.0,0
deepcti_candidate_100_2026,llama3.1:8b,adaptive_memory,DCTI-KEV-029-CVE-2009-3960,affected,affected,1,0.9,1,0.5,1.0,0,1,1,3,41.7672294,1348
deepcti_candidate_100_2026,llama3.1:8b,adaptive_memory,DCTI-KEV-030-CVE-2009-4324,not_applicable,not_applicable,1,0.9,1,0.5,1.0,0,1,1,2,35.5829898,1040
deepcti_candidate_100_2026,llama3.1:8b,adaptive_memory,DCTI-KEV-031-CVE-2010-0188,uncertain,uncertain,0,0.7,1,0.5,1.0,0,0,1,3,0.0,0
deepcti_candidate_100_2026,llama3.1:8b,adaptive_memory,DCTI-KEV-032-CVE-2010-0232,contradictory,contradictory,0,1.0,1,1.0,1.0,0,1,1,3,0.0,0
deepcti_candidate_100_2026,llama3.1:8b,adaptive_memory,DCTI-KEV-033-CVE-2010-0249,affected,affected,1,1.0,1,1.0,1.0,0,1,1,3,65.4436893,1555
deepcti_candidate_100_2026,llama3.1:8b,adaptive_memory,DCTI-KEV-034-CVE-2010-0738,not_applicable,not_applicable,1,0.8,1,0.0,1.0,0,1,1,2,34.202726999999996,1038
deepcti_candidate_100_2026,llama3.1:8b,adaptive_memory,DCTI-KEV-035-CVE-2010-0806,uncertain,uncertain,0,0.7,1,0.5,1.0,0,0,1,3,0.0,0
deepcti_candidate_100_2026,llama3.1:8b,adaptive_memory,DCTI-KEV-036-CVE-2010-0840,contradictory,contradictory,0,1.0,1,1.0,1.0,0,1,1,3,0.0,0
deepcti_candidate_100_2026,llama3.1:8b,adaptive_memory,DCTI-KEV-037-CVE-2010-1297,affected,affected,1,0.9,1,0.5,1.0,0,1,1,3,41.1246991,1353
deepcti_candidate_100_2026,llama3.1:8b,adaptive_memory,DCTI-KEV-038-CVE-2010-1428,not_applicable,not_applicable,1,0.9,1,0.5,1.0,0,1,1,2,36.0124551,1074
deepcti_candidate_100_2026,llama3.1:8b,adaptive_memory,DCTI-KEV-039-CVE-2010-1871,uncertain,uncertain,0,0.7,1,0.5,1.0,0,0,1,3,0.0,0
deepcti_candidate_100_2026,llama3.1:8b,adaptive_memory,DCTI-KEV-040-CVE-2010-2568,contradictory,contradictory,0,1.0,1,1.0,1.0,0,1,1,3,0.0,0
deepcti_candidate_100_2026,llama3.1:8b,adaptive_memory,DCTI-KEV-041-CVE-2010-2572,affected,affected,1,0.9,1,0.5,1.0,0,1,1,3,42.1440458,1354
deepcti_candidate_100_2026,llama3.1:8b,adaptive_memory,DCTI-KEV-042-CVE-2010-2861,not_applicable,not_applicable,1,0.8,1,0.0,1.0,0,1,1,2,35.4560559,1047
deepcti_candidate_100_2026,llama3.1:8b,adaptive_memory,DCTI-KEV-043-CVE-2010-2883,uncertain,uncertain,0,0.7,1,0.5,1.0,0,0,1,3,0.0,0
deepcti_candidate_100_2026,llama3.1:8b,adaptive_memory,DCTI-KEV-044-CVE-2010-3035,contradictory,contradictory,0,1.0,1,1.0,1.0,0,1,1,3,0.0,0
deepcti_candidate_100_2026,llama3.1:8b,adaptive_memory,DCTI-KEV-045-CVE-2010-3333,affected,affected,1,0.9,1,0.5,1.0,0,1,1,3,41.806145900000004,1351
deepcti_candidate_100_2026,llama3.1:8b,adaptive_memory,DCTI-KEV-046-CVE-2010-3765,not_applicable,not_applicable,1,0.9,1,0.5,1.0,0,1,1,2,23.577417399999998,1089
deepcti_candidate_100_2026,llama3.1:8b,adaptive_memory,DCTI-KEV-047-CVE-2010-3904,uncertain,uncertain,0,0.7,1,0.5,1.0,0,0,1,3,0.0,0
deepcti_candidate_100_2026,llama3.1:8b,adaptive_memory,DCTI-KEV-048-CVE-2010-3962,contradictory,contradictory,0,1.0,1,1.0,1.0,0,1,1,3,0.0,0
deepcti_candidate_100_2026,llama3.1:8b,adaptive_memory,DCTI-KEV-049-CVE-2010-4344,affected,affected,1,1.0,1,1.0,1.0,0,1,1,3,5.3954174,1410
deepcti_candidate_100_2026,llama3.1:8b,adaptive_memory,DCTI-KEV-050-CVE-2010-4345,not_applicable,not_applicable,1,0.8,1,0.0,1.0,0,1,1,2,3.2488297,1033
deepcti_candidate_100_2026,llama3.1:8b,adaptive_memory,DCTI-KEV-051-CVE-2010-4398,uncertain,uncertain,0,0.7,1,0.5,1.0,0,0,1,3,0.0,0
deepcti_candidate_100_2026,llama3.1:8b,adaptive_memory,DCTI-KEV-052-CVE-2010-5326,contradictory,contradictory,0,1.0,1,1.0,1.0,0,1,1,3,0.0,0
deepcti_candidate_100_2026,llama3.1:8b,adaptive_memory,DCTI-KEV-053-CVE-2010-5330,affected,affected,1,0.9,1,0.5,1.0,0,1,1,3,3.9419757,1365
deepcti_candidate_100_2026,llama3.1:8b,adaptive_memory,DCTI-KEV-054-CVE-2011-0609,not_applicable,not_applicable,1,0.9,1,0.5,1.0,0,1,1,2,3.3214216000000003,1046
deepcti_candidate_100_2026,llama3.1:8b,adaptive_memory,DCTI-KEV-055-CVE-2011-0611,uncertain,uncertain,0,0.7,1,0.5,1.0,0,0,1,3,0.0,0
deepcti_candidate_100_2026,llama3.1:8b,adaptive_memory,DCTI-KEV-056-CVE-2011-1823,contradictory,contradictory,0,1.0,1,1.0,1.0,0,1,1,3,0.0,0
deepcti_candidate_100_2026,llama3.1:8b,adaptive_memory,DCTI-KEV-057-CVE-2011-1889,affected,affected,1,1.0,1,1.0,1.0,0,1,1,3,5.1931262,1481
deepcti_candidate_100_2026,llama3.1:8b,adaptive_memory,DCTI-KEV-058-CVE-2011-2005,not_applicable,not_applicable,1,0.9,1,0.5,1.0,0,1,1,2,3.5221617999999997,1073
deepcti_candidate_100_2026,llama3.1:8b,adaptive_memory,DCTI-KEV-059-CVE-2011-2462,uncertain,uncertain,0,0.7,1,0.5,1.0,0,0,1,3,0.0,0
deepcti_candidate_100_2026,llama3.1:8b,adaptive_memory,DCTI-KEV-060-CVE-2011-3402,contradictory,contradictory,0,1.0,1,1.0,1.0,0,1,1,3,0.0,0
deepcti_candidate_100_2026,llama3.1:8b,adaptive_memory,DCTI-KEV-061-CVE-2011-3544,affected,affected,1,0.9,1,0.5,1.0,0,1,1,3,3.9724177,1373
deepcti_candidate_100_2026,llama3.1:8b,adaptive_memory,DCTI-KEV-062-CVE-2011-4723,not_applicable,not_applicable,1,0.9,1,0.5,1.0,0,1,1,2,3.3722033000000002,1071
deepcti_candidate_100_2026,llama3.1:8b,adaptive_memory,DCTI-KEV-063-CVE-2012-0151,uncertain,uncertain,0,0.7,1,0.5,1.0,0,0,1,3,0.0,0
deepcti_candidate_100_2026,llama3.1:8b,adaptive_memory,DCTI-KEV-064-CVE-2012-0158,contradictory,contradictory,0,1.0,1,1.0,1.0,0,1,1,3,0.0,0
deepcti_candidate_100_2026,llama3.1:8b,adaptive_memory,DCTI-KEV-065-CVE-2012-0391,affected,affected,1,1.0,1,1.0,1.0,0,1,1,3,4.4456691,1391
deepcti_candidate_100_2026,llama3.1:8b,adaptive_memory,DCTI-KEV-066-CVE-2012-0507,not_applicable,not_applicable,2,1.0,1,1.0,1.0,0,1,1,2,10.044047500000001,2549
deepcti_candidate_100_2026,llama3.1:8b,adaptive_memory,DCTI-KEV-067-CVE-2012-0518,uncertain,uncertain,0,0.7,1,0.5,1.0,0,0,1,3,0.0,0
deepcti_candidate_100_2026,llama3.1:8b,adaptive_memory,DCTI-KEV-068-CVE-2012-0754,contradictory,contradictory,0,1.0,1,1.0,1.0,0,1,1,3,0.0,0
deepcti_candidate_100_2026,llama3.1:8b,adaptive_memory,DCTI-KEV-069-CVE-2012-0767,affected,affected,1,0.9,1,0.5,1.0,0,1,1,3,5.7876441000000005,1493
deepcti_candidate_100_2026,llama3.1:8b,adaptive_memory,DCTI-KEV-070-CVE-2012-1535,not_applicable,not_applicable,1,0.9,1,0.5,1.0,0,1,1,2,3.3392323,1036
deepcti_candidate_100_2026,llama3.1:8b,adaptive_memory,DCTI-KEV-071-CVE-2012-1710,uncertain,uncertain,0,0.7,1,0.5,1.0,0,0,1,3,0.0,0
deepcti_candidate_100_2026,llama3.1:8b,adaptive_memory,DCTI-KEV-072-CVE-2012-1723,contradictory,contradictory,0,1.0,1,1.0,1.0,0,1,1,3,0.0,0
deepcti_candidate_100_2026,llama3.1:8b,adaptive_memory,DCTI-KEV-073-CVE-2012-1823,affected,affected,1,1.0,1,1.0,1.0,0,1,1,3,5.296811399999999,1441
deepcti_candidate_100_2026,llama3.1:8b,adaptive_memory,DCTI-KEV-074-CVE-2012-1854,not_applicable,not_applicable,1,0.9,1,0.5,1.0,0,1,1,2,5.5850233,1228
deepcti_candidate_100_2026,llama3.1:8b,adaptive_memory,DCTI-KEV-075-CVE-2012-1856,uncertain,uncertain,0,0.7,1,0.5,1.0,0,0,1,3,0.0,0
deepcti_candidate_100_2026,llama3.1:8b,adaptive_memory,DCTI-KEV-076-CVE-2012-1889,contradictory,contradictory,0,1.0,1,1.0,1.0,0,1,1,3,0.0,0
deepcti_candidate_100_2026,llama3.1:8b,adaptive_memory,DCTI-KEV-077-CVE-2012-2034,affected,affected,2,1.0,1,1.0,1.0,0,1,1,3,17.961740000000002,3847
deepcti_candidate_100_2026,llama3.1:8b,adaptive_memory,DCTI-KEV-078-CVE-2012-2539,not_applicable,not_applicable,1,0.9,1,0.5,1.0,0,1,1,2,3.4858279000000003,1019
deepcti_candidate_100_2026,llama3.1:8b,adaptive_memory,DCTI-KEV-079-CVE-2012-3152,uncertain,uncertain,0,0.7,1,0.5,1.0,0,0,1,3,0.0,0
deepcti_candidate_100_2026,llama3.1:8b,adaptive_memory,DCTI-KEV-080-CVE-2012-4681,contradictory,contradictory,0,1.0,1,1.0,1.0,0,1,1,3,0.0,0
deepcti_candidate_100_2026,llama3.1:8b,adaptive_memory,DCTI-KEV-081-CVE-2012-4792,affected,affected,2,1.0,1,1.0,1.0,0,1,1,3,17.8427458,3880
deepcti_candidate_100_2026,llama3.1:8b,adaptive_memory,DCTI-KEV-082-CVE-2012-4969,not_applicable,not_applicable,2,1.0,1,1.0,1.0,0,1,1,2,10.3095116,2543
deepcti_candidate_100_2026,llama3.1:8b,adaptive_memory,DCTI-KEV-083-CVE-2012-5054,uncertain,uncertain,0,0.7,1,0.5,1.0,0,0,1,3,0.0,0
deepcti_candidate_100_2026,llama3.1:8b,adaptive_memory,DCTI-KEV-084-CVE-2012-5076,contradictory,contradictory,0,1.0,1,1.0,1.0,0,1,1,3,0.0,0
deepcti_candidate_100_2026,llama3.1:8b,adaptive_memory,DCTI-KEV-085-CVE-2013-0074,affected,affected,1,1.0,1,1.0,1.0,0,1,1,3,5.6817096000000005,1469
deepcti_candidate_100_2026,llama3.1:8b,adaptive_memory,DCTI-KEV-086-CVE-2013-0422,not_applicable,not_applicable,1,0.9,1,0.5,1.0,0,1,1,2,3.5335351,1063
deepcti_candidate_100_2026,llama3.1:8b,adaptive_memory,DCTI-KEV-087-CVE-2013-0431,uncertain,uncertain,0,0.7,1,0.5,1.0,0,0,1,3,0.0,0
deepcti_candidate_100_2026,llama3.1:8b,adaptive_memory,DCTI-KEV-088-CVE-2013-0625,contradictory,contradictory,0,1.0,1,1.0,1.0,0,1,1,3,0.0,0
deepcti_candidate_100_2026,llama3.1:8b,adaptive_memory,DCTI-KEV-089-CVE-2013-0629,affected,affected,1,1.0,1,1.0,1.0,0,1,1,3,6.1218778,1491
deepcti_candidate_100_2026,llama3.1:8b,adaptive_memory,DCTI-KEV-090-CVE-2013-0631,not_applicable,not_applicable,1,0.9,1,0.5,1.0,0,1,1,2,3.4823139000000003,1037
deepcti_candidate_100_2026,llama3.1:8b,adaptive_memory,DCTI-KEV-091-CVE-2013-0632,uncertain,uncertain,0,0.7,1,0.5,1.0,0,0,1,3,0.0,0
deepcti_candidate_100_2026,llama3.1:8b,adaptive_memory,DCTI-KEV-092-CVE-2013-0640,contradictory,contradictory,0,1.0,1,1.0,1.0,0,1,1,3,0.0,0
deepcti_candidate_100_2026,llama3.1:8b,adaptive_memory,DCTI-KEV-093-CVE-2013-0641,affected,affected,1,0.9,1,0.5,1.0,0,1,1,3,4.0208983,1346
deepcti_candidate_100_2026,llama3.1:8b,adaptive_memory,DCTI-KEV-094-CVE-2013-0643,not_applicable,not_applicable,1,0.9,1,0.5,1.0,0,1,1,2,3.4112228,1054
deepcti_candidate_100_2026,llama3.1:8b,adaptive_memory,DCTI-KEV-095-CVE-2013-0648,uncertain,uncertain,0,0.7,1,0.5,1.0,0,0,1,3,0.0,0
deepcti_candidate_100_2026,llama3.1:8b,adaptive_memory,DCTI-KEV-096-CVE-2013-1331,contradictory,contradictory,0,1.0,1,1.0,1.0,0,1,1,3,0.0,0
deepcti_candidate_100_2026,llama3.1:8b,adaptive_memory,DCTI-KEV-097-CVE-2013-1347,affected,affected,1,0.9,1,0.5,1.0,0,1,1,3,3.9647495,1343
deepcti_candidate_100_2026,llama3.1:8b,adaptive_memory,DCTI-KEV-098-CVE-2013-1675,not_applicable,not_applicable,1,0.9,1,0.5,1.0,0,1,1,2,3.3799509,1053
deepcti_candidate_100_2026,llama3.1:8b,adaptive_memory,DCTI-KEV-099-CVE-2013-1690,uncertain,uncertain,0,0.7,1,0.5,1.0,0,0,1,3,0.0,0
deepcti_candidate_100_2026,llama3.1:8b,adaptive_memory,DCTI-KEV-100-CVE-2013-2094,contradictory,contradictory,0,1.0,1,1.0,1.0,0,1,1,3,0.0,0
deepcti_candidate_100_2026,mistral:latest,adaptive_memory,DCTI-KEV-001-CVE-2002-0367,affected,affected,1,1.0,1,1.0,1.0,0,1,1,3,10.8397798,1858
deepcti_candidate_100_2026,mistral:latest,adaptive_memory,DCTI-KEV-002-CVE-2004-0210,not_applicable,not_applicable,1,0.9,1,0.5,1.0,0,1,1,2,5.386962499999999,1436
deepcti_candidate_100_2026,mistral:latest,adaptive_memory,DCTI-KEV-003-CVE-2004-1464,uncertain,uncertain,0,0.7,1,0.5,1.0,0,0,1,3,0.0,0
deepcti_candidate_100_2026,mistral:latest,adaptive_memory,DCTI-KEV-004-CVE-2005-2773,contradictory,contradictory,0,1.0,1,1.0,1.0,0,1,1,3,0.0,0
deepcti_candidate_100_2026,mistral:latest,adaptive_memory,DCTI-KEV-005-CVE-2006-1547,affected,affected,1,1.0,1,1.0,1.0,0,1,1,3,8.3160413,2019
deepcti_candidate_100_2026,mistral:latest,adaptive_memory,DCTI-KEV-006-CVE-2006-2492,not_applicable,not_applicable,2,1.0,1,1.0,1.0,0,1,1,2,13.2702582,3501
deepcti_candidate_100_2026,mistral:latest,adaptive_memory,DCTI-KEV-007-CVE-2007-0671,uncertain,uncertain,0,0.7,1,0.5,1.0,0,0,1,3,0.0,0
deepcti_candidate_100_2026,mistral:latest,adaptive_memory,DCTI-KEV-008-CVE-2007-3010,contradictory,contradictory,0,1.0,1,1.0,1.0,0,1,1,3,0.0,0
deepcti_candidate_100_2026,mistral:latest,adaptive_memory,DCTI-KEV-009-CVE-2007-5659,affected,affected,1,1.0,1,1.0,1.0,0,1,1,3,6.996742599999999,1898
deepcti_candidate_100_2026,mistral:latest,adaptive_memory,DCTI-KEV-010-CVE-2008-0015,not_applicable,not_applicable,1,0.8,1,0.0,1.0,0,1,1,2,4.6989703,1445
deepcti_candidate_100_2026,mistral:latest,adaptive_memory,DCTI-KEV-011-CVE-2008-0655,uncertain,uncertain,0,0.7,1,0.5,1.0,0,0,1,3,0.0,0
deepcti_candidate_100_2026,mistral:latest,adaptive_memory,DCTI-KEV-012-CVE-2008-2992,contradictory,contradictory,0,1.0,1,1.0,1.0,0,1,1,3,0.0,0
deepcti_candidate_100_2026,mistral:latest,adaptive_memory,DCTI-KEV-013-CVE-2008-3431,affected,affected,1,1.0,1,1.0,1.0,0,1,1,3,6.3731298,1844
deepcti_candidate_100_2026,mistral:latest,adaptive_memory,DCTI-KEV-014-CVE-2008-4128,not_applicable,not_applicable,2,1.0,1,1.0,1.0,0,1,1,2,13.2377579,3801
deepcti_candidate_100_2026,mistral:latest,adaptive_memory,DCTI-KEV-015-CVE-2008-4250,uncertain,uncertain,0,0.7,1,0.5,1.0,0,0,1,3,0.0,0
deepcti_candidate_100_2026,mistral:latest,adaptive_memory,DCTI-KEV-016-CVE-2009-0238,contradictory,contradictory,0,1.0,1,1.0,1.0,0,1,1,3,0.0,0
deepcti_candidate_100_2026,mistral:latest,adaptive_memory,DCTI-KEV-017-CVE-2009-0556,affected,affected,1,1.0,1,1.0,1.0,0,1,1,3,7.6037826,1979
deepcti_candidate_100_2026,mistral:latest,adaptive_memory,DCTI-KEV-018-CVE-2009-0557,not_applicable,not_applicable,2,1.0,1,1.0,1.0,0,1,1,2,11.0699411,3254
deepcti_candidate_100_2026,mistral:latest,adaptive_memory,DCTI-KEV-019-CVE-2009-0563,uncertain,uncertain,0,0.7,1,0.5,1.0,0,0,1,3,0.0,0
deepcti_candidate_100_2026,mistral:latest,adaptive_memory,DCTI-KEV-020-CVE-2009-0927,contradictory,contradictory,0,1.0,1,1.0,1.0,0,1,1,3,0.0,0
deepcti_candidate_100_2026,mistral:latest,adaptive_memory,DCTI-KEV-021-CVE-2009-1123,affected,affected,1,1.0,1,1.0,1.0,0,1,1,3,6.7047107,1875
deepcti_candidate_100_2026,mistral:latest,adaptive_memory,DCTI-KEV-022-CVE-2009-1151,not_applicable,not_applicable,2,1.0,1,1.0,1.0,0,1,1,2,11.6558409,3329
deepcti_candidate_100_2026,mistral:latest,adaptive_memory,DCTI-KEV-023-CVE-2009-1537,uncertain,uncertain,0,0.7,1,0.5,1.0,0,0,1,3,0.0,0
deepcti_candidate_100_2026,mistral:latest,adaptive_memory,DCTI-KEV-024-CVE-2009-1862,contradictory,contradictory,0,1.0,1,1.0,1.0,0,1,1,3,0.0,0
deepcti_candidate_100_2026,mistral:latest,adaptive_memory,DCTI-KEV-025-CVE-2009-2055,affected,affected,1,1.0,1,1.0,1.0,0,1,1,3,6.2752532,1855
deepcti_candidate_100_2026,mistral:latest,adaptive_memory,DCTI-KEV-026-CVE-2009-3129,not_applicable,not_applicable,1,0.9,1,0.5,1.0,0,1,1,2,5.1033428,1422
deepcti_candidate_100_2026,mistral:latest,adaptive_memory,DCTI-KEV-027-CVE-2009-3459,uncertain,uncertain,0,0.7,1,0.5,1.0,0,0,1,3,0.0,0
deepcti_candidate_100_2026,mistral:latest,adaptive_memory,DCTI-KEV-028-CVE-2009-3953,contradictory,contradictory,0,1.0,1,1.0,1.0,0,1,1,3,0.0,0
deepcti_candidate_100_2026,mistral:latest,adaptive_memory,DCTI-KEV-029-CVE-2009-3960,affected,affected,1,1.0,1,1.0,1.0,0,1,1,3,7.0096831,1890
deepcti_candidate_100_2026,mistral:latest,adaptive_memory,DCTI-KEV-030-CVE-2009-4324,not_applicable,not_applicable,1,0.9,1,0.5,1.0,0,1,1,2,5.349461,1445
deepcti_candidate_100_2026,mistral:latest,adaptive_memory,DCTI-KEV-031-CVE-2010-0188,uncertain,uncertain,0,0.7,1,0.5,1.0,0,0,1,3,0.0,0
deepcti_candidate_100_2026,mistral:latest,adaptive_memory,DCTI-KEV-032-CVE-2010-0232,contradictory,contradictory,0,1.0,1,1.0,1.0,0,1,1,3,0.0,0
deepcti_candidate_100_2026,mistral:latest,adaptive_memory,DCTI-KEV-033-CVE-2010-0249,affected,affected,1,1.0,1,1.0,1.0,0,1,1,3,8.232054,2072
deepcti_candidate_100_2026,mistral:latest,adaptive_memory,DCTI-KEV-034-CVE-2010-0738,not_applicable,not_applicable,1,0.9,1,0.5,1.0,0,1,1,2,5.1581704,1436
deepcti_candidate_100_2026,mistral:latest,adaptive_memory,DCTI-KEV-035-CVE-2010-0806,uncertain,uncertain,0,0.7,1,0.5,1.0,0,0,1,3,0.0,0
deepcti_candidate_100_2026,mistral:latest,adaptive_memory,DCTI-KEV-036-CVE-2010-0840,contradictory,contradictory,0,1.0,1,1.0,1.0,0,1,1,3,0.0,0
deepcti_candidate_100_2026,mistral:latest,adaptive_memory,DCTI-KEV-037-CVE-2010-1297,affected,affected,1,1.0,1,1.0,1.0,0,1,1,3,6.0267649,1831
deepcti_candidate_100_2026,mistral:latest,adaptive_memory,DCTI-KEV-038-CVE-2010-1428,not_applicable,not_applicable,2,1.0,1,1.0,1.0,0,1,1,2,12.404231,3518
deepcti_candidate_100_2026,mistral:latest,adaptive_memory,DCTI-KEV-039-CVE-2010-1871,uncertain,uncertain,0,0.7,1,0.5,1.0,0,0,1,3,0.0,0
deepcti_candidate_100_2026,mistral:latest,adaptive_memory,DCTI-KEV-040-CVE-2010-2568,contradictory,contradictory,0,1.0,1,1.0,1.0,0,1,1,3,0.0,0
deepcti_candidate_100_2026,mistral:latest,adaptive_memory,DCTI-KEV-041-CVE-2010-2572,affected,affected,1,1.0,1,1.0,1.0,0,1,1,3,6.588621600000001,1854
deepcti_candidate_100_2026,mistral:latest,adaptive_memory,DCTI-KEV-042-CVE-2010-2861,not_applicable,not_applicable,2,1.0,1,1.0,1.0,0,1,1,2,11.415507600000002,3291
deepcti_candidate_100_2026,mistral:latest,adaptive_memory,DCTI-KEV-043-CVE-2010-2883,uncertain,uncertain,0,0.7,1,0.5,1.0,0,0,1,3,0.0,0
deepcti_candidate_100_2026,mistral:latest,adaptive_memory,DCTI-KEV-044-CVE-2010-3035,contradictory,contradictory,0,1.0,1,1.0,1.0,0,1,1,3,0.0,0
deepcti_candidate_100_2026,mistral:latest,adaptive_memory,DCTI-KEV-045-CVE-2010-3333,affected,affected,1,1.0,1,1.0,1.0,0,1,1,3,6.6103648,1860
deepcti_candidate_100_2026,mistral:latest,adaptive_memory,DCTI-KEV-046-CVE-2010-3765,not_applicable,not_applicable,2,1.0,1,1.0,1.0,0,1,1,2,11.5327735,3447
deepcti_candidate_100_2026,mistral:latest,adaptive_memory,DCTI-KEV-047-CVE-2010-3904,uncertain,uncertain,0,0.7,1,0.5,1.0,0,0,1,3,0.0,0
deepcti_candidate_100_2026,mistral:latest,adaptive_memory,DCTI-KEV-048-CVE-2010-3962,contradictory,contradictory,0,1.0,1,1.0,1.0,0,1,1,3,0.0,0
deepcti_candidate_100_2026,mistral:latest,adaptive_memory,DCTI-KEV-049-CVE-2010-4344,affected,affected,1,1.0,1,1.0,1.0,0,1,1,3,5.7076313,1824
deepcti_candidate_100_2026,mistral:latest,adaptive_memory,DCTI-KEV-050-CVE-2010-4345,not_applicable,not_applicable,2,1.0,1,1.0,1.0,0,1,1,2,11.0962177,3271
deepcti_candidate_100_2026,mistral:latest,adaptive_memory,DCTI-KEV-051-CVE-2010-4398,uncertain,uncertain,0,0.7,1,0.5,1.0,0,0,1,3,0.0,0
deepcti_candidate_100_2026,mistral:latest,adaptive_memory,DCTI-KEV-052-CVE-2010-5326,contradictory,contradictory,0,1.0,1,1.0,1.0,0,1,1,3,0.0,0
deepcti_candidate_100_2026,mistral:latest,adaptive_memory,DCTI-KEV-053-CVE-2010-5330,affected,affected,1,1.0,1,1.0,1.0,0,1,1,3,6.366149500000001,1838
deepcti_candidate_100_2026,mistral:latest,adaptive_memory,DCTI-KEV-054-CVE-2011-0609,not_applicable,not_applicable,1,0.8,1,0.0,1.0,0,1,1,2,5.4195104,1450
deepcti_candidate_100_2026,mistral:latest,adaptive_memory,DCTI-KEV-055-CVE-2011-0611,uncertain,uncertain,0,0.7,1,0.5,1.0,0,0,1,3,0.0,0
deepcti_candidate_100_2026,mistral:latest,adaptive_memory,DCTI-KEV-056-CVE-2011-1823,contradictory,contradictory,0,1.0,1,1.0,1.0,0,1,1,3,0.0,0
deepcti_candidate_100_2026,mistral:latest,adaptive_memory,DCTI-KEV-057-CVE-2011-1889,affected,affected,1,1.0,1,1.0,1.0,0,1,1,3,6.5986208,1890
deepcti_candidate_100_2026,mistral:latest,adaptive_memory,DCTI-KEV-058-CVE-2011-2005,not_applicable,not_applicable,1,0.9,1,0.5,1.0,0,1,1,2,5.2439623,1467
deepcti_candidate_100_2026,mistral:latest,adaptive_memory,DCTI-KEV-059-CVE-2011-2462,uncertain,uncertain,0,0.7,1,0.5,1.0,0,0,1,3,0.0,0
deepcti_candidate_100_2026,mistral:latest,adaptive_memory,DCTI-KEV-060-CVE-2011-3402,contradictory,contradictory,0,1.0,1,1.0,1.0,0,1,1,3,0.0,0
deepcti_candidate_100_2026,mistral:latest,adaptive_memory,DCTI-KEV-061-CVE-2011-3544,affected,affected,2,1.0,1,1.0,1.0,0,1,1,3,23.874055999999996,5207
deepcti_candidate_100_2026,mistral:latest,adaptive_memory,DCTI-KEV-062-CVE-2011-4723,not_applicable,not_applicable,2,1.0,1,1.0,1.0,0,1,1,2,12.5545476,3465
deepcti_candidate_100_2026,mistral:latest,adaptive_memory,DCTI-KEV-063-CVE-2012-0151,uncertain,uncertain,0,0.7,1,0.5,1.0,0,0,1,3,0.0,0
deepcti_candidate_100_2026,mistral:latest,adaptive_memory,DCTI-KEV-064-CVE-2012-0158,contradictory,contradictory,0,1.0,1,1.0,1.0,0,1,1,3,0.0,0
deepcti_candidate_100_2026,mistral:latest,adaptive_memory,DCTI-KEV-065-CVE-2012-0391,affected,affected,1,1.0,1,1.0,1.0,0,1,1,3,6.5369221,1858
deepcti_candidate_100_2026,mistral:latest,adaptive_memory,DCTI-KEV-066-CVE-2012-0507,not_applicable,not_applicable,2,1.0,1,1.0,1.0,0,1,1,2,11.483241600000001,3307
deepcti_candidate_100_2026,mistral:latest,adaptive_memory,DCTI-KEV-067-CVE-2012-0518,uncertain,uncertain,0,0.7,1,0.5,1.0,0,0,1,3,0.0,0
deepcti_candidate_100_2026,mistral:latest,adaptive_memory,DCTI-KEV-068-CVE-2012-0754,contradictory,contradictory,0,1.0,1,1.0,1.0,0,1,1,3,0.0,0
deepcti_candidate_100_2026,mistral:latest,adaptive_memory,DCTI-KEV-069-CVE-2012-0767,affected,affected,1,1.0,1,1.0,1.0,0,1,1,3,5.7934433,1824
deepcti_candidate_100_2026,mistral:latest,adaptive_memory,DCTI-KEV-070-CVE-2012-1535,not_applicable,not_applicable,1,0.8,1,0.0,1.0,0,1,1,2,5.4598863,1451
deepcti_candidate_100_2026,mistral:latest,adaptive_memory,DCTI-KEV-071-CVE-2012-1710,uncertain,uncertain,0,0.7,1,0.5,1.0,0,0,1,3,0.0,0
deepcti_candidate_100_2026,mistral:latest,adaptive_memory,DCTI-KEV-072-CVE-2012-1723,contradictory,contradictory,0,1.0,1,1.0,1.0,0,1,1,3,0.0,0
deepcti_candidate_100_2026,mistral:latest,adaptive_memory,DCTI-KEV-073-CVE-2012-1823,affected,affected,1,1.0,1,1.0,1.0,0,1,1,3,6.2709812000000005,1853
deepcti_candidate_100_2026,mistral:latest,adaptive_memory,DCTI-KEV-074-CVE-2012-1854,not_applicable,not_applicable,1,0.9,1,0.5,1.0,0,1,1,2,6.048017799999999,1521
deepcti_candidate_100_2026,mistral:latest,adaptive_memory,DCTI-KEV-075-CVE-2012-1856,uncertain,uncertain,0,0.7,1,0.5,1.0,0,0,1,3,0.0,0
deepcti_candidate_100_2026,mistral:latest,adaptive_memory,DCTI-KEV-076-CVE-2012-1889,contradictory,contradictory,0,1.0,1,1.0,1.0,0,1,1,3,0.0,0
deepcti_candidate_100_2026,mistral:latest,adaptive_memory,DCTI-KEV-077-CVE-2012-2034,affected,affected,1,1.0,1,1.0,1.0,0,1,1,3,6.0402478,1836
deepcti_candidate_100_2026,mistral:latest,adaptive_memory,DCTI-KEV-078-CVE-2012-2539,not_applicable,not_applicable,2,1.0,1,1.0,1.0,0,1,1,2,10.7195317,3198
deepcti_candidate_100_2026,mistral:latest,adaptive_memory,DCTI-KEV-079-CVE-2012-3152,uncertain,uncertain,0,0.7,1,0.5,1.0,0,0,1,3,0.0,0
deepcti_candidate_100_2026,mistral:latest,adaptive_memory,DCTI-KEV-080-CVE-2012-4681,contradictory,contradictory,0,1.0,1,1.0,1.0,0,1,1,3,0.0,0
deepcti_candidate_100_2026,mistral:latest,adaptive_memory,DCTI-KEV-081-CVE-2012-4792,affected,affected,1,1.0,1,1.0,1.0,0,1,1,3,6.3554527,1893
deepcti_candidate_100_2026,mistral:latest,adaptive_memory,DCTI-KEV-082-CVE-2012-4969,not_applicable,not_applicable,2,1.0,1,1.0,1.0,0,1,1,2,11.2325866,3277
deepcti_candidate_100_2026,mistral:latest,adaptive_memory,DCTI-KEV-083-CVE-2012-5054,uncertain,uncertain,0,0.7,1,0.5,1.0,0,0,1,3,0.0,0
deepcti_candidate_100_2026,mistral:latest,adaptive_memory,DCTI-KEV-084-CVE-2012-5076,contradictory,contradictory,0,1.0,1,1.0,1.0,0,1,1,3,0.0,0
deepcti_candidate_100_2026,mistral:latest,adaptive_memory,DCTI-KEV-085-CVE-2013-0074,affected,affected,1,1.0,1,1.0,1.0,0,1,1,3,6.0614,1825
deepcti_candidate_100_2026,mistral:latest,adaptive_memory,DCTI-KEV-086-CVE-2013-0422,not_applicable,not_applicable,1,0.9,1,0.5,1.0,0,1,1,2,5.4638081000000005,1443
deepcti_candidate_100_2026,mistral:latest,adaptive_memory,DCTI-KEV-087-CVE-2013-0431,uncertain,uncertain,0,0.7,1,0.5,1.0,0,0,1,3,0.0,0
deepcti_candidate_100_2026,mistral:latest,adaptive_memory,DCTI-KEV-088-CVE-2013-0625,contradictory,contradictory,0,1.0,1,1.0,1.0,0,1,1,3,0.0,0
deepcti_candidate_100_2026,mistral:latest,adaptive_memory,DCTI-KEV-089-CVE-2013-0629,affected,affected,1,1.0,1,1.0,1.0,0,1,1,3,7.0573791,1894
deepcti_candidate_100_2026,mistral:latest,adaptive_memory,DCTI-KEV-090-CVE-2013-0631,not_applicable,not_applicable,1,0.9,1,0.5,1.0,0,1,1,2,5.5183765000000005,1433
deepcti_candidate_100_2026,mistral:latest,adaptive_memory,DCTI-KEV-091-CVE-2013-0632,uncertain,uncertain,0,0.7,1,0.5,1.0,0,0,1,3,0.0,0
deepcti_candidate_100_2026,mistral:latest,adaptive_memory,DCTI-KEV-092-CVE-2013-0640,contradictory,contradictory,0,1.0,1,1.0,1.0,0,1,1,3,0.0,0
deepcti_candidate_100_2026,mistral:latest,adaptive_memory,DCTI-KEV-093-CVE-2013-0641,affected,affected,1,1.0,1,1.0,1.0,0,1,1,3,6.5110419,1850
deepcti_candidate_100_2026,mistral:latest,adaptive_memory,DCTI-KEV-094-CVE-2013-0643,not_applicable,not_applicable,2,1.0,1,1.0,1.0,0,1,1,2,10.5963844,3292
deepcti_candidate_100_2026,mistral:latest,adaptive_memory,DCTI-KEV-095-CVE-2013-0648,uncertain,uncertain,0,0.7,1,0.5,1.0,0,0,1,3,0.0,0
deepcti_candidate_100_2026,mistral:latest,adaptive_memory,DCTI-KEV-096-CVE-2013-1331,contradictory,contradictory,0,1.0,1,1.0,1.0,0,1,1,3,0.0,0
deepcti_candidate_100_2026,mistral:latest,adaptive_memory,DCTI-KEV-097-CVE-2013-1347,affected,affected,1,1.0,1,1.0,1.0,0,1,1,3,5.8536496,1799
deepcti_candidate_100_2026,mistral:latest,adaptive_memory,DCTI-KEV-098-CVE-2013-1675,not_applicable,not_applicable,1,0.9,1,0.5,1.0,0,1,1,2,4.8375164,1408
deepcti_candidate_100_2026,mistral:latest,adaptive_memory,DCTI-KEV-099-CVE-2013-1690,uncertain,uncertain,0,0.7,1,0.5,1.0,0,0,1,3,0.0,0
deepcti_candidate_100_2026,mistral:latest,adaptive_memory,DCTI-KEV-100-CVE-2013-2094,contradictory,contradictory,0,1.0,1,1.0,1.0,0,1,1,3,0.0,0
deepcti_candidate_100_2026,qwen2.5:7b,adaptive_memory,DCTI-KEV-001-CVE-2002-0367,affected,affected,1,1.0,1,1.0,1.0,0,1,1,3,11.7230207,1527
deepcti_candidate_100_2026,qwen2.5:7b,adaptive_memory,DCTI-KEV-002-CVE-2004-0210,not_applicable,not_applicable,2,1.0,1,1.0,1.0,0,1,1,2,10.1881615,2932
deepcti_candidate_100_2026,qwen2.5:7b,adaptive_memory,DCTI-KEV-003-CVE-2004-1464,uncertain,uncertain,0,0.7,1,0.5,1.0,0,0,1,3,0.0,0
deepcti_candidate_100_2026,qwen2.5:7b,adaptive_memory,DCTI-KEV-004-CVE-2005-2773,contradictory,contradictory,0,1.0,1,1.0,1.0,0,1,1,3,0.0,0
deepcti_candidate_100_2026,qwen2.5:7b,adaptive_memory,DCTI-KEV-005-CVE-2006-1547,affected,affected,1,1.0,1,1.0,1.0,0,1,1,3,5.0769869,1590
deepcti_candidate_100_2026,qwen2.5:7b,adaptive_memory,DCTI-KEV-006-CVE-2006-2492,not_applicable,not_applicable,1,1.0,1,1.0,1.0,0,1,1,2,4.6520666,1222
deepcti_candidate_100_2026,qwen2.5:7b,adaptive_memory,DCTI-KEV-007-CVE-2007-0671,uncertain,uncertain,0,0.7,1,0.5,1.0,0,0,1,3,0.0,0
deepcti_candidate_100_2026,qwen2.5:7b,adaptive_memory,DCTI-KEV-008-CVE-2007-3010,contradictory,contradictory,0,1.0,1,1.0,1.0,0,1,1,3,0.0,0
deepcti_candidate_100_2026,qwen2.5:7b,adaptive_memory,DCTI-KEV-009-CVE-2007-5659,affected,affected,1,1.0,1,1.0,1.0,0,1,1,3,4.635286600000001,1527
deepcti_candidate_100_2026,qwen2.5:7b,adaptive_memory,DCTI-KEV-010-CVE-2008-0015,not_applicable,not_applicable,1,1.0,1,1.0,1.0,0,1,1,2,4.641247999999999,1284
deepcti_candidate_100_2026,qwen2.5:7b,adaptive_memory,DCTI-KEV-011-CVE-2008-0655,uncertain,uncertain,0,0.7,1,0.5,1.0,0,0,1,3,0.0,0
deepcti_candidate_100_2026,qwen2.5:7b,adaptive_memory,DCTI-KEV-012-CVE-2008-2992,contradictory,contradictory,0,1.0,1,1.0,1.0,0,1,1,3,0.0,0
deepcti_candidate_100_2026,qwen2.5:7b,adaptive_memory,DCTI-KEV-013-CVE-2008-3431,affected,affected,2,1.0,1,1.0,1.0,0,1,1,3,9.802294900000001,3427
deepcti_candidate_100_2026,qwen2.5:7b,adaptive_memory,DCTI-KEV-014-CVE-2008-4128,not_applicable,not_applicable,2,1.0,1,1.0,1.0,0,1,1,2,9.946888999999999,3150
deepcti_candidate_100_2026,qwen2.5:7b,adaptive_memory,DCTI-KEV-015-CVE-2008-4250,uncertain,uncertain,0,0.7,1,0.5,1.0,0,0,1,3,0.0,0
deepcti_candidate_100_2026,qwen2.5:7b,adaptive_memory,DCTI-KEV-016-CVE-2009-0238,contradictory,contradictory,0,1.0,1,1.0,1.0,0,1,1,3,0.0,0
deepcti_candidate_100_2026,qwen2.5:7b,adaptive_memory,DCTI-KEV-017-CVE-2009-0556,affected,affected,1,1.0,1,1.0,1.0,0,1,1,3,5.8819061,1654
deepcti_candidate_100_2026,qwen2.5:7b,adaptive_memory,DCTI-KEV-018-CVE-2009-0557,not_applicable,not_applicable,1,1.0,1,1.0,1.0,0,1,1,2,4.6261484,1222
deepcti_candidate_100_2026,qwen2.5:7b,adaptive_memory,DCTI-KEV-019-CVE-2009-0563,uncertain,uncertain,0,0.7,1,0.5,1.0,0,0,1,3,0.0,0
deepcti_candidate_100_2026,qwen2.5:7b,adaptive_memory,DCTI-KEV-020-CVE-2009-0927,contradictory,contradictory,0,1.0,1,1.0,1.0,0,1,1,3,0.0,0
deepcti_candidate_100_2026,qwen2.5:7b,adaptive_memory,DCTI-KEV-021-CVE-2009-1123,affected,affected,1,1.0,1,1.0,1.0,0,1,1,3,4.6780984,1534
deepcti_candidate_100_2026,qwen2.5:7b,adaptive_memory,DCTI-KEV-022-CVE-2009-1151,not_applicable,not_applicable,1,1.0,1,1.0,1.0,0,1,1,2,4.6596279,1232
deepcti_candidate_100_2026,qwen2.5:7b,adaptive_memory,DCTI-KEV-023-CVE-2009-1537,uncertain,uncertain,0,0.7,1,0.5,1.0,0,0,1,3,0.0,0
deepcti_candidate_100_2026,qwen2.5:7b,adaptive_memory,DCTI-KEV-024-CVE-2009-1862,contradictory,contradictory,0,1.0,1,1.0,1.0,0,1,1,3,0.0,0
deepcti_candidate_100_2026,qwen2.5:7b,adaptive_memory,DCTI-KEV-025-CVE-2009-2055,affected,affected,1,1.0,1,1.0,1.0,0,1,1,3,5.6398649999999995,1612
deepcti_candidate_100_2026,qwen2.5:7b,adaptive_memory,DCTI-KEV-026-CVE-2009-3129,not_applicable,not_applicable,2,1.0,1,1.0,1.0,0,1,1,2,9.791039699999999,2869
deepcti_candidate_100_2026,qwen2.5:7b,adaptive_memory,DCTI-KEV-027-CVE-2009-3459,uncertain,uncertain,0,0.7,1,0.5,1.0,0,0,1,3,0.0,0
deepcti_candidate_100_2026,qwen2.5:7b,adaptive_memory,DCTI-KEV-028-CVE-2009-3953,contradictory,contradictory,0,1.0,1,1.0,1.0,0,1,1,3,0.0,0
deepcti_candidate_100_2026,qwen2.5:7b,adaptive_memory,DCTI-KEV-029-CVE-2009-3960,affected,affected,1,1.0,1,1.0,1.0,0,1,1,3,5.0583523999999995,1545
deepcti_candidate_100_2026,qwen2.5:7b,adaptive_memory,DCTI-KEV-030-CVE-2009-4324,not_applicable,not_applicable,1,1.0,1,1.0,1.0,0,1,1,2,4.5829014,1216
deepcti_candidate_100_2026,qwen2.5:7b,adaptive_memory,DCTI-KEV-031-CVE-2010-0188,uncertain,uncertain,0,0.7,1,0.5,1.0,0,0,1,3,0.0,0
deepcti_candidate_100_2026,qwen2.5:7b,adaptive_memory,DCTI-KEV-032-CVE-2010-0232,contradictory,contradictory,0,1.0,1,1.0,1.0,0,1,1,3,0.0,0
deepcti_candidate_100_2026,qwen2.5:7b,adaptive_memory,DCTI-KEV-033-CVE-2010-0249,affected,affected,1,1.0,1,1.0,1.0,0,1,1,3,5.2335501,1643
deepcti_candidate_100_2026,qwen2.5:7b,adaptive_memory,DCTI-KEV-034-CVE-2010-0738,not_applicable,not_applicable,2,1.0,1,1.0,1.0,0,1,1,2,10.075233599999999,2913
deepcti_candidate_100_2026,qwen2.5:7b,adaptive_memory,DCTI-KEV-035-CVE-2010-0806,uncertain,uncertain,0,0.7,1,0.5,1.0,0,0,1,3,0.0,0
deepcti_candidate_100_2026,qwen2.5:7b,adaptive_memory,DCTI-KEV-036-CVE-2010-0840,contradictory,contradictory,0,1.0,1,1.0,1.0,0,1,1,3,0.0,0
deepcti_candidate_100_2026,qwen2.5:7b,adaptive_memory,DCTI-KEV-037-CVE-2010-1297,affected,affected,1,1.0,1,1.0,1.0,0,1,1,3,4.7423913,1534
deepcti_candidate_100_2026,qwen2.5:7b,adaptive_memory,DCTI-KEV-038-CVE-2010-1428,not_applicable,not_applicable,1,1.0,1,1.0,1.0,0,1,1,2,5.017293899999999,1273
deepcti_candidate_100_2026,qwen2.5:7b,adaptive_memory,DCTI-KEV-039-CVE-2010-1871,uncertain,uncertain,0,0.7,1,0.5,1.0,0,0,1,3,0.0,0
deepcti_candidate_100_2026,qwen2.5:7b,adaptive_memory,DCTI-KEV-040-CVE-2010-2568,contradictory,contradictory,0,1.0,1,1.0,1.0,0,1,1,3,0.0,0
deepcti_candidate_100_2026,qwen2.5:7b,adaptive_memory,DCTI-KEV-041-CVE-2010-2572,affected,affected,2,1.0,1,1.0,1.0,0,1,1,3,10.819141100000001,3548
deepcti_candidate_100_2026,qwen2.5:7b,adaptive_memory,DCTI-KEV-042-CVE-2010-2861,not_applicable,not_applicable,1,1.0,1,1.0,1.0,0,1,1,2,4.9414823,1236
deepcti_candidate_100_2026,qwen2.5:7b,adaptive_memory,DCTI-KEV-043-CVE-2010-2883,uncertain,uncertain,0,0.7,1,0.5,1.0,0,0,1,3,0.0,0
deepcti_candidate_100_2026,qwen2.5:7b,adaptive_memory,DCTI-KEV-044-CVE-2010-3035,contradictory,contradictory,0,1.0,1,1.0,1.0,0,1,1,3,0.0,0
deepcti_candidate_100_2026,qwen2.5:7b,adaptive_memory,DCTI-KEV-045-CVE-2010-3333,affected,affected,1,1.0,1,1.0,1.0,0,1,1,3,5.335675500000001,1574
deepcti_candidate_100_2026,qwen2.5:7b,adaptive_memory,DCTI-KEV-046-CVE-2010-3765,not_applicable,not_applicable,1,1.0,1,1.0,1.0,0,1,1,2,5.045776200000001,1315
deepcti_candidate_100_2026,qwen2.5:7b,adaptive_memory,DCTI-KEV-047-CVE-2010-3904,uncertain,uncertain,0,0.7,1,0.5,1.0,0,0,1,3,0.0,0
deepcti_candidate_100_2026,qwen2.5:7b,adaptive_memory,DCTI-KEV-048-CVE-2010-3962,contradictory,contradictory,0,1.0,1,1.0,1.0,0,1,1,3,0.0,0
deepcti_candidate_100_2026,qwen2.5:7b,adaptive_memory,DCTI-KEV-049-CVE-2010-4344,affected,affected,1,1.0,1,1.0,1.0,0,1,1,3,6.3413403,1677
deepcti_candidate_100_2026,qwen2.5:7b,adaptive_memory,DCTI-KEV-050-CVE-2010-4345,not_applicable,not_applicable,1,1.0,1,1.0,1.0,0,1,1,2,5.2454737,1276
deepcti_candidate_100_2026,qwen2.5:7b,adaptive_memory,DCTI-KEV-051-CVE-2010-4398,uncertain,uncertain,0,0.7,1,0.5,1.0,0,0,1,3,0.0,0
deepcti_candidate_100_2026,qwen2.5:7b,adaptive_memory,DCTI-KEV-052-CVE-2010-5326,contradictory,contradictory,0,1.0,1,1.0,1.0,0,1,1,3,0.0,0
deepcti_candidate_100_2026,qwen2.5:7b,adaptive_memory,DCTI-KEV-053-CVE-2010-5330,affected,affected,1,1.0,1,1.0,1.0,0,1,1,3,5.281133,1560
deepcti_candidate_100_2026,qwen2.5:7b,adaptive_memory,DCTI-KEV-054-CVE-2011-0609,not_applicable,not_applicable,1,1.0,1,1.0,1.0,0,1,1,2,4.6793266000000004,1233
deepcti_candidate_100_2026,qwen2.5:7b,adaptive_memory,DCTI-KEV-055-CVE-2011-0611,uncertain,uncertain,0,0.7,1,0.5,1.0,0,0,1,3,0.0,0
deepcti_candidate_100_2026,qwen2.5:7b,adaptive_memory,DCTI-KEV-056-CVE-2011-1823,contradictory,contradictory,0,1.0,1,1.0,1.0,0,1,1,3,0.0,0
deepcti_candidate_100_2026,qwen2.5:7b,adaptive_memory,DCTI-KEV-057-CVE-2011-1889,affected,affected,2,1.0,1,1.0,1.0,0,1,1,3,12.617999,3787
deepcti_candidate_100_2026,qwen2.5:7b,adaptive_memory,DCTI-KEV-058-CVE-2011-2005,not_applicable,not_applicable,1,1.0,1,1.0,1.0,0,1,1,2,5.0799262,1293
deepcti_candidate_100_2026,qwen2.5:7b,adaptive_memory,DCTI-KEV-059-CVE-2011-2462,uncertain,uncertain,0,0.7,1,0.5,1.0,0,0,1,3,0.0,0
deepcti_candidate_100_2026,qwen2.5:7b,adaptive_memory,DCTI-KEV-060-CVE-2011-3402,contradictory,contradictory,0,1.0,1,1.0,1.0,0,1,1,3,0.0,0
deepcti_candidate_100_2026,qwen2.5:7b,adaptive_memory,DCTI-KEV-061-CVE-2011-3544,affected,affected,1,1.0,1,1.0,1.0,0,1,1,3,4.6905368,1545
deepcti_candidate_100_2026,qwen2.5:7b,adaptive_memory,DCTI-KEV-062-CVE-2011-4723,not_applicable,not_applicable,1,1.0,1,1.0,1.0,0,1,1,2,4.789322100000001,1266
deepcti_candidate_100_2026,qwen2.5:7b,adaptive_memory,DCTI-KEV-063-CVE-2012-0151,uncertain,uncertain,0,0.7,1,0.5,1.0,0,0,1,3,0.0,0
deepcti_candidate_100_2026,qwen2.5:7b,adaptive_memory,DCTI-KEV-064-CVE-2012-0158,contradictory,contradictory,0,1.0,1,1.0,1.0,0,1,1,3,0.0,0
deepcti_candidate_100_2026,qwen2.5:7b,adaptive_memory,DCTI-KEV-065-CVE-2012-0391,affected,affected,2,1.0,1,1.0,1.0,0,1,1,3,10.4305098,3470
deepcti_candidate_100_2026,qwen2.5:7b,adaptive_memory,DCTI-KEV-066-CVE-2012-0507,not_applicable,not_applicable,2,1.0,1,1.0,1.0,0,1,1,2,9.8705485,2871
deepcti_candidate_100_2026,qwen2.5:7b,adaptive_memory,DCTI-KEV-067-CVE-2012-0518,uncertain,uncertain,0,0.7,1,0.5,1.0,0,0,1,3,0.0,0
deepcti_candidate_100_2026,qwen2.5:7b,adaptive_memory,DCTI-KEV-068-CVE-2012-0754,contradictory,contradictory,0,1.0,1,1.0,1.0,0,1,1,3,0.0,0
deepcti_candidate_100_2026,qwen2.5:7b,adaptive_memory,DCTI-KEV-069-CVE-2012-0767,affected,affected,1,1.0,1,1.0,1.0,0,1,1,3,4.7601763,1549
deepcti_candidate_100_2026,qwen2.5:7b,adaptive_memory,DCTI-KEV-070-CVE-2012-1535,not_applicable,not_applicable,1,1.0,1,1.0,1.0,0,1,1,2,4.607248800000001,1227
deepcti_candidate_100_2026,qwen2.5:7b,adaptive_memory,DCTI-KEV-071-CVE-2012-1710,uncertain,uncertain,0,0.7,1,0.5,1.0,0,0,1,3,0.0,0
deepcti_candidate_100_2026,qwen2.5:7b,adaptive_memory,DCTI-KEV-072-CVE-2012-1723,contradictory,contradictory,0,1.0,1,1.0,1.0,0,1,1,3,0.0,0
deepcti_candidate_100_2026,qwen2.5:7b,adaptive_memory,DCTI-KEV-073-CVE-2012-1823,affected,affected,1,1.0,1,1.0,1.0,0,1,1,3,4.9414073,1543
deepcti_candidate_100_2026,qwen2.5:7b,adaptive_memory,DCTI-KEV-074-CVE-2012-1854,not_applicable,not_applicable,1,1.0,1,1.0,1.0,0,1,1,2,4.7419664,1267
deepcti_candidate_100_2026,qwen2.5:7b,adaptive_memory,DCTI-KEV-075-CVE-2012-1856,uncertain,uncertain,0,0.7,1,0.5,1.0,0,0,1,3,0.0,0
deepcti_candidate_100_2026,qwen2.5:7b,adaptive_memory,DCTI-KEV-076-CVE-2012-1889,contradictory,contradictory,0,1.0,1,1.0,1.0,0,1,1,3,0.0,0
deepcti_candidate_100_2026,qwen2.5:7b,adaptive_memory,DCTI-KEV-077-CVE-2012-2034,affected,affected,1,1.0,1,1.0,1.0,0,1,1,3,5.043228500000001,1568
deepcti_candidate_100_2026,qwen2.5:7b,adaptive_memory,DCTI-KEV-078-CVE-2012-2539,not_applicable,not_applicable,1,1.0,1,1.0,1.0,0,1,1,2,4.5740691,1204
deepcti_candidate_100_2026,qwen2.5:7b,adaptive_memory,DCTI-KEV-079-CVE-2012-3152,uncertain,uncertain,0,0.7,1,0.5,1.0,0,0,1,3,0.0,0
deepcti_candidate_100_2026,qwen2.5:7b,adaptive_memory,DCTI-KEV-080-CVE-2012-4681,contradictory,contradictory,0,1.0,1,1.0,1.0,0,1,1,3,0.0,0
deepcti_candidate_100_2026,qwen2.5:7b,adaptive_memory,DCTI-KEV-081-CVE-2012-4792,affected,affected,1,1.0,1,1.0,1.0,0,1,1,3,5.7562207,1641
deepcti_candidate_100_2026,qwen2.5:7b,adaptive_memory,DCTI-KEV-082-CVE-2012-4969,not_applicable,not_applicable,1,1.0,1,1.0,1.0,0,1,1,2,4.600923300000001,1213
deepcti_candidate_100_2026,qwen2.5:7b,adaptive_memory,DCTI-KEV-083-CVE-2012-5054,uncertain,uncertain,0,0.7,1,0.5,1.0,0,0,1,3,0.0,0
deepcti_candidate_100_2026,qwen2.5:7b,adaptive_memory,DCTI-KEV-084-CVE-2012-5076,contradictory,contradictory,0,1.0,1,1.0,1.0,0,1,1,3,0.0,0
deepcti_candidate_100_2026,qwen2.5:7b,adaptive_memory,DCTI-KEV-085-CVE-2013-0074,affected,affected,1,1.0,1,1.0,1.0,0,1,1,3,5.389079300000001,1574
deepcti_candidate_100_2026,qwen2.5:7b,adaptive_memory,DCTI-KEV-086-CVE-2013-0422,not_applicable,not_applicable,1,1.0,1,1.0,1.0,0,1,1,2,4.9322124,1252
deepcti_candidate_100_2026,qwen2.5:7b,adaptive_memory,DCTI-KEV-087-CVE-2013-0431,uncertain,uncertain,0,0.7,1,0.5,1.0,0,0,1,3,0.0,0
deepcti_candidate_100_2026,qwen2.5:7b,adaptive_memory,DCTI-KEV-088-CVE-2013-0625,contradictory,contradictory,0,1.0,1,1.0,1.0,0,1,1,3,0.0,0
deepcti_candidate_100_2026,qwen2.5:7b,adaptive_memory,DCTI-KEV-089-CVE-2013-0629,affected,affected,1,1.0,1,1.0,1.0,0,1,1,3,4.6938214,1520
deepcti_candidate_100_2026,qwen2.5:7b,adaptive_memory,DCTI-KEV-090-CVE-2013-0631,not_applicable,not_applicable,2,1.0,1,1.0,1.0,0,1,1,2,10.2375942,2864
deepcti_candidate_100_2026,qwen2.5:7b,adaptive_memory,DCTI-KEV-091-CVE-2013-0632,uncertain,uncertain,0,0.7,1,0.5,1.0,0,0,1,3,0.0,0
deepcti_candidate_100_2026,qwen2.5:7b,adaptive_memory,DCTI-KEV-092-CVE-2013-0640,contradictory,contradictory,0,1.0,1,1.0,1.0,0,1,1,3,0.0,0
deepcti_candidate_100_2026,qwen2.5:7b,adaptive_memory,DCTI-KEV-093-CVE-2013-0641,affected,affected,1,1.0,1,1.0,1.0,0,1,1,3,5.0792397000000005,1548
deepcti_candidate_100_2026,qwen2.5:7b,adaptive_memory,DCTI-KEV-094-CVE-2013-0643,not_applicable,not_applicable,1,1.0,1,1.0,1.0,0,1,1,2,5.035391400000001,1276
deepcti_candidate_100_2026,qwen2.5:7b,adaptive_memory,DCTI-KEV-095-CVE-2013-0648,uncertain,uncertain,0,0.7,1,0.5,1.0,0,0,1,3,0.0,0
deepcti_candidate_100_2026,qwen2.5:7b,adaptive_memory,DCTI-KEV-096-CVE-2013-1331,contradictory,contradictory,0,1.0,1,1.0,1.0,0,1,1,3,0.0,0
deepcti_candidate_100_2026,qwen2.5:7b,adaptive_memory,DCTI-KEV-097-CVE-2013-1347,affected,affected,1,1.0,1,1.0,1.0,0,1,1,3,5.0649827,1552
deepcti_candidate_100_2026,qwen2.5:7b,adaptive_memory,DCTI-KEV-098-CVE-2013-1675,not_applicable,not_applicable,1,1.0,1,1.0,1.0,0,1,1,2,4.6423099,1229
deepcti_candidate_100_2026,qwen2.5:7b,adaptive_memory,DCTI-KEV-099-CVE-2013-1690,uncertain,uncertain,0,0.7,1,0.5,1.0,0,0,1,3,0.0,0
deepcti_candidate_100_2026,qwen2.5:7b,adaptive_memory,DCTI-KEV-100-CVE-2013-2094,contradictory,contradictory,0,1.0,1,1.0,1.0,0,1,1,3,0.0,0
deepcti_expanded_models_100_2026,gemma3:12b,adaptive_memory,DCTI-KEV-001-CVE-2002-0367,affected,affected,2,1.0,1,1.0,1.0,0,1,1,3,32.809196199999995,3909
deepcti_expanded_models_100_2026,gemma3:12b,adaptive_memory,DCTI-KEV-002-CVE-2004-0210,not_applicable,not_applicable,1,1.0,1,1.0,1.0,0,1,1,2,12.3628661,1458
deepcti_expanded_models_100_2026,gemma3:12b,adaptive_memory,DCTI-KEV-003-CVE-2004-1464,uncertain,uncertain,0,0.7,1,0.5,1.0,0,0,1,3,0.0,0
deepcti_expanded_models_100_2026,gemma3:12b,adaptive_memory,DCTI-KEV-004-CVE-2005-2773,contradictory,contradictory,0,1.0,1,1.0,1.0,0,1,1,3,0.0,0
deepcti_expanded_models_100_2026,gemma3:12b,adaptive_memory,DCTI-KEV-005-CVE-2006-1547,affected,affected,1,1.0,1,1.0,1.0,0,1,1,3,13.4317449,1832
deepcti_expanded_models_100_2026,gemma3:12b,adaptive_memory,DCTI-KEV-006-CVE-2006-2492,not_applicable,not_applicable,1,1.0,1,1.0,1.0,0,1,1,2,12.9694166,1469
deepcti_expanded_models_100_2026,gemma3:12b,adaptive_memory,DCTI-KEV-007-CVE-2007-0671,uncertain,uncertain,0,0.7,1,0.5,1.0,0,0,1,3,0.0,0
deepcti_expanded_models_100_2026,gemma3:12b,adaptive_memory,DCTI-KEV-008-CVE-2007-3010,contradictory,contradictory,0,1.0,1,1.0,1.0,0,1,1,3,0.0,0
deepcti_expanded_models_100_2026,gemma3:12b,adaptive_memory,DCTI-KEV-009-CVE-2007-5659,affected,affected,1,1.0,1,1.0,1.0,0,1,1,3,13.702661099999998,1832
deepcti_expanded_models_100_2026,gemma3:12b,adaptive_memory,DCTI-KEV-010-CVE-2008-0015,not_applicable,not_applicable,2,1.0,1,1.0,1.0,0,1,1,2,24.733276099999998,3570
deepcti_expanded_models_100_2026,gemma3:12b,adaptive_memory,DCTI-KEV-011-CVE-2008-0655,uncertain,uncertain,0,0.7,1,0.5,1.0,0,0,1,3,0.0,0
deepcti_expanded_models_100_2026,gemma3:12b,adaptive_memory,DCTI-KEV-012-CVE-2008-2992,contradictory,contradictory,0,1.0,1,1.0,1.0,0,1,1,3,0.0,0
deepcti_expanded_models_100_2026,gemma3:12b,adaptive_memory,DCTI-KEV-013-CVE-2008-3431,affected,affected,1,1.0,1,1.0,1.0,0,1,1,3,12.6233008,1757
deepcti_expanded_models_100_2026,gemma3:12b,adaptive_memory,DCTI-KEV-014-CVE-2008-4128,not_applicable,not_applicable,1,1.0,1,1.0,1.0,0,1,1,2,10.4178149,1504
deepcti_expanded_models_100_2026,gemma3:12b,adaptive_memory,DCTI-KEV-015-CVE-2008-4250,uncertain,uncertain,0,0.7,1,0.5,1.0,0,0,1,3,0.0,0
deepcti_expanded_models_100_2026,gemma3:12b,adaptive_memory,DCTI-KEV-016-CVE-2009-0238,contradictory,contradictory,0,1.0,1,1.0,1.0,0,1,1,3,0.0,0
deepcti_expanded_models_100_2026,gemma3:12b,adaptive_memory,DCTI-KEV-017-CVE-2009-0556,affected,affected,1,1.0,1,1.0,1.0,0,1,1,3,14.273303799999999,1877
deepcti_expanded_models_100_2026,gemma3:12b,adaptive_memory,DCTI-KEV-018-CVE-2009-0557,not_applicable,not_applicable,1,1.0,1,1.0,1.0,0,1,1,2,13.6819077,1514
deepcti_expanded_models_100_2026,gemma3:12b,adaptive_memory,DCTI-KEV-019-CVE-2009-0563,uncertain,uncertain,0,0.7,1,0.5,1.0,0,0,1,3,0.0,0
deepcti_expanded_models_100_2026,gemma3:12b,adaptive_memory,DCTI-KEV-020-CVE-2009-0927,contradictory,contradictory,0,1.0,1,1.0,1.0,0,1,1,3,0.0,0
deepcti_expanded_models_100_2026,gemma3:12b,adaptive_memory,DCTI-KEV-021-CVE-2009-1123,affected,affected,2,1.0,1,1.0,1.0,0,1,1,3,26.434136100000003,4171
deepcti_expanded_models_100_2026,gemma3:12b,adaptive_memory,DCTI-KEV-022-CVE-2009-1151,not_applicable,not_applicable,1,1.0,1,1.0,1.0,0,1,1,2,13.6948748,1523
deepcti_expanded_models_100_2026,gemma3:12b,adaptive_memory,DCTI-KEV-023-CVE-2009-1537,uncertain,uncertain,0,0.7,1,0.5,1.0,0,0,1,3,0.0,0
deepcti_expanded_models_100_2026,gemma3:12b,adaptive_memory,DCTI-KEV-024-CVE-2009-1862,contradictory,contradictory,0,1.0,1,1.0,1.0,0,1,1,3,0.0,0
deepcti_expanded_models_100_2026,gemma3:12b,adaptive_memory,DCTI-KEV-025-CVE-2009-2055,affected,affected,1,1.0,1,1.0,1.0,0,1,1,3,13.870064000000001,1837
deepcti_expanded_models_100_2026,gemma3:12b,adaptive_memory,DCTI-KEV-026-CVE-2009-3129,not_applicable,not_applicable,1,1.0,1,1.0,1.0,0,1,1,2,9.817750899999998,1367
deepcti_expanded_models_100_2026,gemma3:12b,adaptive_memory,DCTI-KEV-027-CVE-2009-3459,uncertain,uncertain,0,0.7,1,0.5,1.0,0,0,1,3,0.0,0
deepcti_expanded_models_100_2026,gemma3:12b,adaptive_memory,DCTI-KEV-028-CVE-2009-3953,contradictory,contradictory,0,1.0,1,1.0,1.0,0,1,1,3,0.0,0
deepcti_expanded_models_100_2026,gemma3:12b,adaptive_memory,DCTI-KEV-029-CVE-2009-3960,affected,affected,1,1.0,1,1.0,1.0,0,1,1,3,13.719087100000001,1813
deepcti_expanded_models_100_2026,gemma3:12b,adaptive_memory,DCTI-KEV-030-CVE-2009-4324,not_applicable,not_applicable,1,1.0,1,1.0,1.0,0,1,1,2,13.580035599999999,1518
deepcti_expanded_models_100_2026,gemma3:12b,adaptive_memory,DCTI-KEV-031-CVE-2010-0188,uncertain,uncertain,0,0.7,1,0.5,1.0,0,0,1,3,0.0,0
deepcti_expanded_models_100_2026,gemma3:12b,adaptive_memory,DCTI-KEV-032-CVE-2010-0232,contradictory,contradictory,0,1.0,1,1.0,1.0,0,1,1,3,0.0,0
deepcti_expanded_models_100_2026,gemma3:12b,adaptive_memory,DCTI-KEV-033-CVE-2010-0249,affected,affected,1,1.0,1,1.0,1.0,0,1,1,3,14.184775,1914
deepcti_expanded_models_100_2026,gemma3:12b,adaptive_memory,DCTI-KEV-034-CVE-2010-0738,not_applicable,not_applicable,1,1.0,1,1.0,1.0,0,1,1,2,7.976751599999999,1289
deepcti_expanded_models_100_2026,gemma3:12b,adaptive_memory,DCTI-KEV-035-CVE-2010-0806,uncertain,uncertain,0,0.7,1,0.5,1.0,0,0,1,3,0.0,0
deepcti_expanded_models_100_2026,gemma3:12b,adaptive_memory,DCTI-KEV-036-CVE-2010-0840,contradictory,contradictory,0,1.0,1,1.0,1.0,0,1,1,3,0.0,0
deepcti_expanded_models_100_2026,gemma3:12b,adaptive_memory,DCTI-KEV-037-CVE-2010-1297,affected,affected,1,1.0,1,1.0,1.0,0,1,1,3,15.6233245,1905
deepcti_expanded_models_100_2026,gemma3:12b,adaptive_memory,DCTI-KEV-038-CVE-2010-1428,not_applicable,not_applicable,1,1.0,1,1.0,1.0,0,1,1,2,8.3087082,1303
deepcti_expanded_models_100_2026,gemma3:12b,adaptive_memory,DCTI-KEV-039-CVE-2010-1871,uncertain,uncertain,0,0.7,1,0.5,1.0,0,0,1,3,0.0,0
deepcti_expanded_models_100_2026,gemma3:12b,adaptive_memory,DCTI-KEV-040-CVE-2010-2568,contradictory,contradictory,0,1.0,1,1.0,1.0,0,1,1,3,0.0,0
deepcti_expanded_models_100_2026,gemma3:12b,adaptive_memory,DCTI-KEV-041-CVE-2010-2572,affected,affected,1,1.0,1,1.0,1.0,0,1,1,3,13.8701995,1822
deepcti_expanded_models_100_2026,gemma3:12b,adaptive_memory,DCTI-KEV-042-CVE-2010-2861,not_applicable,not_applicable,1,1.0,1,1.0,1.0,0,1,1,2,12.816810299999998,1491
deepcti_expanded_models_100_2026,gemma3:12b,adaptive_memory,DCTI-KEV-043-CVE-2010-2883,uncertain,uncertain,0,0.7,1,0.5,1.0,0,0,1,3,0.0,0
deepcti_expanded_models_100_2026,gemma3:12b,adaptive_memory,DCTI-KEV-044-CVE-2010-3035,contradictory,contradictory,0,1.0,1,1.0,1.0,0,1,1,3,0.0,0
deepcti_expanded_models_100_2026,gemma3:12b,adaptive_memory,DCTI-KEV-045-CVE-2010-3333,affected,affected,1,1.0,1,1.0,1.0,0,1,1,3,14.3449503,1822
deepcti_expanded_models_100_2026,gemma3:12b,adaptive_memory,DCTI-KEV-046-CVE-2010-3765,not_applicable,not_applicable,1,1.0,1,1.0,1.0,0,1,1,2,6.7008141,1253
deepcti_expanded_models_100_2026,gemma3:12b,adaptive_memory,DCTI-KEV-047-CVE-2010-3904,uncertain,uncertain,0,0.7,1,0.5,1.0,0,0,1,3,0.0,0
deepcti_expanded_models_100_2026,gemma3:12b,adaptive_memory,DCTI-KEV-048-CVE-2010-3962,contradictory,contradictory,0,1.0,1,1.0,1.0,0,1,1,3,0.0,0
deepcti_expanded_models_100_2026,gemma3:12b,adaptive_memory,DCTI-KEV-049-CVE-2010-4344,affected,affected,1,1.0,1,1.0,1.0,0,1,1,3,13.4840272,1827
deepcti_expanded_models_100_2026,gemma3:12b,adaptive_memory,DCTI-KEV-050-CVE-2010-4345,not_applicable,not_applicable,1,1.0,1,1.0,1.0,0,1,1,2,8.4759595,1292
deepcti_expanded_models_100_2026,gemma3:12b,adaptive_memory,DCTI-KEV-051-CVE-2010-4398,uncertain,uncertain,0,0.7,1,0.5,1.0,0,0,1,3,0.0,0
deepcti_expanded_models_100_2026,gemma3:12b,adaptive_memory,DCTI-KEV-052-CVE-2010-5326,contradictory,contradictory,0,1.0,1,1.0,1.0,0,1,1,3,0.0,0
deepcti_expanded_models_100_2026,gemma3:12b,adaptive_memory,DCTI-KEV-053-CVE-2010-5330,affected,affected,1,1.0,1,1.0,1.0,0,1,1,3,13.3323231,1808
deepcti_expanded_models_100_2026,gemma3:12b,adaptive_memory,DCTI-KEV-054-CVE-2011-0609,not_applicable,not_applicable,1,1.0,1,1.0,1.0,0,1,1,2,10.2465009,1371
deepcti_expanded_models_100_2026,gemma3:12b,adaptive_memory,DCTI-KEV-055-CVE-2011-0611,uncertain,uncertain,0,0.7,1,0.5,1.0,0,0,1,3,0.0,0
deepcti_expanded_models_100_2026,gemma3:12b,adaptive_memory,DCTI-KEV-056-CVE-2011-1823,contradictory,contradictory,0,1.0,1,1.0,1.0,0,1,1,3,0.0,0
deepcti_expanded_models_100_2026,gemma3:12b,adaptive_memory,DCTI-KEV-057-CVE-2011-1889,affected,affected,1,1.0,1,1.0,1.0,0,1,1,3,13.2180715,1817
deepcti_expanded_models_100_2026,gemma3:12b,adaptive_memory,DCTI-KEV-058-CVE-2011-2005,not_applicable,not_applicable,1,1.0,1,1.0,1.0,0,1,1,2,14.8490016,1607
deepcti_expanded_models_100_2026,gemma3:12b,adaptive_memory,DCTI-KEV-059-CVE-2011-2462,uncertain,uncertain,0,0.7,1,0.5,1.0,0,0,1,3,0.0,0
deepcti_expanded_models_100_2026,gemma3:12b,adaptive_memory,DCTI-KEV-060-CVE-2011-3402,contradictory,contradictory,0,1.0,1,1.0,1.0,0,1,1,3,0.0,0
deepcti_expanded_models_100_2026,gemma3:12b,adaptive_memory,DCTI-KEV-061-CVE-2011-3544,affected,affected,1,1.0,1,1.0,1.0,0,1,1,3,13.4493216,1824
deepcti_expanded_models_100_2026,gemma3:12b,adaptive_memory,DCTI-KEV-062-CVE-2011-4723,not_applicable,not_applicable,1,1.0,1,1.0,1.0,0,1,1,2,10.8222827,1445
deepcti_expanded_models_100_2026,gemma3:12b,adaptive_memory,DCTI-KEV-063-CVE-2012-0151,uncertain,uncertain,0,0.7,1,0.5,1.0,0,0,1,3,0.0,0
deepcti_expanded_models_100_2026,gemma3:12b,adaptive_memory,DCTI-KEV-064-CVE-2012-0158,contradictory,contradictory,0,1.0,1,1.0,1.0,0,1,1,3,0.0,0
deepcti_expanded_models_100_2026,gemma3:12b,adaptive_memory,DCTI-KEV-065-CVE-2012-0391,affected,affected,1,1.0,1,1.0,1.0,0,1,1,3,13.665197299999999,1815
deepcti_expanded_models_100_2026,gemma3:12b,adaptive_memory,DCTI-KEV-066-CVE-2012-0507,not_applicable,not_applicable,1,1.0,1,1.0,1.0,0,1,1,2,8.1710825,1291
deepcti_expanded_models_100_2026,gemma3:12b,adaptive_memory,DCTI-KEV-067-CVE-2012-0518,uncertain,uncertain,0,0.7,1,0.5,1.0,0,0,1,3,0.0,0
deepcti_expanded_models_100_2026,gemma3:12b,adaptive_memory,DCTI-KEV-068-CVE-2012-0754,contradictory,contradictory,0,1.0,1,1.0,1.0,0,1,1,3,0.0,0
deepcti_expanded_models_100_2026,gemma3:12b,adaptive_memory,DCTI-KEV-069-CVE-2012-0767,affected,affected,1,1.0,1,1.0,1.0,0,1,1,3,16.3055622,1962
deepcti_expanded_models_100_2026,gemma3:12b,adaptive_memory,DCTI-KEV-070-CVE-2012-1535,not_applicable,not_applicable,1,1.0,1,1.0,1.0,0,1,1,2,8.672220900000001,1304
deepcti_expanded_models_100_2026,gemma3:12b,adaptive_memory,DCTI-KEV-071-CVE-2012-1710,uncertain,uncertain,0,0.7,1,0.5,1.0,0,0,1,3,0.0,0
deepcti_expanded_models_100_2026,gemma3:12b,adaptive_memory,DCTI-KEV-072-CVE-2012-1723,contradictory,contradictory,0,1.0,1,1.0,1.0,0,1,1,3,0.0,0
deepcti_expanded_models_100_2026,gemma3:12b,adaptive_memory,DCTI-KEV-073-CVE-2012-1823,affected,affected,1,1.0,1,1.0,1.0,0,1,1,3,13.3613534,1815
deepcti_expanded_models_100_2026,gemma3:12b,adaptive_memory,DCTI-KEV-074-CVE-2012-1854,not_applicable,not_applicable,2,1.0,1,1.0,1.0,0,1,1,2,21.2058649,3296
deepcti_expanded_models_100_2026,gemma3:12b,adaptive_memory,DCTI-KEV-075-CVE-2012-1856,uncertain,uncertain,0,0.7,1,0.5,1.0,0,0,1,3,0.0,0
deepcti_expanded_models_100_2026,gemma3:12b,adaptive_memory,DCTI-KEV-076-CVE-2012-1889,contradictory,contradictory,0,1.0,1,1.0,1.0,0,1,1,3,0.0,0
deepcti_expanded_models_100_2026,gemma3:12b,adaptive_memory,DCTI-KEV-077-CVE-2012-2034,affected,affected,1,1.0,1,1.0,1.0,0,1,1,3,17.2211113,1998
deepcti_expanded_models_100_2026,gemma3:12b,adaptive_memory,DCTI-KEV-078-CVE-2012-2539,not_applicable,not_applicable,1,1.0,1,1.0,1.0,0,1,1,2,12.3897315,1452
deepcti_expanded_models_100_2026,gemma3:12b,adaptive_memory,DCTI-KEV-079-CVE-2012-3152,uncertain,uncertain,0,0.7,1,0.5,1.0,0,0,1,3,0.0,0
deepcti_expanded_models_100_2026,gemma3:12b,adaptive_memory,DCTI-KEV-080-CVE-2012-4681,contradictory,contradictory,0,1.0,1,1.0,1.0,0,1,1,3,0.0,0
deepcti_expanded_models_100_2026,gemma3:12b,adaptive_memory,DCTI-KEV-081-CVE-2012-4792,affected,affected,1,1.0,1,1.0,1.0,0,1,1,3,15.7233137,1955
deepcti_expanded_models_100_2026,gemma3:12b,adaptive_memory,DCTI-KEV-082-CVE-2012-4969,not_applicable,not_applicable,1,1.0,1,1.0,1.0,0,1,1,2,11.359894200000001,1406
deepcti_expanded_models_100_2026,gemma3:12b,adaptive_memory,DCTI-KEV-083-CVE-2012-5054,uncertain,uncertain,0,0.7,1,0.5,1.0,0,0,1,3,0.0,0
deepcti_expanded_models_100_2026,gemma3:12b,adaptive_memory,DCTI-KEV-084-CVE-2012-5076,contradictory,contradictory,0,1.0,1,1.0,1.0,0,1,1,3,0.0,0
deepcti_expanded_models_100_2026,gemma3:12b,adaptive_memory,DCTI-KEV-085-CVE-2013-0074,affected,affected,1,1.0,1,1.0,1.0,0,1,1,3,12.8874386,1797
deepcti_expanded_models_100_2026,gemma3:12b,adaptive_memory,DCTI-KEV-086-CVE-2013-0422,not_applicable,not_applicable,1,1.0,1,1.0,1.0,0,1,1,2,9.6869602,1353
deepcti_expanded_models_100_2026,gemma3:12b,adaptive_memory,DCTI-KEV-087-CVE-2013-0431,uncertain,uncertain,0,0.7,1,0.5,1.0,0,0,1,3,0.0,0
deepcti_expanded_models_100_2026,gemma3:12b,adaptive_memory,DCTI-KEV-088-CVE-2013-0625,contradictory,contradictory,0,1.0,1,1.0,1.0,0,1,1,3,0.0,0
deepcti_expanded_models_100_2026,gemma3:12b,adaptive_memory,DCTI-KEV-089-CVE-2013-0629,affected,affected,2,1.0,1,1.0,1.0,0,1,1,3,27.3385688,4222
deepcti_expanded_models_100_2026,gemma3:12b,adaptive_memory,DCTI-KEV-090-CVE-2013-0631,not_applicable,not_applicable,1,1.0,1,1.0,1.0,0,1,1,2,13.7005663,1499
deepcti_expanded_models_100_2026,gemma3:12b,adaptive_memory,DCTI-KEV-091-CVE-2013-0632,uncertain,uncertain,0,0.7,1,0.5,1.0,0,0,1,3,0.0,0
deepcti_expanded_models_100_2026,gemma3:12b,adaptive_memory,DCTI-KEV-092-CVE-2013-0640,contradictory,contradictory,0,1.0,1,1.0,1.0,0,1,1,3,0.0,0
deepcti_expanded_models_100_2026,gemma3:12b,adaptive_memory,DCTI-KEV-093-CVE-2013-0641,affected,affected,2,1.0,1,1.0,1.0,0,1,1,3,26.918301099999997,4176
deepcti_expanded_models_100_2026,gemma3:12b,adaptive_memory,DCTI-KEV-094-CVE-2013-0643,not_applicable,not_applicable,1,1.0,1,1.0,1.0,0,1,1,2,11.0992141,1423
deepcti_expanded_models_100_2026,gemma3:12b,adaptive_memory,DCTI-KEV-095-CVE-2013-0648,uncertain,uncertain,0,0.7,1,0.5,1.0,0,0,1,3,0.0,0
deepcti_expanded_models_100_2026,gemma3:12b,adaptive_memory,DCTI-KEV-096-CVE-2013-1331,contradictory,contradictory,0,1.0,1,1.0,1.0,0,1,1,3,0.0,0
deepcti_expanded_models_100_2026,gemma3:12b,adaptive_memory,DCTI-KEV-097-CVE-2013-1347,affected,affected,2,1.0,1,1.0,1.0,0,1,1,3,26.417414400000002,4178
deepcti_expanded_models_100_2026,gemma3:12b,adaptive_memory,DCTI-KEV-098-CVE-2013-1675,not_applicable,not_applicable,1,1.0,1,1.0,1.0,0,1,1,2,12.729372600000001,1487
deepcti_expanded_models_100_2026,gemma3:12b,adaptive_memory,DCTI-KEV-099-CVE-2013-1690,uncertain,uncertain,0,0.7,1,0.5,1.0,0,0,1,3,0.0,0
deepcti_expanded_models_100_2026,gemma3:12b,adaptive_memory,DCTI-KEV-100-CVE-2013-2094,contradictory,contradictory,0,1.0,1,1.0,1.0,0,1,1,3,0.0,0
deepcti_expanded_models_100_2026,phi4:14b,adaptive_memory,DCTI-KEV-001-CVE-2002-0367,affected,affected,2,1.0,1,1.0,1.0,0,1,1,3,30.5021208,3539
deepcti_expanded_models_100_2026,phi4:14b,adaptive_memory,DCTI-KEV-002-CVE-2004-0210,not_applicable,not_applicable,2,1.0,1,1.0,1.0,0,1,1,2,21.9433897,2955
deepcti_expanded_models_100_2026,phi4:14b,adaptive_memory,DCTI-KEV-003-CVE-2004-1464,uncertain,uncertain,0,0.7,1,0.5,1.0,0,0,1,3,0.0,0
deepcti_expanded_models_100_2026,phi4:14b,adaptive_memory,DCTI-KEV-004-CVE-2005-2773,contradictory,contradictory,0,1.0,1,1.0,1.0,0,1,1,3,0.0,0
deepcti_expanded_models_100_2026,phi4:14b,adaptive_memory,DCTI-KEV-005-CVE-2006-1547,affected,affected,1,1.0,1,1.0,1.0,0,1,1,3,11.654991299999999,1573
deepcti_expanded_models_100_2026,phi4:14b,adaptive_memory,DCTI-KEV-006-CVE-2006-2492,not_applicable,not_applicable,1,1.0,1,1.0,1.0,0,1,1,2,10.337575300000001,1219
deepcti_expanded_models_100_2026,phi4:14b,adaptive_memory,DCTI-KEV-007-CVE-2007-0671,uncertain,uncertain,0,0.7,1,0.5,1.0,0,0,1,3,0.0,0
deepcti_expanded_models_100_2026,phi4:14b,adaptive_memory,DCTI-KEV-008-CVE-2007-3010,contradictory,contradictory,0,1.0,1,1.0,1.0,0,1,1,3,0.0,0
deepcti_expanded_models_100_2026,phi4:14b,adaptive_memory,DCTI-KEV-009-CVE-2007-5659,affected,affected,1,1.0,1,1.0,1.0,0,1,1,3,11.6500396,1555
deepcti_expanded_models_100_2026,phi4:14b,adaptive_memory,DCTI-KEV-010-CVE-2008-0015,not_applicable,not_applicable,2,1.0,1,1.0,1.0,0,1,1,2,21.5389167,3001
deepcti_expanded_models_100_2026,phi4:14b,adaptive_memory,DCTI-KEV-011-CVE-2008-0655,uncertain,uncertain,0,0.7,1,0.5,1.0,0,0,1,3,0.0,0
deepcti_expanded_models_100_2026,phi4:14b,adaptive_memory,DCTI-KEV-012-CVE-2008-2992,contradictory,contradictory,0,1.0,1,1.0,1.0,0,1,1,3,0.0,0
deepcti_expanded_models_100_2026,phi4:14b,adaptive_memory,DCTI-KEV-013-CVE-2008-3431,affected,affected,2,1.0,1,1.0,1.0,0,1,1,3,21.1935424,3369
deepcti_expanded_models_100_2026,phi4:14b,adaptive_memory,DCTI-KEV-014-CVE-2008-4128,not_applicable,not_applicable,1,1.0,1,1.0,1.0,0,1,1,2,10.5220862,1366
deepcti_expanded_models_100_2026,phi4:14b,adaptive_memory,DCTI-KEV-015-CVE-2008-4250,uncertain,uncertain,0,0.7,1,0.5,1.0,0,0,1,3,0.0,0
deepcti_expanded_models_100_2026,phi4:14b,adaptive_memory,DCTI-KEV-016-CVE-2009-0238,contradictory,contradictory,0,1.0,1,1.0,1.0,0,1,1,3,0.0,0
deepcti_expanded_models_100_2026,phi4:14b,adaptive_memory,DCTI-KEV-017-CVE-2009-0556,affected,affected,1,1.0,1,1.0,1.0,0,1,1,3,11.2649529,1581
deepcti_expanded_models_100_2026,phi4:14b,adaptive_memory,DCTI-KEV-018-CVE-2009-0557,not_applicable,not_applicable,2,1.0,1,1.0,1.0,0,1,1,2,21.9518037,2972
deepcti_expanded_models_100_2026,phi4:14b,adaptive_memory,DCTI-KEV-019-CVE-2009-0563,uncertain,uncertain,0,0.7,1,0.5,1.0,0,0,1,3,0.0,0
deepcti_expanded_models_100_2026,phi4:14b,adaptive_memory,DCTI-KEV-020-CVE-2009-0927,contradictory,contradictory,0,1.0,1,1.0,1.0,0,1,1,3,0.0,0
deepcti_expanded_models_100_2026,phi4:14b,adaptive_memory,DCTI-KEV-021-CVE-2009-1123,affected,affected,1,1.0,1,1.0,1.0,0,1,1,3,11.301913,1551
deepcti_expanded_models_100_2026,phi4:14b,adaptive_memory,DCTI-KEV-022-CVE-2009-1151,not_applicable,not_applicable,2,1.0,1,1.0,1.0,0,1,1,2,21.494165399999996,2971
deepcti_expanded_models_100_2026,phi4:14b,adaptive_memory,DCTI-KEV-023-CVE-2009-1537,uncertain,uncertain,0,0.7,1,0.5,1.0,0,0,1,3,0.0,0
deepcti_expanded_models_100_2026,phi4:14b,adaptive_memory,DCTI-KEV-024-CVE-2009-1862,contradictory,contradictory,0,1.0,1,1.0,1.0,0,1,1,3,0.0,0
deepcti_expanded_models_100_2026,phi4:14b,adaptive_memory,DCTI-KEV-025-CVE-2009-2055,affected,affected,1,1.0,1,1.0,1.0,0,1,1,3,11.5306945,1563
deepcti_expanded_models_100_2026,phi4:14b,adaptive_memory,DCTI-KEV-026-CVE-2009-3129,not_applicable,not_applicable,2,1.0,1,1.0,1.0,0,1,1,2,22.338236600000002,3028
deepcti_expanded_models_100_2026,phi4:14b,adaptive_memory,DCTI-KEV-027-CVE-2009-3459,uncertain,uncertain,0,0.7,1,0.5,1.0,0,0,1,3,0.0,0
deepcti_expanded_models_100_2026,phi4:14b,adaptive_memory,DCTI-KEV-028-CVE-2009-3953,contradictory,contradictory,0,1.0,1,1.0,1.0,0,1,1,3,0.0,0
deepcti_expanded_models_100_2026,phi4:14b,adaptive_memory,DCTI-KEV-029-CVE-2009-3960,affected,affected,2,1.0,1,1.0,1.0,0,1,1,3,19.7643936,3376
deepcti_expanded_models_100_2026,phi4:14b,adaptive_memory,DCTI-KEV-030-CVE-2009-4324,not_applicable,not_applicable,1,1.0,1,1.0,1.0,0,1,1,2,10.640908900000001,1250
deepcti_expanded_models_100_2026,phi4:14b,adaptive_memory,DCTI-KEV-031-CVE-2010-0188,uncertain,uncertain,0,0.7,1,0.5,1.0,0,0,1,3,0.0,0
deepcti_expanded_models_100_2026,phi4:14b,adaptive_memory,DCTI-KEV-032-CVE-2010-0232,contradictory,contradictory,0,1.0,1,1.0,1.0,0,1,1,3,0.0,0
deepcti_expanded_models_100_2026,phi4:14b,adaptive_memory,DCTI-KEV-033-CVE-2010-0249,affected,affected,1,1.0,1,1.0,1.0,0,1,1,3,11.8249956,1635
deepcti_expanded_models_100_2026,phi4:14b,adaptive_memory,DCTI-KEV-034-CVE-2010-0738,not_applicable,not_applicable,1,1.0,1,1.0,1.0,0,1,1,2,10.439936900000001,1248
deepcti_expanded_models_100_2026,phi4:14b,adaptive_memory,DCTI-KEV-035-CVE-2010-0806,uncertain,uncertain,0,0.7,1,0.5,1.0,0,0,1,3,0.0,0
deepcti_expanded_models_100_2026,phi4:14b,adaptive_memory,DCTI-KEV-036-CVE-2010-0840,contradictory,contradictory,0,1.0,1,1.0,1.0,0,1,1,3,0.0,0
deepcti_expanded_models_100_2026,phi4:14b,adaptive_memory,DCTI-KEV-037-CVE-2010-1297,affected,affected,1,1.0,1,1.0,1.0,0,1,1,3,11.7603297,1574
deepcti_expanded_models_100_2026,phi4:14b,adaptive_memory,DCTI-KEV-038-CVE-2010-1428,not_applicable,not_applicable,1,1.0,1,1.0,1.0,0,1,1,2,10.567045,1279
deepcti_expanded_models_100_2026,phi4:14b,adaptive_memory,DCTI-KEV-039-CVE-2010-1871,uncertain,uncertain,0,0.7,1,0.5,1.0,0,0,1,3,0.0,0
deepcti_expanded_models_100_2026,phi4:14b,adaptive_memory,DCTI-KEV-040-CVE-2010-2568,contradictory,contradictory,0,1.0,1,1.0,1.0,0,1,1,3,0.0,0
deepcti_expanded_models_100_2026,phi4:14b,adaptive_memory,DCTI-KEV-041-CVE-2010-2572,affected,affected,1,1.0,1,1.0,1.0,0,1,1,3,11.4350414,1553
deepcti_expanded_models_100_2026,phi4:14b,adaptive_memory,DCTI-KEV-042-CVE-2010-2861,not_applicable,not_applicable,1,1.0,1,1.0,1.0,0,1,1,2,10.569621999999999,1257
deepcti_expanded_models_100_2026,phi4:14b,adaptive_memory,DCTI-KEV-043-CVE-2010-2883,uncertain,uncertain,0,0.7,1,0.5,1.0,0,0,1,3,0.0,0
deepcti_expanded_models_100_2026,phi4:14b,adaptive_memory,DCTI-KEV-044-CVE-2010-3035,contradictory,contradictory,0,1.0,1,1.0,1.0,0,1,1,3,0.0,0
deepcti_expanded_models_100_2026,phi4:14b,adaptive_memory,DCTI-KEV-045-CVE-2010-3333,affected,affected,2,1.0,1,1.0,1.0,0,1,1,3,19.6081213,3377
deepcti_expanded_models_100_2026,phi4:14b,adaptive_memory,DCTI-KEV-046-CVE-2010-3765,not_applicable,not_applicable,1,1.0,1,1.0,1.0,0,1,1,2,10.4429923,1296
deepcti_expanded_models_100_2026,phi4:14b,adaptive_memory,DCTI-KEV-047-CVE-2010-3904,uncertain,uncertain,0,0.7,1,0.5,1.0,0,0,1,3,0.0,0
deepcti_expanded_models_100_2026,phi4:14b,adaptive_memory,DCTI-KEV-048-CVE-2010-3962,contradictory,contradictory,0,1.0,1,1.0,1.0,0,1,1,3,0.0,0
deepcti_expanded_models_100_2026,phi4:14b,adaptive_memory,DCTI-KEV-049-CVE-2010-4344,affected,affected,1,1.0,1,1.0,1.0,0,1,1,3,9.6598226,1483
deepcti_expanded_models_100_2026,phi4:14b,adaptive_memory,DCTI-KEV-050-CVE-2010-4345,not_applicable,not_applicable,1,1.0,1,1.0,1.0,0,1,1,2,10.347192100000001,1241
deepcti_expanded_models_100_2026,phi4:14b,adaptive_memory,DCTI-KEV-051-CVE-2010-4398,uncertain,uncertain,0,0.7,1,0.5,1.0,0,0,1,3,0.0,0
deepcti_expanded_models_100_2026,phi4:14b,adaptive_memory,DCTI-KEV-052-CVE-2010-5326,contradictory,contradictory,0,1.0,1,1.0,1.0,0,1,1,3,0.0,0
deepcti_expanded_models_100_2026,phi4:14b,adaptive_memory,DCTI-KEV-053-CVE-2010-5330,affected,affected,2,1.0,1,1.0,1.0,0,1,1,3,20.5966541,3446
deepcti_expanded_models_100_2026,phi4:14b,adaptive_memory,DCTI-KEV-054-CVE-2011-0609,not_applicable,not_applicable,1,1.0,1,1.0,1.0,0,1,1,2,12.5026067,1332
deepcti_expanded_models_100_2026,phi4:14b,adaptive_memory,DCTI-KEV-055-CVE-2011-0611,uncertain,uncertain,0,0.7,1,0.5,1.0,0,0,1,3,0.0,0
deepcti_expanded_models_100_2026,phi4:14b,adaptive_memory,DCTI-KEV-056-CVE-2011-1823,contradictory,contradictory,0,1.0,1,1.0,1.0,0,1,1,3,0.0,0
deepcti_expanded_models_100_2026,phi4:14b,adaptive_memory,DCTI-KEV-057-CVE-2011-1889,affected,affected,1,1.0,1,1.0,1.0,0,1,1,3,11.9081529,1608
deepcti_expanded_models_100_2026,phi4:14b,adaptive_memory,DCTI-KEV-058-CVE-2011-2005,not_applicable,not_applicable,1,1.0,1,1.0,1.0,0,1,1,2,11.0374324,1288
deepcti_expanded_models_100_2026,phi4:14b,adaptive_memory,DCTI-KEV-059-CVE-2011-2462,uncertain,uncertain,0,0.7,1,0.5,1.0,0,0,1,3,0.0,0
deepcti_expanded_models_100_2026,phi4:14b,adaptive_memory,DCTI-KEV-060-CVE-2011-3402,contradictory,contradictory,0,1.0,1,1.0,1.0,0,1,1,3,0.0,0
deepcti_expanded_models_100_2026,phi4:14b,adaptive_memory,DCTI-KEV-061-CVE-2011-3544,affected,affected,1,1.0,1,1.0,1.0,0,1,1,3,9.7283804,1503
deepcti_expanded_models_100_2026,phi4:14b,adaptive_memory,DCTI-KEV-062-CVE-2011-4723,not_applicable,not_applicable,1,1.0,1,1.0,1.0,0,1,1,2,13.2111526,1387
deepcti_expanded_models_100_2026,phi4:14b,adaptive_memory,DCTI-KEV-063-CVE-2012-0151,uncertain,uncertain,0,0.7,1,0.5,1.0,0,0,1,3,0.0,0
deepcti_expanded_models_100_2026,phi4:14b,adaptive_memory,DCTI-KEV-064-CVE-2012-0158,contradictory,contradictory,0,1.0,1,1.0,1.0,0,1,1,3,0.0,0
deepcti_expanded_models_100_2026,phi4:14b,adaptive_memory,DCTI-KEV-065-CVE-2012-0391,affected,affected,2,1.0,1,1.0,1.0,0,1,1,3,22.9659935,3591
deepcti_expanded_models_100_2026,phi4:14b,adaptive_memory,DCTI-KEV-066-CVE-2012-0507,not_applicable,not_applicable,1,1.0,1,1.0,1.0,0,1,1,2,10.4543553,1238
deepcti_expanded_models_100_2026,phi4:14b,adaptive_memory,DCTI-KEV-067-CVE-2012-0518,uncertain,uncertain,0,0.7,1,0.5,1.0,0,0,1,3,0.0,0
deepcti_expanded_models_100_2026,phi4:14b,adaptive_memory,DCTI-KEV-068-CVE-2012-0754,contradictory,contradictory,0,1.0,1,1.0,1.0,0,1,1,3,0.0,0
deepcti_expanded_models_100_2026,phi4:14b,adaptive_memory,DCTI-KEV-069-CVE-2012-0767,affected,affected,1,1.0,1,1.0,1.0,0,1,1,3,802.1211615000001,1584
deepcti_expanded_models_100_2026,phi4:14b,adaptive_memory,DCTI-KEV-070-CVE-2012-1535,not_applicable,not_applicable,1,1.0,1,1.0,1.0,0,1,1,2,13.7489592,1344
deepcti_expanded_models_100_2026,phi4:14b,adaptive_memory,DCTI-KEV-071-CVE-2012-1710,uncertain,uncertain,0,0.7,1,0.5,1.0,0,0,1,3,0.0,0
deepcti_expanded_models_100_2026,phi4:14b,adaptive_memory,DCTI-KEV-072-CVE-2012-1723,contradictory,contradictory,0,1.0,1,1.0,1.0,0,1,1,3,0.0,0
deepcti_expanded_models_100_2026,phi4:14b,adaptive_memory,DCTI-KEV-073-CVE-2012-1823,affected,affected,1,1.0,1,1.0,1.0,0,1,1,3,10.2947862,1470
deepcti_expanded_models_100_2026,phi4:14b,adaptive_memory,DCTI-KEV-074-CVE-2012-1854,not_applicable,not_applicable,1,1.0,1,1.0,1.0,0,1,1,2,11.1273015,1279
deepcti_expanded_models_100_2026,phi4:14b,adaptive_memory,DCTI-KEV-075-CVE-2012-1856,uncertain,uncertain,0,0.7,1,0.5,1.0,0,0,1,3,0.0,0
deepcti_expanded_models_100_2026,phi4:14b,adaptive_memory,DCTI-KEV-076-CVE-2012-1889,contradictory,contradictory,0,1.0,1,1.0,1.0,0,1,1,3,0.0,0
deepcti_expanded_models_100_2026,phi4:14b,adaptive_memory,DCTI-KEV-077-CVE-2012-2034,affected,affected,1,1.0,1,1.0,1.0,0,1,1,3,11.9235212,1579
deepcti_expanded_models_100_2026,phi4:14b,adaptive_memory,DCTI-KEV-078-CVE-2012-2539,not_applicable,not_applicable,1,1.0,1,1.0,1.0,0,1,1,2,10.380377000000001,1218
deepcti_expanded_models_100_2026,phi4:14b,adaptive_memory,DCTI-KEV-079-CVE-2012-3152,uncertain,uncertain,0,0.7,1,0.5,1.0,0,0,1,3,0.0,0
deepcti_expanded_models_100_2026,phi4:14b,adaptive_memory,DCTI-KEV-080-CVE-2012-4681,contradictory,contradictory,0,1.0,1,1.0,1.0,0,1,1,3,0.0,0
deepcti_expanded_models_100_2026,phi4:14b,adaptive_memory,DCTI-KEV-081-CVE-2012-4792,affected,affected,1,1.0,1,1.0,1.0,0,1,1,3,11.613273300000001,1598
deepcti_expanded_models_100_2026,phi4:14b,adaptive_memory,DCTI-KEV-082-CVE-2012-4969,not_applicable,not_applicable,1,1.0,1,1.0,1.0,0,1,1,2,10.4310434,1226
deepcti_expanded_models_100_2026,phi4:14b,adaptive_memory,DCTI-KEV-083-CVE-2012-5054,uncertain,uncertain,0,0.7,1,0.5,1.0,0,0,1,3,0.0,0
deepcti_expanded_models_100_2026,phi4:14b,adaptive_memory,DCTI-KEV-084-CVE-2012-5076,contradictory,contradictory,0,1.0,1,1.0,1.0,0,1,1,3,0.0,0
deepcti_expanded_models_100_2026,phi4:14b,adaptive_memory,DCTI-KEV-085-CVE-2013-0074,affected,affected,2,1.0,1,1.0,1.0,0,1,1,3,21.6560564,3550
deepcti_expanded_models_100_2026,phi4:14b,adaptive_memory,DCTI-KEV-086-CVE-2013-0422,not_applicable,not_applicable,1,1.0,1,1.0,1.0,0,1,1,2,11.003808300000001,1278
deepcti_expanded_models_100_2026,phi4:14b,adaptive_memory,DCTI-KEV-087-CVE-2013-0431,uncertain,uncertain,0,0.7,1,0.5,1.0,0,0,1,3,0.0,0
deepcti_expanded_models_100_2026,phi4:14b,adaptive_memory,DCTI-KEV-088-CVE-2013-0625,contradictory,contradictory,0,1.0,1,1.0,1.0,0,1,1,3,0.0,0
deepcti_expanded_models_100_2026,phi4:14b,adaptive_memory,DCTI-KEV-089-CVE-2013-0629,affected,affected,1,1.0,1,1.0,1.0,0,1,1,3,9.412370899999999,1458
deepcti_expanded_models_100_2026,phi4:14b,adaptive_memory,DCTI-KEV-090-CVE-2013-0631,not_applicable,not_applicable,1,1.0,1,1.0,1.0,0,1,1,2,10.5014978,1240
deepcti_expanded_models_100_2026,phi4:14b,adaptive_memory,DCTI-KEV-091-CVE-2013-0632,uncertain,uncertain,0,0.7,1,0.5,1.0,0,0,1,3,0.0,0
deepcti_expanded_models_100_2026,phi4:14b,adaptive_memory,DCTI-KEV-092-CVE-2013-0640,contradictory,contradictory,0,1.0,1,1.0,1.0,0,1,1,3,0.0,0
deepcti_expanded_models_100_2026,phi4:14b,adaptive_memory,DCTI-KEV-093-CVE-2013-0641,affected,affected,2,1.0,1,1.0,1.0,0,1,1,3,19.7059795,3364
deepcti_expanded_models_100_2026,phi4:14b,adaptive_memory,DCTI-KEV-094-CVE-2013-0643,not_applicable,not_applicable,1,1.0,1,1.0,1.0,0,1,1,2,10.3577826,1254
deepcti_expanded_models_100_2026,phi4:14b,adaptive_memory,DCTI-KEV-095-CVE-2013-0648,uncertain,uncertain,0,0.7,1,0.5,1.0,0,0,1,3,0.0,0
deepcti_expanded_models_100_2026,phi4:14b,adaptive_memory,DCTI-KEV-096-CVE-2013-1331,contradictory,contradictory,0,1.0,1,1.0,1.0,0,1,1,3,0.0,0
deepcti_expanded_models_100_2026,phi4:14b,adaptive_memory,DCTI-KEV-097-CVE-2013-1347,affected,affected,1,1.0,1,1.0,1.0,0,1,1,3,9.5268257,1468
deepcti_expanded_models_100_2026,phi4:14b,adaptive_memory,DCTI-KEV-098-CVE-2013-1675,not_applicable,not_applicable,2,1.0,1,1.0,1.0,0,1,1,2,21.0829532,2970
deepcti_expanded_models_100_2026,phi4:14b,adaptive_memory,DCTI-KEV-099-CVE-2013-1690,uncertain,uncertain,0,0.7,1,0.5,1.0,0,0,1,3,0.0,0
deepcti_expanded_models_100_2026,phi4:14b,adaptive_memory,DCTI-KEV-100-CVE-2013-2094,contradictory,contradictory,0,1.0,1,1.0,1.0,0,1,1,3,0.0,0
deepcti_expanded_models_100_2026,qwen3:8b,adaptive_memory,DCTI-KEV-001-CVE-2002-0367,affected,affected,2,1.0,1,1.0,1.0,0,1,1,3,20.9819422,3750
deepcti_expanded_models_100_2026,qwen3:8b,adaptive_memory,DCTI-KEV-002-CVE-2004-0210,not_applicable,not_applicable,1,1.0,1,1.0,1.0,0,1,1,2,6.199381000000001,1292
deepcti_expanded_models_100_2026,qwen3:8b,adaptive_memory,DCTI-KEV-003-CVE-2004-1464,uncertain,uncertain,0,0.7,1,0.5,1.0,0,0,1,3,0.0,0
deepcti_expanded_models_100_2026,qwen3:8b,adaptive_memory,DCTI-KEV-004-CVE-2005-2773,contradictory,contradictory,0,1.0,1,1.0,1.0,0,1,1,3,0.0,0
deepcti_expanded_models_100_2026,qwen3:8b,adaptive_memory,DCTI-KEV-005-CVE-2006-1547,affected,affected,1,1.0,1,1.0,1.0,0,1,1,3,7.4989178,1699
deepcti_expanded_models_100_2026,qwen3:8b,adaptive_memory,DCTI-KEV-006-CVE-2006-2492,not_applicable,not_applicable,1,1.0,1,1.0,1.0,0,1,1,2,5.288538099999999,1215
deepcti_expanded_models_100_2026,qwen3:8b,adaptive_memory,DCTI-KEV-007-CVE-2007-0671,uncertain,uncertain,0,0.7,1,0.5,1.0,0,0,1,3,0.0,0
deepcti_expanded_models_100_2026,qwen3:8b,adaptive_memory,DCTI-KEV-008-CVE-2007-3010,contradictory,contradictory,0,1.0,1,1.0,1.0,0,1,1,3,0.0,0
deepcti_expanded_models_100_2026,qwen3:8b,adaptive_memory,DCTI-KEV-009-CVE-2007-5659,affected,affected,1,1.0,1,1.0,1.0,0,1,1,3,7.5572886,1673
deepcti_expanded_models_100_2026,qwen3:8b,adaptive_memory,DCTI-KEV-010-CVE-2008-0015,not_applicable,not_applicable,1,1.0,1,1.0,1.0,0,1,1,2,6.3219029,1348
deepcti_expanded_models_100_2026,qwen3:8b,adaptive_memory,DCTI-KEV-011-CVE-2008-0655,uncertain,uncertain,0,0.7,1,0.5,1.0,0,0,1,3,0.0,0
deepcti_expanded_models_100_2026,qwen3:8b,adaptive_memory,DCTI-KEV-012-CVE-2008-2992,contradictory,contradictory,0,1.0,1,1.0,1.0,0,1,1,3,0.0,0
deepcti_expanded_models_100_2026,qwen3:8b,adaptive_memory,DCTI-KEV-013-CVE-2008-3431,affected,affected,1,1.0,1,1.0,1.0,0,1,1,3,7.3217231,1647
deepcti_expanded_models_100_2026,qwen3:8b,adaptive_memory,DCTI-KEV-014-CVE-2008-4128,not_applicable,not_applicable,1,1.0,1,1.0,1.0,0,1,1,2,6.3098298999999995,1433
deepcti_expanded_models_100_2026,qwen3:8b,adaptive_memory,DCTI-KEV-015-CVE-2008-4250,uncertain,uncertain,0,0.7,1,0.5,1.0,0,0,1,3,0.0,0
deepcti_expanded_models_100_2026,qwen3:8b,adaptive_memory,DCTI-KEV-016-CVE-2009-0238,contradictory,contradictory,0,1.0,1,1.0,1.0,0,1,1,3,0.0,0
deepcti_expanded_models_100_2026,qwen3:8b,adaptive_memory,DCTI-KEV-017-CVE-2009-0556,affected,affected,1,1.0,1,1.0,1.0,0,1,1,3,8.0192384,1743
deepcti_expanded_models_100_2026,qwen3:8b,adaptive_memory,DCTI-KEV-018-CVE-2009-0557,not_applicable,not_applicable,1,1.0,1,1.0,1.0,0,1,1,2,6.349021,1293
deepcti_expanded_models_100_2026,qwen3:8b,adaptive_memory,DCTI-KEV-019-CVE-2009-0563,uncertain,uncertain,0,0.7,1,0.5,1.0,0,0,1,3,0.0,0
deepcti_expanded_models_100_2026,qwen3:8b,adaptive_memory,DCTI-KEV-020-CVE-2009-0927,contradictory,contradictory,0,1.0,1,1.0,1.0,0,1,1,3,0.0,0
deepcti_expanded_models_100_2026,qwen3:8b,adaptive_memory,DCTI-KEV-021-CVE-2009-1123,affected,affected,1,1.0,1,1.0,1.0,0,1,1,3,7.3586548,1672
deepcti_expanded_models_100_2026,qwen3:8b,adaptive_memory,DCTI-KEV-022-CVE-2009-1151,not_applicable,not_applicable,1,1.0,1,1.0,1.0,0,1,1,2,351.05165389999996,1244
deepcti_expanded_models_100_2026,qwen3:8b,adaptive_memory,DCTI-KEV-023-CVE-2009-1537,uncertain,uncertain,0,0.7,1,0.5,1.0,0,0,1,3,0.0,0
deepcti_expanded_models_100_2026,qwen3:8b,adaptive_memory,DCTI-KEV-024-CVE-2009-1862,contradictory,contradictory,0,1.0,1,1.0,1.0,0,1,1,3,0.0,0
deepcti_expanded_models_100_2026,qwen3:8b,adaptive_memory,DCTI-KEV-025-CVE-2009-2055,affected,affected,1,1.0,1,1.0,1.0,0,1,1,3,7.7298854,1684
deepcti_expanded_models_100_2026,qwen3:8b,adaptive_memory,DCTI-KEV-026-CVE-2009-3129,not_applicable,not_applicable,1,1.0,1,1.0,1.0,0,1,1,2,6.1185996,1296
deepcti_expanded_models_100_2026,qwen3:8b,adaptive_memory,DCTI-KEV-027-CVE-2009-3459,uncertain,uncertain,0,0.7,1,0.5,1.0,0,0,1,3,0.0,0
deepcti_expanded_models_100_2026,qwen3:8b,adaptive_memory,DCTI-KEV-028-CVE-2009-3953,contradictory,contradictory,0,1.0,1,1.0,1.0,0,1,1,3,0.0,0
deepcti_expanded_models_100_2026,qwen3:8b,adaptive_memory,DCTI-KEV-029-CVE-2009-3960,affected,affected,1,1.0,1,1.0,1.0,0,1,1,3,7.5035203,1673
deepcti_expanded_models_100_2026,qwen3:8b,adaptive_memory,DCTI-KEV-030-CVE-2009-4324,not_applicable,not_applicable,1,1.0,1,1.0,1.0,0,1,1,2,4.8863503,1196
deepcti_expanded_models_100_2026,qwen3:8b,adaptive_memory,DCTI-KEV-031-CVE-2010-0188,uncertain,uncertain,0,0.7,1,0.5,1.0,0,0,1,3,0.0,0
deepcti_expanded_models_100_2026,qwen3:8b,adaptive_memory,DCTI-KEV-032-CVE-2010-0232,contradictory,contradictory,0,1.0,1,1.0,1.0,0,1,1,3,0.0,0
deepcti_expanded_models_100_2026,qwen3:8b,adaptive_memory,DCTI-KEV-033-CVE-2010-0249,affected,affected,1,1.0,1,1.0,1.0,0,1,1,3,7.5835782,1759
deepcti_expanded_models_100_2026,qwen3:8b,adaptive_memory,DCTI-KEV-034-CVE-2010-0738,not_applicable,not_applicable,1,1.0,1,1.0,1.0,0,1,1,2,6.2380285,1305
deepcti_expanded_models_100_2026,qwen3:8b,adaptive_memory,DCTI-KEV-035-CVE-2010-0806,uncertain,uncertain,0,0.7,1,0.5,1.0,0,0,1,3,0.0,0
deepcti_expanded_models_100_2026,qwen3:8b,adaptive_memory,DCTI-KEV-036-CVE-2010-0840,contradictory,contradictory,0,1.0,1,1.0,1.0,0,1,1,3,0.0,0
deepcti_expanded_models_100_2026,qwen3:8b,adaptive_memory,DCTI-KEV-037-CVE-2010-1297,affected,affected,1,1.0,1,1.0,1.0,0,1,1,3,7.2728097,1658
deepcti_expanded_models_100_2026,qwen3:8b,adaptive_memory,DCTI-KEV-038-CVE-2010-1428,not_applicable,not_applicable,1,1.0,1,1.0,1.0,0,1,1,2,14.6979704,1315
deepcti_expanded_models_100_2026,qwen3:8b,adaptive_memory,DCTI-KEV-039-CVE-2010-1871,uncertain,uncertain,0,0.7,1,0.5,1.0,0,0,1,3,0.0,0
deepcti_expanded_models_100_2026,qwen3:8b,adaptive_memory,DCTI-KEV-040-CVE-2010-2568,contradictory,contradictory,0,1.0,1,1.0,1.0,0,1,1,3,0.0,0
deepcti_expanded_models_100_2026,qwen3:8b,adaptive_memory,DCTI-KEV-041-CVE-2010-2572,affected,affected,1,0.9,1,0.5,1.0,0,1,1,3,9.171944100000001,1720
deepcti_expanded_models_100_2026,qwen3:8b,adaptive_memory,DCTI-KEV-042-CVE-2010-2861,not_applicable,not_applicable,1,1.0,1,1.0,1.0,0,1,1,2,6.6401335,1284
deepcti_expanded_models_100_2026,qwen3:8b,adaptive_memory,DCTI-KEV-043-CVE-2010-2883,uncertain,uncertain,0,0.7,1,0.5,1.0,0,0,1,3,0.0,0
deepcti_expanded_models_100_2026,qwen3:8b,adaptive_memory,DCTI-KEV-044-CVE-2010-3035,contradictory,contradictory,0,1.0,1,1.0,1.0,0,1,1,3,0.0,0
deepcti_expanded_models_100_2026,qwen3:8b,adaptive_memory,DCTI-KEV-045-CVE-2010-3333,affected,affected,1,1.0,1,1.0,1.0,0,1,1,3,7.9675794,1670
deepcti_expanded_models_100_2026,qwen3:8b,adaptive_memory,DCTI-KEV-046-CVE-2010-3765,not_applicable,not_applicable,1,1.0,1,1.0,1.0,0,1,1,2,6.278968,1367
deepcti_expanded_models_100_2026,qwen3:8b,adaptive_memory,DCTI-KEV-047-CVE-2010-3904,uncertain,uncertain,0,0.7,1,0.5,1.0,0,0,1,3,0.0,0
deepcti_expanded_models_100_2026,qwen3:8b,adaptive_memory,DCTI-KEV-048-CVE-2010-3962,contradictory,contradictory,0,1.0,1,1.0,1.0,0,1,1,3,0.0,0
deepcti_expanded_models_100_2026,qwen3:8b,adaptive_memory,DCTI-KEV-049-CVE-2010-4344,affected,affected,1,1.0,1,1.0,1.0,0,1,1,3,7.4594954,1711
deepcti_expanded_models_100_2026,qwen3:8b,adaptive_memory,DCTI-KEV-050-CVE-2010-4345,not_applicable,not_applicable,1,1.0,1,1.0,1.0,0,1,1,2,6.2236161,1294
deepcti_expanded_models_100_2026,qwen3:8b,adaptive_memory,DCTI-KEV-051-CVE-2010-4398,uncertain,uncertain,0,0.7,1,0.5,1.0,0,0,1,3,0.0,0
deepcti_expanded_models_100_2026,qwen3:8b,adaptive_memory,DCTI-KEV-052-CVE-2010-5326,contradictory,contradictory,0,1.0,1,1.0,1.0,0,1,1,3,0.0,0
deepcti_expanded_models_100_2026,qwen3:8b,adaptive_memory,DCTI-KEV-053-CVE-2010-5330,affected,affected,2,1.0,1,1.0,1.0,0,1,1,3,13.5595037,3736
deepcti_expanded_models_100_2026,qwen3:8b,adaptive_memory,DCTI-KEV-054-CVE-2011-0609,not_applicable,not_applicable,2,1.0,1,1.0,1.0,0,1,1,2,10.5361181,2861
deepcti_expanded_models_100_2026,qwen3:8b,adaptive_memory,DCTI-KEV-055-CVE-2011-0611,uncertain,uncertain,0,0.7,1,0.5,1.0,0,0,1,3,0.0,0
deepcti_expanded_models_100_2026,qwen3:8b,adaptive_memory,DCTI-KEV-056-CVE-2011-1823,contradictory,contradictory,0,1.0,1,1.0,1.0,0,1,1,3,0.0,0
deepcti_expanded_models_100_2026,qwen3:8b,adaptive_memory,DCTI-KEV-057-CVE-2011-1889,affected,affected,1,0.9,1,0.5,1.0,0,1,1,3,7.4206133,1710
deepcti_expanded_models_100_2026,qwen3:8b,adaptive_memory,DCTI-KEV-058-CVE-2011-2005,not_applicable,not_applicable,1,1.0,1,1.0,1.0,0,1,1,2,6.120673200000001,1340
deepcti_expanded_models_100_2026,qwen3:8b,adaptive_memory,DCTI-KEV-059-CVE-2011-2462,uncertain,uncertain,0,0.7,1,0.5,1.0,0,0,1,3,0.0,0
deepcti_expanded_models_100_2026,qwen3:8b,adaptive_memory,DCTI-KEV-060-CVE-2011-3402,contradictory,contradictory,0,1.0,1,1.0,1.0,0,1,1,3,0.0,0
deepcti_expanded_models_100_2026,qwen3:8b,adaptive_memory,DCTI-KEV-061-CVE-2011-3544,affected,affected,1,1.0,1,1.0,1.0,0,1,1,3,7.023912,1684
deepcti_expanded_models_100_2026,qwen3:8b,adaptive_memory,DCTI-KEV-062-CVE-2011-4723,not_applicable,not_applicable,1,1.0,1,1.0,1.0,0,1,1,2,5.3229348,1271
deepcti_expanded_models_100_2026,qwen3:8b,adaptive_memory,DCTI-KEV-063-CVE-2012-0151,uncertain,uncertain,0,0.7,1,0.5,1.0,0,0,1,3,0.0,0
deepcti_expanded_models_100_2026,qwen3:8b,adaptive_memory,DCTI-KEV-064-CVE-2012-0158,contradictory,contradictory,0,1.0,1,1.0,1.0,0,1,1,3,0.0,0
deepcti_expanded_models_100_2026,qwen3:8b,adaptive_memory,DCTI-KEV-065-CVE-2012-0391,affected,affected,1,1.0,1,1.0,1.0,0,1,1,3,8.0296828,1673
deepcti_expanded_models_100_2026,qwen3:8b,adaptive_memory,DCTI-KEV-066-CVE-2012-0507,not_applicable,not_applicable,1,1.0,1,1.0,1.0,0,1,1,2,4.9351201,1230
deepcti_expanded_models_100_2026,qwen3:8b,adaptive_memory,DCTI-KEV-067-CVE-2012-0518,uncertain,uncertain,0,0.7,1,0.5,1.0,0,0,1,3,0.0,0
deepcti_expanded_models_100_2026,qwen3:8b,adaptive_memory,DCTI-KEV-068-CVE-2012-0754,contradictory,contradictory,0,1.0,1,1.0,1.0,0,1,1,3,0.0,0
deepcti_expanded_models_100_2026,qwen3:8b,adaptive_memory,DCTI-KEV-069-CVE-2012-0767,affected,affected,1,1.0,1,1.0,1.0,0,1,1,3,7.1030824,1691
deepcti_expanded_models_100_2026,qwen3:8b,adaptive_memory,DCTI-KEV-070-CVE-2012-1535,not_applicable,not_applicable,1,1.0,1,1.0,1.0,0,1,1,2,5.6606993,1277
deepcti_expanded_models_100_2026,qwen3:8b,adaptive_memory,DCTI-KEV-071-CVE-2012-1710,uncertain,uncertain,0,0.7,1,0.5,1.0,0,0,1,3,0.0,0
deepcti_expanded_models_100_2026,qwen3:8b,adaptive_memory,DCTI-KEV-072-CVE-2012-1723,contradictory,contradictory,0,1.0,1,1.0,1.0,0,1,1,3,0.0,0
deepcti_expanded_models_100_2026,qwen3:8b,adaptive_memory,DCTI-KEV-073-CVE-2012-1823,affected,affected,1,1.0,1,1.0,1.0,0,1,1,3,6.9850917,1658
deepcti_expanded_models_100_2026,qwen3:8b,adaptive_memory,DCTI-KEV-074-CVE-2012-1854,not_applicable,not_applicable,1,1.0,1,1.0,1.0,0,1,1,2,4.9905901,1258
deepcti_expanded_models_100_2026,qwen3:8b,adaptive_memory,DCTI-KEV-075-CVE-2012-1856,uncertain,uncertain,0,0.7,1,0.5,1.0,0,0,1,3,0.0,0
deepcti_expanded_models_100_2026,qwen3:8b,adaptive_memory,DCTI-KEV-076-CVE-2012-1889,contradictory,contradictory,0,1.0,1,1.0,1.0,0,1,1,3,0.0,0
deepcti_expanded_models_100_2026,qwen3:8b,adaptive_memory,DCTI-KEV-077-CVE-2012-2034,affected,affected,1,1.0,1,1.0,1.0,0,1,1,3,7.242642,1689
deepcti_expanded_models_100_2026,qwen3:8b,adaptive_memory,DCTI-KEV-078-CVE-2012-2539,not_applicable,not_applicable,1,1.0,1,1.0,1.0,0,1,1,2,6.4003384,1278
deepcti_expanded_models_100_2026,qwen3:8b,adaptive_memory,DCTI-KEV-079-CVE-2012-3152,uncertain,uncertain,0,0.7,1,0.5,1.0,0,0,1,3,0.0,0
deepcti_expanded_models_100_2026,qwen3:8b,adaptive_memory,DCTI-KEV-080-CVE-2012-4681,contradictory,contradictory,0,1.0,1,1.0,1.0,0,1,1,3,0.0,0
deepcti_expanded_models_100_2026,qwen3:8b,adaptive_memory,DCTI-KEV-081-CVE-2012-4792,affected,affected,1,1.0,1,1.0,1.0,0,1,1,3,6.2967932,1621
deepcti_expanded_models_100_2026,qwen3:8b,adaptive_memory,DCTI-KEV-082-CVE-2012-4969,not_applicable,not_applicable,1,1.0,1,1.0,1.0,0,1,1,2,6.4410041,1285
deepcti_expanded_models_100_2026,qwen3:8b,adaptive_memory,DCTI-KEV-083-CVE-2012-5054,uncertain,uncertain,0,0.7,1,0.5,1.0,0,0,1,3,0.0,0
deepcti_expanded_models_100_2026,qwen3:8b,adaptive_memory,DCTI-KEV-084-CVE-2012-5076,contradictory,contradictory,0,1.0,1,1.0,1.0,0,1,1,3,0.0,0
deepcti_expanded_models_100_2026,qwen3:8b,adaptive_memory,DCTI-KEV-085-CVE-2013-0074,affected,affected,1,1.0,1,1.0,1.0,0,1,1,3,7.334170299999999,1658
deepcti_expanded_models_100_2026,qwen3:8b,adaptive_memory,DCTI-KEV-086-CVE-2013-0422,not_applicable,not_applicable,1,1.0,1,1.0,1.0,0,1,1,2,5.5982521,1252
deepcti_expanded_models_100_2026,qwen3:8b,adaptive_memory,DCTI-KEV-087-CVE-2013-0431,uncertain,uncertain,0,0.7,1,0.5,1.0,0,0,1,3,0.0,0
deepcti_expanded_models_100_2026,qwen3:8b,adaptive_memory,DCTI-KEV-088-CVE-2013-0625,contradictory,contradictory,0,1.0,1,1.0,1.0,0,1,1,3,0.0,0
deepcti_expanded_models_100_2026,qwen3:8b,adaptive_memory,DCTI-KEV-089-CVE-2013-0629,affected,affected,2,1.0,1,1.0,1.0,0,1,1,3,14.5683239,3832
deepcti_expanded_models_100_2026,qwen3:8b,adaptive_memory,DCTI-KEV-090-CVE-2013-0631,not_applicable,not_applicable,1,1.0,1,1.0,1.0,0,1,1,2,5.2769285,1226
deepcti_expanded_models_100_2026,qwen3:8b,adaptive_memory,DCTI-KEV-091-CVE-2013-0632,uncertain,uncertain,0,0.7,1,0.5,1.0,0,0,1,3,0.0,0
deepcti_expanded_models_100_2026,qwen3:8b,adaptive_memory,DCTI-KEV-092-CVE-2013-0640,contradictory,contradictory,0,1.0,1,1.0,1.0,0,1,1,3,0.0,0
deepcti_expanded_models_100_2026,qwen3:8b,adaptive_memory,DCTI-KEV-093-CVE-2013-0641,affected,affected,1,1.0,1,1.0,1.0,0,1,1,3,6.6912313999999995,1657
deepcti_expanded_models_100_2026,qwen3:8b,adaptive_memory,DCTI-KEV-094-CVE-2013-0643,not_applicable,not_applicable,1,1.0,1,1.0,1.0,0,1,1,2,5.7577734,1317
deepcti_expanded_models_100_2026,qwen3:8b,adaptive_memory,DCTI-KEV-095-CVE-2013-0648,uncertain,uncertain,0,0.7,1,0.5,1.0,0,0,1,3,0.0,0
deepcti_expanded_models_100_2026,qwen3:8b,adaptive_memory,DCTI-KEV-096-CVE-2013-1331,contradictory,contradictory,0,1.0,1,1.0,1.0,0,1,1,3,0.0,0
deepcti_expanded_models_100_2026,qwen3:8b,adaptive_memory,DCTI-KEV-097-CVE-2013-1347,affected,affected,1,1.0,1,1.0,1.0,0,1,1,3,7.1287688,1685
deepcti_expanded_models_100_2026,qwen3:8b,adaptive_memory,DCTI-KEV-098-CVE-2013-1675,not_applicable,not_applicable,1,1.0,1,1.0,1.0,0,1,1,2,4.5883861999999995,1200
deepcti_expanded_models_100_2026,qwen3:8b,adaptive_memory,DCTI-KEV-099-CVE-2013-1690,uncertain,uncertain,0,0.7,1,0.5,1.0,0,0,1,3,0.0,0
deepcti_expanded_models_100_2026,qwen3:8b,adaptive_memory,DCTI-KEV-100-CVE-2013-2094,contradictory,contradictory,0,1.0,1,1.0,1.0,0,1,1,3,0.0,0
deepcti_mode_comparison_100_2026,llama3.1:8b,adaptive_memory,DCTI-KEV-001-CVE-2002-0367,affected,affected,1,0.9,1,0.5,1.0,0,1,1,3,3.8269176000000003,1333
deepcti_mode_comparison_100_2026,llama3.1:8b,adaptive_memory,DCTI-KEV-002-CVE-2004-0210,not_applicable,not_applicable,1,0.9,1,0.5,1.0,0,1,1,2,3.314654,1028
deepcti_mode_comparison_100_2026,llama3.1:8b,adaptive_memory,DCTI-KEV-003-CVE-2004-1464,uncertain,uncertain,0,0.7,1,0.5,1.0,0,0,1,3,0.0,0
deepcti_mode_comparison_100_2026,llama3.1:8b,adaptive_memory,DCTI-KEV-004-CVE-2005-2773,contradictory,contradictory,0,1.0,1,1.0,1.0,0,1,1,3,0.0,0
deepcti_mode_comparison_100_2026,llama3.1:8b,adaptive_memory,DCTI-KEV-005-CVE-2006-1547,affected,affected,1,1.0,1,1.0,1.0,0,1,1,3,4.3703477,1414
deepcti_mode_comparison_100_2026,llama3.1:8b,adaptive_memory,DCTI-KEV-006-CVE-2006-2492,not_applicable,not_applicable,1,0.9,1,0.5,1.0,0,1,1,2,4.9094674000000005,1160
deepcti_mode_comparison_100_2026,llama3.1:8b,adaptive_memory,DCTI-KEV-007-CVE-2007-0671,uncertain,uncertain,0,0.7,1,0.5,1.0,0,0,1,3,0.0,0
deepcti_mode_comparison_100_2026,llama3.1:8b,adaptive_memory,DCTI-KEV-008-CVE-2007-3010,contradictory,contradictory,0,1.0,1,1.0,1.0,0,1,1,3,0.0,0
deepcti_mode_comparison_100_2026,llama3.1:8b,adaptive_memory,DCTI-KEV-009-CVE-2007-5659,affected,affected,1,1.0,1,1.0,1.0,0,1,1,3,4.3238316,1380
deepcti_mode_comparison_100_2026,llama3.1:8b,adaptive_memory,DCTI-KEV-010-CVE-2008-0015,not_applicable,not_applicable,1,0.9,1,0.5,1.0,0,1,1,2,3.1277187,1080
deepcti_mode_comparison_100_2026,llama3.1:8b,adaptive_memory,DCTI-KEV-011-CVE-2008-0655,uncertain,uncertain,0,0.7,1,0.5,1.0,0,0,1,3,0.0,0
deepcti_mode_comparison_100_2026,llama3.1:8b,adaptive_memory,DCTI-KEV-012-CVE-2008-2992,contradictory,contradictory,0,1.0,1,1.0,1.0,0,1,1,3,0.0,0
deepcti_mode_comparison_100_2026,llama3.1:8b,adaptive_memory,DCTI-KEV-013-CVE-2008-3431,affected,affected,1,0.9,1,0.5,1.0,0,1,1,3,4.348643699999999,1396
deepcti_mode_comparison_100_2026,llama3.1:8b,adaptive_memory,DCTI-KEV-014-CVE-2008-4128,not_applicable,not_applicable,1,0.9,1,0.5,1.0,0,1,1,2,3.3422274,1162
deepcti_mode_comparison_100_2026,llama3.1:8b,adaptive_memory,DCTI-KEV-015-CVE-2008-4250,uncertain,uncertain,0,0.7,1,0.5,1.0,0,0,1,3,0.0,0
deepcti_mode_comparison_100_2026,llama3.1:8b,adaptive_memory,DCTI-KEV-016-CVE-2009-0238,contradictory,contradictory,0,1.0,1,1.0,1.0,0,1,1,3,0.0,0
deepcti_mode_comparison_100_2026,llama3.1:8b,adaptive_memory,DCTI-KEV-017-CVE-2009-0556,affected,affected,1,1.0,1,1.0,1.0,0,1,1,3,5.2377513,1479
deepcti_mode_comparison_100_2026,llama3.1:8b,adaptive_memory,DCTI-KEV-018-CVE-2009-0557,not_applicable,not_applicable,1,0.9,1,0.5,1.0,0,1,1,2,3.3796567,1030
deepcti_mode_comparison_100_2026,llama3.1:8b,adaptive_memory,DCTI-KEV-019-CVE-2009-0563,uncertain,uncertain,0,0.7,1,0.5,1.0,0,0,1,3,0.0,0
deepcti_mode_comparison_100_2026,llama3.1:8b,adaptive_memory,DCTI-KEV-020-CVE-2009-0927,contradictory,contradictory,0,1.0,1,1.0,1.0,0,1,1,3,0.0,0
deepcti_mode_comparison_100_2026,llama3.1:8b,adaptive_memory,DCTI-KEV-021-CVE-2009-1123,affected,affected,1,0.9,1,0.5,1.0,0,1,1,3,3.8546694,1360
deepcti_mode_comparison_100_2026,llama3.1:8b,adaptive_memory,DCTI-KEV-022-CVE-2009-1151,not_applicable,not_applicable,1,0.9,1,0.5,1.0,0,1,1,2,3.2372468,1040
deepcti_mode_comparison_100_2026,llama3.1:8b,adaptive_memory,DCTI-KEV-023-CVE-2009-1537,uncertain,uncertain,0,0.7,1,0.5,1.0,0,0,1,3,0.0,0
deepcti_mode_comparison_100_2026,llama3.1:8b,adaptive_memory,DCTI-KEV-024-CVE-2009-1862,contradictory,contradictory,0,1.0,1,1.0,1.0,0,1,1,3,0.0,0
deepcti_mode_comparison_100_2026,llama3.1:8b,adaptive_memory,DCTI-KEV-025-CVE-2009-2055,affected,affected,1,0.9,1,0.5,1.0,0,1,1,3,4.6831452,1416
deepcti_mode_comparison_100_2026,llama3.1:8b,adaptive_memory,DCTI-KEV-026-CVE-2009-3129,not_applicable,not_applicable,1,0.9,1,0.5,1.0,0,1,1,2,3.3958534,1053
deepcti_mode_comparison_100_2026,llama3.1:8b,adaptive_memory,DCTI-KEV-027-CVE-2009-3459,uncertain,uncertain,0,0.7,1,0.5,1.0,0,0,1,3,0.0,0
deepcti_mode_comparison_100_2026,llama3.1:8b,adaptive_memory,DCTI-KEV-028-CVE-2009-3953,contradictory,contradictory,0,1.0,1,1.0,1.0,0,1,1,3,0.0,0
deepcti_mode_comparison_100_2026,llama3.1:8b,adaptive_memory,DCTI-KEV-029-CVE-2009-3960,affected,affected,1,0.9,1,0.5,1.0,0,1,1,3,3.8328854000000003,1348
deepcti_mode_comparison_100_2026,llama3.1:8b,adaptive_memory,DCTI-KEV-030-CVE-2009-4324,not_applicable,not_applicable,1,0.9,1,0.5,1.0,0,1,1,2,3.2132258,1040
deepcti_mode_comparison_100_2026,llama3.1:8b,adaptive_memory,DCTI-KEV-031-CVE-2010-0188,uncertain,uncertain,0,0.7,1,0.5,1.0,0,0,1,3,0.0,0
deepcti_mode_comparison_100_2026,llama3.1:8b,adaptive_memory,DCTI-KEV-032-CVE-2010-0232,contradictory,contradictory,0,1.0,1,1.0,1.0,0,1,1,3,0.0,0
deepcti_mode_comparison_100_2026,llama3.1:8b,adaptive_memory,DCTI-KEV-033-CVE-2010-0249,affected,affected,1,1.0,1,1.0,1.0,0,1,1,3,5.8579799999999995,1555
deepcti_mode_comparison_100_2026,llama3.1:8b,adaptive_memory,DCTI-KEV-034-CVE-2010-0738,not_applicable,not_applicable,1,0.8,1,0.0,1.0,0,1,1,2,3.2547348,1038
deepcti_mode_comparison_100_2026,llama3.1:8b,adaptive_memory,DCTI-KEV-035-CVE-2010-0806,uncertain,uncertain,0,0.7,1,0.5,1.0,0,0,1,3,0.0,0
deepcti_mode_comparison_100_2026,llama3.1:8b,adaptive_memory,DCTI-KEV-036-CVE-2010-0840,contradictory,contradictory,0,1.0,1,1.0,1.0,0,1,1,3,0.0,0
deepcti_mode_comparison_100_2026,llama3.1:8b,adaptive_memory,DCTI-KEV-037-CVE-2010-1297,affected,affected,1,0.9,1,0.5,1.0,0,1,1,3,3.8024216,1353
deepcti_mode_comparison_100_2026,llama3.1:8b,adaptive_memory,DCTI-KEV-038-CVE-2010-1428,not_applicable,not_applicable,1,0.9,1,0.5,1.0,0,1,1,2,3.3422534,1074
deepcti_mode_comparison_100_2026,llama3.1:8b,adaptive_memory,DCTI-KEV-039-CVE-2010-1871,uncertain,uncertain,0,0.7,1,0.5,1.0,0,0,1,3,0.0,0
deepcti_mode_comparison_100_2026,llama3.1:8b,adaptive_memory,DCTI-KEV-040-CVE-2010-2568,contradictory,contradictory,0,1.0,1,1.0,1.0,0,1,1,3,0.0,0
deepcti_mode_comparison_100_2026,llama3.1:8b,adaptive_memory,DCTI-KEV-041-CVE-2010-2572,affected,affected,1,0.9,1,0.5,1.0,0,1,1,3,3.7800237,1354
deepcti_mode_comparison_100_2026,llama3.1:8b,adaptive_memory,DCTI-KEV-042-CVE-2010-2861,not_applicable,not_applicable,1,0.8,1,0.0,1.0,0,1,1,2,3.208592,1047
deepcti_mode_comparison_100_2026,llama3.1:8b,adaptive_memory,DCTI-KEV-043-CVE-2010-2883,uncertain,uncertain,0,0.7,1,0.5,1.0,0,0,1,3,0.0,0
deepcti_mode_comparison_100_2026,llama3.1:8b,adaptive_memory,DCTI-KEV-044-CVE-2010-3035,contradictory,contradictory,0,1.0,1,1.0,1.0,0,1,1,3,0.0,0
deepcti_mode_comparison_100_2026,llama3.1:8b,adaptive_memory,DCTI-KEV-045-CVE-2010-3333,affected,affected,1,0.9,1,0.5,1.0,0,1,1,3,3.7331934,1351
deepcti_mode_comparison_100_2026,llama3.1:8b,adaptive_memory,DCTI-KEV-046-CVE-2010-3765,not_applicable,not_applicable,1,0.9,1,0.5,1.0,0,1,1,2,3.2593696,1089
deepcti_mode_comparison_100_2026,llama3.1:8b,adaptive_memory,DCTI-KEV-047-CVE-2010-3904,uncertain,uncertain,0,0.7,1,0.5,1.0,0,0,1,3,0.0,0
deepcti_mode_comparison_100_2026,llama3.1:8b,adaptive_memory,DCTI-KEV-048-CVE-2010-3962,contradictory,contradictory,0,1.0,1,1.0,1.0,0,1,1,3,0.0,0
deepcti_mode_comparison_100_2026,llama3.1:8b,adaptive_memory,DCTI-KEV-049-CVE-2010-4344,affected,affected,1,1.0,1,1.0,1.0,0,1,1,3,4.6348500999999995,1410
deepcti_mode_comparison_100_2026,llama3.1:8b,adaptive_memory,DCTI-KEV-050-CVE-2010-4345,not_applicable,not_applicable,1,0.8,1,0.0,1.0,0,1,1,2,3.2436625,1033
deepcti_mode_comparison_100_2026,llama3.1:8b,adaptive_memory,DCTI-KEV-051-CVE-2010-4398,uncertain,uncertain,0,0.7,1,0.5,1.0,0,0,1,3,0.0,0
deepcti_mode_comparison_100_2026,llama3.1:8b,adaptive_memory,DCTI-KEV-052-CVE-2010-5326,contradictory,contradictory,0,1.0,1,1.0,1.0,0,1,1,3,0.0,0
deepcti_mode_comparison_100_2026,llama3.1:8b,adaptive_memory,DCTI-KEV-053-CVE-2010-5330,affected,affected,1,0.9,1,0.5,1.0,0,1,1,3,3.9170581,1365
deepcti_mode_comparison_100_2026,llama3.1:8b,adaptive_memory,DCTI-KEV-054-CVE-2011-0609,not_applicable,not_applicable,1,0.9,1,0.5,1.0,0,1,1,2,3.3212611,1046
deepcti_mode_comparison_100_2026,llama3.1:8b,adaptive_memory,DCTI-KEV-055-CVE-2011-0611,uncertain,uncertain,0,0.7,1,0.5,1.0,0,0,1,3,0.0,0
deepcti_mode_comparison_100_2026,llama3.1:8b,adaptive_memory,DCTI-KEV-056-CVE-2011-1823,contradictory,contradictory,0,1.0,1,1.0,1.0,0,1,1,3,0.0,0
deepcti_mode_comparison_100_2026,llama3.1:8b,adaptive_memory,DCTI-KEV-057-CVE-2011-1889,affected,affected,1,1.0,1,1.0,1.0,0,1,1,3,5.1135413,1481
deepcti_mode_comparison_100_2026,llama3.1:8b,adaptive_memory,DCTI-KEV-058-CVE-2011-2005,not_applicable,not_applicable,1,0.9,1,0.5,1.0,0,1,1,2,3.5128114,1073
deepcti_mode_comparison_100_2026,llama3.1:8b,adaptive_memory,DCTI-KEV-059-CVE-2011-2462,uncertain,uncertain,0,0.7,1,0.5,1.0,0,0,1,3,0.0,0
deepcti_mode_comparison_100_2026,llama3.1:8b,adaptive_memory,DCTI-KEV-060-CVE-2011-3402,contradictory,contradictory,0,1.0,1,1.0,1.0,0,1,1,3,0.0,0
deepcti_mode_comparison_100_2026,llama3.1:8b,adaptive_memory,DCTI-KEV-061-CVE-2011-3544,affected,affected,1,0.9,1,0.5,1.0,0,1,1,3,4.0189616,1373
deepcti_mode_comparison_100_2026,llama3.1:8b,adaptive_memory,DCTI-KEV-062-CVE-2011-4723,not_applicable,not_applicable,1,0.9,1,0.5,1.0,0,1,1,2,3.3838894,1071
deepcti_mode_comparison_100_2026,llama3.1:8b,adaptive_memory,DCTI-KEV-063-CVE-2012-0151,uncertain,uncertain,0,0.7,1,0.5,1.0,0,0,1,3,0.0,0
deepcti_mode_comparison_100_2026,llama3.1:8b,adaptive_memory,DCTI-KEV-064-CVE-2012-0158,contradictory,contradictory,0,1.0,1,1.0,1.0,0,1,1,3,0.0,0
deepcti_mode_comparison_100_2026,llama3.1:8b,adaptive_memory,DCTI-KEV-065-CVE-2012-0391,affected,affected,1,1.0,1,1.0,1.0,0,1,1,3,4.391622,1391
deepcti_mode_comparison_100_2026,llama3.1:8b,adaptive_memory,DCTI-KEV-066-CVE-2012-0507,not_applicable,not_applicable,2,1.0,1,1.0,1.0,0,1,1,2,10.2260108,2549
deepcti_mode_comparison_100_2026,llama3.1:8b,adaptive_memory,DCTI-KEV-067-CVE-2012-0518,uncertain,uncertain,0,0.7,1,0.5,1.0,0,0,1,3,0.0,0
deepcti_mode_comparison_100_2026,llama3.1:8b,adaptive_memory,DCTI-KEV-068-CVE-2012-0754,contradictory,contradictory,0,1.0,1,1.0,1.0,0,1,1,3,0.0,0
deepcti_mode_comparison_100_2026,llama3.1:8b,adaptive_memory,DCTI-KEV-069-CVE-2012-0767,affected,affected,1,0.9,1,0.5,1.0,0,1,1,3,5.538005,1493
deepcti_mode_comparison_100_2026,llama3.1:8b,adaptive_memory,DCTI-KEV-070-CVE-2012-1535,not_applicable,not_applicable,1,0.9,1,0.5,1.0,0,1,1,2,3.2745965,1036
deepcti_mode_comparison_100_2026,llama3.1:8b,adaptive_memory,DCTI-KEV-071-CVE-2012-1710,uncertain,uncertain,0,0.7,1,0.5,1.0,0,0,1,3,0.0,0
deepcti_mode_comparison_100_2026,llama3.1:8b,adaptive_memory,DCTI-KEV-072-CVE-2012-1723,contradictory,contradictory,0,1.0,1,1.0,1.0,0,1,1,3,0.0,0
deepcti_mode_comparison_100_2026,llama3.1:8b,adaptive_memory,DCTI-KEV-073-CVE-2012-1823,affected,affected,1,1.0,1,1.0,1.0,0,1,1,3,5.1993209,1441
deepcti_mode_comparison_100_2026,llama3.1:8b,adaptive_memory,DCTI-KEV-074-CVE-2012-1854,not_applicable,not_applicable,1,0.9,1,0.5,1.0,0,1,1,2,5.742180599999999,1228
deepcti_mode_comparison_100_2026,llama3.1:8b,adaptive_memory,DCTI-KEV-075-CVE-2012-1856,uncertain,uncertain,0,0.7,1,0.5,1.0,0,0,1,3,0.0,0
deepcti_mode_comparison_100_2026,llama3.1:8b,adaptive_memory,DCTI-KEV-076-CVE-2012-1889,contradictory,contradictory,0,1.0,1,1.0,1.0,0,1,1,3,0.0,0
deepcti_mode_comparison_100_2026,llama3.1:8b,adaptive_memory,DCTI-KEV-077-CVE-2012-2034,affected,affected,2,1.0,1,1.0,1.0,0,1,1,3,17.793415999999997,3847
deepcti_mode_comparison_100_2026,llama3.1:8b,adaptive_memory,DCTI-KEV-078-CVE-2012-2539,not_applicable,not_applicable,1,0.9,1,0.5,1.0,0,1,1,2,3.3454661999999997,1019
deepcti_mode_comparison_100_2026,llama3.1:8b,adaptive_memory,DCTI-KEV-079-CVE-2012-3152,uncertain,uncertain,0,0.7,1,0.5,1.0,0,0,1,3,0.0,0
deepcti_mode_comparison_100_2026,llama3.1:8b,adaptive_memory,DCTI-KEV-080-CVE-2012-4681,contradictory,contradictory,0,1.0,1,1.0,1.0,0,1,1,3,0.0,0
deepcti_mode_comparison_100_2026,llama3.1:8b,adaptive_memory,DCTI-KEV-081-CVE-2012-4792,affected,affected,2,1.0,1,1.0,1.0,0,1,1,3,17.5059624,3880
deepcti_mode_comparison_100_2026,llama3.1:8b,adaptive_memory,DCTI-KEV-082-CVE-2012-4969,not_applicable,not_applicable,2,1.0,1,1.0,1.0,0,1,1,2,10.124216400000002,2543
deepcti_mode_comparison_100_2026,llama3.1:8b,adaptive_memory,DCTI-KEV-083-CVE-2012-5054,uncertain,uncertain,0,0.7,1,0.5,1.0,0,0,1,3,0.0,0
deepcti_mode_comparison_100_2026,llama3.1:8b,adaptive_memory,DCTI-KEV-084-CVE-2012-5076,contradictory,contradictory,0,1.0,1,1.0,1.0,0,1,1,3,0.0,0
deepcti_mode_comparison_100_2026,llama3.1:8b,adaptive_memory,DCTI-KEV-085-CVE-2013-0074,affected,affected,1,1.0,1,1.0,1.0,0,1,1,3,5.5337649,1469
deepcti_mode_comparison_100_2026,llama3.1:8b,adaptive_memory,DCTI-KEV-086-CVE-2013-0422,not_applicable,not_applicable,1,0.9,1,0.5,1.0,0,1,1,2,3.5076935,1063
deepcti_mode_comparison_100_2026,llama3.1:8b,adaptive_memory,DCTI-KEV-087-CVE-2013-0431,uncertain,uncertain,0,0.7,1,0.5,1.0,0,0,1,3,0.0,0
deepcti_mode_comparison_100_2026,llama3.1:8b,adaptive_memory,DCTI-KEV-088-CVE-2013-0625,contradictory,contradictory,0,1.0,1,1.0,1.0,0,1,1,3,0.0,0
deepcti_mode_comparison_100_2026,llama3.1:8b,adaptive_memory,DCTI-KEV-089-CVE-2013-0629,affected,affected,1,1.0,1,1.0,1.0,0,1,1,3,5.9402222,1491
deepcti_mode_comparison_100_2026,llama3.1:8b,adaptive_memory,DCTI-KEV-090-CVE-2013-0631,not_applicable,not_applicable,1,0.9,1,0.5,1.0,0,1,1,2,3.371502,1037
deepcti_mode_comparison_100_2026,llama3.1:8b,adaptive_memory,DCTI-KEV-091-CVE-2013-0632,uncertain,uncertain,0,0.7,1,0.5,1.0,0,0,1,3,0.0,0
deepcti_mode_comparison_100_2026,llama3.1:8b,adaptive_memory,DCTI-KEV-092-CVE-2013-0640,contradictory,contradictory,0,1.0,1,1.0,1.0,0,1,1,3,0.0,0
deepcti_mode_comparison_100_2026,llama3.1:8b,adaptive_memory,DCTI-KEV-093-CVE-2013-0641,affected,affected,1,0.9,1,0.5,1.0,0,1,1,3,3.9119366,1346
deepcti_mode_comparison_100_2026,llama3.1:8b,adaptive_memory,DCTI-KEV-094-CVE-2013-0643,not_applicable,not_applicable,1,0.9,1,0.5,1.0,0,1,1,2,3.1257554,1054
deepcti_mode_comparison_100_2026,llama3.1:8b,adaptive_memory,DCTI-KEV-095-CVE-2013-0648,uncertain,uncertain,0,0.7,1,0.5,1.0,0,0,1,3,0.0,0
deepcti_mode_comparison_100_2026,llama3.1:8b,adaptive_memory,DCTI-KEV-096-CVE-2013-1331,contradictory,contradictory,0,1.0,1,1.0,1.0,0,1,1,3,0.0,0
deepcti_mode_comparison_100_2026,llama3.1:8b,adaptive_memory,DCTI-KEV-097-CVE-2013-1347,affected,affected,1,0.9,1,0.5,1.0,0,1,1,3,3.7860859999999996,1343
deepcti_mode_comparison_100_2026,llama3.1:8b,adaptive_memory,DCTI-KEV-098-CVE-2013-1675,not_applicable,not_applicable,1,0.9,1,0.5,1.0,0,1,1,2,3.2938586,1053
deepcti_mode_comparison_100_2026,llama3.1:8b,adaptive_memory,DCTI-KEV-099-CVE-2013-1690,uncertain,uncertain,0,0.7,1,0.5,1.0,0,0,1,3,0.0,0
deepcti_mode_comparison_100_2026,llama3.1:8b,adaptive_memory,DCTI-KEV-100-CVE-2013-2094,contradictory,contradictory,0,1.0,1,1.0,1.0,0,1,1,3,0.0,0
deepcti_mode_comparison_100_2026,llama3.1:8b,evidence_equal_one_shot,DCTI-KEV-001-CVE-2002-0367,affected,affected,1,1.0,1,1.0,1.0,0,1,1,1,6.136386099999999,1240
deepcti_mode_comparison_100_2026,llama3.1:8b,evidence_equal_one_shot,DCTI-KEV-002-CVE-2004-0210,not_applicable,not_applicable,1,0.9,1,0.5,1.0,0,1,1,1,6.3182401,1233
deepcti_mode_comparison_100_2026,llama3.1:8b,evidence_equal_one_shot,DCTI-KEV-003-CVE-2004-1464,uncertain,uncertain,1,0.6333333333333333,0,0.5,0.6666666666666666,0,1,1,1,6.7838081,1322
deepcti_mode_comparison_100_2026,llama3.1:8b,evidence_equal_one_shot,DCTI-KEV-004-CVE-2005-2773,contradictory,contradictory,1,0.6,0,0.5,0.5,0,1,1,1,7.4948177,1380
deepcti_mode_comparison_100_2026,llama3.1:8b,evidence_equal_one_shot,DCTI-KEV-005-CVE-2006-1547,affected,affected,1,1.0,1,1.0,1.0,0,1,1,1,8.4932608,1458
deepcti_mode_comparison_100_2026,llama3.1:8b,evidence_equal_one_shot,DCTI-KEV-006-CVE-2006-2492,not_applicable,not_applicable,1,0.9,1,0.5,1.0,0,1,1,1,5.7571265,1196
deepcti_mode_comparison_100_2026,llama3.1:8b,evidence_equal_one_shot,DCTI-KEV-007-CVE-2007-0671,uncertain,uncertain,1,0.6333333333333333,0,0.5,0.6666666666666666,0,1,1,1,7.300611,1396
deepcti_mode_comparison_100_2026,llama3.1:8b,evidence_equal_one_shot,DCTI-KEV-008-CVE-2007-3010,contradictory,contradictory,1,0.6,0,1.0,0.0,0,1,1,1,6.8550929,1320
deepcti_mode_comparison_100_2026,llama3.1:8b,evidence_equal_one_shot,DCTI-KEV-009-CVE-2007-5659,affected,affected,1,1.0,1,1.0,1.0,0,1,1,1,8.4296497,1408
deepcti_mode_comparison_100_2026,llama3.1:8b,evidence_equal_one_shot,DCTI-KEV-010-CVE-2008-0015,not_applicable,not_applicable,1,1.0,1,1.0,1.0,0,1,1,1,3.6894501,1121
deepcti_mode_comparison_100_2026,llama3.1:8b,evidence_equal_one_shot,DCTI-KEV-011-CVE-2008-0655,uncertain,uncertain,1,0.6333333333333333,0,0.5,0.6666666666666666,0,1,1,1,7.0808487,1326
deepcti_mode_comparison_100_2026,llama3.1:8b,evidence_equal_one_shot,DCTI-KEV-012-CVE-2008-2992,contradictory,contradictory,1,0.6,0,0.5,0.5,0,1,1,1,7.9708354,1369
deepcti_mode_comparison_100_2026,llama3.1:8b,evidence_equal_one_shot,DCTI-KEV-013-CVE-2008-3431,affected,affected,1,0.9,1,0.5,1.0,0,1,1,1,4.9399237000000005,1145
deepcti_mode_comparison_100_2026,llama3.1:8b,evidence_equal_one_shot,DCTI-KEV-014-CVE-2008-4128,not_applicable,not_applicable,1,1.0,1,1.0,1.0,0,1,1,1,4.2962761,1228
deepcti_mode_comparison_100_2026,llama3.1:8b,evidence_equal_one_shot,DCTI-KEV-015-CVE-2008-4250,uncertain,uncertain,1,0.6333333333333333,0,0.5,0.6666666666666666,0,1,1,1,9.0675476,1497
deepcti_mode_comparison_100_2026,llama3.1:8b,evidence_equal_one_shot,DCTI-KEV-016-CVE-2009-0238,contradictory,contradictory,1,0.5,0,0.5,0.0,0,1,1,1,9.1826494,1511
deepcti_mode_comparison_100_2026,llama3.1:8b,evidence_equal_one_shot,DCTI-KEV-017-CVE-2009-0556,affected,affected,1,1.0,1,1.0,1.0,0,1,1,1,6.4051591,1288
deepcti_mode_comparison_100_2026,llama3.1:8b,evidence_equal_one_shot,DCTI-KEV-018-CVE-2009-0557,not_applicable,not_applicable,1,1.0,1,1.0,1.0,0,1,1,1,3.8454706,1065
deepcti_mode_comparison_100_2026,llama3.1:8b,evidence_equal_one_shot,DCTI-KEV-019-CVE-2009-0563,uncertain,uncertain,1,0.6333333333333333,0,0.5,0.6666666666666666,0,1,1,1,5.8006985,1224
deepcti_mode_comparison_100_2026,llama3.1:8b,evidence_equal_one_shot,DCTI-KEV-020-CVE-2009-0927,contradictory,contradictory,1,0.6,0,0.5,0.5,0,1,1,1,7.806877900000001,1369
deepcti_mode_comparison_100_2026,llama3.1:8b,evidence_equal_one_shot,DCTI-KEV-021-CVE-2009-1123,affected,affected,1,1.0,1,1.0,1.0,0,1,1,1,5.567172899999999,1199
deepcti_mode_comparison_100_2026,llama3.1:8b,evidence_equal_one_shot,DCTI-KEV-022-CVE-2009-1151,not_applicable,not_applicable,1,1.0,1,1.0,1.0,0,1,1,1,5.811428299999999,1214
deepcti_mode_comparison_100_2026,llama3.1:8b,evidence_equal_one_shot,DCTI-KEV-023-CVE-2009-1537,uncertain,uncertain,1,0.6333333333333333,0,0.5,0.6666666666666666,0,1,1,1,6.8421172,1328
deepcti_mode_comparison_100_2026,llama3.1:8b,evidence_equal_one_shot,DCTI-KEV-024-CVE-2009-1862,contradictory,contradictory,1,0.7,0,1.0,0.5,0,1,1,1,7.137294600000001,1351
deepcti_mode_comparison_100_2026,llama3.1:8b,evidence_equal_one_shot,DCTI-KEV-025-CVE-2009-2055,affected,affected,1,0.9,1,0.5,1.0,0,1,1,1,5.9125628,1227
deepcti_mode_comparison_100_2026,llama3.1:8b,evidence_equal_one_shot,DCTI-KEV-026-CVE-2009-3129,not_applicable,not_applicable,1,0.9,1,0.5,1.0,0,1,1,1,4.4698588,1113
deepcti_mode_comparison_100_2026,llama3.1:8b,evidence_equal_one_shot,DCTI-KEV-027-CVE-2009-3459,uncertain,uncertain,1,0.6333333333333333,0,0.5,0.6666666666666666,0,1,1,1,8.6149095,1462
deepcti_mode_comparison_100_2026,llama3.1:8b,evidence_equal_one_shot,DCTI-KEV-028-CVE-2009-3953,contradictory,contradictory,1,0.6,0,0.5,0.5,0,1,1,1,7.8886417,1408
deepcti_mode_comparison_100_2026,llama3.1:8b,evidence_equal_one_shot,DCTI-KEV-029-CVE-2009-3960,affected,affected,1,1.0,1,1.0,1.0,0,1,1,1,5.1522221,1174
deepcti_mode_comparison_100_2026,llama3.1:8b,evidence_equal_one_shot,DCTI-KEV-030-CVE-2009-4324,not_applicable,not_applicable,1,1.0,1,1.0,1.0,0,1,1,1,4.0636521,1077
deepcti_mode_comparison_100_2026,llama3.1:8b,evidence_equal_one_shot,DCTI-KEV-031-CVE-2010-0188,uncertain,uncertain,1,0.6333333333333333,0,0.5,0.6666666666666666,0,1,1,1,5.8156753,1207
deepcti_mode_comparison_100_2026,llama3.1:8b,evidence_equal_one_shot,DCTI-KEV-032-CVE-2010-0232,contradictory,contradictory,1,0.5,0,0.5,0.0,0,1,1,1,7.7926354,1381
deepcti_mode_comparison_100_2026,llama3.1:8b,evidence_equal_one_shot,DCTI-KEV-033-CVE-2010-0249,affected,affected,1,1.0,1,1.0,1.0,0,1,1,1,6.9251499,1353
deepcti_mode_comparison_100_2026,llama3.1:8b,evidence_equal_one_shot,DCTI-KEV-034-CVE-2010-0738,not_applicable,not_applicable,1,0.8,1,0.0,1.0,0,1,1,1,6.3090996,1257
deepcti_mode_comparison_100_2026,llama3.1:8b,evidence_equal_one_shot,DCTI-KEV-035-CVE-2010-0806,uncertain,uncertain,1,0.6333333333333333,0,0.5,0.6666666666666666,0,1,1,1,7.836363,1419
deepcti_mode_comparison_100_2026,llama3.1:8b,evidence_equal_one_shot,DCTI-KEV-036-CVE-2010-0840,contradictory,contradictory,1,0.2,0,0.0,0.0,0,0,1,1,7.6920374,1398
deepcti_mode_comparison_100_2026,llama3.1:8b,evidence_equal_one_shot,DCTI-KEV-037-CVE-2010-1297,affected,affected,1,1.0,1,1.0,1.0,0,1,1,1,5.4049565,1214
deepcti_mode_comparison_100_2026,llama3.1:8b,evidence_equal_one_shot,DCTI-KEV-038-CVE-2010-1428,not_applicable,not_applicable,1,1.0,1,1.0,1.0,0,1,1,1,6.137502400000001,1273
deepcti_mode_comparison_100_2026,llama3.1:8b,evidence_equal_one_shot,DCTI-KEV-039-CVE-2010-1871,uncertain,uncertain,1,0.6333333333333333,0,0.5,0.6666666666666666,0,1,1,1,9.5152715,1520
deepcti_mode_comparison_100_2026,llama3.1:8b,evidence_equal_one_shot,DCTI-KEV-040-CVE-2010-2568,contradictory,contradictory,1,0.6,0,0.5,0.5,0,1,1,1,8.3582708,1443
deepcti_mode_comparison_100_2026,llama3.1:8b,evidence_equal_one_shot,DCTI-KEV-041-CVE-2010-2572,affected,affected,1,0.9,1,0.5,1.0,0,1,1,1,6.1744283,1247
deepcti_mode_comparison_100_2026,llama3.1:8b,evidence_equal_one_shot,DCTI-KEV-042-CVE-2010-2861,not_applicable,not_applicable,1,0.9,1,0.5,1.0,0,1,1,1,4.1613467,1093
deepcti_mode_comparison_100_2026,llama3.1:8b,evidence_equal_one_shot,DCTI-KEV-043-CVE-2010-2883,uncertain,uncertain,1,0.6333333333333333,0,0.5,0.6666666666666666,0,1,1,1,5.9029046,1235
deepcti_mode_comparison_100_2026,llama3.1:8b,evidence_equal_one_shot,DCTI-KEV-044-CVE-2010-3035,contradictory,contradictory,1,0.5,0,0.5,0.0,0,1,1,1,7.3611165000000005,1352
deepcti_mode_comparison_100_2026,llama3.1:8b,evidence_equal_one_shot,DCTI-KEV-045-CVE-2010-3333,affected,affected,1,1.0,1,1.0,1.0,0,1,1,1,7.798235399999999,1363
deepcti_mode_comparison_100_2026,llama3.1:8b,evidence_equal_one_shot,DCTI-KEV-046-CVE-2010-3765,not_applicable,not_applicable,1,1.0,1,1.0,1.0,0,1,1,1,5.1353878,1219
deepcti_mode_comparison_100_2026,llama3.1:8b,evidence_equal_one_shot,DCTI-KEV-047-CVE-2010-3904,uncertain,uncertain,1,0.6333333333333333,0,0.5,0.6666666666666666,0,1,1,1,8.9642567,1498
deepcti_mode_comparison_100_2026,llama3.1:8b,evidence_equal_one_shot,DCTI-KEV-048-CVE-2010-3962,contradictory,contradictory,1,0.3,0,0.0,0.5,0,0,1,1,9.1539018,1526
deepcti_mode_comparison_100_2026,llama3.1:8b,evidence_equal_one_shot,DCTI-KEV-049-CVE-2010-4344,affected,affected,1,1.0,1,1.0,1.0,0,1,1,1,7.4865743,1354
deepcti_mode_comparison_100_2026,llama3.1:8b,evidence_equal_one_shot,DCTI-KEV-050-CVE-2010-4345,not_applicable,not_applicable,1,1.0,1,1.0,1.0,0,1,1,1,6.6501059,1298
deepcti_mode_comparison_100_2026,llama3.1:8b,evidence_equal_one_shot,DCTI-KEV-051-CVE-2010-4398,uncertain,uncertain,1,0.6333333333333333,0,0.5,0.6666666666666666,0,1,1,1,5.9886439000000005,1265
deepcti_mode_comparison_100_2026,llama3.1:8b,evidence_equal_one_shot,DCTI-KEV-052-CVE-2010-5326,contradictory,contradictory,1,0.6,0,0.5,0.5,0,1,1,1,6.8600156,1329
deepcti_mode_comparison_100_2026,llama3.1:8b,evidence_equal_one_shot,DCTI-KEV-053-CVE-2010-5330,affected,affected,1,0.9,1,0.5,1.0,0,1,1,1,7.5879821000000005,1347
deepcti_mode_comparison_100_2026,llama3.1:8b,evidence_equal_one_shot,DCTI-KEV-054-CVE-2011-0609,not_applicable,not_applicable,1,1.0,1,1.0,1.0,0,1,1,1,4.1377602,1086
deepcti_mode_comparison_100_2026,llama3.1:8b,evidence_equal_one_shot,DCTI-KEV-055-CVE-2011-0611,uncertain,uncertain,1,0.6333333333333333,0,0.5,0.6666666666666666,0,1,1,1,8.9483372,1505
deepcti_mode_comparison_100_2026,llama3.1:8b,evidence_equal_one_shot,DCTI-KEV-056-CVE-2011-1823,contradictory,contradictory,1,0.5,0,0.5,0.0,0,1,1,1,6.4552309999999995,1321
deepcti_mode_comparison_100_2026,llama3.1:8b,evidence_equal_one_shot,DCTI-KEV-057-CVE-2011-1889,affected,affected,1,1.0,1,1.0,1.0,0,1,1,1,5.8211797,1239
deepcti_mode_comparison_100_2026,llama3.1:8b,evidence_equal_one_shot,DCTI-KEV-058-CVE-2011-2005,not_applicable,not_applicable,1,1.0,1,1.0,1.0,0,1,1,1,6.2880597,1274
deepcti_mode_comparison_100_2026,llama3.1:8b,evidence_equal_one_shot,DCTI-KEV-059-CVE-2011-2462,uncertain,uncertain,1,0.6333333333333333,0,0.5,0.6666666666666666,0,1,1,1,6.654132499999999,1313
deepcti_mode_comparison_100_2026,llama3.1:8b,evidence_equal_one_shot,DCTI-KEV-060-CVE-2011-3402,contradictory,contradictory,1,0.6,0,0.5,0.5,0,1,1,1,8.291409600000001,1451
deepcti_mode_comparison_100_2026,llama3.1:8b,evidence_equal_one_shot,DCTI-KEV-061-CVE-2011-3544,affected,affected,1,0.9,1,0.5,1.0,0,1,1,1,5.5868832,1225
deepcti_mode_comparison_100_2026,llama3.1:8b,evidence_equal_one_shot,DCTI-KEV-062-CVE-2011-4723,not_applicable,not_applicable,1,1.0,1,1.0,1.0,0,1,1,1,7.5488228,1407
deepcti_mode_comparison_100_2026,llama3.1:8b,evidence_equal_one_shot,DCTI-KEV-063-CVE-2012-0151,uncertain,uncertain,1,0.6333333333333333,0,0.5,0.6666666666666666,0,1,1,1,7.0541532,1329
deepcti_mode_comparison_100_2026,llama3.1:8b,evidence_equal_one_shot,DCTI-KEV-064-CVE-2012-0158,contradictory,contradictory,1,0.2,0,0.0,0.0,0,0,1,1,8.358012,1472
deepcti_mode_comparison_100_2026,llama3.1:8b,evidence_equal_one_shot,DCTI-KEV-065-CVE-2012-0391,affected,affected,1,1.0,1,1.0,1.0,0,1,1,1,5.6045243000000005,1224
deepcti_mode_comparison_100_2026,llama3.1:8b,evidence_equal_one_shot,DCTI-KEV-066-CVE-2012-0507,not_applicable,not_applicable,1,1.0,1,1.0,1.0,0,1,1,1,5.5555183999999995,1197
deepcti_mode_comparison_100_2026,llama3.1:8b,evidence_equal_one_shot,DCTI-KEV-067-CVE-2012-0518,uncertain,uncertain,1,0.6333333333333333,0,0.5,0.6666666666666666,0,1,1,1,6.3794819,1255
deepcti_mode_comparison_100_2026,llama3.1:8b,evidence_equal_one_shot,DCTI-KEV-068-CVE-2012-0754,contradictory,contradictory,1,0.7,0,1.0,0.5,0,1,1,1,8.796996,1471
deepcti_mode_comparison_100_2026,llama3.1:8b,evidence_equal_one_shot,DCTI-KEV-069-CVE-2012-0767,affected,affected,1,1.0,1,1.0,1.0,0,1,1,1,5.5860112,1235
deepcti_mode_comparison_100_2026,llama3.1:8b,evidence_equal_one_shot,DCTI-KEV-070-CVE-2012-1535,not_applicable,not_applicable,1,1.0,1,1.0,1.0,0,1,1,1,6.426395,1265
deepcti_mode_comparison_100_2026,llama3.1:8b,evidence_equal_one_shot,DCTI-KEV-071-CVE-2012-1710,uncertain,uncertain,1,0.6333333333333333,0,0.5,0.6666666666666666,0,1,1,1,6.6453581999999995,1294
deepcti_mode_comparison_100_2026,llama3.1:8b,evidence_equal_one_shot,DCTI-KEV-072-CVE-2012-1723,contradictory,contradictory,1,0.7,0,1.0,0.5,0,1,1,1,6.1346099999999995,1289
deepcti_mode_comparison_100_2026,llama3.1:8b,evidence_equal_one_shot,DCTI-KEV-073-CVE-2012-1823,affected,affected,1,0.9,1,0.5,1.0,0,1,1,1,5.4061091,1191
deepcti_mode_comparison_100_2026,llama3.1:8b,evidence_equal_one_shot,DCTI-KEV-074-CVE-2012-1854,not_applicable,not_applicable,1,1.0,1,1.0,1.0,0,1,1,1,8.3642476,1445
deepcti_mode_comparison_100_2026,llama3.1:8b,evidence_equal_one_shot,DCTI-KEV-075-CVE-2012-1856,uncertain,uncertain,1,0.6333333333333333,0,0.5,0.6666666666666666,0,1,1,1,5.525951699999999,1244
deepcti_mode_comparison_100_2026,llama3.1:8b,evidence_equal_one_shot,DCTI-KEV-076-CVE-2012-1889,contradictory,contradictory,1,0.7,0,1.0,0.5,0,1,1,1,6.1999787,1264
deepcti_mode_comparison_100_2026,llama3.1:8b,evidence_equal_one_shot,DCTI-KEV-077-CVE-2012-2034,affected,affected,1,1.0,1,1.0,1.0,0,1,1,1,5.9563745,1236
deepcti_mode_comparison_100_2026,llama3.1:8b,evidence_equal_one_shot,DCTI-KEV-078-CVE-2012-2539,not_applicable,not_applicable,1,1.0,1,1.0,1.0,0,1,1,1,6.1228191,1252
deepcti_mode_comparison_100_2026,llama3.1:8b,evidence_equal_one_shot,DCTI-KEV-079-CVE-2012-3152,uncertain,uncertain,1,0.6333333333333333,0,0.5,0.6666666666666666,0,1,1,1,8.7563808,1450
deepcti_mode_comparison_100_2026,llama3.1:8b,evidence_equal_one_shot,DCTI-KEV-080-CVE-2012-4681,contradictory,contradictory,1,0.2,0,0.0,0.0,0,0,1,1,7.209606,1327
deepcti_mode_comparison_100_2026,llama3.1:8b,evidence_equal_one_shot,DCTI-KEV-081-CVE-2012-4792,affected,affected,1,0.9,1,0.5,1.0,0,1,1,1,5.610201,1239
deepcti_mode_comparison_100_2026,llama3.1:8b,evidence_equal_one_shot,DCTI-KEV-082-CVE-2012-4969,not_applicable,not_applicable,1,0.9,1,0.5,1.0,0,1,1,1,3.7399951000000002,1067
deepcti_mode_comparison_100_2026,llama3.1:8b,evidence_equal_one_shot,DCTI-KEV-083-CVE-2012-5054,uncertain,uncertain,1,0.6333333333333333,0,0.5,0.6666666666666666,0,1,1,1,8.402409,1433
deepcti_mode_comparison_100_2026,llama3.1:8b,evidence_equal_one_shot,DCTI-KEV-084-CVE-2012-5076,contradictory,contradictory,1,0.6,0,0.5,0.5,0,1,1,1,8.6423314,1455
deepcti_mode_comparison_100_2026,llama3.1:8b,evidence_equal_one_shot,DCTI-KEV-085-CVE-2013-0074,affected,affected,1,1.0,1,1.0,1.0,0,1,1,1,4.8183973,1179
deepcti_mode_comparison_100_2026,llama3.1:8b,evidence_equal_one_shot,DCTI-KEV-086-CVE-2013-0422,not_applicable,not_applicable,1,1.0,1,1.0,1.0,0,1,1,1,6.092770499999999,1255
deepcti_mode_comparison_100_2026,llama3.1:8b,evidence_equal_one_shot,DCTI-KEV-087-CVE-2013-0431,uncertain,uncertain,1,0.6333333333333333,0,0.5,0.6666666666666666,0,1,1,1,6.9302133999999995,1323
deepcti_mode_comparison_100_2026,llama3.1:8b,evidence_equal_one_shot,DCTI-KEV-088-CVE-2013-0625,contradictory,contradictory,1,0.7,0,1.0,0.5,0,1,1,1,7.6781781,1370
deepcti_mode_comparison_100_2026,llama3.1:8b,evidence_equal_one_shot,DCTI-KEV-089-CVE-2013-0629,affected,affected,1,0.9,1,0.5,1.0,0,1,1,1,5.1478684999999995,1190
deepcti_mode_comparison_100_2026,llama3.1:8b,evidence_equal_one_shot,DCTI-KEV-090-CVE-2013-0631,not_applicable,not_applicable,1,0.9,1,0.5,1.0,0,1,1,1,3.7007453,1068
deepcti_mode_comparison_100_2026,llama3.1:8b,evidence_equal_one_shot,DCTI-KEV-091-CVE-2013-0632,uncertain,uncertain,1,0.6333333333333333,0,0.5,0.6666666666666666,0,1,1,1,5.368513200000001,1208
deepcti_mode_comparison_100_2026,llama3.1:8b,evidence_equal_one_shot,DCTI-KEV-092-CVE-2013-0640,contradictory,contradictory,1,0.2,0,0.0,0.0,0,0,1,1,6.3540158,1260
deepcti_mode_comparison_100_2026,llama3.1:8b,evidence_equal_one_shot,DCTI-KEV-093-CVE-2013-0641,affected,affected,1,0.9,1,0.5,1.0,0,1,1,1,6.0017968,1226
deepcti_mode_comparison_100_2026,llama3.1:8b,evidence_equal_one_shot,DCTI-KEV-094-CVE-2013-0643,not_applicable,not_applicable,1,1.0,1,1.0,1.0,0,1,1,1,7.9944858000000005,1389
deepcti_mode_comparison_100_2026,llama3.1:8b,evidence_equal_one_shot,DCTI-KEV-095-CVE-2013-0648,uncertain,uncertain,1,0.6333333333333333,0,0.5,0.6666666666666666,0,1,1,1,9.284893,1476
deepcti_mode_comparison_100_2026,llama3.1:8b,evidence_equal_one_shot,DCTI-KEV-096-CVE-2013-1331,contradictory,contradictory,1,0.5,0,0.5,0.0,0,1,1,1,8.777874299999999,1425
deepcti_mode_comparison_100_2026,llama3.1:8b,evidence_equal_one_shot,DCTI-KEV-097-CVE-2013-1347,affected,affected,1,0.9,1,0.5,1.0,0,1,1,1,8.226916300000001,1394
deepcti_mode_comparison_100_2026,llama3.1:8b,evidence_equal_one_shot,DCTI-KEV-098-CVE-2013-1675,not_applicable,not_applicable,1,0.9,1,0.5,1.0,0,1,1,1,5.8065079,1220
deepcti_mode_comparison_100_2026,llama3.1:8b,evidence_equal_one_shot,DCTI-KEV-099-CVE-2013-1690,uncertain,uncertain,1,0.6333333333333333,0,0.5,0.6666666666666666,0,1,1,1,5.5621662999999995,1242
deepcti_mode_comparison_100_2026,llama3.1:8b,evidence_equal_one_shot,DCTI-KEV-100-CVE-2013-2094,contradictory,contradictory,1,0.6,0,0.5,0.5,0,1,1,1,9.0342336,1496
deepcti_mode_comparison_100_2026,llama3.1:8b,initial_one_shot,DCTI-KEV-001-CVE-2002-0367,affected,affected,1,0.8,0,1.0,1.0,0,1,1,1,5.2524638999999995,1002
deepcti_mode_comparison_100_2026,llama3.1:8b,initial_one_shot,DCTI-KEV-002-CVE-2004-0210,not_applicable,not_applicable,1,0.8,1,0.0,1.0,0,1,1,1,3.8436142,901
deepcti_mode_comparison_100_2026,llama3.1:8b,initial_one_shot,DCTI-KEV-003-CVE-2004-1464,uncertain,uncertain,1,0.6333333333333333,0,0.5,0.6666666666666666,0,1,1,1,5.5970924,1076
deepcti_mode_comparison_100_2026,llama3.1:8b,initial_one_shot,DCTI-KEV-004-CVE-2005-2773,contradictory,contradictory,1,0.2,0,0.0,0.0,0,0,1,1,3.8822514,909
deepcti_mode_comparison_100_2026,llama3.1:8b,initial_one_shot,DCTI-KEV-005-CVE-2006-1547,affected,affected,1,0.8,0,1.0,1.0,0,1,1,1,7.10945,1164
deepcti_mode_comparison_100_2026,llama3.1:8b,initial_one_shot,DCTI-KEV-006-CVE-2006-2492,not_applicable,not_applicable,1,0.6,1,0.0,1.0,0,0,1,1,4.6735123000000005,951
deepcti_mode_comparison_100_2026,llama3.1:8b,initial_one_shot,DCTI-KEV-007-CVE-2007-0671,uncertain,uncertain,1,0.6333333333333333,0,0.5,0.6666666666666666,0,1,1,1,8.6592283,1354
deepcti_mode_comparison_100_2026,llama3.1:8b,initial_one_shot,DCTI-KEV-008-CVE-2007-3010,contradictory,contradictory,1,0.5,0,0.5,0.0,0,1,1,1,5.6309867,1048
deepcti_mode_comparison_100_2026,llama3.1:8b,initial_one_shot,DCTI-KEV-009-CVE-2007-5659,affected,affected,1,0.8,0,1.0,1.0,0,1,1,1,6.5323695,1103
deepcti_mode_comparison_100_2026,llama3.1:8b,initial_one_shot,DCTI-KEV-010-CVE-2008-0015,not_applicable,not_applicable,1,0.6,1,0.0,1.0,0,0,1,1,4.6303603,1022
deepcti_mode_comparison_100_2026,llama3.1:8b,initial_one_shot,DCTI-KEV-011-CVE-2008-0655,uncertain,uncertain,1,0.6333333333333333,0,0.5,0.6666666666666666,0,1,1,1,7.9361856,1211
deepcti_mode_comparison_100_2026,llama3.1:8b,initial_one_shot,DCTI-KEV-012-CVE-2008-2992,contradictory,contradictory,1,0.2,0,0.0,0.0,0,0,1,1,5.0439512,981
deepcti_mode_comparison_100_2026,llama3.1:8b,initial_one_shot,DCTI-KEV-013-CVE-2008-3431,affected,affected,1,1.0,1,1.0,1.0,0,1,1,1,6.139562700000001,1065
deepcti_mode_comparison_100_2026,llama3.1:8b,initial_one_shot,DCTI-KEV-014-CVE-2008-4128,not_applicable,not_applicable,1,0.8,1,0.0,1.0,0,1,1,1,4.513661,1080
deepcti_mode_comparison_100_2026,llama3.1:8b,initial_one_shot,DCTI-KEV-015-CVE-2008-4250,uncertain,uncertain,1,0.6333333333333333,0,0.5,0.6666666666666666,0,1,1,1,10.0326934,1383
deepcti_mode_comparison_100_2026,llama3.1:8b,initial_one_shot,DCTI-KEV-016-CVE-2009-0238,contradictory,contradictory,1,0.2,0,0.0,0.0,0,0,1,1,3.6411124,912
deepcti_mode_comparison_100_2026,llama3.1:8b,initial_one_shot,DCTI-KEV-017-CVE-2009-0556,affected,affected,1,0.8,0,1.0,1.0,0,1,1,1,7.0236346,1167
deepcti_mode_comparison_100_2026,llama3.1:8b,initial_one_shot,DCTI-KEV-018-CVE-2009-0557,not_applicable,not_applicable,1,0.6,1,0.0,1.0,0,0,1,1,5.338122500000001,1005
deepcti_mode_comparison_100_2026,llama3.1:8b,initial_one_shot,DCTI-KEV-019-CVE-2009-0563,uncertain,uncertain,1,0.6333333333333333,0,0.5,0.6666666666666666,0,1,1,1,4.8746939000000005,989
deepcti_mode_comparison_100_2026,llama3.1:8b,initial_one_shot,DCTI-KEV-020-CVE-2009-0927,contradictory,contradictory,1,0.2,0,0.0,0.0,0,0,1,1,6.4213353,1091
deepcti_mode_comparison_100_2026,llama3.1:8b,initial_one_shot,DCTI-KEV-021-CVE-2009-1123,affected,affected,1,0.8,0,1.0,1.0,0,1,1,1,6.5011613,1112
deepcti_mode_comparison_100_2026,llama3.1:8b,initial_one_shot,DCTI-KEV-022-CVE-2009-1151,not_applicable,not_applicable,1,0.6,0,0.0,1.0,0,1,1,1,6.280454499999999,1088
deepcti_mode_comparison_100_2026,llama3.1:8b,initial_one_shot,DCTI-KEV-023-CVE-2009-1537,uncertain,uncertain,1,0.6333333333333333,0,0.5,0.6666666666666666,0,1,1,1,6.864029,1165
deepcti_mode_comparison_100_2026,llama3.1:8b,initial_one_shot,DCTI-KEV-024-CVE-2009-1862,contradictory,contradictory,1,0.2,0,0.0,0.0,0,0,1,1,7.7304646,1217
deepcti_mode_comparison_100_2026,llama3.1:8b,initial_one_shot,DCTI-KEV-025-CVE-2009-2055,affected,affected,1,0.8,0,1.0,1.0,0,1,1,1,5.560631900000001,1041
deepcti_mode_comparison_100_2026,llama3.1:8b,initial_one_shot,DCTI-KEV-026-CVE-2009-3129,not_applicable,not_applicable,1,0.8,1,0.0,1.0,0,1,1,1,6.0666852,1089
deepcti_mode_comparison_100_2026,llama3.1:8b,initial_one_shot,DCTI-KEV-027-CVE-2009-3459,uncertain,uncertain,1,0.6333333333333333,0,0.5,0.6666666666666666,0,1,1,1,6.5597079,1170
deepcti_mode_comparison_100_2026,llama3.1:8b,initial_one_shot,DCTI-KEV-028-CVE-2009-3953,contradictory,contradictory,1,0.5,0,0.5,0.0,0,1,1,1,4.8723989,992
deepcti_mode_comparison_100_2026,llama3.1:8b,initial_one_shot,DCTI-KEV-029-CVE-2009-3960,affected,affected,1,0.8,0,1.0,1.0,0,1,1,1,6.5078037,1095
deepcti_mode_comparison_100_2026,llama3.1:8b,initial_one_shot,DCTI-KEV-030-CVE-2009-4324,not_applicable,not_applicable,1,0.6,1,0.0,1.0,0,0,1,1,4.779665,973
deepcti_mode_comparison_100_2026,llama3.1:8b,initial_one_shot,DCTI-KEV-031-CVE-2010-0188,uncertain,uncertain,1,0.6333333333333333,0,0.5,0.6666666666666666,0,1,1,1,6.0963628,1061
deepcti_mode_comparison_100_2026,llama3.1:8b,initial_one_shot,DCTI-KEV-032-CVE-2010-0232,contradictory,contradictory,1,0.2,0,0.0,0.0,0,0,1,1,5.5798024999999996,1058
deepcti_mode_comparison_100_2026,llama3.1:8b,initial_one_shot,DCTI-KEV-033-CVE-2010-0249,affected,affected,1,1.0,1,1.0,1.0,0,1,1,1,7.2238183,1208
deepcti_mode_comparison_100_2026,llama3.1:8b,initial_one_shot,DCTI-KEV-034-CVE-2010-0738,not_applicable,not_applicable,1,0.8,1,0.0,1.0,0,1,1,1,3.7222315,910
deepcti_mode_comparison_100_2026,llama3.1:8b,initial_one_shot,DCTI-KEV-035-CVE-2010-0806,uncertain,uncertain,1,0.6333333333333333,0,0.5,0.6666666666666666,0,1,1,1,6.7040847999999995,1204
deepcti_mode_comparison_100_2026,llama3.1:8b,initial_one_shot,DCTI-KEV-036-CVE-2010-0840,contradictory,contradictory,1,0.2,0,0.0,0.0,0,0,1,1,5.08442,1017
deepcti_mode_comparison_100_2026,llama3.1:8b,initial_one_shot,DCTI-KEV-037-CVE-2010-1297,affected,affected,1,0.7,0,0.5,1.0,0,1,1,1,6.902123899999999,1133
deepcti_mode_comparison_100_2026,llama3.1:8b,initial_one_shot,DCTI-KEV-038-CVE-2010-1428,not_applicable,not_applicable,1,0.8,1,0.0,1.0,0,1,1,1,3.8008784,928
deepcti_mode_comparison_100_2026,llama3.1:8b,initial_one_shot,DCTI-KEV-039-CVE-2010-1871,uncertain,uncertain,1,0.6333333333333333,0,0.5,0.6666666666666666,0,1,1,1,5.679161199999999,1099
deepcti_mode_comparison_100_2026,llama3.1:8b,initial_one_shot,DCTI-KEV-040-CVE-2010-2568,contradictory,contradictory,1,0.2,0,0.0,0.0,0,0,1,1,4.5325473,973
deepcti_mode_comparison_100_2026,llama3.1:8b,initial_one_shot,DCTI-KEV-041-CVE-2010-2572,affected,affected,1,0.8,0,1.0,1.0,0,1,1,1,5.1148819,1011
deepcti_mode_comparison_100_2026,llama3.1:8b,initial_one_shot,DCTI-KEV-042-CVE-2010-2861,not_applicable,not_applicable,1,0.6,1,0.0,1.0,0,0,1,1,5.409179,1044
deepcti_mode_comparison_100_2026,llama3.1:8b,initial_one_shot,DCTI-KEV-043-CVE-2010-2883,uncertain,uncertain,1,0.6333333333333333,0,0.5,0.6666666666666666,0,1,1,1,6.1439086,1084
deepcti_mode_comparison_100_2026,llama3.1:8b,initial_one_shot,DCTI-KEV-044-CVE-2010-3035,contradictory,contradictory,1,0.2,0,0.0,0.0,0,0,1,1,3.5387439,893
deepcti_mode_comparison_100_2026,llama3.1:8b,initial_one_shot,DCTI-KEV-045-CVE-2010-3333,affected,affected,1,0.8,0,1.0,1.0,0,1,1,1,6.747174,1135
deepcti_mode_comparison_100_2026,llama3.1:8b,initial_one_shot,DCTI-KEV-046-CVE-2010-3765,not_applicable,not_applicable,1,0.8,1,0.0,1.0,0,1,1,1,3.8462218,971
deepcti_mode_comparison_100_2026,llama3.1:8b,initial_one_shot,DCTI-KEV-047-CVE-2010-3904,uncertain,uncertain,1,0.6333333333333333,0,0.5,0.6666666666666666,0,1,1,1,6.0418181,1111
deepcti_mode_comparison_100_2026,llama3.1:8b,initial_one_shot,DCTI-KEV-048-CVE-2010-3962,contradictory,contradictory,1,0.5,0,0.5,0.0,0,1,1,1,3.7151243,952
deepcti_mode_comparison_100_2026,llama3.1:8b,initial_one_shot,DCTI-KEV-049-CVE-2010-4344,affected,affected,1,0.8,0,1.0,1.0,0,1,1,1,8.038796099999999,1216
deepcti_mode_comparison_100_2026,llama3.1:8b,initial_one_shot,DCTI-KEV-050-CVE-2010-4345,not_applicable,not_applicable,1,0.6,1,0.0,1.0,0,0,1,1,4.6310039,969
deepcti_mode_comparison_100_2026,llama3.1:8b,initial_one_shot,DCTI-KEV-051-CVE-2010-4398,uncertain,uncertain,1,0.6333333333333333,0,0.5,0.6666666666666666,0,1,1,1,6.6105803,1120
deepcti_mode_comparison_100_2026,llama3.1:8b,initial_one_shot,DCTI-KEV-052-CVE-2010-5326,contradictory,contradictory,1,0.5,0,0.5,0.0,0,1,1,1,4.978248,999
deepcti_mode_comparison_100_2026,llama3.1:8b,initial_one_shot,DCTI-KEV-053-CVE-2010-5330,affected,affected,1,0.7,0,0.5,1.0,0,1,1,1,6.2135024,1100
deepcti_mode_comparison_100_2026,llama3.1:8b,initial_one_shot,DCTI-KEV-054-CVE-2011-0609,not_applicable,not_applicable,1,0.6,1,0.0,1.0,0,0,1,1,5.2391525,1009
deepcti_mode_comparison_100_2026,llama3.1:8b,initial_one_shot,DCTI-KEV-055-CVE-2011-0611,uncertain,uncertain,1,0.6333333333333333,0,0.5,0.6666666666666666,0,1,1,1,6.6693869,1144
deepcti_mode_comparison_100_2026,llama3.1:8b,initial_one_shot,DCTI-KEV-056-CVE-2011-1823,contradictory,contradictory,1,0.4,0,0.0,0.0,0,1,1,1,6.3561803,1108
deepcti_mode_comparison_100_2026,llama3.1:8b,initial_one_shot,DCTI-KEV-057-CVE-2011-1889,affected,affected,1,1.0,1,1.0,1.0,0,1,1,1,7.3183064,1186
deepcti_mode_comparison_100_2026,llama3.1:8b,initial_one_shot,DCTI-KEV-058-CVE-2011-2005,not_applicable,not_applicable,1,0.6,0,0.0,1.0,0,1,1,1,6.6957944,1147
deepcti_mode_comparison_100_2026,llama3.1:8b,initial_one_shot,DCTI-KEV-059-CVE-2011-2462,uncertain,uncertain,1,0.6333333333333333,0,0.5,0.6666666666666666,0,1,1,1,5.7662005,1057
deepcti_mode_comparison_100_2026,llama3.1:8b,initial_one_shot,DCTI-KEV-060-CVE-2011-3402,contradictory,contradictory,1,0.2,0,0.0,0.0,0,0,1,1,4.7624844,1006
deepcti_mode_comparison_100_2026,llama3.1:8b,initial_one_shot,DCTI-KEV-061-CVE-2011-3544,affected,affected,1,1.0,1,1.0,1.0,0,1,1,1,6.6445131,1120
deepcti_mode_comparison_100_2026,llama3.1:8b,initial_one_shot,DCTI-KEV-062-CVE-2011-4723,not_applicable,not_applicable,1,0.8,1,0.0,1.0,0,1,1,1,6.3904977,1118
deepcti_mode_comparison_100_2026,llama3.1:8b,initial_one_shot,DCTI-KEV-063-CVE-2012-0151,uncertain,uncertain,1,0.6333333333333333,0,0.5,0.6666666666666666,0,1,1,1,6.527195399999999,1121
deepcti_mode_comparison_100_2026,llama3.1:8b,initial_one_shot,DCTI-KEV-064-CVE-2012-0158,contradictory,contradictory,1,0.2,0,0.0,0.0,0,0,1,1,6.4162661,1117
deepcti_mode_comparison_100_2026,llama3.1:8b,initial_one_shot,DCTI-KEV-065-CVE-2012-0391,affected,affected,1,1.0,1,1.0,1.0,0,1,1,1,6.2923434,1087
deepcti_mode_comparison_100_2026,llama3.1:8b,initial_one_shot,DCTI-KEV-066-CVE-2012-0507,not_applicable,not_applicable,1,0.6,1,0.0,1.0,0,0,1,1,5.292013,1010
deepcti_mode_comparison_100_2026,llama3.1:8b,initial_one_shot,DCTI-KEV-067-CVE-2012-0518,uncertain,uncertain,1,0.6333333333333333,0,0.5,0.6666666666666666,0,1,1,1,7.8786125,1206
deepcti_mode_comparison_100_2026,llama3.1:8b,initial_one_shot,DCTI-KEV-068-CVE-2012-0754,contradictory,contradictory,1,0.5,0,0.5,0.0,0,1,1,1,5.995308,1065
deepcti_mode_comparison_100_2026,llama3.1:8b,initial_one_shot,DCTI-KEV-069-CVE-2012-0767,affected,affected,1,0.8,0,1.0,1.0,0,1,1,1,5.686079800000001,1074
deepcti_mode_comparison_100_2026,llama3.1:8b,initial_one_shot,DCTI-KEV-070-CVE-2012-1535,not_applicable,not_applicable,1,0.8,1,0.0,1.0,0,1,1,1,5.8663848,1077
deepcti_mode_comparison_100_2026,llama3.1:8b,initial_one_shot,DCTI-KEV-071-CVE-2012-1710,uncertain,uncertain,1,0.6333333333333333,0,0.5,0.6666666666666666,0,1,1,1,6.4762004,1106
deepcti_mode_comparison_100_2026,llama3.1:8b,initial_one_shot,DCTI-KEV-072-CVE-2012-1723,contradictory,contradictory,1,0.2,0,0.0,0.0,0,0,1,1,6.2594068,1105
deepcti_mode_comparison_100_2026,llama3.1:8b,initial_one_shot,DCTI-KEV-073-CVE-2012-1823,affected,affected,1,0.8,0,1.0,1.0,0,1,1,1,5.4127744,1021
deepcti_mode_comparison_100_2026,llama3.1:8b,initial_one_shot,DCTI-KEV-074-CVE-2012-1854,not_applicable,not_applicable,1,0.6,0,0.0,1.0,0,1,1,1,9.5746927,1352
deepcti_mode_comparison_100_2026,llama3.1:8b,initial_one_shot,DCTI-KEV-075-CVE-2012-1856,uncertain,uncertain,1,0.6333333333333333,0,0.5,0.6666666666666666,0,1,1,1,5.475337000000001,1049
deepcti_mode_comparison_100_2026,llama3.1:8b,initial_one_shot,DCTI-KEV-076-CVE-2012-1889,contradictory,contradictory,1,0.2,0,0.0,0.0,0,0,1,1,5.5221727000000005,1021
deepcti_mode_comparison_100_2026,llama3.1:8b,initial_one_shot,DCTI-KEV-077-CVE-2012-2034,affected,affected,1,0.7,0,0.5,1.0,0,1,1,1,6.5809342,1121
deepcti_mode_comparison_100_2026,llama3.1:8b,initial_one_shot,DCTI-KEV-078-CVE-2012-2539,not_applicable,not_applicable,1,0.6,1,0.0,1.0,0,0,1,1,5.2234324,998
deepcti_mode_comparison_100_2026,llama3.1:8b,initial_one_shot,DCTI-KEV-079-CVE-2012-3152,uncertain,uncertain,1,0.6333333333333333,0,0.5,0.6666666666666666,0,1,1,1,6.8485385999999995,1118
deepcti_mode_comparison_100_2026,llama3.1:8b,initial_one_shot,DCTI-KEV-080-CVE-2012-4681,contradictory,contradictory,1,0.2,0,0.0,0.0,0,0,1,1,6.017940899999999,1063
deepcti_mode_comparison_100_2026,llama3.1:8b,initial_one_shot,DCTI-KEV-081-CVE-2012-4792,affected,affected,1,0.8,0,1.0,1.0,0,1,1,1,5.6229003,1072
deepcti_mode_comparison_100_2026,llama3.1:8b,initial_one_shot,DCTI-KEV-082-CVE-2012-4969,not_applicable,not_applicable,1,0.4,0,0.0,1.0,0,0,1,1,6.1315479999999996,1066
deepcti_mode_comparison_100_2026,llama3.1:8b,initial_one_shot,DCTI-KEV-083-CVE-2012-5054,uncertain,uncertain,1,0.6333333333333333,0,0.5,0.6666666666666666,0,1,1,1,6.749875,1119
deepcti_mode_comparison_100_2026,llama3.1:8b,initial_one_shot,DCTI-KEV-084-CVE-2012-5076,contradictory,contradictory,1,0.5,0,0.5,0.0,0,1,1,1,6.1140992999999995,1085
deepcti_mode_comparison_100_2026,llama3.1:8b,initial_one_shot,DCTI-KEV-085-CVE-2013-0074,affected,affected,1,0.7,0,0.5,1.0,0,1,1,1,6.7288009,1122
deepcti_mode_comparison_100_2026,llama3.1:8b,initial_one_shot,DCTI-KEV-086-CVE-2013-0422,not_applicable,not_applicable,1,0.6,1,0.0,1.0,0,0,1,1,5.3705815,1020
deepcti_mode_comparison_100_2026,llama3.1:8b,initial_one_shot,DCTI-KEV-087-CVE-2013-0431,uncertain,uncertain,1,0.6333333333333333,0,0.5,0.6666666666666666,0,1,1,1,7.1386901,1168
deepcti_mode_comparison_100_2026,llama3.1:8b,initial_one_shot,DCTI-KEV-088-CVE-2013-0625,contradictory,contradictory,1,0.5,0,0.5,0.0,0,1,1,1,5.9893976,1048
deepcti_mode_comparison_100_2026,llama3.1:8b,initial_one_shot,DCTI-KEV-089-CVE-2013-0629,affected,affected,1,0.9,1,0.5,1.0,0,1,1,1,5.4929523,1021
deepcti_mode_comparison_100_2026,llama3.1:8b,initial_one_shot,DCTI-KEV-090-CVE-2013-0631,not_applicable,not_applicable,1,0.6,1,0.0,1.0,0,0,1,1,5.6413483,1028
deepcti_mode_comparison_100_2026,llama3.1:8b,initial_one_shot,DCTI-KEV-091-CVE-2013-0632,uncertain,uncertain,1,0.6333333333333333,0,0.5,0.6666666666666666,0,1,1,1,5.709542000000001,1053
deepcti_mode_comparison_100_2026,llama3.1:8b,initial_one_shot,DCTI-KEV-092-CVE-2013-0640,contradictory,contradictory,1,0.2,0,0.0,0.0,0,0,1,1,6.233180900000001,1076
deepcti_mode_comparison_100_2026,llama3.1:8b,initial_one_shot,DCTI-KEV-093-CVE-2013-0641,affected,affected,1,0.8,0,1.0,1.0,0,1,1,1,6.1032465,1071
deepcti_mode_comparison_100_2026,llama3.1:8b,initial_one_shot,DCTI-KEV-094-CVE-2013-0643,not_applicable,not_applicable,1,0.8,1,0.0,1.0,0,1,1,1,4.8258193,1010
deepcti_mode_comparison_100_2026,llama3.1:8b,initial_one_shot,DCTI-KEV-095-CVE-2013-0648,uncertain,uncertain,1,0.6333333333333333,0,0.5,0.6666666666666666,0,1,1,1,6.8513246,1159
deepcti_mode_comparison_100_2026,llama3.1:8b,initial_one_shot,DCTI-KEV-096-CVE-2013-1331,contradictory,contradictory,1,0.2,0,0.0,0.0,0,0,1,1,6.1008089,1073
deepcti_mode_comparison_100_2026,llama3.1:8b,initial_one_shot,DCTI-KEV-097-CVE-2013-1347,affected,affected,1,0.9,1,0.5,1.0,0,1,1,1,6.384056800000001,1105
deepcti_mode_comparison_100_2026,llama3.1:8b,initial_one_shot,DCTI-KEV-098-CVE-2013-1675,not_applicable,not_applicable,1,0.6,0,0.0,1.0,0,1,1,1,5.9820449,1101
deepcti_mode_comparison_100_2026,llama3.1:8b,initial_one_shot,DCTI-KEV-099-CVE-2013-1690,uncertain,uncertain,1,0.6333333333333333,0,0.5,0.6666666666666666,0,1,1,1,5.780230899999999,1093
deepcti_mode_comparison_100_2026,llama3.1:8b,initial_one_shot,DCTI-KEV-100-CVE-2013-2094,contradictory,contradictory,1,0.2,0,0.0,0.0,0,0,1,1,6.4192886,1120
deepcti_mode_comparison_100_2026,llama3.1:8b,iterative_no_memory,DCTI-KEV-001-CVE-2002-0367,affected,affected,3,1.0,1,1.0,1.0,0,1,1,3,16.9248425,3310
deepcti_mode_comparison_100_2026,llama3.1:8b,iterative_no_memory,DCTI-KEV-002-CVE-2004-0210,not_applicable,not_applicable,3,0.9,1,0.5,1.0,0,1,1,3,12.4204823,2997
deepcti_mode_comparison_100_2026,llama3.1:8b,iterative_no_memory,DCTI-KEV-003-CVE-2004-1464,uncertain,uncertain,3,0.6333333333333333,0,0.5,0.6666666666666666,0,1,1,3,18.144988400000003,3504
deepcti_mode_comparison_100_2026,llama3.1:8b,iterative_no_memory,DCTI-KEV-004-CVE-2005-2773,contradictory,contradictory,3,0.5,0,0.5,0.0,0,1,1,3,17.2897832,3365
deepcti_mode_comparison_100_2026,llama3.1:8b,iterative_no_memory,DCTI-KEV-005-CVE-2006-1547,affected,affected,3,0.9,1,0.5,1.0,0,1,1,3,17.7333632,3474
deepcti_mode_comparison_100_2026,llama3.1:8b,iterative_no_memory,DCTI-KEV-006-CVE-2006-2492,not_applicable,not_applicable,3,0.9,1,0.5,1.0,0,1,1,3,13.6891315,3069
deepcti_mode_comparison_100_2026,llama3.1:8b,iterative_no_memory,DCTI-KEV-007-CVE-2007-0671,uncertain,uncertain,3,0.7,0,0.5,1.0,0,1,1,3,26.155124599999997,4271
deepcti_mode_comparison_100_2026,llama3.1:8b,iterative_no_memory,DCTI-KEV-008-CVE-2007-3010,contradictory,contradictory,3,0.3,0,0.0,0.5,0,0,1,3,20.2281274,3684
deepcti_mode_comparison_100_2026,llama3.1:8b,iterative_no_memory,DCTI-KEV-009-CVE-2007-5659,affected,affected,3,0.9,1,0.5,1.0,0,1,1,3,17.7691088,3427
deepcti_mode_comparison_100_2026,llama3.1:8b,iterative_no_memory,DCTI-KEV-010-CVE-2008-0015,not_applicable,not_applicable,3,0.9,1,0.5,1.0,0,1,1,3,10.969655999999999,3071
deepcti_mode_comparison_100_2026,llama3.1:8b,iterative_no_memory,DCTI-KEV-011-CVE-2008-0655,uncertain,uncertain,3,0.6333333333333333,0,0.5,0.6666666666666666,0,1,1,3,18.8194214,3492
deepcti_mode_comparison_100_2026,llama3.1:8b,iterative_no_memory,DCTI-KEV-012-CVE-2008-2992,contradictory,contradictory,3,0.6,0,0.5,0.5,0,1,1,3,21.4981903,3725
deepcti_mode_comparison_100_2026,llama3.1:8b,iterative_no_memory,DCTI-KEV-013-CVE-2008-3431,affected,affected,3,0.9,1,0.5,1.0,0,1,1,3,17.4794892,3378
deepcti_mode_comparison_100_2026,llama3.1:8b,iterative_no_memory,DCTI-KEV-014-CVE-2008-4128,not_applicable,not_applicable,3,1.0,1,1.0,1.0,0,1,1,3,14.7327242,3576
deepcti_mode_comparison_100_2026,llama3.1:8b,iterative_no_memory,DCTI-KEV-015-CVE-2008-4250,uncertain,uncertain,3,0.6333333333333333,0,0.5,0.6666666666666666,0,1,1,3,21.108425899999997,3619
deepcti_mode_comparison_100_2026,llama3.1:8b,iterative_no_memory,DCTI-KEV-016-CVE-2009-0238,contradictory,contradictory,3,0.7,0,1.0,0.5,0,1,1,3,17.438938,3418
deepcti_mode_comparison_100_2026,llama3.1:8b,iterative_no_memory,DCTI-KEV-017-CVE-2009-0556,affected,affected,3,1.0,1,1.0,1.0,0,1,1,3,24.1927277,3949
deepcti_mode_comparison_100_2026,llama3.1:8b,iterative_no_memory,DCTI-KEV-018-CVE-2009-0557,not_applicable,not_applicable,3,1.0,1,1.0,1.0,0,1,1,3,17.5083168,3308
deepcti_mode_comparison_100_2026,llama3.1:8b,iterative_no_memory,DCTI-KEV-019-CVE-2009-0563,uncertain,uncertain,3,0.6333333333333333,0,0.5,0.6666666666666666,0,1,1,3,16.1963319,3241
deepcti_mode_comparison_100_2026,llama3.1:8b,iterative_no_memory,DCTI-KEV-020-CVE-2009-0927,contradictory,contradictory,3,0.6,0,0.5,0.5,0,1,1,3,19.6521574,3552
deepcti_mode_comparison_100_2026,llama3.1:8b,iterative_no_memory,DCTI-KEV-021-CVE-2009-1123,affected,affected,3,1.0,1,1.0,1.0,0,1,1,3,16.8635804,3385
deepcti_mode_comparison_100_2026,llama3.1:8b,iterative_no_memory,DCTI-KEV-022-CVE-2009-1151,not_applicable,not_applicable,3,1.0,1,1.0,1.0,0,1,1,3,16.3288639,3343
deepcti_mode_comparison_100_2026,llama3.1:8b,iterative_no_memory,DCTI-KEV-023-CVE-2009-1537,uncertain,uncertain,3,0.6333333333333333,0,0.5,0.6666666666666666,0,1,1,3,19.249316400000005,3681
deepcti_mode_comparison_100_2026,llama3.1:8b,iterative_no_memory,DCTI-KEV-024-CVE-2009-1862,contradictory,contradictory,3,0.5,0,0.5,0.0,0,1,1,3,19.6431239,3653
deepcti_mode_comparison_100_2026,llama3.1:8b,iterative_no_memory,DCTI-KEV-025-CVE-2009-2055,affected,affected,3,0.9,1,0.5,1.0,0,1,1,3,15.9297451,3329
deepcti_mode_comparison_100_2026,llama3.1:8b,iterative_no_memory,DCTI-KEV-026-CVE-2009-3129,not_applicable,not_applicable,3,1.0,1,1.0,1.0,0,1,1,3,16.4124335,3344
deepcti_mode_comparison_100_2026,llama3.1:8b,iterative_no_memory,DCTI-KEV-027-CVE-2009-3459,uncertain,uncertain,3,0.7,0,0.5,1.0,0,1,1,3,21.3375386,3820
deepcti_mode_comparison_100_2026,llama3.1:8b,iterative_no_memory,DCTI-KEV-028-CVE-2009-3953,contradictory,contradictory,3,0.7,0,1.0,0.5,0,1,1,3,20.532649100000004,3638
deepcti_mode_comparison_100_2026,llama3.1:8b,iterative_no_memory,DCTI-KEV-029-CVE-2009-3960,affected,affected,3,0.9,1,0.5,1.0,0,1,1,3,14.761089400000001,3195
deepcti_mode_comparison_100_2026,llama3.1:8b,iterative_no_memory,DCTI-KEV-030-CVE-2009-4324,not_applicable,not_applicable,3,0.9,1,0.5,1.0,0,1,1,3,17.9169898,3432
deepcti_mode_comparison_100_2026,llama3.1:8b,iterative_no_memory,DCTI-KEV-031-CVE-2010-0188,uncertain,uncertain,3,0.6333333333333333,0,0.5,0.6666666666666666,0,1,1,3,15.5382212,3253
deepcti_mode_comparison_100_2026,llama3.1:8b,iterative_no_memory,DCTI-KEV-032-CVE-2010-0232,contradictory,contradictory,3,0.6,0,0.5,0.5,0,1,1,3,18.439966799999997,3515
deepcti_mode_comparison_100_2026,llama3.1:8b,iterative_no_memory,DCTI-KEV-033-CVE-2010-0249,affected,affected,3,1.0,1,1.0,1.0,0,1,1,3,24.5156052,4089
deepcti_mode_comparison_100_2026,llama3.1:8b,iterative_no_memory,DCTI-KEV-034-CVE-2010-0738,not_applicable,not_applicable,3,0.8,1,0.0,1.0,0,1,1,3,15.3971754,3299
deepcti_mode_comparison_100_2026,llama3.1:8b,iterative_no_memory,DCTI-KEV-035-CVE-2010-0806,uncertain,uncertain,3,0.6333333333333333,0,0.5,0.6666666666666666,0,1,1,3,23.1231782,3993
deepcti_mode_comparison_100_2026,llama3.1:8b,iterative_no_memory,DCTI-KEV-036-CVE-2010-0840,contradictory,contradictory,3,0.2,0,0.0,0.0,0,0,1,3,19.6931112,3649
deepcti_mode_comparison_100_2026,llama3.1:8b,iterative_no_memory,DCTI-KEV-037-CVE-2010-1297,affected,affected,3,0.9,1,0.5,1.0,0,1,1,3,22.9454555,3832
deepcti_mode_comparison_100_2026,llama3.1:8b,iterative_no_memory,DCTI-KEV-038-CVE-2010-1428,not_applicable,not_applicable,3,1.0,1,1.0,1.0,0,1,1,3,13.792933399999997,3214
deepcti_mode_comparison_100_2026,llama3.1:8b,iterative_no_memory,DCTI-KEV-039-CVE-2010-1871,uncertain,uncertain,3,0.6333333333333333,0,0.5,0.6666666666666666,0,1,1,3,18.145036500000003,3549
deepcti_mode_comparison_100_2026,llama3.1:8b,iterative_no_memory,DCTI-KEV-040-CVE-2010-2568,contradictory,contradictory,3,0.5,0,0.0,0.5,0,1,1,3,17.6445979,3446
deepcti_mode_comparison_100_2026,llama3.1:8b,iterative_no_memory,DCTI-KEV-041-CVE-2010-2572,affected,affected,3,1.0,1,1.0,1.0,0,1,1,3,15.434944400000001,3248
deepcti_mode_comparison_100_2026,llama3.1:8b,iterative_no_memory,DCTI-KEV-042-CVE-2010-2861,not_applicable,not_applicable,3,0.9,1,0.5,1.0,0,1,1,3,16.859382,3317
deepcti_mode_comparison_100_2026,llama3.1:8b,iterative_no_memory,DCTI-KEV-043-CVE-2010-2883,uncertain,uncertain,3,0.6333333333333333,0,0.5,0.6666666666666666,0,1,1,3,17.700162799999998,3425
deepcti_mode_comparison_100_2026,llama3.1:8b,iterative_no_memory,DCTI-KEV-044-CVE-2010-3035,contradictory,contradictory,3,0.6,0,0.5,0.5,0,1,1,3,15.2543603,3277
deepcti_mode_comparison_100_2026,llama3.1:8b,iterative_no_memory,DCTI-KEV-045-CVE-2010-3333,affected,affected,3,1.0,1,1.0,1.0,0,1,1,3,18.1874407,3426
deepcti_mode_comparison_100_2026,llama3.1:8b,iterative_no_memory,DCTI-KEV-046-CVE-2010-3765,not_applicable,not_applicable,3,1.0,1,1.0,1.0,0,1,1,3,15.5984862,3436
deepcti_mode_comparison_100_2026,llama3.1:8b,iterative_no_memory,DCTI-KEV-047-CVE-2010-3904,uncertain,uncertain,3,0.6333333333333333,0,0.5,0.6666666666666666,0,1,1,3,21.6750075,3784
deepcti_mode_comparison_100_2026,llama3.1:8b,iterative_no_memory,DCTI-KEV-048-CVE-2010-3962,contradictory,contradictory,3,0.2,0,0.0,0.0,0,0,1,3,15.0889027,3384
deepcti_mode_comparison_100_2026,llama3.1:8b,iterative_no_memory,DCTI-KEV-049-CVE-2010-4344,affected,affected,3,1.0,1,1.0,1.0,0,1,1,3,17.4859129,3437
deepcti_mode_comparison_100_2026,llama3.1:8b,iterative_no_memory,DCTI-KEV-050-CVE-2010-4345,not_applicable,not_applicable,3,1.0,1,1.0,1.0,0,1,1,3,18.950966500000003,3483
deepcti_mode_comparison_100_2026,llama3.1:8b,iterative_no_memory,DCTI-KEV-051-CVE-2010-4398,uncertain,uncertain,3,0.6333333333333333,0,0.5,0.6666666666666666,0,1,1,3,1213.1294355000002,3498
deepcti_mode_comparison_100_2026,llama3.1:8b,iterative_no_memory,DCTI-KEV-052-CVE-2010-5326,contradictory,contradictory,3,0.2,0,0.0,0.0,0,0,1,3,18.962704900000002,3494
deepcti_mode_comparison_100_2026,llama3.1:8b,iterative_no_memory,DCTI-KEV-053-CVE-2010-5330,affected,affected,3,0.9,1,0.5,1.0,0,1,1,3,16.093321,3313
deepcti_mode_comparison_100_2026,llama3.1:8b,iterative_no_memory,DCTI-KEV-054-CVE-2011-0609,not_applicable,not_applicable,3,0.8,1,0.0,1.0,0,1,1,3,20.1359107,3632
deepcti_mode_comparison_100_2026,llama3.1:8b,iterative_no_memory,DCTI-KEV-055-CVE-2011-0611,uncertain,uncertain,3,0.6333333333333333,0,0.5,0.6666666666666666,0,1,1,3,26.2864038,4098
deepcti_mode_comparison_100_2026,llama3.1:8b,iterative_no_memory,DCTI-KEV-056-CVE-2011-1823,contradictory,contradictory,3,0.6,0,0.5,0.5,0,1,1,3,16.940180599999998,3431
deepcti_mode_comparison_100_2026,llama3.1:8b,iterative_no_memory,DCTI-KEV-057-CVE-2011-1889,affected,affected,3,1.0,1,1.0,1.0,0,1,1,3,17.3749496,3475
deepcti_mode_comparison_100_2026,llama3.1:8b,iterative_no_memory,DCTI-KEV-058-CVE-2011-2005,not_applicable,not_applicable,3,1.0,1,1.0,1.0,0,1,1,3,18.202292,3507
deepcti_mode_comparison_100_2026,llama3.1:8b,iterative_no_memory,DCTI-KEV-059-CVE-2011-2462,uncertain,uncertain,3,0.7333333333333333,0,1.0,0.6666666666666666,0,1,1,3,19.404448199999997,3614
deepcti_mode_comparison_100_2026,llama3.1:8b,iterative_no_memory,DCTI-KEV-060-CVE-2011-3402,contradictory,contradictory,3,0.4,1,0.0,0.0,0,0,1,3,18.766129399999997,3641
deepcti_mode_comparison_100_2026,llama3.1:8b,iterative_no_memory,DCTI-KEV-061-CVE-2011-3544,affected,affected,3,0.9,1,0.5,1.0,0,1,1,3,17.8477112,3478
deepcti_mode_comparison_100_2026,llama3.1:8b,iterative_no_memory,DCTI-KEV-062-CVE-2011-4723,not_applicable,not_applicable,3,1.0,1,1.0,1.0,0,1,1,3,24.043308,3954
deepcti_mode_comparison_100_2026,llama3.1:8b,iterative_no_memory,DCTI-KEV-063-CVE-2012-0151,uncertain,uncertain,3,0.6333333333333333,0,0.5,0.6666666666666666,0,1,1,3,20.4541717,3655
deepcti_mode_comparison_100_2026,llama3.1:8b,iterative_no_memory,DCTI-KEV-064-CVE-2012-0158,contradictory,contradictory,3,0.6,0,0.5,0.5,0,1,1,3,20.5108393,3700
deepcti_mode_comparison_100_2026,llama3.1:8b,iterative_no_memory,DCTI-KEV-065-CVE-2012-0391,affected,affected,3,1.0,1,1.0,1.0,0,1,1,3,17.50066,3434
deepcti_mode_comparison_100_2026,llama3.1:8b,iterative_no_memory,DCTI-KEV-066-CVE-2012-0507,not_applicable,not_applicable,3,1.0,1,1.0,1.0,0,1,1,3,16.466845699999997,3306
deepcti_mode_comparison_100_2026,llama3.1:8b,iterative_no_memory,DCTI-KEV-067-CVE-2012-0518,uncertain,uncertain,3,0.6333333333333333,0,0.5,0.6666666666666666,0,1,1,3,20.310422900000002,3591
deepcti_mode_comparison_100_2026,llama3.1:8b,iterative_no_memory,DCTI-KEV-068-CVE-2012-0754,contradictory,contradictory,3,0.6,0,0.5,0.5,0,1,1,3,20.451213,3634
deepcti_mode_comparison_100_2026,llama3.1:8b,iterative_no_memory,DCTI-KEV-069-CVE-2012-0767,affected,affected,3,1.0,1,1.0,1.0,0,1,1,3,20.1774657,3618
deepcti_mode_comparison_100_2026,llama3.1:8b,iterative_no_memory,DCTI-KEV-070-CVE-2012-1535,not_applicable,not_applicable,3,1.0,1,1.0,1.0,0,1,1,3,18.3291643,3474
deepcti_mode_comparison_100_2026,llama3.1:8b,iterative_no_memory,DCTI-KEV-071-CVE-2012-1710,uncertain,uncertain,3,0.6333333333333333,0,0.5,0.6666666666666666,0,1,1,3,20.536674899999998,3637
deepcti_mode_comparison_100_2026,llama3.1:8b,iterative_no_memory,DCTI-KEV-072-CVE-2012-1723,contradictory,contradictory,3,0.3,0,0.0,0.5,0,0,1,3,20.1213233,3600
deepcti_mode_comparison_100_2026,llama3.1:8b,iterative_no_memory,DCTI-KEV-073-CVE-2012-1823,affected,affected,3,0.9,1,0.5,1.0,0,1,1,3,16.7965509,3354
deepcti_mode_comparison_100_2026,llama3.1:8b,iterative_no_memory,DCTI-KEV-074-CVE-2012-1854,not_applicable,not_applicable,3,1.0,1,1.0,1.0,0,1,1,3,23.377938099999998,3915
deepcti_mode_comparison_100_2026,llama3.1:8b,iterative_no_memory,DCTI-KEV-075-CVE-2012-1856,uncertain,uncertain,3,0.6333333333333333,0,0.5,0.6666666666666666,0,1,1,3,17.6279701,3471
deepcti_mode_comparison_100_2026,llama3.1:8b,iterative_no_memory,DCTI-KEV-076-CVE-2012-1889,contradictory,contradictory,3,0.6,0,0.5,0.5,0,1,1,3,16.763583399999998,3292
deepcti_mode_comparison_100_2026,llama3.1:8b,iterative_no_memory,DCTI-KEV-077-CVE-2012-2034,affected,affected,3,1.0,1,1.0,1.0,0,1,1,3,24.4908393,3951
deepcti_mode_comparison_100_2026,llama3.1:8b,iterative_no_memory,DCTI-KEV-078-CVE-2012-2539,not_applicable,not_applicable,3,1.0,1,1.0,1.0,0,1,1,3,13.033502400000001,3015
deepcti_mode_comparison_100_2026,llama3.1:8b,iterative_no_memory,DCTI-KEV-079-CVE-2012-3152,uncertain,uncertain,3,0.6333333333333333,0,0.5,0.6666666666666666,0,1,1,3,18.683920599999997,3461
deepcti_mode_comparison_100_2026,llama3.1:8b,iterative_no_memory,DCTI-KEV-080-CVE-2012-4681,contradictory,contradictory,3,0.5,0,0.0,0.5,0,1,1,3,18.6654423,3492
deepcti_mode_comparison_100_2026,llama3.1:8b,iterative_no_memory,DCTI-KEV-081-CVE-2012-4792,affected,affected,3,1.0,1,1.0,1.0,0,1,1,3,16.660019000000002,3424
deepcti_mode_comparison_100_2026,llama3.1:8b,iterative_no_memory,DCTI-KEV-082-CVE-2012-4969,not_applicable,not_applicable,3,1.0,1,1.0,1.0,0,1,1,3,14.1163983,3096
deepcti_mode_comparison_100_2026,llama3.1:8b,iterative_no_memory,DCTI-KEV-083-CVE-2012-5054,uncertain,uncertain,3,0.6333333333333333,0,0.5,0.6666666666666666,0,1,1,3,22.0714116,3760
deepcti_mode_comparison_100_2026,llama3.1:8b,iterative_no_memory,DCTI-KEV-084-CVE-2012-5076,contradictory,contradictory,3,0.7,0,1.0,0.5,0,1,1,3,24.1970601,3966
deepcti_mode_comparison_100_2026,llama3.1:8b,iterative_no_memory,DCTI-KEV-085-CVE-2013-0074,affected,affected,3,1.0,1,1.0,1.0,0,1,1,3,16.4961537,3336
deepcti_mode_comparison_100_2026,llama3.1:8b,iterative_no_memory,DCTI-KEV-086-CVE-2013-0422,not_applicable,not_applicable,3,1.0,1,1.0,1.0,0,1,1,3,18.6599876,3466
deepcti_mode_comparison_100_2026,llama3.1:8b,iterative_no_memory,DCTI-KEV-087-CVE-2013-0431,uncertain,uncertain,3,0.6333333333333333,0,0.5,0.6666666666666666,0,1,1,3,21.313962800000002,3721
deepcti_mode_comparison_100_2026,llama3.1:8b,iterative_no_memory,DCTI-KEV-088-CVE-2013-0625,contradictory,contradictory,3,0.6,0,0.5,0.5,0,1,1,3,18.1238586,3424
deepcti_mode_comparison_100_2026,llama3.1:8b,iterative_no_memory,DCTI-KEV-089-CVE-2013-0629,affected,affected,3,1.0,1,1.0,1.0,0,1,1,3,16.432042799999998,3312
deepcti_mode_comparison_100_2026,llama3.1:8b,iterative_no_memory,DCTI-KEV-090-CVE-2013-0631,not_applicable,not_applicable,3,0.8,1,0.0,1.0,0,1,1,3,19.7890473,3535
deepcti_mode_comparison_100_2026,llama3.1:8b,iterative_no_memory,DCTI-KEV-091-CVE-2013-0632,uncertain,uncertain,3,0.6333333333333333,0,0.5,0.6666666666666666,0,1,1,3,16.3586946,3309
deepcti_mode_comparison_100_2026,llama3.1:8b,iterative_no_memory,DCTI-KEV-092-CVE-2013-0640,contradictory,contradictory,3,0.6,0,0.5,0.5,0,1,1,3,18.929303500000003,3499
deepcti_mode_comparison_100_2026,llama3.1:8b,iterative_no_memory,DCTI-KEV-093-CVE-2013-0641,affected,affected,3,0.9,1,0.5,1.0,0,1,1,3,18.374735200000003,3412
deepcti_mode_comparison_100_2026,llama3.1:8b,iterative_no_memory,DCTI-KEV-094-CVE-2013-0643,not_applicable,not_applicable,3,0.8,1,0.0,1.0,0,1,1,3,18.6264577,3496
deepcti_mode_comparison_100_2026,llama3.1:8b,iterative_no_memory,DCTI-KEV-095-CVE-2013-0648,uncertain,uncertain,3,0.6333333333333333,0,0.5,0.6666666666666666,0,1,1,3,24.9647551,3988
deepcti_mode_comparison_100_2026,llama3.1:8b,iterative_no_memory,DCTI-KEV-096-CVE-2013-1331,contradictory,contradictory,3,0.4,0,0.0,0.0,0,1,1,3,22.1160786,3685
deepcti_mode_comparison_100_2026,llama3.1:8b,iterative_no_memory,DCTI-KEV-097-CVE-2013-1347,affected,affected,3,0.9,1,0.5,1.0,0,1,1,3,17.2599996,3346
deepcti_mode_comparison_100_2026,llama3.1:8b,iterative_no_memory,DCTI-KEV-098-CVE-2013-1675,not_applicable,not_applicable,3,1.0,1,1.0,1.0,0,1,1,3,160.8110232,3233
deepcti_mode_comparison_100_2026,llama3.1:8b,iterative_no_memory,DCTI-KEV-099-CVE-2013-1690,uncertain,uncertain,3,0.6333333333333333,0,0.5,0.6666666666666666,0,1,1,3,18.9919742,3532
deepcti_mode_comparison_100_2026,llama3.1:8b,iterative_no_memory,DCTI-KEV-100-CVE-2013-2094,contradictory,contradictory,3,0.5,0,0.0,0.5,0,1,1,3,19.9944394,3573
deepcti_mode_comparison_100_2026,llama3.1:8b,rag_once,DCTI-KEV-001-CVE-2002-0367,affected,affected,1,1.0,1,1.0,1.0,0,1,1,1,5.944581100000001,1203
deepcti_mode_comparison_100_2026,llama3.1:8b,rag_once,DCTI-KEV-002-CVE-2004-0210,not_applicable,not_applicable,1,1.0,1,1.0,1.0,0,1,1,1,4.0168923,1061
deepcti_mode_comparison_100_2026,llama3.1:8b,rag_once,DCTI-KEV-003-CVE-2004-1464,uncertain,uncertain,1,0.6333333333333333,0,0.5,0.6666666666666666,0,1,1,1,8.3126234,1423
deepcti_mode_comparison_100_2026,llama3.1:8b,rag_once,DCTI-KEV-004-CVE-2005-2773,contradictory,contradictory,1,0.7,0,1.0,0.5,0,1,1,1,6.5972044,1287
deepcti_mode_comparison_100_2026,llama3.1:8b,rag_once,DCTI-KEV-005-CVE-2006-1547,affected,affected,1,1.0,1,1.0,1.0,0,1,1,1,5.486464600000001,1242
deepcti_mode_comparison_100_2026,llama3.1:8b,rag_once,DCTI-KEV-006-CVE-2006-2492,not_applicable,not_applicable,1,0.8,1,0.0,1.0,0,1,1,1,4.5102778,1086
deepcti_mode_comparison_100_2026,llama3.1:8b,rag_once,DCTI-KEV-007-CVE-2007-0671,uncertain,uncertain,1,0.6333333333333333,0,0.5,0.6666666666666666,0,1,1,1,8.640431399999999,1479
deepcti_mode_comparison_100_2026,llama3.1:8b,rag_once,DCTI-KEV-008-CVE-2007-3010,contradictory,contradictory,1,0.5,0,0.5,0.0,0,1,1,1,7.8109391,1380
deepcti_mode_comparison_100_2026,llama3.1:8b,rag_once,DCTI-KEV-009-CVE-2007-5659,affected,affected,1,1.0,1,1.0,1.0,0,1,1,1,5.212081100000001,1156
deepcti_mode_comparison_100_2026,llama3.1:8b,rag_once,DCTI-KEV-010-CVE-2008-0015,not_applicable,not_applicable,1,1.0,1,1.0,1.0,0,1,1,1,4.0228135,1132
deepcti_mode_comparison_100_2026,llama3.1:8b,rag_once,DCTI-KEV-011-CVE-2008-0655,uncertain,uncertain,1,0.6333333333333333,0,0.5,0.6666666666666666,0,1,1,1,6.550058,1277
deepcti_mode_comparison_100_2026,llama3.1:8b,rag_once,DCTI-KEV-012-CVE-2008-2992,contradictory,contradictory,1,0.3,0,0.0,0.5,0,0,1,1,9.3466167,1489
deepcti_mode_comparison_100_2026,llama3.1:8b,rag_once,DCTI-KEV-013-CVE-2008-3431,affected,affected,1,0.9,1,0.5,1.0,0,1,1,1,5.2747941,1185
deepcti_mode_comparison_100_2026,llama3.1:8b,rag_once,DCTI-KEV-014-CVE-2008-4128,not_applicable,not_applicable,1,1.0,1,1.0,1.0,0,1,1,1,4.220807,1232
deepcti_mode_comparison_100_2026,llama3.1:8b,rag_once,DCTI-KEV-015-CVE-2008-4250,uncertain,uncertain,1,0.6333333333333333,0,0.5,0.6666666666666666,0,1,1,1,6.5206871,1298
deepcti_mode_comparison_100_2026,llama3.1:8b,rag_once,DCTI-KEV-016-CVE-2009-0238,contradictory,contradictory,1,0.6,0,0.5,0.5,0,1,1,1,8.312890900000001,1453
deepcti_mode_comparison_100_2026,llama3.1:8b,rag_once,DCTI-KEV-017-CVE-2009-0556,affected,affected,1,1.0,1,1.0,1.0,0,1,1,1,8.7192623,1471
deepcti_mode_comparison_100_2026,llama3.1:8b,rag_once,DCTI-KEV-018-CVE-2009-0557,not_applicable,not_applicable,1,0.8,1,0.0,1.0,0,1,1,1,5.6228682,1195
deepcti_mode_comparison_100_2026,llama3.1:8b,rag_once,DCTI-KEV-019-CVE-2009-0563,uncertain,uncertain,1,0.6333333333333333,0,0.5,0.6666666666666666,0,1,1,1,5.2804131,1205
deepcti_mode_comparison_100_2026,llama3.1:8b,rag_once,DCTI-KEV-020-CVE-2009-0927,contradictory,contradictory,1,0.6,0,0.5,0.5,0,1,1,1,5.633485800000001,1241
deepcti_mode_comparison_100_2026,llama3.1:8b,rag_once,DCTI-KEV-021-CVE-2009-1123,affected,affected,1,0.9,1,0.5,1.0,0,1,1,1,6.1074174,1252
deepcti_mode_comparison_100_2026,llama3.1:8b,rag_once,DCTI-KEV-022-CVE-2009-1151,not_applicable,not_applicable,1,1.0,1,1.0,1.0,0,1,1,1,3.8529281,1078
deepcti_mode_comparison_100_2026,llama3.1:8b,rag_once,DCTI-KEV-023-CVE-2009-1537,uncertain,uncertain,1,0.6333333333333333,0,0.5,0.6666666666666666,0,1,1,1,6.645847300000001,1340
deepcti_mode_comparison_100_2026,llama3.1:8b,rag_once,DCTI-KEV-024-CVE-2009-1862,contradictory,contradictory,1,0.6,0,0.5,0.5,0,1,1,1,5.865845500000001,1267
deepcti_mode_comparison_100_2026,llama3.1:8b,rag_once,DCTI-KEV-025-CVE-2009-2055,affected,affected,1,0.9,1,0.5,1.0,0,1,1,1,5.3652149,1190
deepcti_mode_comparison_100_2026,llama3.1:8b,rag_once,DCTI-KEV-026-CVE-2009-3129,not_applicable,not_applicable,1,1.0,1,1.0,1.0,0,1,1,1,4.8398181000000005,1179
deepcti_mode_comparison_100_2026,llama3.1:8b,rag_once,DCTI-KEV-027-CVE-2009-3459,uncertain,uncertain,1,0.6333333333333333,0,0.5,0.6666666666666666,0,1,1,1,5.133462000000001,1239
deepcti_mode_comparison_100_2026,llama3.1:8b,rag_once,DCTI-KEV-028-CVE-2009-3953,contradictory,contradictory,1,0.7,0,1.0,0.5,0,1,1,1,6.9134291999999995,1353
deepcti_mode_comparison_100_2026,llama3.1:8b,rag_once,DCTI-KEV-029-CVE-2009-3960,affected,affected,1,0.9,1,0.5,1.0,0,1,1,1,6.9935647,1318
deepcti_mode_comparison_100_2026,llama3.1:8b,rag_once,DCTI-KEV-030-CVE-2009-4324,not_applicable,not_applicable,1,1.0,1,1.0,1.0,0,1,1,1,4.7069816,1139
deepcti_mode_comparison_100_2026,llama3.1:8b,rag_once,DCTI-KEV-031-CVE-2010-0188,uncertain,uncertain,1,0.6333333333333333,0,0.5,0.6666666666666666,0,1,1,1,6.5742927,1268
deepcti_mode_comparison_100_2026,llama3.1:8b,rag_once,DCTI-KEV-032-CVE-2010-0232,contradictory,contradictory,1,0.6,0,0.5,0.5,0,1,1,1,6.8578918,1320
deepcti_mode_comparison_100_2026,llama3.1:8b,rag_once,DCTI-KEV-033-CVE-2010-0249,affected,affected,1,0.9,1,0.5,1.0,0,1,1,1,8.6021693,1507
deepcti_mode_comparison_100_2026,llama3.1:8b,rag_once,DCTI-KEV-034-CVE-2010-0738,not_applicable,not_applicable,1,1.0,1,1.0,1.0,0,1,1,1,4.0227316,1115
deepcti_mode_comparison_100_2026,llama3.1:8b,rag_once,DCTI-KEV-035-CVE-2010-0806,uncertain,uncertain,1,0.6333333333333333,0,0.5,0.6666666666666666,0,1,1,1,6.5937452,1354
deepcti_mode_comparison_100_2026,llama3.1:8b,rag_once,DCTI-KEV-036-CVE-2010-0840,contradictory,contradictory,1,0.5,0,0.5,0.0,0,1,1,1,7.633477399999999,1368
deepcti_mode_comparison_100_2026,llama3.1:8b,rag_once,DCTI-KEV-037-CVE-2010-1297,affected,affected,1,0.9,1,0.5,1.0,0,1,1,1,5.5904007,1229
deepcti_mode_comparison_100_2026,llama3.1:8b,rag_once,DCTI-KEV-038-CVE-2010-1428,not_applicable,not_applicable,1,1.0,1,1.0,1.0,0,1,1,1,5.4800952,1231
deepcti_mode_comparison_100_2026,llama3.1:8b,rag_once,DCTI-KEV-039-CVE-2010-1871,uncertain,uncertain,1,0.6333333333333333,0,0.5,0.6666666666666666,0,1,1,1,5.7529147,1266
deepcti_mode_comparison_100_2026,llama3.1:8b,rag_once,DCTI-KEV-040-CVE-2010-2568,contradictory,contradictory,1,0.2,0,0.0,0.0,0,0,1,1,6.1373174,1277
deepcti_mode_comparison_100_2026,llama3.1:8b,rag_once,DCTI-KEV-041-CVE-2010-2572,affected,affected,1,0.9,1,0.5,1.0,0,1,1,1,6.090669,1248
deepcti_mode_comparison_100_2026,llama3.1:8b,rag_once,DCTI-KEV-042-CVE-2010-2861,not_applicable,not_applicable,1,1.0,1,1.0,1.0,0,1,1,1,6.8693107,1295
deepcti_mode_comparison_100_2026,llama3.1:8b,rag_once,DCTI-KEV-043-CVE-2010-2883,uncertain,uncertain,1,0.6333333333333333,0,0.5,0.6666666666666666,0,1,1,1,5.733529900000001,1199
deepcti_mode_comparison_100_2026,llama3.1:8b,rag_once,DCTI-KEV-044-CVE-2010-3035,contradictory,contradictory,1,0.5,0,0.0,0.5,0,1,1,1,6.005935900000001,1252
deepcti_mode_comparison_100_2026,llama3.1:8b,rag_once,DCTI-KEV-045-CVE-2010-3333,affected,affected,1,0.9,1,0.5,1.0,0,1,1,1,5.348607100000001,1183
deepcti_mode_comparison_100_2026,llama3.1:8b,rag_once,DCTI-KEV-046-CVE-2010-3765,not_applicable,not_applicable,1,0.8,1,0.0,1.0,0,1,1,1,5.5514978,1249
deepcti_mode_comparison_100_2026,llama3.1:8b,rag_once,DCTI-KEV-047-CVE-2010-3904,uncertain,uncertain,1,0.6333333333333333,0,0.5,0.6666666666666666,0,1,1,1,8.8987632,1483
deepcti_mode_comparison_100_2026,llama3.1:8b,rag_once,DCTI-KEV-048-CVE-2010-3962,contradictory,contradictory,1,0.6,0,0.5,0.5,0,1,1,1,6.5619214,1340
deepcti_mode_comparison_100_2026,llama3.1:8b,rag_once,DCTI-KEV-049-CVE-2010-4344,affected,affected,1,1.0,1,1.0,1.0,0,1,1,1,5.0645879,1178
deepcti_mode_comparison_100_2026,llama3.1:8b,rag_once,DCTI-KEV-050-CVE-2010-4345,not_applicable,not_applicable,1,0.8,1,0.0,1.0,0,1,1,1,5.5445253,1218
deepcti_mode_comparison_100_2026,llama3.1:8b,rag_once,DCTI-KEV-051-CVE-2010-4398,uncertain,uncertain,1,0.6333333333333333,0,0.5,0.6666666666666666,0,1,1,1,6.4547331,1294
deepcti_mode_comparison_100_2026,llama3.1:8b,rag_once,DCTI-KEV-052-CVE-2010-5326,contradictory,contradictory,1,0.5,0,0.5,0.0,0,1,1,1,8.1071793,1369
deepcti_mode_comparison_100_2026,llama3.1:8b,rag_once,DCTI-KEV-053-CVE-2010-5330,affected,affected,1,0.9,1,0.5,1.0,0,1,1,1,6.5922929,1261
deepcti_mode_comparison_100_2026,llama3.1:8b,rag_once,DCTI-KEV-054-CVE-2011-0609,not_applicable,not_applicable,1,1.0,1,1.0,1.0,0,1,1,1,5.2889265,1174
deepcti_mode_comparison_100_2026,llama3.1:8b,rag_once,DCTI-KEV-055-CVE-2011-0611,uncertain,uncertain,1,0.6333333333333333,0,0.5,0.6666666666666666,0,1,1,1,7.8694559,1422
deepcti_mode_comparison_100_2026,llama3.1:8b,rag_once,DCTI-KEV-056-CVE-2011-1823,contradictory,contradictory,1,0.7,0,1.0,0.5,0,1,1,1,6.0541263,1285
deepcti_mode_comparison_100_2026,llama3.1:8b,rag_once,DCTI-KEV-057-CVE-2011-1889,affected,affected,1,0.9,1,0.5,1.0,0,1,1,1,6.6745487,1330
deepcti_mode_comparison_100_2026,llama3.1:8b,rag_once,DCTI-KEV-058-CVE-2011-2005,not_applicable,not_applicable,1,1.0,1,1.0,1.0,0,1,1,1,6.6023705,1289
deepcti_mode_comparison_100_2026,llama3.1:8b,rag_once,DCTI-KEV-059-CVE-2011-2462,uncertain,uncertain,1,0.6333333333333333,0,0.5,0.6666666666666666,0,1,1,1,6.8743456,1303
deepcti_mode_comparison_100_2026,llama3.1:8b,rag_once,DCTI-KEV-060-CVE-2011-3402,contradictory,contradictory,1,0.5,0,0.0,0.5,0,1,1,1,8.275835800000001,1450
deepcti_mode_comparison_100_2026,llama3.1:8b,rag_once,DCTI-KEV-061-CVE-2011-3544,affected,affected,1,0.9,1,0.5,1.0,0,1,1,1,5.7288654999999995,1223
deepcti_mode_comparison_100_2026,llama3.1:8b,rag_once,DCTI-KEV-062-CVE-2011-4723,not_applicable,not_applicable,1,1.0,1,1.0,1.0,0,1,1,1,8.4978939,1434
deepcti_mode_comparison_100_2026,llama3.1:8b,rag_once,DCTI-KEV-063-CVE-2012-0151,uncertain,uncertain,1,0.6333333333333333,0,0.5,0.6666666666666666,0,1,1,1,7.0123099,1314
deepcti_mode_comparison_100_2026,llama3.1:8b,rag_once,DCTI-KEV-064-CVE-2012-0158,contradictory,contradictory,1,0.6,0,0.5,0.5,0,1,1,1,5.846289,1266
deepcti_mode_comparison_100_2026,llama3.1:8b,rag_once,DCTI-KEV-065-CVE-2012-0391,affected,affected,1,1.0,1,1.0,1.0,0,1,1,1,5.5174869,1218
deepcti_mode_comparison_100_2026,llama3.1:8b,rag_once,DCTI-KEV-066-CVE-2012-0507,not_applicable,not_applicable,1,0.9,1,0.5,1.0,0,1,1,1,4.0391214,1100
deepcti_mode_comparison_100_2026,llama3.1:8b,rag_once,DCTI-KEV-067-CVE-2012-0518,uncertain,uncertain,1,0.6333333333333333,0,0.5,0.6666666666666666,0,1,1,1,6.6350783,1291
deepcti_mode_comparison_100_2026,llama3.1:8b,rag_once,DCTI-KEV-068-CVE-2012-0754,contradictory,contradictory,1,0.5,0,0.5,0.0,0,1,1,1,7.6929400999999995,1366
deepcti_mode_comparison_100_2026,llama3.1:8b,rag_once,DCTI-KEV-069-CVE-2012-0767,affected,affected,1,0.9,1,0.5,1.0,0,1,1,1,5.44968,1222
deepcti_mode_comparison_100_2026,llama3.1:8b,rag_once,DCTI-KEV-070-CVE-2012-1535,not_applicable,not_applicable,1,1.0,1,1.0,1.0,0,1,1,1,4.8293476,1150
deepcti_mode_comparison_100_2026,llama3.1:8b,rag_once,DCTI-KEV-071-CVE-2012-1710,uncertain,uncertain,1,0.6333333333333333,0,0.5,0.6666666666666666,0,1,1,1,6.2777443,1289
deepcti_mode_comparison_100_2026,llama3.1:8b,rag_once,DCTI-KEV-072-CVE-2012-1723,contradictory,contradictory,1,0.3,0,0.0,0.5,0,0,1,1,5.3364157,1226
deepcti_mode_comparison_100_2026,llama3.1:8b,rag_once,DCTI-KEV-073-CVE-2012-1823,affected,affected,1,1.0,1,1.0,1.0,0,1,1,1,5.2257435999999995,1186
deepcti_mode_comparison_100_2026,llama3.1:8b,rag_once,DCTI-KEV-074-CVE-2012-1854,not_applicable,not_applicable,1,1.0,1,1.0,1.0,0,1,1,1,7.7485152,1396
deepcti_mode_comparison_100_2026,llama3.1:8b,rag_once,DCTI-KEV-075-CVE-2012-1856,uncertain,uncertain,1,0.6333333333333333,0,0.5,0.6666666666666666,0,1,1,1,5.352708300000001,1238
deepcti_mode_comparison_100_2026,llama3.1:8b,rag_once,DCTI-KEV-076-CVE-2012-1889,contradictory,contradictory,1,0.6,0,0.5,0.5,0,1,1,1,5.4269852,1185
deepcti_mode_comparison_100_2026,llama3.1:8b,rag_once,DCTI-KEV-077-CVE-2012-2034,affected,affected,1,0.9,1,0.5,1.0,0,1,1,1,6.2018538,1259
deepcti_mode_comparison_100_2026,llama3.1:8b,rag_once,DCTI-KEV-078-CVE-2012-2539,not_applicable,not_applicable,1,0.9,1,0.5,1.0,0,1,1,1,4.6797614,1128
deepcti_mode_comparison_100_2026,llama3.1:8b,rag_once,DCTI-KEV-079-CVE-2012-3152,uncertain,uncertain,1,0.6333333333333333,0,0.5,0.6666666666666666,0,1,1,1,7.0839899,1315
deepcti_mode_comparison_100_2026,llama3.1:8b,rag_once,DCTI-KEV-080-CVE-2012-4681,contradictory,contradictory,1,0.6,0,0.5,0.5,0,1,1,1,5.5398564,1206
deepcti_mode_comparison_100_2026,llama3.1:8b,rag_once,DCTI-KEV-081-CVE-2012-4792,affected,affected,1,1.0,1,1.0,1.0,0,1,1,1,4.7501124,1197
deepcti_mode_comparison_100_2026,llama3.1:8b,rag_once,DCTI-KEV-082-CVE-2012-4969,not_applicable,not_applicable,1,1.0,1,1.0,1.0,0,1,1,1,4.0666845,1084
deepcti_mode_comparison_100_2026,llama3.1:8b,rag_once,DCTI-KEV-083-CVE-2012-5054,uncertain,uncertain,1,0.6333333333333333,0,0.5,0.6666666666666666,0,1,1,1,6.8527397,1293
deepcti_mode_comparison_100_2026,llama3.1:8b,rag_once,DCTI-KEV-084-CVE-2012-5076,contradictory,contradictory,1,0.6,0,0.5,0.5,0,1,1,1,5.4458937,1242
deepcti_mode_comparison_100_2026,llama3.1:8b,rag_once,DCTI-KEV-085-CVE-2013-0074,affected,affected,1,0.9,1,0.5,1.0,0,1,1,1,5.1120982999999995,1198
deepcti_mode_comparison_100_2026,llama3.1:8b,rag_once,DCTI-KEV-086-CVE-2013-0422,not_applicable,not_applicable,1,0.8,1,0.0,1.0,0,1,1,1,6.0024237000000005,1263
deepcti_mode_comparison_100_2026,llama3.1:8b,rag_once,DCTI-KEV-087-CVE-2013-0431,uncertain,uncertain,1,0.6333333333333333,0,0.5,0.6666666666666666,0,1,1,1,5.9078336,1263
deepcti_mode_comparison_100_2026,llama3.1:8b,rag_once,DCTI-KEV-088-CVE-2013-0625,contradictory,contradictory,1,0.5,0,0.5,0.0,0,1,1,1,7.6590916,1382
deepcti_mode_comparison_100_2026,llama3.1:8b,rag_once,DCTI-KEV-089-CVE-2013-0629,affected,affected,1,0.9,1,0.5,1.0,0,1,1,1,6.582594100000001,1272
deepcti_mode_comparison_100_2026,llama3.1:8b,rag_once,DCTI-KEV-090-CVE-2013-0631,not_applicable,not_applicable,1,0.9,1,0.5,1.0,0,1,1,1,5.1180539,1168
deepcti_mode_comparison_100_2026,llama3.1:8b,rag_once,DCTI-KEV-091-CVE-2013-0632,uncertain,uncertain,1,0.6333333333333333,0,0.5,0.6666666666666666,0,1,1,1,5.688309,1231
deepcti_mode_comparison_100_2026,llama3.1:8b,rag_once,DCTI-KEV-092-CVE-2013-0640,contradictory,contradictory,1,0.3,0,0.0,0.5,0,0,1,1,8.2632313,1420
deepcti_mode_comparison_100_2026,llama3.1:8b,rag_once,DCTI-KEV-093-CVE-2013-0641,affected,affected,1,0.9,1,0.5,1.0,0,1,1,1,5.7730568,1230
deepcti_mode_comparison_100_2026,llama3.1:8b,rag_once,DCTI-KEV-094-CVE-2013-0643,not_applicable,not_applicable,1,1.0,1,1.0,1.0,0,1,1,1,6.3469132,1295
deepcti_mode_comparison_100_2026,llama3.1:8b,rag_once,DCTI-KEV-095-CVE-2013-0648,uncertain,uncertain,1,0.6333333333333333,0,0.5,0.6666666666666666,0,1,1,1,8.7602956,1481
deepcti_mode_comparison_100_2026,llama3.1:8b,rag_once,DCTI-KEV-096-CVE-2013-1331,contradictory,contradictory,1,0.6,0,0.5,0.5,0,1,1,1,6.7875615,1290
deepcti_mode_comparison_100_2026,llama3.1:8b,rag_once,DCTI-KEV-097-CVE-2013-1347,affected,affected,1,0.9,1,0.5,1.0,0,1,1,1,5.2997815,1183
deepcti_mode_comparison_100_2026,llama3.1:8b,rag_once,DCTI-KEV-098-CVE-2013-1675,not_applicable,not_applicable,1,1.0,1,1.0,1.0,0,1,1,1,4.3699187,1120
deepcti_mode_comparison_100_2026,llama3.1:8b,rag_once,DCTI-KEV-099-CVE-2013-1690,uncertain,uncertain,1,0.6333333333333333,0,0.5,0.6666666666666666,0,1,1,1,6.34614,1300
deepcti_mode_comparison_100_2026,llama3.1:8b,rag_once,DCTI-KEV-100-CVE-2013-2094,contradictory,contradictory,1,0.6,0,0.5,0.5,0,1,1,1,5.4505527,1228
deepcti_mode_comparison_100_2026,mistral:latest,adaptive_memory,DCTI-KEV-001-CVE-2002-0367,affected,affected,1,1.0,1,1.0,1.0,0,1,1,3,12.302874,1858
deepcti_mode_comparison_100_2026,mistral:latest,adaptive_memory,DCTI-KEV-002-CVE-2004-0210,not_applicable,not_applicable,1,0.9,1,0.5,1.0,0,1,1,2,5.3194084,1436
deepcti_mode_comparison_100_2026,mistral:latest,adaptive_memory,DCTI-KEV-003-CVE-2004-1464,uncertain,uncertain,0,0.7,1,0.5,1.0,0,0,1,3,0.0,0
deepcti_mode_comparison_100_2026,mistral:latest,adaptive_memory,DCTI-KEV-004-CVE-2005-2773,contradictory,contradictory,0,1.0,1,1.0,1.0,0,1,1,3,0.0,0
deepcti_mode_comparison_100_2026,mistral:latest,adaptive_memory,DCTI-KEV-005-CVE-2006-1547,affected,affected,1,1.0,1,1.0,1.0,0,1,1,3,8.2700561,2019
deepcti_mode_comparison_100_2026,mistral:latest,adaptive_memory,DCTI-KEV-006-CVE-2006-2492,not_applicable,not_applicable,2,1.0,1,1.0,1.0,0,1,1,2,13.0854228,3501
deepcti_mode_comparison_100_2026,mistral:latest,adaptive_memory,DCTI-KEV-007-CVE-2007-0671,uncertain,uncertain,0,0.7,1,0.5,1.0,0,0,1,3,0.0,0
deepcti_mode_comparison_100_2026,mistral:latest,adaptive_memory,DCTI-KEV-008-CVE-2007-3010,contradictory,contradictory,0,1.0,1,1.0,1.0,0,1,1,3,0.0,0
deepcti_mode_comparison_100_2026,mistral:latest,adaptive_memory,DCTI-KEV-009-CVE-2007-5659,affected,affected,1,1.0,1,1.0,1.0,0,1,1,3,6.8041434,1898
deepcti_mode_comparison_100_2026,mistral:latest,adaptive_memory,DCTI-KEV-010-CVE-2008-0015,not_applicable,not_applicable,1,0.8,1,0.0,1.0,0,1,1,2,4.596757800000001,1445
deepcti_mode_comparison_100_2026,mistral:latest,adaptive_memory,DCTI-KEV-011-CVE-2008-0655,uncertain,uncertain,0,0.7,1,0.5,1.0,0,0,1,3,0.0,0
deepcti_mode_comparison_100_2026,mistral:latest,adaptive_memory,DCTI-KEV-012-CVE-2008-2992,contradictory,contradictory,0,1.0,1,1.0,1.0,0,1,1,3,0.0,0
deepcti_mode_comparison_100_2026,mistral:latest,adaptive_memory,DCTI-KEV-013-CVE-2008-3431,affected,affected,1,1.0,1,1.0,1.0,0,1,1,3,6.360841000000001,1844
deepcti_mode_comparison_100_2026,mistral:latest,adaptive_memory,DCTI-KEV-014-CVE-2008-4128,not_applicable,not_applicable,2,1.0,1,1.0,1.0,0,1,1,2,13.2064501,3801
deepcti_mode_comparison_100_2026,mistral:latest,adaptive_memory,DCTI-KEV-015-CVE-2008-4250,uncertain,uncertain,0,0.7,1,0.5,1.0,0,0,1,3,0.0,0
deepcti_mode_comparison_100_2026,mistral:latest,adaptive_memory,DCTI-KEV-016-CVE-2009-0238,contradictory,contradictory,0,1.0,1,1.0,1.0,0,1,1,3,0.0,0
deepcti_mode_comparison_100_2026,mistral:latest,adaptive_memory,DCTI-KEV-017-CVE-2009-0556,affected,affected,1,1.0,1,1.0,1.0,0,1,1,3,7.5980926,1979
deepcti_mode_comparison_100_2026,mistral:latest,adaptive_memory,DCTI-KEV-018-CVE-2009-0557,not_applicable,not_applicable,2,1.0,1,1.0,1.0,0,1,1,2,10.9809319,3254
deepcti_mode_comparison_100_2026,mistral:latest,adaptive_memory,DCTI-KEV-019-CVE-2009-0563,uncertain,uncertain,0,0.7,1,0.5,1.0,0,0,1,3,0.0,0
deepcti_mode_comparison_100_2026,mistral:latest,adaptive_memory,DCTI-KEV-020-CVE-2009-0927,contradictory,contradictory,0,1.0,1,1.0,1.0,0,1,1,3,0.0,0
deepcti_mode_comparison_100_2026,mistral:latest,adaptive_memory,DCTI-KEV-021-CVE-2009-1123,affected,affected,1,1.0,1,1.0,1.0,0,1,1,3,6.6500616,1875
deepcti_mode_comparison_100_2026,mistral:latest,adaptive_memory,DCTI-KEV-022-CVE-2009-1151,not_applicable,not_applicable,2,1.0,1,1.0,1.0,0,1,1,2,11.527073,3329
deepcti_mode_comparison_100_2026,mistral:latest,adaptive_memory,DCTI-KEV-023-CVE-2009-1537,uncertain,uncertain,0,0.7,1,0.5,1.0,0,0,1,3,0.0,0
deepcti_mode_comparison_100_2026,mistral:latest,adaptive_memory,DCTI-KEV-024-CVE-2009-1862,contradictory,contradictory,0,1.0,1,1.0,1.0,0,1,1,3,0.0,0
deepcti_mode_comparison_100_2026,mistral:latest,adaptive_memory,DCTI-KEV-025-CVE-2009-2055,affected,affected,1,1.0,1,1.0,1.0,0,1,1,3,6.1135478,1855
deepcti_mode_comparison_100_2026,mistral:latest,adaptive_memory,DCTI-KEV-026-CVE-2009-3129,not_applicable,not_applicable,1,0.9,1,0.5,1.0,0,1,1,2,5.0475104,1422
deepcti_mode_comparison_100_2026,mistral:latest,adaptive_memory,DCTI-KEV-027-CVE-2009-3459,uncertain,uncertain,0,0.7,1,0.5,1.0,0,0,1,3,0.0,0
deepcti_mode_comparison_100_2026,mistral:latest,adaptive_memory,DCTI-KEV-028-CVE-2009-3953,contradictory,contradictory,0,1.0,1,1.0,1.0,0,1,1,3,0.0,0
deepcti_mode_comparison_100_2026,mistral:latest,adaptive_memory,DCTI-KEV-029-CVE-2009-3960,affected,affected,1,1.0,1,1.0,1.0,0,1,1,3,6.8922108,1890
deepcti_mode_comparison_100_2026,mistral:latest,adaptive_memory,DCTI-KEV-030-CVE-2009-4324,not_applicable,not_applicable,1,0.9,1,0.5,1.0,0,1,1,2,5.2341728000000005,1445
deepcti_mode_comparison_100_2026,mistral:latest,adaptive_memory,DCTI-KEV-031-CVE-2010-0188,uncertain,uncertain,0,0.7,1,0.5,1.0,0,0,1,3,0.0,0
deepcti_mode_comparison_100_2026,mistral:latest,adaptive_memory,DCTI-KEV-032-CVE-2010-0232,contradictory,contradictory,0,1.0,1,1.0,1.0,0,1,1,3,0.0,0
deepcti_mode_comparison_100_2026,mistral:latest,adaptive_memory,DCTI-KEV-033-CVE-2010-0249,affected,affected,1,1.0,1,1.0,1.0,0,1,1,3,8.0944168,2072
deepcti_mode_comparison_100_2026,mistral:latest,adaptive_memory,DCTI-KEV-034-CVE-2010-0738,not_applicable,not_applicable,1,0.9,1,0.5,1.0,0,1,1,2,5.0959741,1436
deepcti_mode_comparison_100_2026,mistral:latest,adaptive_memory,DCTI-KEV-035-CVE-2010-0806,uncertain,uncertain,0,0.7,1,0.5,1.0,0,0,1,3,0.0,0
deepcti_mode_comparison_100_2026,mistral:latest,adaptive_memory,DCTI-KEV-036-CVE-2010-0840,contradictory,contradictory,0,1.0,1,1.0,1.0,0,1,1,3,0.0,0
deepcti_mode_comparison_100_2026,mistral:latest,adaptive_memory,DCTI-KEV-037-CVE-2010-1297,affected,affected,1,1.0,1,1.0,1.0,0,1,1,3,5.9609349,1831
deepcti_mode_comparison_100_2026,mistral:latest,adaptive_memory,DCTI-KEV-038-CVE-2010-1428,not_applicable,not_applicable,2,1.0,1,1.0,1.0,0,1,1,2,12.244208500000001,3518
deepcti_mode_comparison_100_2026,mistral:latest,adaptive_memory,DCTI-KEV-039-CVE-2010-1871,uncertain,uncertain,0,0.7,1,0.5,1.0,0,0,1,3,0.0,0
deepcti_mode_comparison_100_2026,mistral:latest,adaptive_memory,DCTI-KEV-040-CVE-2010-2568,contradictory,contradictory,0,1.0,1,1.0,1.0,0,1,1,3,0.0,0
deepcti_mode_comparison_100_2026,mistral:latest,adaptive_memory,DCTI-KEV-041-CVE-2010-2572,affected,affected,1,1.0,1,1.0,1.0,0,1,1,3,6.3901940999999995,1854
deepcti_mode_comparison_100_2026,mistral:latest,adaptive_memory,DCTI-KEV-042-CVE-2010-2861,not_applicable,not_applicable,2,1.0,1,1.0,1.0,0,1,1,2,11.490578900000001,3291
deepcti_mode_comparison_100_2026,mistral:latest,adaptive_memory,DCTI-KEV-043-CVE-2010-2883,uncertain,uncertain,0,0.7,1,0.5,1.0,0,0,1,3,0.0,0
deepcti_mode_comparison_100_2026,mistral:latest,adaptive_memory,DCTI-KEV-044-CVE-2010-3035,contradictory,contradictory,0,1.0,1,1.0,1.0,0,1,1,3,0.0,0
deepcti_mode_comparison_100_2026,mistral:latest,adaptive_memory,DCTI-KEV-045-CVE-2010-3333,affected,affected,1,1.0,1,1.0,1.0,0,1,1,3,6.7362297,1860
deepcti_mode_comparison_100_2026,mistral:latest,adaptive_memory,DCTI-KEV-046-CVE-2010-3765,not_applicable,not_applicable,2,1.0,1,1.0,1.0,0,1,1,2,11.453222,3447
deepcti_mode_comparison_100_2026,mistral:latest,adaptive_memory,DCTI-KEV-047-CVE-2010-3904,uncertain,uncertain,0,0.7,1,0.5,1.0,0,0,1,3,0.0,0
deepcti_mode_comparison_100_2026,mistral:latest,adaptive_memory,DCTI-KEV-048-CVE-2010-3962,contradictory,contradictory,0,1.0,1,1.0,1.0,0,1,1,3,0.0,0
deepcti_mode_comparison_100_2026,mistral:latest,adaptive_memory,DCTI-KEV-049-CVE-2010-4344,affected,affected,1,1.0,1,1.0,1.0,0,1,1,3,5.6692578000000005,1824
deepcti_mode_comparison_100_2026,mistral:latest,adaptive_memory,DCTI-KEV-050-CVE-2010-4345,not_applicable,not_applicable,2,1.0,1,1.0,1.0,0,1,1,2,10.9683724,3271
deepcti_mode_comparison_100_2026,mistral:latest,adaptive_memory,DCTI-KEV-051-CVE-2010-4398,uncertain,uncertain,0,0.7,1,0.5,1.0,0,0,1,3,0.0,0
deepcti_mode_comparison_100_2026,mistral:latest,adaptive_memory,DCTI-KEV-052-CVE-2010-5326,contradictory,contradictory,0,1.0,1,1.0,1.0,0,1,1,3,0.0,0
deepcti_mode_comparison_100_2026,mistral:latest,adaptive_memory,DCTI-KEV-053-CVE-2010-5330,affected,affected,1,1.0,1,1.0,1.0,0,1,1,3,6.3131531999999995,1838
deepcti_mode_comparison_100_2026,mistral:latest,adaptive_memory,DCTI-KEV-054-CVE-2011-0609,not_applicable,not_applicable,1,0.8,1,0.0,1.0,0,1,1,2,5.385948999999999,1450
deepcti_mode_comparison_100_2026,mistral:latest,adaptive_memory,DCTI-KEV-055-CVE-2011-0611,uncertain,uncertain,0,0.7,1,0.5,1.0,0,0,1,3,0.0,0
deepcti_mode_comparison_100_2026,mistral:latest,adaptive_memory,DCTI-KEV-056-CVE-2011-1823,contradictory,contradictory,0,1.0,1,1.0,1.0,0,1,1,3,0.0,0
deepcti_mode_comparison_100_2026,mistral:latest,adaptive_memory,DCTI-KEV-057-CVE-2011-1889,affected,affected,1,1.0,1,1.0,1.0,0,1,1,3,6.5486011,1890
deepcti_mode_comparison_100_2026,mistral:latest,adaptive_memory,DCTI-KEV-058-CVE-2011-2005,not_applicable,not_applicable,1,0.9,1,0.5,1.0,0,1,1,2,5.2667264,1467
deepcti_mode_comparison_100_2026,mistral:latest,adaptive_memory,DCTI-KEV-059-CVE-2011-2462,uncertain,uncertain,0,0.7,1,0.5,1.0,0,0,1,3,0.0,0
deepcti_mode_comparison_100_2026,mistral:latest,adaptive_memory,DCTI-KEV-060-CVE-2011-3402,contradictory,contradictory,0,1.0,1,1.0,1.0,0,1,1,3,0.0,0
deepcti_mode_comparison_100_2026,mistral:latest,adaptive_memory,DCTI-KEV-061-CVE-2011-3544,affected,affected,2,1.0,1,1.0,1.0,0,1,1,3,23.803374299999998,5207
deepcti_mode_comparison_100_2026,mistral:latest,adaptive_memory,DCTI-KEV-062-CVE-2011-4723,not_applicable,not_applicable,2,1.0,1,1.0,1.0,0,1,1,2,12.3934081,3465
deepcti_mode_comparison_100_2026,mistral:latest,adaptive_memory,DCTI-KEV-063-CVE-2012-0151,uncertain,uncertain,0,0.7,1,0.5,1.0,0,0,1,3,0.0,0
deepcti_mode_comparison_100_2026,mistral:latest,adaptive_memory,DCTI-KEV-064-CVE-2012-0158,contradictory,contradictory,0,1.0,1,1.0,1.0,0,1,1,3,0.0,0
deepcti_mode_comparison_100_2026,mistral:latest,adaptive_memory,DCTI-KEV-065-CVE-2012-0391,affected,affected,1,1.0,1,1.0,1.0,0,1,1,3,6.5267555,1858
deepcti_mode_comparison_100_2026,mistral:latest,adaptive_memory,DCTI-KEV-066-CVE-2012-0507,not_applicable,not_applicable,2,1.0,1,1.0,1.0,0,1,1,2,11.439496299999998,3307
deepcti_mode_comparison_100_2026,mistral:latest,adaptive_memory,DCTI-KEV-067-CVE-2012-0518,uncertain,uncertain,0,0.7,1,0.5,1.0,0,0,1,3,0.0,0
deepcti_mode_comparison_100_2026,mistral:latest,adaptive_memory,DCTI-KEV-068-CVE-2012-0754,contradictory,contradictory,0,1.0,1,1.0,1.0,0,1,1,3,0.0,0
deepcti_mode_comparison_100_2026,mistral:latest,adaptive_memory,DCTI-KEV-069-CVE-2012-0767,affected,affected,1,1.0,1,1.0,1.0,0,1,1,3,5.779061899999999,1824
deepcti_mode_comparison_100_2026,mistral:latest,adaptive_memory,DCTI-KEV-070-CVE-2012-1535,not_applicable,not_applicable,1,0.8,1,0.0,1.0,0,1,1,2,5.4388586,1451
deepcti_mode_comparison_100_2026,mistral:latest,adaptive_memory,DCTI-KEV-071-CVE-2012-1710,uncertain,uncertain,0,0.7,1,0.5,1.0,0,0,1,3,0.0,0
deepcti_mode_comparison_100_2026,mistral:latest,adaptive_memory,DCTI-KEV-072-CVE-2012-1723,contradictory,contradictory,0,1.0,1,1.0,1.0,0,1,1,3,0.0,0
deepcti_mode_comparison_100_2026,mistral:latest,adaptive_memory,DCTI-KEV-073-CVE-2012-1823,affected,affected,1,1.0,1,1.0,1.0,0,1,1,3,6.2148567,1853
deepcti_mode_comparison_100_2026,mistral:latest,adaptive_memory,DCTI-KEV-074-CVE-2012-1854,not_applicable,not_applicable,1,0.9,1,0.5,1.0,0,1,1,2,5.9148832,1521
deepcti_mode_comparison_100_2026,mistral:latest,adaptive_memory,DCTI-KEV-075-CVE-2012-1856,uncertain,uncertain,0,0.7,1,0.5,1.0,0,0,1,3,0.0,0
deepcti_mode_comparison_100_2026,mistral:latest,adaptive_memory,DCTI-KEV-076-CVE-2012-1889,contradictory,contradictory,0,1.0,1,1.0,1.0,0,1,1,3,0.0,0
deepcti_mode_comparison_100_2026,mistral:latest,adaptive_memory,DCTI-KEV-077-CVE-2012-2034,affected,affected,1,1.0,1,1.0,1.0,0,1,1,3,5.9491755,1836
deepcti_mode_comparison_100_2026,mistral:latest,adaptive_memory,DCTI-KEV-078-CVE-2012-2539,not_applicable,not_applicable,2,1.0,1,1.0,1.0,0,1,1,2,10.5195288,3198
deepcti_mode_comparison_100_2026,mistral:latest,adaptive_memory,DCTI-KEV-079-CVE-2012-3152,uncertain,uncertain,0,0.7,1,0.5,1.0,0,0,1,3,0.0,0
deepcti_mode_comparison_100_2026,mistral:latest,adaptive_memory,DCTI-KEV-080-CVE-2012-4681,contradictory,contradictory,0,1.0,1,1.0,1.0,0,1,1,3,0.0,0
deepcti_mode_comparison_100_2026,mistral:latest,adaptive_memory,DCTI-KEV-081-CVE-2012-4792,affected,affected,1,1.0,1,1.0,1.0,0,1,1,3,6.320735399999999,1893
deepcti_mode_comparison_100_2026,mistral:latest,adaptive_memory,DCTI-KEV-082-CVE-2012-4969,not_applicable,not_applicable,2,1.0,1,1.0,1.0,0,1,1,2,10.987066299999999,3277
deepcti_mode_comparison_100_2026,mistral:latest,adaptive_memory,DCTI-KEV-083-CVE-2012-5054,uncertain,uncertain,0,0.7,1,0.5,1.0,0,0,1,3,0.0,0
deepcti_mode_comparison_100_2026,mistral:latest,adaptive_memory,DCTI-KEV-084-CVE-2012-5076,contradictory,contradictory,0,1.0,1,1.0,1.0,0,1,1,3,0.0,0
deepcti_mode_comparison_100_2026,mistral:latest,adaptive_memory,DCTI-KEV-085-CVE-2013-0074,affected,affected,1,1.0,1,1.0,1.0,0,1,1,3,5.9530442,1825
deepcti_mode_comparison_100_2026,mistral:latest,adaptive_memory,DCTI-KEV-086-CVE-2013-0422,not_applicable,not_applicable,1,0.9,1,0.5,1.0,0,1,1,2,5.3817294,1443
deepcti_mode_comparison_100_2026,mistral:latest,adaptive_memory,DCTI-KEV-087-CVE-2013-0431,uncertain,uncertain,0,0.7,1,0.5,1.0,0,0,1,3,0.0,0
deepcti_mode_comparison_100_2026,mistral:latest,adaptive_memory,DCTI-KEV-088-CVE-2013-0625,contradictory,contradictory,0,1.0,1,1.0,1.0,0,1,1,3,0.0,0
deepcti_mode_comparison_100_2026,mistral:latest,adaptive_memory,DCTI-KEV-089-CVE-2013-0629,affected,affected,1,1.0,1,1.0,1.0,0,1,1,3,6.8775588,1894
deepcti_mode_comparison_100_2026,mistral:latest,adaptive_memory,DCTI-KEV-090-CVE-2013-0631,not_applicable,not_applicable,1,0.9,1,0.5,1.0,0,1,1,2,5.407748,1433
deepcti_mode_comparison_100_2026,mistral:latest,adaptive_memory,DCTI-KEV-091-CVE-2013-0632,uncertain,uncertain,0,0.7,1,0.5,1.0,0,0,1,3,0.0,0
deepcti_mode_comparison_100_2026,mistral:latest,adaptive_memory,DCTI-KEV-092-CVE-2013-0640,contradictory,contradictory,0,1.0,1,1.0,1.0,0,1,1,3,0.0,0
deepcti_mode_comparison_100_2026,mistral:latest,adaptive_memory,DCTI-KEV-093-CVE-2013-0641,affected,affected,1,1.0,1,1.0,1.0,0,1,1,3,6.3597835,1850
deepcti_mode_comparison_100_2026,mistral:latest,adaptive_memory,DCTI-KEV-094-CVE-2013-0643,not_applicable,not_applicable,2,1.0,1,1.0,1.0,0,1,1,2,10.4071238,3292
deepcti_mode_comparison_100_2026,mistral:latest,adaptive_memory,DCTI-KEV-095-CVE-2013-0648,uncertain,uncertain,0,0.7,1,0.5,1.0,0,0,1,3,0.0,0
deepcti_mode_comparison_100_2026,mistral:latest,adaptive_memory,DCTI-KEV-096-CVE-2013-1331,contradictory,contradictory,0,1.0,1,1.0,1.0,0,1,1,3,0.0,0
deepcti_mode_comparison_100_2026,mistral:latest,adaptive_memory,DCTI-KEV-097-CVE-2013-1347,affected,affected,1,1.0,1,1.0,1.0,0,1,1,3,5.6838542,1799
deepcti_mode_comparison_100_2026,mistral:latest,adaptive_memory,DCTI-KEV-098-CVE-2013-1675,not_applicable,not_applicable,1,0.9,1,0.5,1.0,0,1,1,2,4.7641159,1408
deepcti_mode_comparison_100_2026,mistral:latest,adaptive_memory,DCTI-KEV-099-CVE-2013-1690,uncertain,uncertain,0,0.7,1,0.5,1.0,0,0,1,3,0.0,0
deepcti_mode_comparison_100_2026,mistral:latest,adaptive_memory,DCTI-KEV-100-CVE-2013-2094,contradictory,contradictory,0,1.0,1,1.0,1.0,0,1,1,3,0.0,0
deepcti_mode_comparison_100_2026,mistral:latest,evidence_equal_one_shot,DCTI-KEV-001-CVE-2002-0367,affected,affected,1,1.0,1,1.0,1.0,0,1,1,1,8.1284603,1662
deepcti_mode_comparison_100_2026,mistral:latest,evidence_equal_one_shot,DCTI-KEV-002-CVE-2004-0210,not_applicable,not_applicable,1,1.0,1,1.0,1.0,0,1,1,1,6.8256473,1544
deepcti_mode_comparison_100_2026,mistral:latest,evidence_equal_one_shot,DCTI-KEV-003-CVE-2004-1464,uncertain,uncertain,1,0.8333333333333334,1,0.5,0.6666666666666666,0,1,1,1,8.9110712,1728
deepcti_mode_comparison_100_2026,mistral:latest,evidence_equal_one_shot,DCTI-KEV-004-CVE-2005-2773,contradictory,contradictory,1,0.8,1,0.5,0.5,0,1,1,1,9.0524746,1742
deepcti_mode_comparison_100_2026,mistral:latest,evidence_equal_one_shot,DCTI-KEV-005-CVE-2006-1547,affected,affected,1,1.0,1,1.0,1.0,0,1,1,1,9.7204756,1794
deepcti_mode_comparison_100_2026,mistral:latest,evidence_equal_one_shot,DCTI-KEV-006-CVE-2006-2492,not_applicable,not_applicable,1,0.9,1,0.5,1.0,0,1,1,1,7.350041,1579
deepcti_mode_comparison_100_2026,mistral:latest,evidence_equal_one_shot,DCTI-KEV-007-CVE-2007-0671,uncertain,uncertain,1,0.6333333333333333,0,0.5,0.6666666666666666,0,1,1,1,10.0514082,1880
deepcti_mode_comparison_100_2026,mistral:latest,evidence_equal_one_shot,DCTI-KEV-008-CVE-2007-3010,contradictory,contradictory,1,0.4,1,0.0,0.0,0,0,1,1,12.3921931,2010
deepcti_mode_comparison_100_2026,mistral:latest,evidence_equal_one_shot,DCTI-KEV-009-CVE-2007-5659,affected,affected,1,0.9,1,0.5,1.0,0,1,1,1,11.5924773,1938
deepcti_mode_comparison_100_2026,mistral:latest,evidence_equal_one_shot,DCTI-KEV-010-CVE-2008-0015,not_applicable,not_applicable,1,1.0,1,1.0,1.0,0,1,1,1,6.0322356,1558
deepcti_mode_comparison_100_2026,mistral:latest,evidence_equal_one_shot,DCTI-KEV-011-CVE-2008-0655,uncertain,uncertain,1,0.7,0,0.5,1.0,0,1,1,1,6.758056,1576
deepcti_mode_comparison_100_2026,mistral:latest,evidence_equal_one_shot,DCTI-KEV-012-CVE-2008-2992,contradictory,contradictory,1,0.8,1,0.5,0.5,0,1,1,1,8.6856132,1731
deepcti_mode_comparison_100_2026,mistral:latest,evidence_equal_one_shot,DCTI-KEV-013-CVE-2008-3431,affected,affected,1,1.0,1,1.0,1.0,0,1,1,1,9.4719138,1765
deepcti_mode_comparison_100_2026,mistral:latest,evidence_equal_one_shot,DCTI-KEV-014-CVE-2008-4128,not_applicable,not_applicable,1,1.0,1,1.0,1.0,0,1,1,1,7.6724682,1777
deepcti_mode_comparison_100_2026,mistral:latest,evidence_equal_one_shot,DCTI-KEV-015-CVE-2008-4250,uncertain,uncertain,1,0.9,1,0.5,1.0,0,1,1,1,11.3221795,1942
deepcti_mode_comparison_100_2026,mistral:latest,evidence_equal_one_shot,DCTI-KEV-016-CVE-2009-0238,contradictory,contradictory,1,0.5,1,0.0,0.5,0,0,1,1,7.778147,1678
deepcti_mode_comparison_100_2026,mistral:latest,evidence_equal_one_shot,DCTI-KEV-017-CVE-2009-0556,affected,affected,1,1.0,1,1.0,1.0,0,1,1,1,9.4323205,1795
deepcti_mode_comparison_100_2026,mistral:latest,evidence_equal_one_shot,DCTI-KEV-018-CVE-2009-0557,not_applicable,not_applicable,1,0.9,1,0.5,1.0,0,1,1,1,7.5782897,1599
deepcti_mode_comparison_100_2026,mistral:latest,evidence_equal_one_shot,DCTI-KEV-019-CVE-2009-0563,uncertain,uncertain,1,0.8333333333333334,1,0.5,0.6666666666666666,0,1,1,1,11.2806331,1887
deepcti_mode_comparison_100_2026,mistral:latest,evidence_equal_one_shot,DCTI-KEV-020-CVE-2009-0927,contradictory,contradictory,1,0.7,1,0.5,0.0,0,1,1,1,9.2433861,1771
deepcti_mode_comparison_100_2026,mistral:latest,evidence_equal_one_shot,DCTI-KEV-021-CVE-2009-1123,affected,affected,1,1.0,1,1.0,1.0,0,1,1,1,8.7332257,1708
deepcti_mode_comparison_100_2026,mistral:latest,evidence_equal_one_shot,DCTI-KEV-022-CVE-2009-1151,not_applicable,not_applicable,1,1.0,1,1.0,1.0,0,1,1,1,9.247738300000002,1743
deepcti_mode_comparison_100_2026,mistral:latest,evidence_equal_one_shot,DCTI-KEV-023-CVE-2009-1537,uncertain,uncertain,1,0.8333333333333334,1,0.5,0.6666666666666666,0,1,1,1,12.8738244,2058
deepcti_mode_comparison_100_2026,mistral:latest,evidence_equal_one_shot,DCTI-KEV-024-CVE-2009-1862,contradictory,contradictory,1,0.3,0,0.0,0.5,0,0,1,1,9.3525502,1823
deepcti_mode_comparison_100_2026,mistral:latest,evidence_equal_one_shot,DCTI-KEV-025-CVE-2009-2055,affected,affected,1,0.9,1,0.5,1.0,0,1,1,1,6.8016365,1592
deepcti_mode_comparison_100_2026,mistral:latest,evidence_equal_one_shot,DCTI-KEV-026-CVE-2009-3129,not_applicable,not_applicable,1,0.9,1,0.5,1.0,0,1,1,1,7.319625200000001,1603
deepcti_mode_comparison_100_2026,mistral:latest,evidence_equal_one_shot,DCTI-KEV-027-CVE-2009-3459,uncertain,uncertain,1,0.6333333333333333,0,0.5,0.6666666666666666,0,1,1,1,8.0288387,1708
deepcti_mode_comparison_100_2026,mistral:latest,evidence_equal_one_shot,DCTI-KEV-028-CVE-2009-3953,contradictory,contradictory,1,0.7,1,0.0,0.5,0,1,1,1,10.145129800000001,1844
deepcti_mode_comparison_100_2026,mistral:latest,evidence_equal_one_shot,DCTI-KEV-029-CVE-2009-3960,affected,affected,1,1.0,1,1.0,1.0,0,1,1,1,8.512192800000001,1698
deepcti_mode_comparison_100_2026,mistral:latest,evidence_equal_one_shot,DCTI-KEV-030-CVE-2009-4324,not_applicable,not_applicable,1,0.9,1,0.5,1.0,0,1,1,1,7.468318,1617
deepcti_mode_comparison_100_2026,mistral:latest,evidence_equal_one_shot,DCTI-KEV-031-CVE-2010-0188,uncertain,uncertain,1,0.9,1,0.5,1.0,0,1,1,1,12.7997172,2026
deepcti_mode_comparison_100_2026,mistral:latest,evidence_equal_one_shot,DCTI-KEV-032-CVE-2010-0232,contradictory,contradictory,1,0.4,1,0.0,0.0,0,0,1,1,6.240147299999999,1538
deepcti_mode_comparison_100_2026,mistral:latest,evidence_equal_one_shot,DCTI-KEV-033-CVE-2010-0249,affected,affected,1,1.0,1,1.0,1.0,0,1,1,1,9.6086274,1852
deepcti_mode_comparison_100_2026,mistral:latest,evidence_equal_one_shot,DCTI-KEV-034-CVE-2010-0738,not_applicable,not_applicable,1,1.0,1,1.0,1.0,0,1,1,1,8.3707461,1700
deepcti_mode_comparison_100_2026,mistral:latest,evidence_equal_one_shot,DCTI-KEV-035-CVE-2010-0806,uncertain,uncertain,1,0.8333333333333334,1,0.5,0.6666666666666666,0,1,1,1,13.3414739,2130
deepcti_mode_comparison_100_2026,mistral:latest,evidence_equal_one_shot,DCTI-KEV-036-CVE-2010-0840,contradictory,contradictory,1,0.3,0,0.0,0.5,0,0,1,1,8.9032613,1750
deepcti_mode_comparison_100_2026,mistral:latest,evidence_equal_one_shot,DCTI-KEV-037-CVE-2010-1297,affected,affected,1,1.0,1,1.0,1.0,0,1,1,1,8.5863914,1709
deepcti_mode_comparison_100_2026,mistral:latest,evidence_equal_one_shot,DCTI-KEV-038-CVE-2010-1428,not_applicable,not_applicable,1,1.0,1,1.0,1.0,0,1,1,1,6.9246476,1583
deepcti_mode_comparison_100_2026,mistral:latest,evidence_equal_one_shot,DCTI-KEV-039-CVE-2010-1871,uncertain,uncertain,1,0.6333333333333333,0,0.5,0.6666666666666666,0,1,1,1,9.7033695,1828
deepcti_mode_comparison_100_2026,mistral:latest,evidence_equal_one_shot,DCTI-KEV-040-CVE-2010-2568,contradictory,contradictory,1,0.7,1,0.5,0.0,0,1,1,1,6.3734136,1548
deepcti_mode_comparison_100_2026,mistral:latest,evidence_equal_one_shot,DCTI-KEV-041-CVE-2010-2572,affected,affected,1,0.9,1,0.5,1.0,0,1,1,1,9.5918014,1766
deepcti_mode_comparison_100_2026,mistral:latest,evidence_equal_one_shot,DCTI-KEV-042-CVE-2010-2861,not_applicable,not_applicable,1,1.0,1,1.0,1.0,0,1,1,1,8.372118500000001,1665
deepcti_mode_comparison_100_2026,mistral:latest,evidence_equal_one_shot,DCTI-KEV-043-CVE-2010-2883,uncertain,uncertain,1,0.6333333333333333,0,0.5,0.6666666666666666,0,1,1,1,6.6150166,1560
deepcti_mode_comparison_100_2026,mistral:latest,evidence_equal_one_shot,DCTI-KEV-044-CVE-2010-3035,contradictory,contradictory,1,0.7,1,0.5,0.0,0,1,1,1,9.0188923,1766
deepcti_mode_comparison_100_2026,mistral:latest,evidence_equal_one_shot,DCTI-KEV-045-CVE-2010-3333,affected,affected,1,1.0,1,1.0,1.0,0,1,1,1,7.6756216,1623
deepcti_mode_comparison_100_2026,mistral:latest,evidence_equal_one_shot,DCTI-KEV-046-CVE-2010-3765,not_applicable,not_applicable,1,0.9,1,0.5,1.0,0,1,1,1,7.1167416,1643
deepcti_mode_comparison_100_2026,mistral:latest,evidence_equal_one_shot,DCTI-KEV-047-CVE-2010-3904,uncertain,uncertain,1,0.8333333333333334,1,0.5,0.6666666666666666,0,1,1,1,8.0086943,1670
deepcti_mode_comparison_100_2026,mistral:latest,evidence_equal_one_shot,DCTI-KEV-048-CVE-2010-3962,contradictory,contradictory,1,0.7,1,0.5,0.0,0,1,1,1,6.0286317,1574
deepcti_mode_comparison_100_2026,mistral:latest,evidence_equal_one_shot,DCTI-KEV-049-CVE-2010-4344,affected,affected,1,1.0,1,1.0,1.0,0,1,1,1,9.478327499999999,1788
deepcti_mode_comparison_100_2026,mistral:latest,evidence_equal_one_shot,DCTI-KEV-050-CVE-2010-4345,not_applicable,not_applicable,1,0.9,1,0.5,1.0,0,1,1,1,6.7781816,1556
deepcti_mode_comparison_100_2026,mistral:latest,evidence_equal_one_shot,DCTI-KEV-051-CVE-2010-4398,uncertain,uncertain,1,0.6333333333333333,0,0.5,0.6666666666666666,0,1,1,1,10.011381299999998,1812
deepcti_mode_comparison_100_2026,mistral:latest,evidence_equal_one_shot,DCTI-KEV-052-CVE-2010-5326,contradictory,contradictory,1,0.4,1,0.0,0.0,0,0,0,1,13.7278704,2112
deepcti_mode_comparison_100_2026,mistral:latest,evidence_equal_one_shot,DCTI-KEV-053-CVE-2010-5330,affected,affected,1,0.9,1,0.5,1.0,0,1,1,1,8.173797800000001,1654
deepcti_mode_comparison_100_2026,mistral:latest,evidence_equal_one_shot,DCTI-KEV-054-CVE-2011-0609,not_applicable,not_applicable,1,1.0,1,1.0,1.0,0,1,1,1,144.5070115,1593
deepcti_mode_comparison_100_2026,mistral:latest,evidence_equal_one_shot,DCTI-KEV-055-CVE-2011-0611,uncertain,uncertain,1,0.9,1,0.5,1.0,0,1,1,1,9.180324,1755
deepcti_mode_comparison_100_2026,mistral:latest,evidence_equal_one_shot,DCTI-KEV-056-CVE-2011-1823,contradictory,contradictory,1,0.7,1,0.5,0.0,0,1,1,1,7.5557897999999994,1648
deepcti_mode_comparison_100_2026,mistral:latest,evidence_equal_one_shot,DCTI-KEV-057-CVE-2011-1889,affected,affected,1,0.9,1,0.5,1.0,0,1,1,1,9.2030169,1763
deepcti_mode_comparison_100_2026,mistral:latest,evidence_equal_one_shot,DCTI-KEV-058-CVE-2011-2005,not_applicable,not_applicable,1,1.0,1,1.0,1.0,0,1,1,1,7.7690437,1660
deepcti_mode_comparison_100_2026,mistral:latest,evidence_equal_one_shot,DCTI-KEV-059-CVE-2011-2462,uncertain,uncertain,1,0.8,0,1.0,1.0,0,1,1,1,12.7702727,2018
deepcti_mode_comparison_100_2026,mistral:latest,evidence_equal_one_shot,DCTI-KEV-060-CVE-2011-3402,contradictory,contradictory,1,0.5,1,0.0,0.5,0,0,1,1,7.0944715,1630
deepcti_mode_comparison_100_2026,mistral:latest,evidence_equal_one_shot,DCTI-KEV-061-CVE-2011-3544,affected,affected,1,1.0,1,1.0,1.0,0,1,1,1,7.1465799,1593
deepcti_mode_comparison_100_2026,mistral:latest,evidence_equal_one_shot,DCTI-KEV-062-CVE-2011-4723,not_applicable,not_applicable,1,1.0,1,1.0,1.0,0,1,1,1,9.2030077,1760
deepcti_mode_comparison_100_2026,mistral:latest,evidence_equal_one_shot,DCTI-KEV-063-CVE-2012-0151,uncertain,uncertain,1,0.9,1,0.5,1.0,0,1,1,1,17.868108199999998,2020
deepcti_mode_comparison_100_2026,mistral:latest,evidence_equal_one_shot,DCTI-KEV-064-CVE-2012-0158,contradictory,contradictory,1,0.8,1,0.5,0.5,0,1,1,1,21.3560978,1889
deepcti_mode_comparison_100_2026,mistral:latest,evidence_equal_one_shot,DCTI-KEV-065-CVE-2012-0391,affected,affected,1,0.9,1,0.5,1.0,0,1,1,1,14.9005505,1635
deepcti_mode_comparison_100_2026,mistral:latest,evidence_equal_one_shot,DCTI-KEV-066-CVE-2012-0507,not_applicable,not_applicable,1,1.0,1,1.0,1.0,0,1,1,1,11.807090599999999,1502
deepcti_mode_comparison_100_2026,mistral:latest,evidence_equal_one_shot,DCTI-KEV-067-CVE-2012-0518,uncertain,uncertain,1,0.8333333333333334,1,0.5,0.6666666666666666,0,1,1,1,14.831749599999998,1621
deepcti_mode_comparison_100_2026,mistral:latest,evidence_equal_one_shot,DCTI-KEV-068-CVE-2012-0754,contradictory,contradictory,1,0.7,0,1.0,0.5,0,1,1,1,18.4340273,1776
deepcti_mode_comparison_100_2026,mistral:latest,evidence_equal_one_shot,DCTI-KEV-069-CVE-2012-0767,affected,affected,1,0.9,1,0.5,1.0,0,1,1,1,17.7437131,1750
deepcti_mode_comparison_100_2026,mistral:latest,evidence_equal_one_shot,DCTI-KEV-070-CVE-2012-1535,not_applicable,not_applicable,1,1.0,1,1.0,1.0,0,1,1,1,13.0722694,1552
deepcti_mode_comparison_100_2026,mistral:latest,evidence_equal_one_shot,DCTI-KEV-071-CVE-2012-1710,uncertain,uncertain,1,0.8333333333333334,1,0.5,0.6666666666666666,0,1,1,1,15.624438099999999,1658
deepcti_mode_comparison_100_2026,mistral:latest,evidence_equal_one_shot,DCTI-KEV-072-CVE-2012-1723,contradictory,contradictory,1,0.9,1,1.0,0.5,0,1,1,1,17.339450199999998,1745
deepcti_mode_comparison_100_2026,mistral:latest,evidence_equal_one_shot,DCTI-KEV-073-CVE-2012-1823,affected,affected,1,0.9,1,0.5,1.0,0,1,1,1,15.398438500000001,1654
deepcti_mode_comparison_100_2026,mistral:latest,evidence_equal_one_shot,DCTI-KEV-074-CVE-2012-1854,not_applicable,not_applicable,1,1.0,1,1.0,1.0,0,1,1,1,25.1066586,2044
deepcti_mode_comparison_100_2026,mistral:latest,evidence_equal_one_shot,DCTI-KEV-075-CVE-2012-1856,uncertain,uncertain,1,0.4,0,0.0,0.0,0,1,0,1,10.2331898,1452
deepcti_mode_comparison_100_2026,mistral:latest,evidence_equal_one_shot,DCTI-KEV-076-CVE-2012-1889,contradictory,contradictory,1,0.5,1,0.0,0.5,0,0,1,1,17.581636800000002,1730
deepcti_mode_comparison_100_2026,mistral:latest,evidence_equal_one_shot,DCTI-KEV-077-CVE-2012-2034,affected,affected,1,0.9,1,0.5,1.0,0,1,1,1,17.252152,1726
deepcti_mode_comparison_100_2026,mistral:latest,evidence_equal_one_shot,DCTI-KEV-078-CVE-2012-2539,not_applicable,not_applicable,1,1.0,1,1.0,1.0,0,1,1,1,16.4070739,1649
deepcti_mode_comparison_100_2026,mistral:latest,evidence_equal_one_shot,DCTI-KEV-079-CVE-2012-3152,uncertain,uncertain,1,0.6333333333333333,0,0.5,0.6666666666666666,0,1,1,1,14.3864503,1604
deepcti_mode_comparison_100_2026,mistral:latest,evidence_equal_one_shot,DCTI-KEV-080-CVE-2012-4681,contradictory,contradictory,1,0.4,1,0.0,0.0,0,0,1,1,18.1199666,1750
deepcti_mode_comparison_100_2026,mistral:latest,evidence_equal_one_shot,DCTI-KEV-081-CVE-2012-4792,affected,affected,1,0.6,0,0.0,1.0,0,1,0,1,27.3466002,2143
deepcti_mode_comparison_100_2026,mistral:latest,evidence_equal_one_shot,DCTI-KEV-082-CVE-2012-4969,not_applicable,not_applicable,1,1.0,1,1.0,1.0,0,1,1,1,14.751517400000001,1607
deepcti_mode_comparison_100_2026,mistral:latest,evidence_equal_one_shot,DCTI-KEV-083-CVE-2012-5054,uncertain,uncertain,1,0.8333333333333334,1,0.5,0.6666666666666666,0,1,1,1,15.840302600000001,1656
deepcti_mode_comparison_100_2026,mistral:latest,evidence_equal_one_shot,DCTI-KEV-084-CVE-2012-5076,contradictory,contradictory,1,0.4,1,0.0,0.0,0,0,1,1,17.285400699999997,1749
deepcti_mode_comparison_100_2026,mistral:latest,evidence_equal_one_shot,DCTI-KEV-085-CVE-2013-0074,affected,affected,1,1.0,1,1.0,1.0,0,1,1,1,14.009273499999999,1602
deepcti_mode_comparison_100_2026,mistral:latest,evidence_equal_one_shot,DCTI-KEV-086-CVE-2013-0422,not_applicable,not_applicable,1,1.0,1,1.0,1.0,0,1,1,1,13.334293299999999,1562
deepcti_mode_comparison_100_2026,mistral:latest,evidence_equal_one_shot,DCTI-KEV-087-CVE-2013-0431,uncertain,uncertain,1,0.8333333333333334,1,0.5,0.6666666666666666,0,1,1,1,19.7157786,1820
deepcti_mode_comparison_100_2026,mistral:latest,evidence_equal_one_shot,DCTI-KEV-088-CVE-2013-0625,contradictory,contradictory,1,0.7,1,0.5,0.0,0,1,1,1,13.1514121,1567
deepcti_mode_comparison_100_2026,mistral:latest,evidence_equal_one_shot,DCTI-KEV-089-CVE-2013-0629,affected,affected,1,1.0,1,1.0,1.0,0,1,1,1,17.865718700000002,1700
deepcti_mode_comparison_100_2026,mistral:latest,evidence_equal_one_shot,DCTI-KEV-090-CVE-2013-0631,not_applicable,not_applicable,1,0.9,1,0.5,1.0,0,1,1,1,15.1436327,1621
deepcti_mode_comparison_100_2026,mistral:latest,evidence_equal_one_shot,DCTI-KEV-091-CVE-2013-0632,uncertain,uncertain,1,0.8333333333333334,1,0.5,0.6666666666666666,0,1,1,1,16.6504865,1652
deepcti_mode_comparison_100_2026,mistral:latest,evidence_equal_one_shot,DCTI-KEV-092-CVE-2013-0640,contradictory,contradictory,1,0.9,1,1.0,0.5,0,1,1,1,19.167487700000002,1824
deepcti_mode_comparison_100_2026,mistral:latest,evidence_equal_one_shot,DCTI-KEV-093-CVE-2013-0641,affected,affected,1,1.0,1,1.0,1.0,0,1,1,1,14.981588,1623
deepcti_mode_comparison_100_2026,mistral:latest,evidence_equal_one_shot,DCTI-KEV-094-CVE-2013-0643,not_applicable,not_applicable,1,1.0,1,1.0,1.0,0,1,1,1,17.096841,1694
deepcti_mode_comparison_100_2026,mistral:latest,evidence_equal_one_shot,DCTI-KEV-095-CVE-2013-0648,uncertain,uncertain,1,0.8333333333333334,1,0.5,0.6666666666666666,0,1,1,1,18.9296652,1766
deepcti_mode_comparison_100_2026,mistral:latest,evidence_equal_one_shot,DCTI-KEV-096-CVE-2013-1331,contradictory,contradictory,1,0.8,1,0.5,0.5,0,1,1,1,14.406994300000001,1574
deepcti_mode_comparison_100_2026,mistral:latest,evidence_equal_one_shot,DCTI-KEV-097-CVE-2013-1347,affected,affected,1,1.0,1,1.0,1.0,0,1,1,1,17.5703212,1736
deepcti_mode_comparison_100_2026,mistral:latest,evidence_equal_one_shot,DCTI-KEV-098-CVE-2013-1675,not_applicable,not_applicable,1,1.0,1,1.0,1.0,0,1,1,1,8.2049264,1373
deepcti_mode_comparison_100_2026,mistral:latest,evidence_equal_one_shot,DCTI-KEV-099-CVE-2013-1690,uncertain,uncertain,1,0.7,0,0.5,1.0,0,1,1,1,19.323126199999997,1831
deepcti_mode_comparison_100_2026,mistral:latest,evidence_equal_one_shot,DCTI-KEV-100-CVE-2013-2094,contradictory,contradictory,1,0.8,1,0.5,0.5,0,1,1,1,19.880805799999997,1810
deepcti_mode_comparison_100_2026,mistral:latest,initial_one_shot,DCTI-KEV-001-CVE-2002-0367,affected,affected,1,0.8,0,1.0,1.0,0,1,1,1,8.3156157,1451
deepcti_mode_comparison_100_2026,mistral:latest,initial_one_shot,DCTI-KEV-002-CVE-2004-0210,not_applicable,not_applicable,1,0.8,1,0.0,1.0,0,1,1,1,5.6854038000000005,1243
deepcti_mode_comparison_100_2026,mistral:latest,initial_one_shot,DCTI-KEV-003-CVE-2004-1464,uncertain,uncertain,1,0.6666666666666666,0,1.0,0.3333333333333333,0,1,1,1,8.1931504,1469
deepcti_mode_comparison_100_2026,mistral:latest,initial_one_shot,DCTI-KEV-004-CVE-2005-2773,contradictory,contradictory,1,0.2,0,0.0,0.0,0,0,1,1,4.757993900000001,1163
deepcti_mode_comparison_100_2026,mistral:latest,initial_one_shot,DCTI-KEV-005-CVE-2006-1547,affected,affected,1,0.7,0,0.5,1.0,0,1,1,1,8.9728207,1522
deepcti_mode_comparison_100_2026,mistral:latest,initial_one_shot,DCTI-KEV-006-CVE-2006-2492,not_applicable,not_applicable,1,0.8,1,0.0,1.0,0,1,1,1,4.845115300000001,1171
deepcti_mode_comparison_100_2026,mistral:latest,initial_one_shot,DCTI-KEV-007-CVE-2007-0671,uncertain,uncertain,1,0.6333333333333333,0,0.5,0.6666666666666666,0,1,1,1,9.9855221,1632
deepcti_mode_comparison_100_2026,mistral:latest,initial_one_shot,DCTI-KEV-008-CVE-2007-3010,contradictory,contradictory,1,0.2,0,0.0,0.0,0,0,1,1,4.669658,1168
deepcti_mode_comparison_100_2026,mistral:latest,initial_one_shot,DCTI-KEV-009-CVE-2007-5659,affected,affected,1,0.8,0,1.0,1.0,0,1,1,1,8.6407955,1482
deepcti_mode_comparison_100_2026,mistral:latest,initial_one_shot,DCTI-KEV-010-CVE-2008-0015,not_applicable,not_applicable,1,0.8,1,0.0,1.0,0,1,1,1,6.0138327,1332
deepcti_mode_comparison_100_2026,mistral:latest,initial_one_shot,DCTI-KEV-011-CVE-2008-0655,uncertain,uncertain,1,0.6333333333333333,0,0.5,0.6666666666666666,0,1,1,1,7.5821286,1412
deepcti_mode_comparison_100_2026,mistral:latest,initial_one_shot,DCTI-KEV-012-CVE-2008-2992,contradictory,contradictory,1,0.2,0,0.0,0.0,0,0,1,1,4.9814279,1188
deepcti_mode_comparison_100_2026,mistral:latest,initial_one_shot,DCTI-KEV-013-CVE-2008-3431,affected,affected,1,0.6,0,0.0,1.0,0,1,1,1,8.3260474,1452
deepcti_mode_comparison_100_2026,mistral:latest,initial_one_shot,DCTI-KEV-014-CVE-2008-4128,not_applicable,not_applicable,1,0.9,1,0.5,1.0,0,1,1,1,8.1724874,1606
deepcti_mode_comparison_100_2026,mistral:latest,initial_one_shot,DCTI-KEV-015-CVE-2008-4250,uncertain,uncertain,1,0.5666666666666667,0,0.5,0.3333333333333333,0,1,1,1,10.030027200000001,1628
deepcti_mode_comparison_100_2026,mistral:latest,initial_one_shot,DCTI-KEV-016-CVE-2009-0238,contradictory,contradictory,1,0.2,0,0.0,0.0,0,0,1,1,4.0693005,1153
deepcti_mode_comparison_100_2026,mistral:latest,initial_one_shot,DCTI-KEV-017-CVE-2009-0556,affected,affected,1,0.7,0,0.5,1.0,0,1,1,1,8.244742200000001,1500
deepcti_mode_comparison_100_2026,mistral:latest,initial_one_shot,DCTI-KEV-018-CVE-2009-0557,not_applicable,not_applicable,1,0.8,1,0.0,1.0,0,1,1,1,6.6904115,1347
deepcti_mode_comparison_100_2026,mistral:latest,initial_one_shot,DCTI-KEV-019-CVE-2009-0563,uncertain,uncertain,1,0.5666666666666667,0,0.5,0.3333333333333333,0,1,1,1,6.2940982000000005,1309
deepcti_mode_comparison_100_2026,mistral:latest,initial_one_shot,DCTI-KEV-020-CVE-2009-0927,contradictory,contradictory,1,0.2,0,0.0,0.0,0,0,1,1,6.9976104999999995,1374
deepcti_mode_comparison_100_2026,mistral:latest,initial_one_shot,DCTI-KEV-021-CVE-2009-1123,affected,affected,1,0.7,0,0.5,1.0,0,1,1,1,10.344853800000001,1619
deepcti_mode_comparison_100_2026,mistral:latest,initial_one_shot,DCTI-KEV-022-CVE-2009-1151,not_applicable,not_applicable,1,0.6,0,0.0,1.0,0,1,1,1,7.310236,1387
deepcti_mode_comparison_100_2026,mistral:latest,initial_one_shot,DCTI-KEV-023-CVE-2009-1537,uncertain,uncertain,1,0.5666666666666667,0,0.5,0.3333333333333333,0,1,1,1,10.3768723,1651
deepcti_mode_comparison_100_2026,mistral:latest,initial_one_shot,DCTI-KEV-024-CVE-2009-1862,contradictory,contradictory,1,0.2,0,0.0,0.0,0,0,1,1,6.8285591000000005,1368
deepcti_mode_comparison_100_2026,mistral:latest,initial_one_shot,DCTI-KEV-025-CVE-2009-2055,affected,affected,1,0.6,0,0.0,1.0,0,1,1,1,7.8238268,1426
deepcti_mode_comparison_100_2026,mistral:latest,initial_one_shot,DCTI-KEV-026-CVE-2009-3129,not_applicable,not_applicable,1,0.6,1,0.0,1.0,0,0,1,1,4.57522,1174
deepcti_mode_comparison_100_2026,mistral:latest,initial_one_shot,DCTI-KEV-027-CVE-2009-3459,uncertain,uncertain,1,0.6333333333333333,0,0.5,0.6666666666666666,0,1,1,1,10.133475899999999,1655
deepcti_mode_comparison_100_2026,mistral:latest,initial_one_shot,DCTI-KEV-028-CVE-2009-3953,contradictory,contradictory,1,0.3,0,0.0,0.5,0,0,1,1,3.9998251,1127
deepcti_mode_comparison_100_2026,mistral:latest,initial_one_shot,DCTI-KEV-029-CVE-2009-3960,affected,affected,1,0.8,0,1.0,1.0,0,1,1,1,7.7249102999999995,1410
deepcti_mode_comparison_100_2026,mistral:latest,initial_one_shot,DCTI-KEV-030-CVE-2009-4324,not_applicable,not_applicable,1,0.8,1,0.0,1.0,0,1,1,1,8.0917592,1457
deepcti_mode_comparison_100_2026,mistral:latest,initial_one_shot,DCTI-KEV-031-CVE-2010-0188,uncertain,uncertain,1,0.5666666666666667,0,0.5,0.3333333333333333,0,1,1,1,7.024936899999999,1395
deepcti_mode_comparison_100_2026,mistral:latest,initial_one_shot,DCTI-KEV-032-CVE-2010-0232,contradictory,contradictory,1,0.7,1,0.5,0.0,0,1,1,1,8.0297789,1455
deepcti_mode_comparison_100_2026,mistral:latest,initial_one_shot,DCTI-KEV-033-CVE-2010-0249,affected,affected,1,0.6,0,0.0,1.0,0,1,0,1,10.452524300024379,0
deepcti_mode_comparison_100_2026,mistral:latest,initial_one_shot,DCTI-KEV-034-CVE-2010-0738,not_applicable,not_applicable,1,0.8,1,0.0,1.0,0,1,1,1,4.0526183,1143
deepcti_mode_comparison_100_2026,mistral:latest,initial_one_shot,DCTI-KEV-035-CVE-2010-0806,uncertain,uncertain,1,0.5666666666666667,0,0.5,0.3333333333333333,0,1,1,1,9.305770200000001,1613
deepcti_mode_comparison_100_2026,mistral:latest,initial_one_shot,DCTI-KEV-036-CVE-2010-0840,contradictory,contradictory,1,0.2,0,0.0,0.0,0,0,1,1,6.1068328,1291
deepcti_mode_comparison_100_2026,mistral:latest,initial_one_shot,DCTI-KEV-037-CVE-2010-1297,affected,affected,1,0.8,0,1.0,1.0,0,1,1,1,10.524368200000001,1648
deepcti_mode_comparison_100_2026,mistral:latest,initial_one_shot,DCTI-KEV-038-CVE-2010-1428,not_applicable,not_applicable,1,0.4,0,0.0,1.0,0,0,1,1,6.4709522999999995,1357
deepcti_mode_comparison_100_2026,mistral:latest,initial_one_shot,DCTI-KEV-039-CVE-2010-1871,uncertain,uncertain,1,0.5666666666666667,0,0.5,0.3333333333333333,0,1,1,1,10.582912,1705
deepcti_mode_comparison_100_2026,mistral:latest,initial_one_shot,DCTI-KEV-040-CVE-2010-2568,contradictory,contradictory,1,0.4,1,0.0,0.0,0,0,1,1,7.6300491,1406
deepcti_mode_comparison_100_2026,mistral:latest,initial_one_shot,DCTI-KEV-041-CVE-2010-2572,affected,affected,1,0.6,0,0.0,1.0,0,1,0,1,9.009550300019328,0
deepcti_mode_comparison_100_2026,mistral:latest,initial_one_shot,DCTI-KEV-042-CVE-2010-2861,not_applicable,not_applicable,1,0.8,1,0.0,1.0,0,1,1,1,5.9567198,1270
deepcti_mode_comparison_100_2026,mistral:latest,initial_one_shot,DCTI-KEV-043-CVE-2010-2883,uncertain,uncertain,1,0.6333333333333333,0,0.5,0.6666666666666666,0,1,1,1,7.999244,1481
deepcti_mode_comparison_100_2026,mistral:latest,initial_one_shot,DCTI-KEV-044-CVE-2010-3035,contradictory,contradictory,1,0.2,0,0.0,0.0,0,0,1,1,5.7782384,1297
deepcti_mode_comparison_100_2026,mistral:latest,initial_one_shot,DCTI-KEV-045-CVE-2010-3333,affected,affected,1,0.7,0,0.5,1.0,0,1,1,1,7.8465282,1421
deepcti_mode_comparison_100_2026,mistral:latest,initial_one_shot,DCTI-KEV-046-CVE-2010-3765,not_applicable,not_applicable,1,0.8,1,0.0,1.0,0,1,1,1,8.6780915,1557
deepcti_mode_comparison_100_2026,mistral:latest,initial_one_shot,DCTI-KEV-047-CVE-2010-3904,uncertain,uncertain,1,0.6333333333333333,0,0.5,0.6666666666666666,0,1,1,1,8.352464,1522
deepcti_mode_comparison_100_2026,mistral:latest,initial_one_shot,DCTI-KEV-048-CVE-2010-3962,contradictory,contradictory,1,0.2,0,0.0,0.0,0,0,1,1,7.5051144999999995,1452
deepcti_mode_comparison_100_2026,mistral:latest,initial_one_shot,DCTI-KEV-049-CVE-2010-4344,affected,affected,1,0.6,0,0.0,1.0,0,1,1,1,8.0595882,1449
deepcti_mode_comparison_100_2026,mistral:latest,initial_one_shot,DCTI-KEV-050-CVE-2010-4345,not_applicable,not_applicable,1,0.8,1,0.0,1.0,0,1,1,1,3.9268596,1127
deepcti_mode_comparison_100_2026,mistral:latest,initial_one_shot,DCTI-KEV-051-CVE-2010-4398,uncertain,uncertain,1,0.6333333333333333,0,0.5,0.6666666666666666,0,1,1,1,9.758967199999999,1580
deepcti_mode_comparison_100_2026,mistral:latest,initial_one_shot,DCTI-KEV-052-CVE-2010-5326,contradictory,contradictory,1,0.2,0,0.0,0.0,0,0,1,1,6.5044236,1313
deepcti_mode_comparison_100_2026,mistral:latest,initial_one_shot,DCTI-KEV-053-CVE-2010-5330,affected,affected,1,0.7,0,0.5,1.0,0,1,1,1,7.823748800000001,1416
deepcti_mode_comparison_100_2026,mistral:latest,initial_one_shot,DCTI-KEV-054-CVE-2011-0609,not_applicable,not_applicable,1,0.8,1,0.0,1.0,0,1,1,1,4.9235598,1206
deepcti_mode_comparison_100_2026,mistral:latest,initial_one_shot,DCTI-KEV-055-CVE-2011-0611,uncertain,uncertain,1,0.6333333333333333,0,0.5,0.6666666666666666,0,1,1,1,8.4336499,1494
deepcti_mode_comparison_100_2026,mistral:latest,initial_one_shot,DCTI-KEV-056-CVE-2011-1823,contradictory,contradictory,1,0.2,0,0.0,0.0,0,0,1,1,7.8618774,1448
deepcti_mode_comparison_100_2026,mistral:latest,initial_one_shot,DCTI-KEV-057-CVE-2011-1889,affected,affected,1,0.6,0,0.0,1.0,0,1,1,1,7.8324513,1457
deepcti_mode_comparison_100_2026,mistral:latest,initial_one_shot,DCTI-KEV-058-CVE-2011-2005,not_applicable,not_applicable,1,0.8,1,0.0,1.0,0,1,1,1,5.6803179,1294
deepcti_mode_comparison_100_2026,mistral:latest,initial_one_shot,DCTI-KEV-059-CVE-2011-2462,uncertain,uncertain,1,0.7,0,0.5,1.0,0,1,1,1,5.740834700000001,1292
deepcti_mode_comparison_100_2026,mistral:latest,initial_one_shot,DCTI-KEV-060-CVE-2011-3402,contradictory,contradictory,1,0.2,0,0.0,0.0,0,0,1,1,8.1938266,1499
deepcti_mode_comparison_100_2026,mistral:latest,initial_one_shot,DCTI-KEV-061-CVE-2011-3544,affected,affected,1,0.7,0,0.5,1.0,0,1,1,1,8.1960704,1472
deepcti_mode_comparison_100_2026,mistral:latest,initial_one_shot,DCTI-KEV-062-CVE-2011-4723,not_applicable,not_applicable,1,0.8,1,0.0,1.0,0,1,1,1,7.9487812,1470
deepcti_mode_comparison_100_2026,mistral:latest,initial_one_shot,DCTI-KEV-063-CVE-2012-0151,uncertain,uncertain,1,0.5666666666666667,0,0.5,0.3333333333333333,0,1,1,1,7.49278,1420
deepcti_mode_comparison_100_2026,mistral:latest,initial_one_shot,DCTI-KEV-064-CVE-2012-0158,contradictory,contradictory,1,0.2,0,0.0,0.0,0,0,1,1,7.719045199999999,1432
deepcti_mode_comparison_100_2026,mistral:latest,initial_one_shot,DCTI-KEV-065-CVE-2012-0391,affected,affected,1,0.9,1,0.5,1.0,0,1,1,1,7.7145798,1427
deepcti_mode_comparison_100_2026,mistral:latest,initial_one_shot,DCTI-KEV-066-CVE-2012-0507,not_applicable,not_applicable,1,0.6,0,0.0,1.0,0,1,1,1,7.4514224,1404
deepcti_mode_comparison_100_2026,mistral:latest,initial_one_shot,DCTI-KEV-067-CVE-2012-0518,uncertain,uncertain,1,0.7333333333333333,0,1.0,0.6666666666666666,0,1,1,1,8.0040935,1441
deepcti_mode_comparison_100_2026,mistral:latest,initial_one_shot,DCTI-KEV-068-CVE-2012-0754,contradictory,contradictory,1,0.2,0,0.0,0.0,0,0,1,1,4.1330738,1124
deepcti_mode_comparison_100_2026,mistral:latest,initial_one_shot,DCTI-KEV-069-CVE-2012-0767,affected,affected,1,0.7,0,0.5,1.0,0,1,1,1,10.111705299999999,1620
deepcti_mode_comparison_100_2026,mistral:latest,initial_one_shot,DCTI-KEV-070-CVE-2012-1535,not_applicable,not_applicable,1,0.8,1,0.0,1.0,0,1,1,1,5.6686669,1261
deepcti_mode_comparison_100_2026,mistral:latest,initial_one_shot,DCTI-KEV-071-CVE-2012-1710,uncertain,uncertain,1,0.7666666666666666,1,0.5,0.3333333333333333,0,1,1,1,7.9087398,1441
deepcti_mode_comparison_100_2026,mistral:latest,initial_one_shot,DCTI-KEV-072-CVE-2012-1723,contradictory,contradictory,1,0.2,0,0.0,0.0,0,0,1,1,5.8359653,1285
deepcti_mode_comparison_100_2026,mistral:latest,initial_one_shot,DCTI-KEV-073-CVE-2012-1823,affected,affected,1,0.7,0,0.5,1.0,0,1,1,1,8.1532995,1450
deepcti_mode_comparison_100_2026,mistral:latest,initial_one_shot,DCTI-KEV-074-CVE-2012-1854,not_applicable,not_applicable,1,0.9,1,0.5,1.0,0,1,1,1,6.718361,1372
deepcti_mode_comparison_100_2026,mistral:latest,initial_one_shot,DCTI-KEV-075-CVE-2012-1856,uncertain,uncertain,1,0.6333333333333333,0,0.5,0.6666666666666666,0,1,1,1,8.3448283,1494
deepcti_mode_comparison_100_2026,mistral:latest,initial_one_shot,DCTI-KEV-076-CVE-2012-1889,contradictory,contradictory,1,0.2,0,0.0,0.0,0,0,1,1,6.7004173,1317
deepcti_mode_comparison_100_2026,mistral:latest,initial_one_shot,DCTI-KEV-077-CVE-2012-2034,affected,affected,1,0.7,0,0.5,1.0,0,1,1,1,7.9612648,1442
deepcti_mode_comparison_100_2026,mistral:latest,initial_one_shot,DCTI-KEV-078-CVE-2012-2539,not_applicable,not_applicable,1,0.8,1,0.0,1.0,0,1,1,1,4.7717125,1161
deepcti_mode_comparison_100_2026,mistral:latest,initial_one_shot,DCTI-KEV-079-CVE-2012-3152,uncertain,uncertain,1,0.6333333333333333,0,0.5,0.6666666666666666,0,1,1,1,7.117731399999999,1365
deepcti_mode_comparison_100_2026,mistral:latest,initial_one_shot,DCTI-KEV-080-CVE-2012-4681,contradictory,contradictory,1,0.2,0,0.0,0.0,0,0,1,1,7.121504600000001,1347
deepcti_mode_comparison_100_2026,mistral:latest,initial_one_shot,DCTI-KEV-081-CVE-2012-4792,affected,affected,1,0.7,0,0.5,1.0,0,1,1,1,10.0754552,1642
deepcti_mode_comparison_100_2026,mistral:latest,initial_one_shot,DCTI-KEV-082-CVE-2012-4969,not_applicable,not_applicable,1,0.8,1,0.0,1.0,0,1,1,1,4.9057506,1189
deepcti_mode_comparison_100_2026,mistral:latest,initial_one_shot,DCTI-KEV-083-CVE-2012-5054,uncertain,uncertain,1,0.6333333333333333,0,0.5,0.6666666666666666,0,1,1,1,8.621933,1487
deepcti_mode_comparison_100_2026,mistral:latest,initial_one_shot,DCTI-KEV-084-CVE-2012-5076,contradictory,contradictory,1,0.4,1,0.0,0.0,0,0,1,1,5.9593059,1310
deepcti_mode_comparison_100_2026,mistral:latest,initial_one_shot,DCTI-KEV-085-CVE-2013-0074,affected,affected,1,0.7,0,0.5,1.0,0,1,1,1,9.610055000000001,1585
deepcti_mode_comparison_100_2026,mistral:latest,initial_one_shot,DCTI-KEV-086-CVE-2013-0422,not_applicable,not_applicable,1,0.9,1,0.5,1.0,0,1,1,1,5.1402673000000005,1222
deepcti_mode_comparison_100_2026,mistral:latest,initial_one_shot,DCTI-KEV-087-CVE-2013-0431,uncertain,uncertain,1,0.6333333333333333,0,0.5,0.6666666666666666,0,1,1,1,7.797076,1451
deepcti_mode_comparison_100_2026,mistral:latest,initial_one_shot,DCTI-KEV-088-CVE-2013-0625,contradictory,contradictory,1,0.2,0,0.0,0.0,0,0,1,1,4.883984099999999,1172
deepcti_mode_comparison_100_2026,mistral:latest,initial_one_shot,DCTI-KEV-089-CVE-2013-0629,affected,affected,1,0.7,0,0.5,1.0,0,1,1,1,7.9508127,1425
deepcti_mode_comparison_100_2026,mistral:latest,initial_one_shot,DCTI-KEV-090-CVE-2013-0631,not_applicable,not_applicable,1,0.8,1,0.0,1.0,0,1,1,1,4.4955909,1160
deepcti_mode_comparison_100_2026,mistral:latest,initial_one_shot,DCTI-KEV-091-CVE-2013-0632,uncertain,uncertain,1,0.6333333333333333,0,0.5,0.6666666666666666,0,1,1,1,5.5159141,1249
deepcti_mode_comparison_100_2026,mistral:latest,initial_one_shot,DCTI-KEV-092-CVE-2013-0640,contradictory,contradictory,1,0.2,0,0.0,0.0,0,0,1,1,5.8323735999999995,1273
deepcti_mode_comparison_100_2026,mistral:latest,initial_one_shot,DCTI-KEV-093-CVE-2013-0641,affected,affected,1,0.8,0,1.0,1.0,0,1,1,1,7.5127762,1399
deepcti_mode_comparison_100_2026,mistral:latest,initial_one_shot,DCTI-KEV-094-CVE-2013-0643,not_applicable,not_applicable,1,0.8,1,0.0,1.0,0,1,1,1,5.044997599999999,1240
deepcti_mode_comparison_100_2026,mistral:latest,initial_one_shot,DCTI-KEV-095-CVE-2013-0648,uncertain,uncertain,1,0.5666666666666667,0,0.5,0.3333333333333333,0,1,1,1,7.4372997,1428
deepcti_mode_comparison_100_2026,mistral:latest,initial_one_shot,DCTI-KEV-096-CVE-2013-1331,contradictory,contradictory,1,0.2,0,0.0,0.0,0,0,1,1,6.6702620999999995,1314
deepcti_mode_comparison_100_2026,mistral:latest,initial_one_shot,DCTI-KEV-097-CVE-2013-1347,affected,affected,1,0.7,0,0.5,1.0,0,1,1,1,9.5689187,1576
deepcti_mode_comparison_100_2026,mistral:latest,initial_one_shot,DCTI-KEV-098-CVE-2013-1675,not_applicable,not_applicable,1,0.8,1,0.0,1.0,0,1,1,1,5.978600800000001,1293
deepcti_mode_comparison_100_2026,mistral:latest,initial_one_shot,DCTI-KEV-099-CVE-2013-1690,uncertain,uncertain,1,0.5666666666666667,0,0.5,0.3333333333333333,0,1,1,1,7.4331533,1437
deepcti_mode_comparison_100_2026,mistral:latest,initial_one_shot,DCTI-KEV-100-CVE-2013-2094,contradictory,contradictory,1,0.4,1,0.0,0.0,0,0,1,1,7.800341400000001,1451
deepcti_mode_comparison_100_2026,mistral:latest,iterative_no_memory,DCTI-KEV-001-CVE-2002-0367,affected,affected,3,0.9,1,0.5,1.0,0,1,1,3,22.3660608,4511
deepcti_mode_comparison_100_2026,mistral:latest,iterative_no_memory,DCTI-KEV-002-CVE-2004-0210,not_applicable,not_applicable,3,1.0,1,1.0,1.0,0,1,1,3,15.280306000000001,3922
deepcti_mode_comparison_100_2026,mistral:latest,iterative_no_memory,DCTI-KEV-003-CVE-2004-1464,uncertain,uncertain,3,0.6333333333333333,0,0.5,0.6666666666666666,0,1,1,3,27.695158900000003,4987
deepcti_mode_comparison_100_2026,mistral:latest,iterative_no_memory,DCTI-KEV-004-CVE-2005-2773,contradictory,contradictory,3,0.7,1,0.5,0.0,0,1,1,3,24.912338199999997,4701
deepcti_mode_comparison_100_2026,mistral:latest,iterative_no_memory,DCTI-KEV-005-CVE-2006-1547,affected,affected,3,1.0,1,1.0,1.0,0,1,1,3,26.671136299999997,4889
deepcti_mode_comparison_100_2026,mistral:latest,iterative_no_memory,DCTI-KEV-006-CVE-2006-2492,not_applicable,not_applicable,3,1.0,1,1.0,1.0,0,1,1,3,20.562849300000003,4241
deepcti_mode_comparison_100_2026,mistral:latest,iterative_no_memory,DCTI-KEV-007-CVE-2007-0671,uncertain,uncertain,3,0.7,0,0.5,1.0,0,1,1,3,28.8212175,5224
deepcti_mode_comparison_100_2026,mistral:latest,iterative_no_memory,DCTI-KEV-008-CVE-2007-3010,contradictory,contradictory,3,0.8,1,0.5,0.5,0,1,1,3,21.456204100000004,4469
deepcti_mode_comparison_100_2026,mistral:latest,iterative_no_memory,DCTI-KEV-009-CVE-2007-5659,affected,affected,3,0.9,1,0.5,1.0,0,1,1,3,27.8791469,4954
deepcti_mode_comparison_100_2026,mistral:latest,iterative_no_memory,DCTI-KEV-010-CVE-2008-0015,not_applicable,not_applicable,3,1.0,1,1.0,1.0,0,1,1,3,18.7850075,4370
deepcti_mode_comparison_100_2026,mistral:latest,iterative_no_memory,DCTI-KEV-011-CVE-2008-0655,uncertain,uncertain,3,0.7,0,0.5,1.0,0,1,1,3,21.8480733,4498
deepcti_mode_comparison_100_2026,mistral:latest,iterative_no_memory,DCTI-KEV-012-CVE-2008-2992,contradictory,contradictory,3,0.7,0,1.0,0.5,0,1,1,3,23.5229066,4630
deepcti_mode_comparison_100_2026,mistral:latest,iterative_no_memory,DCTI-KEV-013-CVE-2008-3431,affected,affected,3,1.0,1,1.0,1.0,0,1,1,3,23.088341399999997,4614
deepcti_mode_comparison_100_2026,mistral:latest,iterative_no_memory,DCTI-KEV-014-CVE-2008-4128,not_applicable,not_applicable,3,1.0,1,1.0,1.0,0,1,1,3,14.9753095,4415
deepcti_mode_comparison_100_2026,mistral:latest,iterative_no_memory,DCTI-KEV-015-CVE-2008-4250,uncertain,uncertain,3,0.6333333333333333,0,0.5,0.6666666666666666,0,1,1,3,25.352977900000003,4886
deepcti_mode_comparison_100_2026,mistral:latest,iterative_no_memory,DCTI-KEV-016-CVE-2009-0238,contradictory,contradictory,3,0.8,1,0.5,0.5,0,1,1,3,22.8858376,4615
deepcti_mode_comparison_100_2026,mistral:latest,iterative_no_memory,DCTI-KEV-017-CVE-2009-0556,affected,affected,3,1.0,1,1.0,1.0,0,1,1,3,28.588168999999997,5169
deepcti_mode_comparison_100_2026,mistral:latest,iterative_no_memory,DCTI-KEV-018-CVE-2009-0557,not_applicable,not_applicable,3,1.0,1,1.0,1.0,0,1,1,3,19.0884093,4168
deepcti_mode_comparison_100_2026,mistral:latest,iterative_no_memory,DCTI-KEV-019-CVE-2009-0563,uncertain,uncertain,3,0.6333333333333333,0,0.5,0.6666666666666666,0,1,1,3,27.6236992,4857
deepcti_mode_comparison_100_2026,mistral:latest,iterative_no_memory,DCTI-KEV-020-CVE-2009-0927,contradictory,contradictory,3,0.8,1,0.5,0.5,0,1,1,3,20.4557418,4426
deepcti_mode_comparison_100_2026,mistral:latest,iterative_no_memory,DCTI-KEV-021-CVE-2009-1123,affected,affected,3,0.9,1,0.5,1.0,0,1,1,3,27.3210153,4926
deepcti_mode_comparison_100_2026,mistral:latest,iterative_no_memory,DCTI-KEV-022-CVE-2009-1151,not_applicable,not_applicable,3,1.0,1,1.0,1.0,0,1,1,3,20.458572,4308
deepcti_mode_comparison_100_2026,mistral:latest,iterative_no_memory,DCTI-KEV-023-CVE-2009-1537,uncertain,uncertain,3,0.7,0,0.5,1.0,0,1,1,3,27.568880299999996,5033
deepcti_mode_comparison_100_2026,mistral:latest,iterative_no_memory,DCTI-KEV-024-CVE-2009-1862,contradictory,contradictory,3,0.8,1,0.5,0.5,0,1,1,3,26.6863263,5027
deepcti_mode_comparison_100_2026,mistral:latest,iterative_no_memory,DCTI-KEV-025-CVE-2009-2055,affected,affected,3,1.0,1,1.0,1.0,0,1,1,3,24.091299100000004,4715
deepcti_mode_comparison_100_2026,mistral:latest,iterative_no_memory,DCTI-KEV-026-CVE-2009-3129,not_applicable,not_applicable,3,1.0,1,1.0,1.0,0,1,1,3,18.9965981,4240
deepcti_mode_comparison_100_2026,mistral:latest,iterative_no_memory,DCTI-KEV-027-CVE-2009-3459,uncertain,uncertain,3,0.6333333333333333,0,0.5,0.6666666666666666,0,1,1,3,24.47964,4811
deepcti_mode_comparison_100_2026,mistral:latest,iterative_no_memory,DCTI-KEV-028-CVE-2009-3953,contradictory,contradictory,3,0.8,1,0.5,0.5,0,1,1,3,23.5717133,4621
deepcti_mode_comparison_100_2026,mistral:latest,iterative_no_memory,DCTI-KEV-029-CVE-2009-3960,affected,affected,3,0.9,1,0.5,1.0,0,1,1,3,21.7444274,4437
deepcti_mode_comparison_100_2026,mistral:latest,iterative_no_memory,DCTI-KEV-030-CVE-2009-4324,not_applicable,not_applicable,3,0.9,1,0.5,1.0,0,1,1,3,22.1158069,4525
deepcti_mode_comparison_100_2026,mistral:latest,iterative_no_memory,DCTI-KEV-031-CVE-2010-0188,uncertain,uncertain,3,0.9,1,0.5,1.0,0,1,1,3,24.5627146,4752
deepcti_mode_comparison_100_2026,mistral:latest,iterative_no_memory,DCTI-KEV-032-CVE-2010-0232,contradictory,contradictory,3,0.4,1,0.0,0.0,0,0,1,3,24.1927373,4662
deepcti_mode_comparison_100_2026,mistral:latest,iterative_no_memory,DCTI-KEV-033-CVE-2010-0249,affected,affected,3,0.6,0,0.0,1.0,0,1,0,3,32.916426099999995,5536
deepcti_mode_comparison_100_2026,mistral:latest,iterative_no_memory,DCTI-KEV-034-CVE-2010-0738,not_applicable,not_applicable,3,1.0,1,1.0,1.0,0,1,1,3,20.7185932,4399
deepcti_mode_comparison_100_2026,mistral:latest,iterative_no_memory,DCTI-KEV-035-CVE-2010-0806,uncertain,uncertain,3,0.8333333333333334,1,0.5,0.6666666666666666,0,1,1,3,31.003836000000003,5382
deepcti_mode_comparison_100_2026,mistral:latest,iterative_no_memory,DCTI-KEV-036-CVE-2010-0840,contradictory,contradictory,3,0.2,0,0.0,0.0,0,0,1,3,20.6489013,4410
deepcti_mode_comparison_100_2026,mistral:latest,iterative_no_memory,DCTI-KEV-037-CVE-2010-1297,affected,affected,2,0.6,0,0.0,1.0,0,1,0,2,24.0567056,3627
deepcti_mode_comparison_100_2026,mistral:latest,iterative_no_memory,DCTI-KEV-038-CVE-2010-1428,not_applicable,not_applicable,3,0.9,1,0.5,1.0,0,1,1,3,15.7035595,4014
deepcti_mode_comparison_100_2026,mistral:latest,iterative_no_memory,DCTI-KEV-039-CVE-2010-1871,uncertain,uncertain,3,0.6333333333333333,0,0.5,0.6666666666666666,0,1,1,3,26.0486831,4910
deepcti_mode_comparison_100_2026,mistral:latest,iterative_no_memory,DCTI-KEV-040-CVE-2010-2568,contradictory,contradictory,3,0.8,1,0.5,0.5,0,1,1,3,30.4988857,5175
deepcti_mode_comparison_100_2026,mistral:latest,iterative_no_memory,DCTI-KEV-041-CVE-2010-2572,affected,affected,3,0.9,1,0.5,1.0,0,1,1,3,23.3905294,4511
deepcti_mode_comparison_100_2026,mistral:latest,iterative_no_memory,DCTI-KEV-042-CVE-2010-2861,not_applicable,not_applicable,3,1.0,1,1.0,1.0,0,1,1,3,20.8705522,4330
deepcti_mode_comparison_100_2026,mistral:latest,iterative_no_memory,DCTI-KEV-043-CVE-2010-2883,uncertain,uncertain,3,0.8333333333333334,1,0.5,0.6666666666666666,0,1,1,3,24.072927900000003,4665
deepcti_mode_comparison_100_2026,mistral:latest,iterative_no_memory,DCTI-KEV-044-CVE-2010-3035,contradictory,contradictory,3,0.3,0,0.0,0.5,0,0,1,3,22.658160300000002,4558
deepcti_mode_comparison_100_2026,mistral:latest,iterative_no_memory,DCTI-KEV-045-CVE-2010-3333,affected,affected,3,0.9,1,0.5,1.0,0,1,1,3,22.657236700000002,4490
deepcti_mode_comparison_100_2026,mistral:latest,iterative_no_memory,DCTI-KEV-046-CVE-2010-3765,not_applicable,not_applicable,3,1.0,1,1.0,1.0,0,1,1,3,27.9197998,5100
deepcti_mode_comparison_100_2026,mistral:latest,iterative_no_memory,DCTI-KEV-047-CVE-2010-3904,uncertain,uncertain,1,0.6,1,0.0,0.0,0,1,0,1,13.1150279,1877
deepcti_mode_comparison_100_2026,mistral:latest,iterative_no_memory,DCTI-KEV-048-CVE-2010-3962,contradictory,contradictory,3,0.8,1,0.5,0.5,0,1,1,3,27.633448700000002,5075
deepcti_mode_comparison_100_2026,mistral:latest,iterative_no_memory,DCTI-KEV-049-CVE-2010-4344,affected,affected,3,1.0,1,1.0,1.0,0,1,1,3,21.625076500000002,4549
deepcti_mode_comparison_100_2026,mistral:latest,iterative_no_memory,DCTI-KEV-050-CVE-2010-4345,not_applicable,not_applicable,3,1.0,1,1.0,1.0,0,1,1,3,20.055383000000003,4333
deepcti_mode_comparison_100_2026,mistral:latest,iterative_no_memory,DCTI-KEV-051-CVE-2010-4398,uncertain,uncertain,3,0.4666666666666667,0,0.0,0.3333333333333333,0,1,1,3,26.014695800000002,4854
deepcti_mode_comparison_100_2026,mistral:latest,iterative_no_memory,DCTI-KEV-052-CVE-2010-5326,contradictory,contradictory,3,0.8,1,0.5,0.5,0,1,1,3,23.7512673,4647
deepcti_mode_comparison_100_2026,mistral:latest,iterative_no_memory,DCTI-KEV-053-CVE-2010-5330,affected,affected,3,0.9,1,0.5,1.0,0,1,1,3,20.5538059,4362
deepcti_mode_comparison_100_2026,mistral:latest,iterative_no_memory,DCTI-KEV-054-CVE-2011-0609,not_applicable,not_applicable,3,0.9,1,0.5,1.0,0,1,1,3,17.957989800000004,4155
deepcti_mode_comparison_100_2026,mistral:latest,iterative_no_memory,DCTI-KEV-055-CVE-2011-0611,uncertain,uncertain,2,0.6,1,0.0,0.0,0,1,0,2,20.156804700000002,3339
deepcti_mode_comparison_100_2026,mistral:latest,iterative_no_memory,DCTI-KEV-056-CVE-2011-1823,contradictory,contradictory,3,0.6,0,0.5,0.5,0,1,1,3,22.478052499999997,4573
deepcti_mode_comparison_100_2026,mistral:latest,iterative_no_memory,DCTI-KEV-057-CVE-2011-1889,affected,affected,3,1.0,1,1.0,1.0,0,1,1,3,26.1084126,4898
deepcti_mode_comparison_100_2026,mistral:latest,iterative_no_memory,DCTI-KEV-058-CVE-2011-2005,not_applicable,not_applicable,3,0.9,1,0.5,1.0,0,1,1,3,19.784789,4378
deepcti_mode_comparison_100_2026,mistral:latest,iterative_no_memory,DCTI-KEV-059-CVE-2011-2462,uncertain,uncertain,3,0.7,0,0.5,1.0,0,1,1,3,20.926502399999997,4468
deepcti_mode_comparison_100_2026,mistral:latest,iterative_no_memory,DCTI-KEV-060-CVE-2011-3402,contradictory,contradictory,3,0.4,1,0.0,0.0,0,0,0,3,24.492128,4839
deepcti_mode_comparison_100_2026,mistral:latest,iterative_no_memory,DCTI-KEV-061-CVE-2011-3544,affected,affected,3,0.9,1,0.5,1.0,0,1,1,3,23.0070919,4591
deepcti_mode_comparison_100_2026,mistral:latest,iterative_no_memory,DCTI-KEV-062-CVE-2011-4723,not_applicable,not_applicable,3,1.0,1,1.0,1.0,0,1,1,3,19.335031599999997,4395
deepcti_mode_comparison_100_2026,mistral:latest,iterative_no_memory,DCTI-KEV-063-CVE-2012-0151,uncertain,uncertain,3,0.6333333333333333,0,0.5,0.6666666666666666,0,1,1,3,25.6089504,4808
deepcti_mode_comparison_100_2026,mistral:latest,iterative_no_memory,DCTI-KEV-064-CVE-2012-0158,contradictory,contradictory,3,0.7,0,1.0,0.5,0,1,1,3,24.863919600000003,4760
deepcti_mode_comparison_100_2026,mistral:latest,iterative_no_memory,DCTI-KEV-065-CVE-2012-0391,affected,affected,3,0.9,1,0.5,1.0,0,1,1,3,25.7203875,4788
deepcti_mode_comparison_100_2026,mistral:latest,iterative_no_memory,DCTI-KEV-066-CVE-2012-0507,not_applicable,not_applicable,3,0.9,1,0.5,1.0,0,1,1,3,20.1318111,4270
deepcti_mode_comparison_100_2026,mistral:latest,iterative_no_memory,DCTI-KEV-067-CVE-2012-0518,uncertain,uncertain,3,0.6333333333333333,0,0.5,0.6666666666666666,0,1,1,3,23.8554389,4611
deepcti_mode_comparison_100_2026,mistral:latest,iterative_no_memory,DCTI-KEV-068-CVE-2012-0754,contradictory,contradictory,3,0.8,1,0.5,0.5,0,1,1,3,24.0051198,4646
deepcti_mode_comparison_100_2026,mistral:latest,iterative_no_memory,DCTI-KEV-069-CVE-2012-0767,affected,affected,3,1.0,1,1.0,1.0,0,1,1,3,23.9446187,4679
deepcti_mode_comparison_100_2026,mistral:latest,iterative_no_memory,DCTI-KEV-070-CVE-2012-1535,not_applicable,not_applicable,3,1.0,1,1.0,1.0,0,1,1,3,21.612059600000002,4456
deepcti_mode_comparison_100_2026,mistral:latest,iterative_no_memory,DCTI-KEV-071-CVE-2012-1710,uncertain,uncertain,3,0.8333333333333334,1,0.5,0.6666666666666666,0,1,1,3,25.0857275,4667
deepcti_mode_comparison_100_2026,mistral:latest,iterative_no_memory,DCTI-KEV-072-CVE-2012-1723,contradictory,contradictory,3,0.9,1,1.0,0.5,0,1,1,3,20.577412,4419
deepcti_mode_comparison_100_2026,mistral:latest,iterative_no_memory,DCTI-KEV-073-CVE-2012-1823,affected,affected,3,0.9,1,0.5,1.0,0,1,1,3,22.6993078,4571
deepcti_mode_comparison_100_2026,mistral:latest,iterative_no_memory,DCTI-KEV-074-CVE-2012-1854,not_applicable,not_applicable,3,0.9,1,0.5,1.0,0,1,1,3,23.2312251,4664
deepcti_mode_comparison_100_2026,mistral:latest,iterative_no_memory,DCTI-KEV-075-CVE-2012-1856,uncertain,uncertain,3,0.6333333333333333,0,0.5,0.6666666666666666,0,1,1,3,23.6758782,4658
deepcti_mode_comparison_100_2026,mistral:latest,iterative_no_memory,DCTI-KEV-076-CVE-2012-1889,contradictory,contradictory,3,0.8,1,0.5,0.5,0,1,1,3,28.616196199999997,4961
deepcti_mode_comparison_100_2026,mistral:latest,iterative_no_memory,DCTI-KEV-077-CVE-2012-2034,affected,affected,3,1.0,1,1.0,1.0,0,1,1,3,30.844805200000003,5219
deepcti_mode_comparison_100_2026,mistral:latest,iterative_no_memory,DCTI-KEV-078-CVE-2012-2539,not_applicable,not_applicable,3,1.0,1,1.0,1.0,0,1,1,3,16.953604199999997,3998
deepcti_mode_comparison_100_2026,mistral:latest,iterative_no_memory,DCTI-KEV-079-CVE-2012-3152,uncertain,uncertain,3,0.6333333333333333,0,0.5,0.6666666666666666,0,1,1,3,23.0869976,4560
deepcti_mode_comparison_100_2026,mistral:latest,iterative_no_memory,DCTI-KEV-080-CVE-2012-4681,contradictory,contradictory,3,0.9,1,1.0,0.5,0,1,1,3,23.1522459,4580
deepcti_mode_comparison_100_2026,mistral:latest,iterative_no_memory,DCTI-KEV-081-CVE-2012-4792,affected,affected,3,0.6,0,0.0,1.0,0,1,0,3,28.694997099968916,3258
deepcti_mode_comparison_100_2026,mistral:latest,iterative_no_memory,DCTI-KEV-082-CVE-2012-4969,not_applicable,not_applicable,3,0.9,1,0.5,1.0,0,1,1,3,21.1101898,4340
deepcti_mode_comparison_100_2026,mistral:latest,iterative_no_memory,DCTI-KEV-083-CVE-2012-5054,uncertain,uncertain,3,0.8333333333333334,1,0.5,0.6666666666666666,0,1,1,3,25.991719599999996,4779
deepcti_mode_comparison_100_2026,mistral:latest,iterative_no_memory,DCTI-KEV-084-CVE-2012-5076,contradictory,contradictory,3,1.0,1,1.0,1.0,0,1,1,3,25.090063999999998,4760
deepcti_mode_comparison_100_2026,mistral:latest,iterative_no_memory,DCTI-KEV-085-CVE-2013-0074,affected,affected,3,1.0,1,1.0,1.0,0,1,1,3,29.0458034,5086
deepcti_mode_comparison_100_2026,mistral:latest,iterative_no_memory,DCTI-KEV-086-CVE-2013-0422,not_applicable,not_applicable,3,1.0,1,1.0,1.0,0,1,1,3,20.8167176,4338
deepcti_mode_comparison_100_2026,mistral:latest,iterative_no_memory,DCTI-KEV-087-CVE-2013-0431,uncertain,uncertain,3,0.6,1,0.0,0.0,0,1,0,3,33.031224699999996,5384
deepcti_mode_comparison_100_2026,mistral:latest,iterative_no_memory,DCTI-KEV-088-CVE-2013-0625,contradictory,contradictory,3,0.8,1,0.5,0.5,0,1,1,3,26.3067687,4796
deepcti_mode_comparison_100_2026,mistral:latest,iterative_no_memory,DCTI-KEV-089-CVE-2013-0629,affected,affected,3,0.9,1,0.5,1.0,0,1,1,3,23.5041003,4493
deepcti_mode_comparison_100_2026,mistral:latest,iterative_no_memory,DCTI-KEV-090-CVE-2013-0631,not_applicable,not_applicable,3,1.0,1,1.0,1.0,0,1,1,3,17.882187400000003,4030
deepcti_mode_comparison_100_2026,mistral:latest,iterative_no_memory,DCTI-KEV-091-CVE-2013-0632,uncertain,uncertain,3,0.6333333333333333,0,0.5,0.6666666666666666,0,1,1,3,24.630997899999997,4602
deepcti_mode_comparison_100_2026,mistral:latest,iterative_no_memory,DCTI-KEV-092-CVE-2013-0640,contradictory,contradictory,3,0.8,1,0.5,0.5,0,1,1,3,28.000098299999998,4927
deepcti_mode_comparison_100_2026,mistral:latest,iterative_no_memory,DCTI-KEV-093-CVE-2013-0641,affected,affected,3,0.9,1,0.5,1.0,0,1,1,3,25.2743802,4653
deepcti_mode_comparison_100_2026,mistral:latest,iterative_no_memory,DCTI-KEV-094-CVE-2013-0643,not_applicable,not_applicable,3,1.0,1,1.0,1.0,0,1,1,3,26.1403712,4804
deepcti_mode_comparison_100_2026,mistral:latest,iterative_no_memory,DCTI-KEV-095-CVE-2013-0648,uncertain,uncertain,3,0.8333333333333334,1,0.5,0.6666666666666666,0,1,1,3,30.290011500000002,5166
deepcti_mode_comparison_100_2026,mistral:latest,iterative_no_memory,DCTI-KEV-096-CVE-2013-1331,contradictory,contradictory,3,0.8,1,0.5,0.5,0,1,1,3,23.9674345,4628
deepcti_mode_comparison_100_2026,mistral:latest,iterative_no_memory,DCTI-KEV-097-CVE-2013-1347,affected,affected,3,1.0,1,1.0,1.0,0,1,1,3,23.449587599999997,4566
deepcti_mode_comparison_100_2026,mistral:latest,iterative_no_memory,DCTI-KEV-098-CVE-2013-1675,not_applicable,not_applicable,3,1.0,1,1.0,1.0,0,1,1,3,15.627847699999998,4001
deepcti_mode_comparison_100_2026,mistral:latest,iterative_no_memory,DCTI-KEV-099-CVE-2013-1690,uncertain,uncertain,3,0.6333333333333333,0,0.5,0.6666666666666666,0,1,1,3,25.4554686,4810
deepcti_mode_comparison_100_2026,mistral:latest,iterative_no_memory,DCTI-KEV-100-CVE-2013-2094,contradictory,contradictory,3,0.4,1,0.0,0.0,0,0,1,3,25.891552100000002,4822
deepcti_mode_comparison_100_2026,mistral:latest,rag_once,DCTI-KEV-001-CVE-2002-0367,affected,affected,1,0.9,1,0.5,1.0,0,1,1,1,17.6041113,1733
deepcti_mode_comparison_100_2026,mistral:latest,rag_once,DCTI-KEV-002-CVE-2004-0210,not_applicable,not_applicable,1,1.0,1,1.0,1.0,0,1,1,1,13.198426,1518
deepcti_mode_comparison_100_2026,mistral:latest,rag_once,DCTI-KEV-003-CVE-2004-1464,uncertain,uncertain,1,0.8333333333333334,1,0.5,0.6666666666666666,0,1,1,1,21.8223687,1911
deepcti_mode_comparison_100_2026,mistral:latest,rag_once,DCTI-KEV-004-CVE-2005-2773,contradictory,contradictory,1,0.7,1,0.5,0.0,0,1,1,1,19.3780413,1770
deepcti_mode_comparison_100_2026,mistral:latest,rag_once,DCTI-KEV-005-CVE-2006-1547,affected,affected,1,1.0,1,1.0,1.0,0,1,1,1,16.4057742,1670
deepcti_mode_comparison_100_2026,mistral:latest,rag_once,DCTI-KEV-006-CVE-2006-2492,not_applicable,not_applicable,1,1.0,1,1.0,1.0,0,1,1,1,14.662010500000001,1556
deepcti_mode_comparison_100_2026,mistral:latest,rag_once,DCTI-KEV-007-CVE-2007-0671,uncertain,uncertain,1,0.8333333333333334,1,0.5,0.6666666666666666,0,1,1,1,23.8943198,1989
deepcti_mode_comparison_100_2026,mistral:latest,rag_once,DCTI-KEV-008-CVE-2007-3010,contradictory,contradictory,1,0.9,1,1.0,0.5,0,1,1,1,19.2358073,1780
deepcti_mode_comparison_100_2026,mistral:latest,rag_once,DCTI-KEV-009-CVE-2007-5659,affected,affected,1,1.0,1,1.0,1.0,0,1,1,1,20.0010032,1796
deepcti_mode_comparison_100_2026,mistral:latest,rag_once,DCTI-KEV-010-CVE-2008-0015,not_applicable,not_applicable,1,0.8,1,0.0,1.0,0,1,1,1,26.842784599999998,2081
deepcti_mode_comparison_100_2026,mistral:latest,rag_once,DCTI-KEV-011-CVE-2008-0655,uncertain,uncertain,1,0.7,0,0.5,1.0,0,1,1,1,25.521126199999998,1994
deepcti_mode_comparison_100_2026,mistral:latest,rag_once,DCTI-KEV-012-CVE-2008-2992,contradictory,contradictory,1,0.4,1,0.0,0.0,0,0,1,1,14.6219114,1606
deepcti_mode_comparison_100_2026,mistral:latest,rag_once,DCTI-KEV-013-CVE-2008-3431,affected,affected,1,1.0,1,1.0,1.0,0,1,1,1,23.5739936,1906
deepcti_mode_comparison_100_2026,mistral:latest,rag_once,DCTI-KEV-014-CVE-2008-4128,not_applicable,not_applicable,1,1.0,1,1.0,1.0,0,1,1,1,12.954791499999999,1674
deepcti_mode_comparison_100_2026,mistral:latest,rag_once,DCTI-KEV-015-CVE-2008-4250,uncertain,uncertain,1,0.6333333333333333,0,0.5,0.6666666666666666,0,1,1,1,14.6447958,1607
deepcti_mode_comparison_100_2026,mistral:latest,rag_once,DCTI-KEV-016-CVE-2009-0238,contradictory,contradictory,1,0.9,1,1.0,0.5,0,1,1,1,17.3042649,1724
deepcti_mode_comparison_100_2026,mistral:latest,rag_once,DCTI-KEV-017-CVE-2009-0556,affected,affected,1,1.0,1,1.0,1.0,0,1,1,1,23.221931700000003,1933
deepcti_mode_comparison_100_2026,mistral:latest,rag_once,DCTI-KEV-018-CVE-2009-0557,not_applicable,not_applicable,1,1.0,1,1.0,1.0,0,1,1,1,14.2415175,1551
deepcti_mode_comparison_100_2026,mistral:latest,rag_once,DCTI-KEV-019-CVE-2009-0563,uncertain,uncertain,1,0.6333333333333333,0,0.5,0.6666666666666666,0,1,1,1,15.1802543,1587
deepcti_mode_comparison_100_2026,mistral:latest,rag_once,DCTI-KEV-020-CVE-2009-0927,contradictory,contradictory,1,0.7,1,0.5,0.0,0,1,1,1,20.7280539,1829
deepcti_mode_comparison_100_2026,mistral:latest,rag_once,DCTI-KEV-021-CVE-2009-1123,affected,affected,1,0.9,1,0.5,1.0,0,1,1,1,24.1423956,1984
deepcti_mode_comparison_100_2026,mistral:latest,rag_once,DCTI-KEV-022-CVE-2009-1151,not_applicable,not_applicable,1,1.0,1,1.0,1.0,0,1,1,1,11.114875099999999,1470
deepcti_mode_comparison_100_2026,mistral:latest,rag_once,DCTI-KEV-023-CVE-2009-1537,uncertain,uncertain,1,0.6333333333333333,0,0.5,0.6666666666666666,0,1,1,1,17.802229899999997,1731
deepcti_mode_comparison_100_2026,mistral:latest,rag_once,DCTI-KEV-024-CVE-2009-1862,contradictory,contradictory,1,0.9,1,1.0,0.5,0,1,1,1,25.6641958,2044
deepcti_mode_comparison_100_2026,mistral:latest,rag_once,DCTI-KEV-025-CVE-2009-2055,affected,affected,1,0.9,1,0.5,1.0,0,1,1,1,17.251471300000002,1738
deepcti_mode_comparison_100_2026,mistral:latest,rag_once,DCTI-KEV-026-CVE-2009-3129,not_applicable,not_applicable,1,1.0,1,1.0,1.0,0,1,1,1,11.6047634,1471
deepcti_mode_comparison_100_2026,mistral:latest,rag_once,DCTI-KEV-027-CVE-2009-3459,uncertain,uncertain,1,0.6,1,0.0,0.0,0,1,0,1,27.388124400000002,2142
deepcti_mode_comparison_100_2026,mistral:latest,rag_once,DCTI-KEV-028-CVE-2009-3953,contradictory,contradictory,1,0.5,1,0.0,0.5,0,0,1,1,21.8711968,1906
deepcti_mode_comparison_100_2026,mistral:latest,rag_once,DCTI-KEV-029-CVE-2009-3960,affected,affected,1,1.0,1,1.0,1.0,0,1,1,1,15.053715799999999,1623
deepcti_mode_comparison_100_2026,mistral:latest,rag_once,DCTI-KEV-030-CVE-2009-4324,not_applicable,not_applicable,1,1.0,1,1.0,1.0,0,1,1,1,10.8671282,1466
deepcti_mode_comparison_100_2026,mistral:latest,rag_once,DCTI-KEV-031-CVE-2010-0188,uncertain,uncertain,1,0.9,1,0.5,1.0,0,1,1,1,16.6415041,1691
deepcti_mode_comparison_100_2026,mistral:latest,rag_once,DCTI-KEV-032-CVE-2010-0232,contradictory,contradictory,1,0.8,1,0.5,0.5,0,1,1,1,14.481037500000001,1627
deepcti_mode_comparison_100_2026,mistral:latest,rag_once,DCTI-KEV-033-CVE-2010-0249,affected,affected,1,1.0,1,1.0,1.0,0,1,1,1,27.3979441,2172
deepcti_mode_comparison_100_2026,mistral:latest,rag_once,DCTI-KEV-034-CVE-2010-0738,not_applicable,not_applicable,1,0.9,1,0.5,1.0,0,1,1,1,12.9932183,1561
deepcti_mode_comparison_100_2026,mistral:latest,rag_once,DCTI-KEV-035-CVE-2010-0806,uncertain,uncertain,1,0.8333333333333334,1,0.5,0.6666666666666666,0,1,1,1,23.8654165,2027
deepcti_mode_comparison_100_2026,mistral:latest,rag_once,DCTI-KEV-036-CVE-2010-0840,contradictory,contradictory,1,0.8,1,0.5,0.5,0,1,1,1,16.1730276,1699
deepcti_mode_comparison_100_2026,mistral:latest,rag_once,DCTI-KEV-037-CVE-2010-1297,affected,affected,1,1.0,1,1.0,1.0,0,1,1,1,25.377911800000003,2037
deepcti_mode_comparison_100_2026,mistral:latest,rag_once,DCTI-KEV-038-CVE-2010-1428,not_applicable,not_applicable,1,0.9,1,0.5,1.0,0,1,1,1,9.8655165,1445
deepcti_mode_comparison_100_2026,mistral:latest,rag_once,DCTI-KEV-039-CVE-2010-1871,uncertain,uncertain,1,0.6333333333333333,0,0.5,0.6666666666666666,0,1,1,1,25.0721223,2053
deepcti_mode_comparison_100_2026,mistral:latest,rag_once,DCTI-KEV-040-CVE-2010-2568,contradictory,contradictory,1,0.5,1,0.0,0.5,0,0,1,1,18.7087146,1750
deepcti_mode_comparison_100_2026,mistral:latest,rag_once,DCTI-KEV-041-CVE-2010-2572,affected,affected,1,1.0,1,1.0,1.0,0,1,1,1,12.5607535,1496
deepcti_mode_comparison_100_2026,mistral:latest,rag_once,DCTI-KEV-042-CVE-2010-2861,not_applicable,not_applicable,1,1.0,1,1.0,1.0,0,1,1,1,11.7815423,1462
deepcti_mode_comparison_100_2026,mistral:latest,rag_once,DCTI-KEV-043-CVE-2010-2883,uncertain,uncertain,1,0.6333333333333333,0,0.5,0.6666666666666666,0,1,1,1,13.659494500000001,1561
deepcti_mode_comparison_100_2026,mistral:latest,rag_once,DCTI-KEV-044-CVE-2010-3035,contradictory,contradictory,1,1.0,1,1.0,1.0,0,1,1,1,16.6169305,1721
deepcti_mode_comparison_100_2026,mistral:latest,rag_once,DCTI-KEV-045-CVE-2010-3333,affected,affected,1,1.0,1,1.0,1.0,0,1,1,1,20.1260121,1777
deepcti_mode_comparison_100_2026,mistral:latest,rag_once,DCTI-KEV-046-CVE-2010-3765,not_applicable,not_applicable,1,0.9,1,0.5,1.0,0,1,1,1,12.8695841,1577
deepcti_mode_comparison_100_2026,mistral:latest,rag_once,DCTI-KEV-047-CVE-2010-3904,uncertain,uncertain,1,0.8333333333333334,1,0.5,0.6666666666666666,0,1,1,1,21.2803382,1888
deepcti_mode_comparison_100_2026,mistral:latest,rag_once,DCTI-KEV-048-CVE-2010-3962,contradictory,contradictory,1,0.7,1,0.5,0.0,0,1,1,1,17.8915774,1768
deepcti_mode_comparison_100_2026,mistral:latest,rag_once,DCTI-KEV-049-CVE-2010-4344,affected,affected,1,0.9,1,0.5,1.0,0,1,1,1,17.7962257,1715
deepcti_mode_comparison_100_2026,mistral:latest,rag_once,DCTI-KEV-050-CVE-2010-4345,not_applicable,not_applicable,1,1.0,1,1.0,1.0,0,1,1,1,11.7893428,1499
deepcti_mode_comparison_100_2026,mistral:latest,rag_once,DCTI-KEV-051-CVE-2010-4398,uncertain,uncertain,1,0.8333333333333334,1,0.5,0.6666666666666666,0,1,1,1,19.467710200000003,1802
deepcti_mode_comparison_100_2026,mistral:latest,rag_once,DCTI-KEV-052-CVE-2010-5326,contradictory,contradictory,1,0.9,1,1.0,0.5,0,1,1,1,20.178251,1799
deepcti_mode_comparison_100_2026,mistral:latest,rag_once,DCTI-KEV-053-CVE-2010-5330,affected,affected,1,0.9,1,0.5,1.0,0,1,1,1,19.2192811,1739
deepcti_mode_comparison_100_2026,mistral:latest,rag_once,DCTI-KEV-054-CVE-2011-0609,not_applicable,not_applicable,1,0.9,1,0.5,1.0,0,1,1,1,18.181734199999998,1710
deepcti_mode_comparison_100_2026,mistral:latest,rag_once,DCTI-KEV-055-CVE-2011-0611,uncertain,uncertain,1,0.6,1,0.0,0.0,0,1,0,1,27.0539043,2100
deepcti_mode_comparison_100_2026,mistral:latest,rag_once,DCTI-KEV-056-CVE-2011-1823,contradictory,contradictory,1,0.5,1,0.0,0.5,0,0,1,1,17.725239900000002,1765
deepcti_mode_comparison_100_2026,mistral:latest,rag_once,DCTI-KEV-057-CVE-2011-1889,affected,affected,1,1.0,1,1.0,1.0,0,1,1,1,21.6304676,1906
deepcti_mode_comparison_100_2026,mistral:latest,rag_once,DCTI-KEV-058-CVE-2011-2005,not_applicable,not_applicable,1,0.9,1,0.5,1.0,0,1,1,1,8.648643700000001,1392
deepcti_mode_comparison_100_2026,mistral:latest,rag_once,DCTI-KEV-059-CVE-2011-2462,uncertain,uncertain,1,0.9,1,0.5,1.0,0,1,1,1,11.4288983,1518
deepcti_mode_comparison_100_2026,mistral:latest,rag_once,DCTI-KEV-060-CVE-2011-3402,contradictory,contradictory,1,0.7,1,0.5,0.0,0,1,1,1,23.2241055,1946
deepcti_mode_comparison_100_2026,mistral:latest,rag_once,DCTI-KEV-061-CVE-2011-3544,affected,affected,1,0.9,1,0.5,1.0,0,1,1,1,23.736948,1987
deepcti_mode_comparison_100_2026,mistral:latest,rag_once,DCTI-KEV-062-CVE-2011-4723,not_applicable,not_applicable,1,1.0,1,1.0,1.0,0,1,1,1,23.8406655,1656
deepcti_mode_comparison_100_2026,mistral:latest,rag_once,DCTI-KEV-063-CVE-2012-0151,uncertain,uncertain,1,0.6333333333333333,0,0.5,0.6666666666666666,0,1,1,1,130.4056568,2036
deepcti_mode_comparison_100_2026,mistral:latest,rag_once,DCTI-KEV-064-CVE-2012-0158,contradictory,contradictory,1,0.8,1,0.5,0.5,0,1,1,1,71.91231230000001,1626
deepcti_mode_comparison_100_2026,mistral:latest,rag_once,DCTI-KEV-065-CVE-2012-0391,affected,affected,1,0.9,1,0.5,1.0,0,1,1,1,75.8530846,1548
deepcti_mode_comparison_100_2026,mistral:latest,rag_once,DCTI-KEV-066-CVE-2012-0507,not_applicable,not_applicable,1,1.0,1,1.0,1.0,0,1,1,1,50.734851799999994,1373
deepcti_mode_comparison_100_2026,mistral:latest,rag_once,DCTI-KEV-067-CVE-2012-0518,uncertain,uncertain,1,0.6333333333333333,0,0.5,0.6666666666666666,0,1,1,1,89.0716677,1618
deepcti_mode_comparison_100_2026,mistral:latest,rag_once,DCTI-KEV-068-CVE-2012-0754,contradictory,contradictory,1,0.9,1,1.0,0.5,0,1,1,1,81.53949229999999,1590
deepcti_mode_comparison_100_2026,mistral:latest,rag_once,DCTI-KEV-069-CVE-2012-0767,affected,affected,1,1.0,1,1.0,1.0,0,1,1,1,109.2917116,1765
deepcti_mode_comparison_100_2026,mistral:latest,rag_once,DCTI-KEV-070-CVE-2012-1535,not_applicable,not_applicable,1,0.9,1,0.5,1.0,0,1,1,1,62.2900903,1449
deepcti_mode_comparison_100_2026,mistral:latest,rag_once,DCTI-KEV-071-CVE-2012-1710,uncertain,uncertain,1,0.8333333333333334,1,0.5,0.6666666666666666,0,1,1,1,78.4620963,1560
deepcti_mode_comparison_100_2026,mistral:latest,rag_once,DCTI-KEV-072-CVE-2012-1723,contradictory,contradictory,1,0.5,1,0.0,0.5,0,0,1,1,85.55301089999999,1625
deepcti_mode_comparison_100_2026,mistral:latest,rag_once,DCTI-KEV-073-CVE-2012-1823,affected,affected,1,0.9,1,0.5,1.0,0,1,1,1,116.7902552,1805
deepcti_mode_comparison_100_2026,mistral:latest,rag_once,DCTI-KEV-074-CVE-2012-1854,not_applicable,not_applicable,1,0.9,1,0.5,1.0,0,1,1,1,50.2256317,1406
deepcti_mode_comparison_100_2026,mistral:latest,rag_once,DCTI-KEV-075-CVE-2012-1856,uncertain,uncertain,1,0.6333333333333333,0,0.5,0.6666666666666666,0,1,1,1,121.4811065,1830
deepcti_mode_comparison_100_2026,mistral:latest,rag_once,DCTI-KEV-076-CVE-2012-1889,contradictory,contradictory,1,0.4,1,0.0,0.0,0,0,1,1,95.7367663,1651
deepcti_mode_comparison_100_2026,mistral:latest,rag_once,DCTI-KEV-077-CVE-2012-2034,affected,affected,1,1.0,1,1.0,1.0,0,1,1,1,132.1170327,1854
deepcti_mode_comparison_100_2026,mistral:latest,rag_once,DCTI-KEV-078-CVE-2012-2539,not_applicable,not_applicable,1,1.0,1,1.0,1.0,0,1,1,1,50.0097934,1321
deepcti_mode_comparison_100_2026,mistral:latest,rag_once,DCTI-KEV-079-CVE-2012-3152,uncertain,uncertain,1,0.6333333333333333,0,0.5,0.6666666666666666,0,1,1,1,32429.806939100003,1577
deepcti_mode_comparison_100_2026,mistral:latest,rag_once,DCTI-KEV-080-CVE-2012-4681,contradictory,contradictory,1,0.8,1,0.5,0.5,0,1,1,1,9.1946815,1728
deepcti_mode_comparison_100_2026,mistral:latest,rag_once,DCTI-KEV-081-CVE-2012-4792,affected,affected,1,1.0,1,1.0,1.0,0,1,1,1,8.1322815,1692
deepcti_mode_comparison_100_2026,mistral:latest,rag_once,DCTI-KEV-082-CVE-2012-4969,not_applicable,not_applicable,1,1.0,1,1.0,1.0,0,1,1,1,6.3179374,1482
deepcti_mode_comparison_100_2026,mistral:latest,rag_once,DCTI-KEV-083-CVE-2012-5054,uncertain,uncertain,1,0.8333333333333334,1,0.5,0.6666666666666666,0,1,1,1,12.5688902,1923
deepcti_mode_comparison_100_2026,mistral:latest,rag_once,DCTI-KEV-084-CVE-2012-5076,contradictory,contradictory,1,0.5,1,0.0,0.5,0,0,1,1,9.410150400000001,1764
deepcti_mode_comparison_100_2026,mistral:latest,rag_once,DCTI-KEV-085-CVE-2013-0074,affected,affected,1,0.9,1,0.5,1.0,0,1,1,1,11.5607449,1876
deepcti_mode_comparison_100_2026,mistral:latest,rag_once,DCTI-KEV-086-CVE-2013-0422,not_applicable,not_applicable,1,0.9,1,0.5,1.0,0,1,1,1,9.1633158,1695
deepcti_mode_comparison_100_2026,mistral:latest,rag_once,DCTI-KEV-087-CVE-2013-0431,uncertain,uncertain,1,0.6,1,0.0,0.0,0,1,0,1,14.2308665,2097
deepcti_mode_comparison_100_2026,mistral:latest,rag_once,DCTI-KEV-088-CVE-2013-0625,contradictory,contradictory,1,0.8,1,0.5,0.5,0,1,1,1,8.5350455,1678
deepcti_mode_comparison_100_2026,mistral:latest,rag_once,DCTI-KEV-089-CVE-2013-0629,affected,affected,1,1.0,1,1.0,1.0,0,1,1,1,9.2736986,1741
deepcti_mode_comparison_100_2026,mistral:latest,rag_once,DCTI-KEV-090-CVE-2013-0631,not_applicable,not_applicable,1,1.0,1,1.0,1.0,0,1,1,1,7.1815343,1590
deepcti_mode_comparison_100_2026,mistral:latest,rag_once,DCTI-KEV-091-CVE-2013-0632,uncertain,uncertain,1,0.8333333333333334,1,0.5,0.6666666666666666,0,1,1,1,8.5349604,1711
deepcti_mode_comparison_100_2026,mistral:latest,rag_once,DCTI-KEV-092-CVE-2013-0640,contradictory,contradictory,1,0.8,1,0.5,0.5,0,1,1,1,10.6440173,1915
deepcti_mode_comparison_100_2026,mistral:latest,rag_once,DCTI-KEV-093-CVE-2013-0641,affected,affected,1,1.0,1,1.0,1.0,0,1,1,1,8.1778502,1674
deepcti_mode_comparison_100_2026,mistral:latest,rag_once,DCTI-KEV-094-CVE-2013-0643,not_applicable,not_applicable,1,1.0,1,1.0,1.0,0,1,1,1,10.273567100000001,1886
deepcti_mode_comparison_100_2026,mistral:latest,rag_once,DCTI-KEV-095-CVE-2013-0648,uncertain,uncertain,1,0.8333333333333334,1,0.5,0.6666666666666666,0,1,1,1,7.9342409,1698
deepcti_mode_comparison_100_2026,mistral:latest,rag_once,DCTI-KEV-096-CVE-2013-1331,contradictory,contradictory,1,0.8,1,0.5,0.5,0,1,1,1,7.0605255,1600
deepcti_mode_comparison_100_2026,mistral:latest,rag_once,DCTI-KEV-097-CVE-2013-1347,affected,affected,1,0.9,1,0.5,1.0,0,1,1,1,9.8753566,1810
deepcti_mode_comparison_100_2026,mistral:latest,rag_once,DCTI-KEV-098-CVE-2013-1675,not_applicable,not_applicable,1,0.6,0,0.0,1.0,0,1,0,1,3.0441988999955356,0
deepcti_mode_comparison_100_2026,mistral:latest,rag_once,DCTI-KEV-099-CVE-2013-1690,uncertain,uncertain,1,0.9,1,0.5,1.0,0,1,1,1,6.743479099999999,1607
deepcti_mode_comparison_100_2026,mistral:latest,rag_once,DCTI-KEV-100-CVE-2013-2094,contradictory,contradictory,1,0.5,1,0.0,0.5,0,0,1,1,7.8440731999999995,1693
deepcti_mode_comparison_100_2026,qwen2.5:7b,adaptive_memory,DCTI-KEV-001-CVE-2002-0367,affected,affected,1,1.0,1,1.0,1.0,0,1,1,3,10.3901944,1527
deepcti_mode_comparison_100_2026,qwen2.5:7b,adaptive_memory,DCTI-KEV-002-CVE-2004-0210,not_applicable,not_applicable,2,1.0,1,1.0,1.0,0,1,1,2,9.7103953,2932
deepcti_mode_comparison_100_2026,qwen2.5:7b,adaptive_memory,DCTI-KEV-003-CVE-2004-1464,uncertain,uncertain,0,0.7,1,0.5,1.0,0,0,1,3,0.0,0
deepcti_mode_comparison_100_2026,qwen2.5:7b,adaptive_memory,DCTI-KEV-004-CVE-2005-2773,contradictory,contradictory,0,1.0,1,1.0,1.0,0,1,1,3,0.0,0
deepcti_mode_comparison_100_2026,qwen2.5:7b,adaptive_memory,DCTI-KEV-005-CVE-2006-1547,affected,affected,1,1.0,1,1.0,1.0,0,1,1,3,4.9424126,1590
deepcti_mode_comparison_100_2026,qwen2.5:7b,adaptive_memory,DCTI-KEV-006-CVE-2006-2492,not_applicable,not_applicable,1,1.0,1,1.0,1.0,0,1,1,2,4.2705576,1222
deepcti_mode_comparison_100_2026,qwen2.5:7b,adaptive_memory,DCTI-KEV-007-CVE-2007-0671,uncertain,uncertain,0,0.7,1,0.5,1.0,0,0,1,3,0.0,0
deepcti_mode_comparison_100_2026,qwen2.5:7b,adaptive_memory,DCTI-KEV-008-CVE-2007-3010,contradictory,contradictory,0,1.0,1,1.0,1.0,0,1,1,3,0.0,0
deepcti_mode_comparison_100_2026,qwen2.5:7b,adaptive_memory,DCTI-KEV-009-CVE-2007-5659,affected,affected,1,1.0,1,1.0,1.0,0,1,1,3,4.2915234,1527
deepcti_mode_comparison_100_2026,qwen2.5:7b,adaptive_memory,DCTI-KEV-010-CVE-2008-0015,not_applicable,not_applicable,1,1.0,1,1.0,1.0,0,1,1,2,4.4367964,1284
deepcti_mode_comparison_100_2026,qwen2.5:7b,adaptive_memory,DCTI-KEV-011-CVE-2008-0655,uncertain,uncertain,0,0.7,1,0.5,1.0,0,0,1,3,0.0,0
deepcti_mode_comparison_100_2026,qwen2.5:7b,adaptive_memory,DCTI-KEV-012-CVE-2008-2992,contradictory,contradictory,0,1.0,1,1.0,1.0,0,1,1,3,0.0,0
deepcti_mode_comparison_100_2026,qwen2.5:7b,adaptive_memory,DCTI-KEV-013-CVE-2008-3431,affected,affected,2,1.0,1,1.0,1.0,0,1,1,3,9.1829778,3427
deepcti_mode_comparison_100_2026,qwen2.5:7b,adaptive_memory,DCTI-KEV-014-CVE-2008-4128,not_applicable,not_applicable,2,1.0,1,1.0,1.0,0,1,1,2,9.101740300000001,3150
deepcti_mode_comparison_100_2026,qwen2.5:7b,adaptive_memory,DCTI-KEV-015-CVE-2008-4250,uncertain,uncertain,0,0.7,1,0.5,1.0,0,0,1,3,0.0,0
deepcti_mode_comparison_100_2026,qwen2.5:7b,adaptive_memory,DCTI-KEV-016-CVE-2009-0238,contradictory,contradictory,0,1.0,1,1.0,1.0,0,1,1,3,0.0,0
deepcti_mode_comparison_100_2026,qwen2.5:7b,adaptive_memory,DCTI-KEV-017-CVE-2009-0556,affected,affected,1,1.0,1,1.0,1.0,0,1,1,3,5.474665,1654
deepcti_mode_comparison_100_2026,qwen2.5:7b,adaptive_memory,DCTI-KEV-018-CVE-2009-0557,not_applicable,not_applicable,1,1.0,1,1.0,1.0,0,1,1,2,4.4115849,1222
deepcti_mode_comparison_100_2026,qwen2.5:7b,adaptive_memory,DCTI-KEV-019-CVE-2009-0563,uncertain,uncertain,0,0.7,1,0.5,1.0,0,0,1,3,0.0,0
deepcti_mode_comparison_100_2026,qwen2.5:7b,adaptive_memory,DCTI-KEV-020-CVE-2009-0927,contradictory,contradictory,0,1.0,1,1.0,1.0,0,1,1,3,0.0,0
deepcti_mode_comparison_100_2026,qwen2.5:7b,adaptive_memory,DCTI-KEV-021-CVE-2009-1123,affected,affected,1,1.0,1,1.0,1.0,0,1,1,3,4.4539333999999995,1534
deepcti_mode_comparison_100_2026,qwen2.5:7b,adaptive_memory,DCTI-KEV-022-CVE-2009-1151,not_applicable,not_applicable,1,1.0,1,1.0,1.0,0,1,1,2,4.4536893,1232
deepcti_mode_comparison_100_2026,qwen2.5:7b,adaptive_memory,DCTI-KEV-023-CVE-2009-1537,uncertain,uncertain,0,0.7,1,0.5,1.0,0,0,1,3,0.0,0
deepcti_mode_comparison_100_2026,qwen2.5:7b,adaptive_memory,DCTI-KEV-024-CVE-2009-1862,contradictory,contradictory,0,1.0,1,1.0,1.0,0,1,1,3,0.0,0
deepcti_mode_comparison_100_2026,qwen2.5:7b,adaptive_memory,DCTI-KEV-025-CVE-2009-2055,affected,affected,1,1.0,1,1.0,1.0,0,1,1,3,5.390263,1612
deepcti_mode_comparison_100_2026,qwen2.5:7b,adaptive_memory,DCTI-KEV-026-CVE-2009-3129,not_applicable,not_applicable,2,1.0,1,1.0,1.0,0,1,1,2,9.0159086,2869
deepcti_mode_comparison_100_2026,qwen2.5:7b,adaptive_memory,DCTI-KEV-027-CVE-2009-3459,uncertain,uncertain,0,0.7,1,0.5,1.0,0,0,1,3,0.0,0
deepcti_mode_comparison_100_2026,qwen2.5:7b,adaptive_memory,DCTI-KEV-028-CVE-2009-3953,contradictory,contradictory,0,1.0,1,1.0,1.0,0,1,1,3,0.0,0
deepcti_mode_comparison_100_2026,qwen2.5:7b,adaptive_memory,DCTI-KEV-029-CVE-2009-3960,affected,affected,1,1.0,1,1.0,1.0,0,1,1,3,4.5501982,1545
deepcti_mode_comparison_100_2026,qwen2.5:7b,adaptive_memory,DCTI-KEV-030-CVE-2009-4324,not_applicable,not_applicable,1,1.0,1,1.0,1.0,0,1,1,2,4.1590359,1216
deepcti_mode_comparison_100_2026,qwen2.5:7b,adaptive_memory,DCTI-KEV-031-CVE-2010-0188,uncertain,uncertain,0,0.7,1,0.5,1.0,0,0,1,3,0.0,0
deepcti_mode_comparison_100_2026,qwen2.5:7b,adaptive_memory,DCTI-KEV-032-CVE-2010-0232,contradictory,contradictory,0,1.0,1,1.0,1.0,0,1,1,3,0.0,0
deepcti_mode_comparison_100_2026,qwen2.5:7b,adaptive_memory,DCTI-KEV-033-CVE-2010-0249,affected,affected,1,1.0,1,1.0,1.0,0,1,1,3,4.6805283,1643
deepcti_mode_comparison_100_2026,qwen2.5:7b,adaptive_memory,DCTI-KEV-034-CVE-2010-0738,not_applicable,not_applicable,2,1.0,1,1.0,1.0,0,1,1,2,9.6511546,2913
deepcti_mode_comparison_100_2026,qwen2.5:7b,adaptive_memory,DCTI-KEV-035-CVE-2010-0806,uncertain,uncertain,0,0.7,1,0.5,1.0,0,0,1,3,0.0,0
deepcti_mode_comparison_100_2026,qwen2.5:7b,adaptive_memory,DCTI-KEV-036-CVE-2010-0840,contradictory,contradictory,0,1.0,1,1.0,1.0,0,1,1,3,0.0,0
deepcti_mode_comparison_100_2026,qwen2.5:7b,adaptive_memory,DCTI-KEV-037-CVE-2010-1297,affected,affected,1,1.0,1,1.0,1.0,0,1,1,3,4.587099599999999,1534
deepcti_mode_comparison_100_2026,qwen2.5:7b,adaptive_memory,DCTI-KEV-038-CVE-2010-1428,not_applicable,not_applicable,1,1.0,1,1.0,1.0,0,1,1,2,4.7799589,1273
deepcti_mode_comparison_100_2026,qwen2.5:7b,adaptive_memory,DCTI-KEV-039-CVE-2010-1871,uncertain,uncertain,0,0.7,1,0.5,1.0,0,0,1,3,0.0,0
deepcti_mode_comparison_100_2026,qwen2.5:7b,adaptive_memory,DCTI-KEV-040-CVE-2010-2568,contradictory,contradictory,0,1.0,1,1.0,1.0,0,1,1,3,0.0,0
deepcti_mode_comparison_100_2026,qwen2.5:7b,adaptive_memory,DCTI-KEV-041-CVE-2010-2572,affected,affected,2,1.0,1,1.0,1.0,0,1,1,3,10.2320478,3548
deepcti_mode_comparison_100_2026,qwen2.5:7b,adaptive_memory,DCTI-KEV-042-CVE-2010-2861,not_applicable,not_applicable,1,1.0,1,1.0,1.0,0,1,1,2,4.915664,1236
deepcti_mode_comparison_100_2026,qwen2.5:7b,adaptive_memory,DCTI-KEV-043-CVE-2010-2883,uncertain,uncertain,0,0.7,1,0.5,1.0,0,0,1,3,0.0,0
deepcti_mode_comparison_100_2026,qwen2.5:7b,adaptive_memory,DCTI-KEV-044-CVE-2010-3035,contradictory,contradictory,0,1.0,1,1.0,1.0,0,1,1,3,0.0,0
deepcti_mode_comparison_100_2026,qwen2.5:7b,adaptive_memory,DCTI-KEV-045-CVE-2010-3333,affected,affected,1,1.0,1,1.0,1.0,0,1,1,3,5.2397835,1574
deepcti_mode_comparison_100_2026,qwen2.5:7b,adaptive_memory,DCTI-KEV-046-CVE-2010-3765,not_applicable,not_applicable,1,1.0,1,1.0,1.0,0,1,1,2,4.990124300000001,1315
deepcti_mode_comparison_100_2026,qwen2.5:7b,adaptive_memory,DCTI-KEV-047-CVE-2010-3904,uncertain,uncertain,0,0.7,1,0.5,1.0,0,0,1,3,0.0,0
deepcti_mode_comparison_100_2026,qwen2.5:7b,adaptive_memory,DCTI-KEV-048-CVE-2010-3962,contradictory,contradictory,0,1.0,1,1.0,1.0,0,1,1,3,0.0,0
deepcti_mode_comparison_100_2026,qwen2.5:7b,adaptive_memory,DCTI-KEV-049-CVE-2010-4344,affected,affected,1,1.0,1,1.0,1.0,0,1,1,3,6.3068117,1677
deepcti_mode_comparison_100_2026,qwen2.5:7b,adaptive_memory,DCTI-KEV-050-CVE-2010-4345,not_applicable,not_applicable,1,1.0,1,1.0,1.0,0,1,1,2,5.0481434,1276
deepcti_mode_comparison_100_2026,qwen2.5:7b,adaptive_memory,DCTI-KEV-051-CVE-2010-4398,uncertain,uncertain,0,0.7,1,0.5,1.0,0,0,1,3,0.0,0
deepcti_mode_comparison_100_2026,qwen2.5:7b,adaptive_memory,DCTI-KEV-052-CVE-2010-5326,contradictory,contradictory,0,1.0,1,1.0,1.0,0,1,1,3,0.0,0
deepcti_mode_comparison_100_2026,qwen2.5:7b,adaptive_memory,DCTI-KEV-053-CVE-2010-5330,affected,affected,1,1.0,1,1.0,1.0,0,1,1,3,5.0595452,1560
deepcti_mode_comparison_100_2026,qwen2.5:7b,adaptive_memory,DCTI-KEV-054-CVE-2011-0609,not_applicable,not_applicable,1,1.0,1,1.0,1.0,0,1,1,2,4.4463023999999995,1233
deepcti_mode_comparison_100_2026,qwen2.5:7b,adaptive_memory,DCTI-KEV-055-CVE-2011-0611,uncertain,uncertain,0,0.7,1,0.5,1.0,0,0,1,3,0.0,0
deepcti_mode_comparison_100_2026,qwen2.5:7b,adaptive_memory,DCTI-KEV-056-CVE-2011-1823,contradictory,contradictory,0,1.0,1,1.0,1.0,0,1,1,3,0.0,0
deepcti_mode_comparison_100_2026,qwen2.5:7b,adaptive_memory,DCTI-KEV-057-CVE-2011-1889,affected,affected,2,1.0,1,1.0,1.0,0,1,1,3,11.7694203,3787
deepcti_mode_comparison_100_2026,qwen2.5:7b,adaptive_memory,DCTI-KEV-058-CVE-2011-2005,not_applicable,not_applicable,1,1.0,1,1.0,1.0,0,1,1,2,4.5821293999999995,1293
deepcti_mode_comparison_100_2026,qwen2.5:7b,adaptive_memory,DCTI-KEV-059-CVE-2011-2462,uncertain,uncertain,0,0.7,1,0.5,1.0,0,0,1,3,0.0,0
deepcti_mode_comparison_100_2026,qwen2.5:7b,adaptive_memory,DCTI-KEV-060-CVE-2011-3402,contradictory,contradictory,0,1.0,1,1.0,1.0,0,1,1,3,0.0,0
deepcti_mode_comparison_100_2026,qwen2.5:7b,adaptive_memory,DCTI-KEV-061-CVE-2011-3544,affected,affected,1,1.0,1,1.0,1.0,0,1,1,3,4.4241618,1545
deepcti_mode_comparison_100_2026,qwen2.5:7b,adaptive_memory,DCTI-KEV-062-CVE-2011-4723,not_applicable,not_applicable,1,1.0,1,1.0,1.0,0,1,1,2,4.5859081999999995,1266
deepcti_mode_comparison_100_2026,qwen2.5:7b,adaptive_memory,DCTI-KEV-063-CVE-2012-0151,uncertain,uncertain,0,0.7,1,0.5,1.0,0,0,1,3,0.0,0
deepcti_mode_comparison_100_2026,qwen2.5:7b,adaptive_memory,DCTI-KEV-064-CVE-2012-0158,contradictory,contradictory,0,1.0,1,1.0,1.0,0,1,1,3,0.0,0
deepcti_mode_comparison_100_2026,qwen2.5:7b,adaptive_memory,DCTI-KEV-065-CVE-2012-0391,affected,affected,2,1.0,1,1.0,1.0,0,1,1,3,9.9094432,3470
deepcti_mode_comparison_100_2026,qwen2.5:7b,adaptive_memory,DCTI-KEV-066-CVE-2012-0507,not_applicable,not_applicable,2,1.0,1,1.0,1.0,0,1,1,2,9.2029895,2871
deepcti_mode_comparison_100_2026,qwen2.5:7b,adaptive_memory,DCTI-KEV-067-CVE-2012-0518,uncertain,uncertain,0,0.7,1,0.5,1.0,0,0,1,3,0.0,0
deepcti_mode_comparison_100_2026,qwen2.5:7b,adaptive_memory,DCTI-KEV-068-CVE-2012-0754,contradictory,contradictory,0,1.0,1,1.0,1.0,0,1,1,3,0.0,0
deepcti_mode_comparison_100_2026,qwen2.5:7b,adaptive_memory,DCTI-KEV-069-CVE-2012-0767,affected,affected,1,1.0,1,1.0,1.0,0,1,1,3,4.2531037,1549
deepcti_mode_comparison_100_2026,qwen2.5:7b,adaptive_memory,DCTI-KEV-070-CVE-2012-1535,not_applicable,not_applicable,1,1.0,1,1.0,1.0,0,1,1,2,4.2515351,1227
deepcti_mode_comparison_100_2026,qwen2.5:7b,adaptive_memory,DCTI-KEV-071-CVE-2012-1710,uncertain,uncertain,0,0.7,1,0.5,1.0,0,0,1,3,0.0,0
deepcti_mode_comparison_100_2026,qwen2.5:7b,adaptive_memory,DCTI-KEV-072-CVE-2012-1723,contradictory,contradictory,0,1.0,1,1.0,1.0,0,1,1,3,0.0,0
deepcti_mode_comparison_100_2026,qwen2.5:7b,adaptive_memory,DCTI-KEV-073-CVE-2012-1823,affected,affected,1,1.0,1,1.0,1.0,0,1,1,3,4.642898199999999,1543
deepcti_mode_comparison_100_2026,qwen2.5:7b,adaptive_memory,DCTI-KEV-074-CVE-2012-1854,not_applicable,not_applicable,1,1.0,1,1.0,1.0,0,1,1,2,4.5439011,1267
deepcti_mode_comparison_100_2026,qwen2.5:7b,adaptive_memory,DCTI-KEV-075-CVE-2012-1856,uncertain,uncertain,0,0.7,1,0.5,1.0,0,0,1,3,0.0,0
deepcti_mode_comparison_100_2026,qwen2.5:7b,adaptive_memory,DCTI-KEV-076-CVE-2012-1889,contradictory,contradictory,0,1.0,1,1.0,1.0,0,1,1,3,0.0,0
deepcti_mode_comparison_100_2026,qwen2.5:7b,adaptive_memory,DCTI-KEV-077-CVE-2012-2034,affected,affected,1,1.0,1,1.0,1.0,0,1,1,3,4.756064599999999,1568
deepcti_mode_comparison_100_2026,qwen2.5:7b,adaptive_memory,DCTI-KEV-078-CVE-2012-2539,not_applicable,not_applicable,1,1.0,1,1.0,1.0,0,1,1,2,4.337109900000001,1204
deepcti_mode_comparison_100_2026,qwen2.5:7b,adaptive_memory,DCTI-KEV-079-CVE-2012-3152,uncertain,uncertain,0,0.7,1,0.5,1.0,0,0,1,3,0.0,0
deepcti_mode_comparison_100_2026,qwen2.5:7b,adaptive_memory,DCTI-KEV-080-CVE-2012-4681,contradictory,contradictory,0,1.0,1,1.0,1.0,0,1,1,3,0.0,0
deepcti_mode_comparison_100_2026,qwen2.5:7b,adaptive_memory,DCTI-KEV-081-CVE-2012-4792,affected,affected,1,1.0,1,1.0,1.0,0,1,1,3,5.3951043,1641
deepcti_mode_comparison_100_2026,qwen2.5:7b,adaptive_memory,DCTI-KEV-082-CVE-2012-4969,not_applicable,not_applicable,1,1.0,1,1.0,1.0,0,1,1,2,4.1269480000000005,1213
deepcti_mode_comparison_100_2026,qwen2.5:7b,adaptive_memory,DCTI-KEV-083-CVE-2012-5054,uncertain,uncertain,0,0.7,1,0.5,1.0,0,0,1,3,0.0,0
deepcti_mode_comparison_100_2026,qwen2.5:7b,adaptive_memory,DCTI-KEV-084-CVE-2012-5076,contradictory,contradictory,0,1.0,1,1.0,1.0,0,1,1,3,0.0,0
deepcti_mode_comparison_100_2026,qwen2.5:7b,adaptive_memory,DCTI-KEV-085-CVE-2013-0074,affected,affected,1,1.0,1,1.0,1.0,0,1,1,3,678.0101617,1574
deepcti_mode_comparison_100_2026,qwen2.5:7b,adaptive_memory,DCTI-KEV-086-CVE-2013-0422,not_applicable,not_applicable,1,1.0,1,1.0,1.0,0,1,1,2,5.9694965,1252
deepcti_mode_comparison_100_2026,qwen2.5:7b,adaptive_memory,DCTI-KEV-087-CVE-2013-0431,uncertain,uncertain,0,0.7,1,0.5,1.0,0,0,1,3,0.0,0
deepcti_mode_comparison_100_2026,qwen2.5:7b,adaptive_memory,DCTI-KEV-088-CVE-2013-0625,contradictory,contradictory,0,1.0,1,1.0,1.0,0,1,1,3,0.0,0
deepcti_mode_comparison_100_2026,qwen2.5:7b,adaptive_memory,DCTI-KEV-089-CVE-2013-0629,affected,affected,1,1.0,1,1.0,1.0,0,1,1,3,4.4431243,1520
deepcti_mode_comparison_100_2026,qwen2.5:7b,adaptive_memory,DCTI-KEV-090-CVE-2013-0631,not_applicable,not_applicable,2,1.0,1,1.0,1.0,0,1,1,2,9.3683672,2864
deepcti_mode_comparison_100_2026,qwen2.5:7b,adaptive_memory,DCTI-KEV-091-CVE-2013-0632,uncertain,uncertain,0,0.7,1,0.5,1.0,0,0,1,3,0.0,0
deepcti_mode_comparison_100_2026,qwen2.5:7b,adaptive_memory,DCTI-KEV-092-CVE-2013-0640,contradictory,contradictory,0,1.0,1,1.0,1.0,0,1,1,3,0.0,0
deepcti_mode_comparison_100_2026,qwen2.5:7b,adaptive_memory,DCTI-KEV-093-CVE-2013-0641,affected,affected,1,1.0,1,1.0,1.0,0,1,1,3,4.6957092000000005,1548
deepcti_mode_comparison_100_2026,qwen2.5:7b,adaptive_memory,DCTI-KEV-094-CVE-2013-0643,not_applicable,not_applicable,1,1.0,1,1.0,1.0,0,1,1,2,4.591258,1276
deepcti_mode_comparison_100_2026,qwen2.5:7b,adaptive_memory,DCTI-KEV-095-CVE-2013-0648,uncertain,uncertain,0,0.7,1,0.5,1.0,0,0,1,3,0.0,0
deepcti_mode_comparison_100_2026,qwen2.5:7b,adaptive_memory,DCTI-KEV-096-CVE-2013-1331,contradictory,contradictory,0,1.0,1,1.0,1.0,0,1,1,3,0.0,0
deepcti_mode_comparison_100_2026,qwen2.5:7b,adaptive_memory,DCTI-KEV-097-CVE-2013-1347,affected,affected,1,1.0,1,1.0,1.0,0,1,1,3,4.7439431999999995,1552
deepcti_mode_comparison_100_2026,qwen2.5:7b,adaptive_memory,DCTI-KEV-098-CVE-2013-1675,not_applicable,not_applicable,1,1.0,1,1.0,1.0,0,1,1,2,4.127103600000001,1229
deepcti_mode_comparison_100_2026,qwen2.5:7b,adaptive_memory,DCTI-KEV-099-CVE-2013-1690,uncertain,uncertain,0,0.7,1,0.5,1.0,0,0,1,3,0.0,0
deepcti_mode_comparison_100_2026,qwen2.5:7b,adaptive_memory,DCTI-KEV-100-CVE-2013-2094,contradictory,contradictory,0,1.0,1,1.0,1.0,0,1,1,3,0.0,0
deepcti_mode_comparison_100_2026,qwen2.5:7b,evidence_equal_one_shot,DCTI-KEV-001-CVE-2002-0367,affected,affected,1,0.8,0,1.0,1.0,0,1,1,1,6.100217499999999,1358
deepcti_mode_comparison_100_2026,qwen2.5:7b,evidence_equal_one_shot,DCTI-KEV-002-CVE-2004-0210,not_applicable,not_applicable,1,0.9,1,0.5,1.0,0,1,1,1,3.7447251,1178
deepcti_mode_comparison_100_2026,qwen2.5:7b,evidence_equal_one_shot,DCTI-KEV-003-CVE-2004-1464,uncertain,uncertain,1,0.7,0,0.5,1.0,0,1,1,1,5.444821200000001,1320
deepcti_mode_comparison_100_2026,qwen2.5:7b,evidence_equal_one_shot,DCTI-KEV-004-CVE-2005-2773,contradictory,contradictory,1,0.9,1,1.0,0.5,0,1,1,1,6.3524936,1380
deepcti_mode_comparison_100_2026,qwen2.5:7b,evidence_equal_one_shot,DCTI-KEV-005-CVE-2006-1547,affected,affected,1,0.8,0,1.0,1.0,0,1,1,1,7.340165600000001,1458
deepcti_mode_comparison_100_2026,qwen2.5:7b,evidence_equal_one_shot,DCTI-KEV-006-CVE-2006-2492,not_applicable,not_applicable,1,0.9,1,0.5,1.0,0,1,1,1,4.5256799,1205
deepcti_mode_comparison_100_2026,qwen2.5:7b,evidence_equal_one_shot,DCTI-KEV-007-CVE-2007-0671,uncertain,uncertain,1,0.9,1,0.5,1.0,0,1,1,1,5.4664884,1385
deepcti_mode_comparison_100_2026,qwen2.5:7b,evidence_equal_one_shot,DCTI-KEV-008-CVE-2007-3010,contradictory,contradictory,1,0.8,1,0.5,0.5,0,1,1,1,5.274706,1332
deepcti_mode_comparison_100_2026,qwen2.5:7b,evidence_equal_one_shot,DCTI-KEV-009-CVE-2007-5659,affected,affected,1,0.9,1,0.5,1.0,0,1,1,1,5.2226034,1300
deepcti_mode_comparison_100_2026,qwen2.5:7b,evidence_equal_one_shot,DCTI-KEV-010-CVE-2008-0015,not_applicable,not_applicable,1,0.9,1,0.5,1.0,0,1,1,1,4.3706892,1275
deepcti_mode_comparison_100_2026,qwen2.5:7b,evidence_equal_one_shot,DCTI-KEV-011-CVE-2008-0655,uncertain,uncertain,1,0.8333333333333334,1,0.5,0.6666666666666666,0,1,1,1,7.2812211,1463
deepcti_mode_comparison_100_2026,qwen2.5:7b,evidence_equal_one_shot,DCTI-KEV-012-CVE-2008-2992,contradictory,contradictory,1,0.9,1,0.5,1.0,0,1,1,1,6.6176466,1414
deepcti_mode_comparison_100_2026,qwen2.5:7b,evidence_equal_one_shot,DCTI-KEV-013-CVE-2008-3431,affected,affected,1,1.0,1,1.0,1.0,0,1,1,1,7.3114903,1464
deepcti_mode_comparison_100_2026,qwen2.5:7b,evidence_equal_one_shot,DCTI-KEV-014-CVE-2008-4128,not_applicable,not_applicable,1,0.9,1,0.5,1.0,0,1,1,1,3.7423322,1319
deepcti_mode_comparison_100_2026,qwen2.5:7b,evidence_equal_one_shot,DCTI-KEV-015-CVE-2008-4250,uncertain,uncertain,1,0.7,0,0.5,1.0,0,1,1,1,7.845314500000001,1484
deepcti_mode_comparison_100_2026,qwen2.5:7b,evidence_equal_one_shot,DCTI-KEV-016-CVE-2009-0238,contradictory,contradictory,1,0.8,1,0.5,0.5,0,1,1,1,6.8293915,1429
deepcti_mode_comparison_100_2026,qwen2.5:7b,evidence_equal_one_shot,DCTI-KEV-017-CVE-2009-0556,affected,affected,1,0.8,0,1.0,1.0,0,1,1,1,8.645684300000001,1558
deepcti_mode_comparison_100_2026,qwen2.5:7b,evidence_equal_one_shot,DCTI-KEV-018-CVE-2009-0557,not_applicable,not_applicable,1,0.9,1,0.5,1.0,0,1,1,1,4.0231258,1170
deepcti_mode_comparison_100_2026,qwen2.5:7b,evidence_equal_one_shot,DCTI-KEV-019-CVE-2009-0563,uncertain,uncertain,1,0.7,0,0.5,1.0,0,1,1,1,6.571538899999999,1361
deepcti_mode_comparison_100_2026,qwen2.5:7b,evidence_equal_one_shot,DCTI-KEV-020-CVE-2009-0927,contradictory,contradictory,1,0.9,1,1.0,0.5,0,1,1,1,5.9934078,1347
deepcti_mode_comparison_100_2026,qwen2.5:7b,evidence_equal_one_shot,DCTI-KEV-021-CVE-2009-1123,affected,affected,1,1.0,1,1.0,1.0,0,1,1,1,5.8918922,1352
deepcti_mode_comparison_100_2026,qwen2.5:7b,evidence_equal_one_shot,DCTI-KEV-022-CVE-2009-1151,not_applicable,not_applicable,1,0.9,1,0.5,1.0,0,1,1,1,3.5501177,1153
deepcti_mode_comparison_100_2026,qwen2.5:7b,evidence_equal_one_shot,DCTI-KEV-023-CVE-2009-1537,uncertain,uncertain,1,0.6333333333333333,0,0.5,0.6666666666666666,0,1,1,1,5.3208854,1345
deepcti_mode_comparison_100_2026,qwen2.5:7b,evidence_equal_one_shot,DCTI-KEV-024-CVE-2009-1862,contradictory,contradictory,1,0.8,1,0.5,0.5,0,1,1,1,6.089183299999999,1421
deepcti_mode_comparison_100_2026,qwen2.5:7b,evidence_equal_one_shot,DCTI-KEV-025-CVE-2009-2055,affected,affected,1,1.0,1,1.0,1.0,0,1,1,1,5.5658475,1326
deepcti_mode_comparison_100_2026,qwen2.5:7b,evidence_equal_one_shot,DCTI-KEV-026-CVE-2009-3129,not_applicable,not_applicable,1,0.9,1,0.5,1.0,0,1,1,1,3.9428598999999998,1187
deepcti_mode_comparison_100_2026,qwen2.5:7b,evidence_equal_one_shot,DCTI-KEV-027-CVE-2009-3459,uncertain,uncertain,1,0.7,0,0.5,1.0,0,1,1,1,7.0857263999999995,1465
deepcti_mode_comparison_100_2026,qwen2.5:7b,evidence_equal_one_shot,DCTI-KEV-028-CVE-2009-3953,contradictory,contradictory,1,0.9,1,1.0,0.5,0,1,1,1,7.0939171,1439
deepcti_mode_comparison_100_2026,qwen2.5:7b,evidence_equal_one_shot,DCTI-KEV-029-CVE-2009-3960,affected,affected,1,0.8,0,1.0,1.0,0,1,1,1,5.7437803999999995,1335
deepcti_mode_comparison_100_2026,qwen2.5:7b,evidence_equal_one_shot,DCTI-KEV-030-CVE-2009-4324,not_applicable,not_applicable,1,0.9,1,0.5,1.0,0,1,1,1,3.5946673999999996,1157
deepcti_mode_comparison_100_2026,qwen2.5:7b,evidence_equal_one_shot,DCTI-KEV-031-CVE-2010-0188,uncertain,uncertain,1,0.8333333333333334,1,0.5,0.6666666666666666,0,1,1,1,6.0800253,1371
deepcti_mode_comparison_100_2026,qwen2.5:7b,evidence_equal_one_shot,DCTI-KEV-032-CVE-2010-0232,contradictory,contradictory,1,0.8,1,0.5,0.5,0,1,1,1,6.46293,1430
deepcti_mode_comparison_100_2026,qwen2.5:7b,evidence_equal_one_shot,DCTI-KEV-033-CVE-2010-0249,affected,affected,1,0.8,0,1.0,1.0,0,1,1,1,6.6832383,1494
deepcti_mode_comparison_100_2026,qwen2.5:7b,evidence_equal_one_shot,DCTI-KEV-034-CVE-2010-0738,not_applicable,not_applicable,1,0.9,1,0.5,1.0,0,1,1,1,4.0239845999999995,1199
deepcti_mode_comparison_100_2026,qwen2.5:7b,evidence_equal_one_shot,DCTI-KEV-035-CVE-2010-0806,uncertain,uncertain,1,0.6333333333333333,0,0.5,0.6666666666666666,0,1,1,1,7.3215482000000005,1526
deepcti_mode_comparison_100_2026,qwen2.5:7b,evidence_equal_one_shot,DCTI-KEV-036-CVE-2010-0840,contradictory,contradictory,1,0.9,1,1.0,0.5,0,1,1,1,5.7757925,1367
deepcti_mode_comparison_100_2026,qwen2.5:7b,evidence_equal_one_shot,DCTI-KEV-037-CVE-2010-1297,affected,affected,1,0.9,1,0.5,1.0,0,1,1,1,7.3562529,1452
deepcti_mode_comparison_100_2026,qwen2.5:7b,evidence_equal_one_shot,DCTI-KEV-038-CVE-2010-1428,not_applicable,not_applicable,1,0.9,1,0.5,1.0,0,1,1,1,4.835919,1263
deepcti_mode_comparison_100_2026,qwen2.5:7b,evidence_equal_one_shot,DCTI-KEV-039-CVE-2010-1871,uncertain,uncertain,1,1.0,1,1.0,1.0,0,1,1,1,6.0260457,1382
deepcti_mode_comparison_100_2026,qwen2.5:7b,evidence_equal_one_shot,DCTI-KEV-040-CVE-2010-2568,contradictory,contradictory,1,0.8,1,0.5,0.5,0,1,1,1,6.9364021000000005,1464
deepcti_mode_comparison_100_2026,qwen2.5:7b,evidence_equal_one_shot,DCTI-KEV-041-CVE-2010-2572,affected,affected,1,0.8,0,1.0,1.0,0,1,1,1,6.208101,1379
deepcti_mode_comparison_100_2026,qwen2.5:7b,evidence_equal_one_shot,DCTI-KEV-042-CVE-2010-2861,not_applicable,not_applicable,1,0.9,1,0.5,1.0,0,1,1,1,4.043449799999999,1184
deepcti_mode_comparison_100_2026,qwen2.5:7b,evidence_equal_one_shot,DCTI-KEV-043-CVE-2010-2883,uncertain,uncertain,1,0.6333333333333333,0,0.5,0.6666666666666666,0,1,1,1,7.6155445,1492
deepcti_mode_comparison_100_2026,qwen2.5:7b,evidence_equal_one_shot,DCTI-KEV-044-CVE-2010-3035,contradictory,contradictory,1,0.8,1,1.0,0.0,0,1,1,1,6.7614652,1431
deepcti_mode_comparison_100_2026,qwen2.5:7b,evidence_equal_one_shot,DCTI-KEV-045-CVE-2010-3333,affected,affected,1,0.9,1,0.5,1.0,0,1,1,1,7.1491992,1429
deepcti_mode_comparison_100_2026,qwen2.5:7b,evidence_equal_one_shot,DCTI-KEV-046-CVE-2010-3765,not_applicable,not_applicable,1,0.9,1,0.5,1.0,0,1,1,1,3.9846918999999996,1258
deepcti_mode_comparison_100_2026,qwen2.5:7b,evidence_equal_one_shot,DCTI-KEV-047-CVE-2010-3904,uncertain,uncertain,1,0.8333333333333334,1,0.5,0.6666666666666666,0,1,1,1,6.248816799999999,1407
deepcti_mode_comparison_100_2026,qwen2.5:7b,evidence_equal_one_shot,DCTI-KEV-048-CVE-2010-3962,contradictory,contradictory,1,0.2,0,0.0,0.0,0,0,1,1,4.4581295,1288
deepcti_mode_comparison_100_2026,qwen2.5:7b,evidence_equal_one_shot,DCTI-KEV-049-CVE-2010-4344,affected,affected,1,1.0,1,1.0,1.0,0,1,1,1,5.8627163,1374
deepcti_mode_comparison_100_2026,qwen2.5:7b,evidence_equal_one_shot,DCTI-KEV-050-CVE-2010-4345,not_applicable,not_applicable,1,1.0,1,1.0,1.0,0,1,1,1,3.3672332000000003,1160
deepcti_mode_comparison_100_2026,qwen2.5:7b,evidence_equal_one_shot,DCTI-KEV-051-CVE-2010-4398,uncertain,uncertain,1,0.8,0,1.0,1.0,0,1,1,1,6.7506603,1431
deepcti_mode_comparison_100_2026,qwen2.5:7b,evidence_equal_one_shot,DCTI-KEV-052-CVE-2010-5326,contradictory,contradictory,1,0.9,1,1.0,0.5,0,1,1,1,9.011436,1585
deepcti_mode_comparison_100_2026,qwen2.5:7b,evidence_equal_one_shot,DCTI-KEV-053-CVE-2010-5330,affected,affected,1,0.9,1,0.5,1.0,0,1,1,1,5.277158099999999,1300
deepcti_mode_comparison_100_2026,qwen2.5:7b,evidence_equal_one_shot,DCTI-KEV-054-CVE-2011-0609,not_applicable,not_applicable,1,0.9,1,0.5,1.0,0,1,1,1,3.9983892,1186
deepcti_mode_comparison_100_2026,qwen2.5:7b,evidence_equal_one_shot,DCTI-KEV-055-CVE-2011-0611,uncertain,uncertain,1,0.6333333333333333,0,0.5,0.6666666666666666,0,1,1,1,5.9931391000000005,1373
deepcti_mode_comparison_100_2026,qwen2.5:7b,evidence_equal_one_shot,DCTI-KEV-056-CVE-2011-1823,contradictory,contradictory,1,0.8,1,0.5,0.5,0,1,1,1,6.4842635,1412
deepcti_mode_comparison_100_2026,qwen2.5:7b,evidence_equal_one_shot,DCTI-KEV-057-CVE-2011-1889,affected,affected,1,1.0,1,1.0,1.0,0,1,1,1,6.8601808,1454
deepcti_mode_comparison_100_2026,qwen2.5:7b,evidence_equal_one_shot,DCTI-KEV-058-CVE-2011-2005,not_applicable,not_applicable,1,0.9,1,0.5,1.0,0,1,1,1,3.7428225000000004,1191
deepcti_mode_comparison_100_2026,qwen2.5:7b,evidence_equal_one_shot,DCTI-KEV-059-CVE-2011-2462,uncertain,uncertain,1,0.7,0,0.5,1.0,0,1,1,1,6.4962967,1395
deepcti_mode_comparison_100_2026,qwen2.5:7b,evidence_equal_one_shot,DCTI-KEV-060-CVE-2011-3402,contradictory,contradictory,1,0.8,1,0.5,0.5,0,1,1,1,7.2356878,1487
deepcti_mode_comparison_100_2026,qwen2.5:7b,evidence_equal_one_shot,DCTI-KEV-061-CVE-2011-3544,affected,affected,1,0.8,0,1.0,1.0,0,1,1,1,6.3484833,1400
deepcti_mode_comparison_100_2026,qwen2.5:7b,evidence_equal_one_shot,DCTI-KEV-062-CVE-2011-4723,not_applicable,not_applicable,1,0.9,1,0.5,1.0,0,1,1,1,3.9516846,1222
deepcti_mode_comparison_100_2026,qwen2.5:7b,evidence_equal_one_shot,DCTI-KEV-063-CVE-2012-0151,uncertain,uncertain,1,0.6333333333333333,0,0.5,0.6666666666666666,0,1,1,1,7.8129596,1536
deepcti_mode_comparison_100_2026,qwen2.5:7b,evidence_equal_one_shot,DCTI-KEV-064-CVE-2012-0158,contradictory,contradictory,1,0.5,0,0.5,0.0,0,1,1,1,5.5690605,1353
deepcti_mode_comparison_100_2026,qwen2.5:7b,evidence_equal_one_shot,DCTI-KEV-065-CVE-2012-0391,affected,affected,1,1.0,1,1.0,1.0,0,1,1,1,4.9717193,1298
deepcti_mode_comparison_100_2026,qwen2.5:7b,evidence_equal_one_shot,DCTI-KEV-066-CVE-2012-0507,not_applicable,not_applicable,1,0.9,1,0.5,1.0,0,1,1,1,3.9663621,1191
deepcti_mode_comparison_100_2026,qwen2.5:7b,evidence_equal_one_shot,DCTI-KEV-067-CVE-2012-0518,uncertain,uncertain,1,0.7,0,0.5,1.0,0,1,1,1,6.977008,1446
deepcti_mode_comparison_100_2026,qwen2.5:7b,evidence_equal_one_shot,DCTI-KEV-068-CVE-2012-0754,contradictory,contradictory,1,0.3,0,0.0,0.5,0,0,1,1,5.5194072,1333
deepcti_mode_comparison_100_2026,qwen2.5:7b,evidence_equal_one_shot,DCTI-KEV-069-CVE-2012-0767,affected,affected,1,0.8,0,1.0,1.0,0,1,1,1,5.4938015,1342
deepcti_mode_comparison_100_2026,qwen2.5:7b,evidence_equal_one_shot,DCTI-KEV-070-CVE-2012-1535,not_applicable,not_applicable,1,0.9,1,0.5,1.0,0,1,1,1,3.7795354000000003,1179
deepcti_mode_comparison_100_2026,qwen2.5:7b,evidence_equal_one_shot,DCTI-KEV-071-CVE-2012-1710,uncertain,uncertain,1,0.9,1,0.5,1.0,0,1,1,1,6.3744334,1362
deepcti_mode_comparison_100_2026,qwen2.5:7b,evidence_equal_one_shot,DCTI-KEV-072-CVE-2012-1723,contradictory,contradictory,1,0.7,1,0.5,0.0,0,1,1,1,5.5760495,1329
deepcti_mode_comparison_100_2026,qwen2.5:7b,evidence_equal_one_shot,DCTI-KEV-073-CVE-2012-1823,affected,affected,1,0.8,1,0.0,1.0,0,1,1,1,6.7628838,1437
deepcti_mode_comparison_100_2026,qwen2.5:7b,evidence_equal_one_shot,DCTI-KEV-074-CVE-2012-1854,not_applicable,not_applicable,1,0.9,1,0.5,1.0,0,1,1,1,3.8387124,1217
deepcti_mode_comparison_100_2026,qwen2.5:7b,evidence_equal_one_shot,DCTI-KEV-075-CVE-2012-1856,uncertain,uncertain,1,0.6333333333333333,0,0.5,0.6666666666666666,0,1,1,1,5.9700055,1352
deepcti_mode_comparison_100_2026,qwen2.5:7b,evidence_equal_one_shot,DCTI-KEV-076-CVE-2012-1889,contradictory,contradictory,1,0.8,1,0.5,0.5,0,1,1,1,5.830915699999999,1336
deepcti_mode_comparison_100_2026,qwen2.5:7b,evidence_equal_one_shot,DCTI-KEV-077-CVE-2012-2034,affected,affected,1,0.9,1,0.5,1.0,0,1,1,1,5.0029297999999995,1283
deepcti_mode_comparison_100_2026,qwen2.5:7b,evidence_equal_one_shot,DCTI-KEV-078-CVE-2012-2539,not_applicable,not_applicable,1,0.9,1,0.5,1.0,0,1,1,1,3.6113926999999997,1147
deepcti_mode_comparison_100_2026,qwen2.5:7b,evidence_equal_one_shot,DCTI-KEV-079-CVE-2012-3152,uncertain,uncertain,1,0.7,0,0.5,1.0,0,1,1,1,6.244587,1362
deepcti_mode_comparison_100_2026,qwen2.5:7b,evidence_equal_one_shot,DCTI-KEV-080-CVE-2012-4681,contradictory,contradictory,1,0.5,0,0.5,0.0,0,1,1,1,5.0580001,1299
deepcti_mode_comparison_100_2026,qwen2.5:7b,evidence_equal_one_shot,DCTI-KEV-081-CVE-2012-4792,affected,affected,1,0.9,1,0.5,1.0,0,1,1,1,6.6155053,1445
deepcti_mode_comparison_100_2026,qwen2.5:7b,evidence_equal_one_shot,DCTI-KEV-082-CVE-2012-4969,not_applicable,not_applicable,1,0.9,1,0.5,1.0,0,1,1,1,5.420344699999999,1303
deepcti_mode_comparison_100_2026,qwen2.5:7b,evidence_equal_one_shot,DCTI-KEV-083-CVE-2012-5054,uncertain,uncertain,1,0.6333333333333333,0,0.5,0.6666666666666666,0,1,1,1,8.9931039,1610
deepcti_mode_comparison_100_2026,qwen2.5:7b,evidence_equal_one_shot,DCTI-KEV-084-CVE-2012-5076,contradictory,contradictory,1,0.6,0,0.5,0.5,0,1,1,1,5.7101772,1344
deepcti_mode_comparison_100_2026,qwen2.5:7b,evidence_equal_one_shot,DCTI-KEV-085-CVE-2013-0074,affected,affected,1,0.9,1,0.5,1.0,0,1,1,1,6.9115868,1411
deepcti_mode_comparison_100_2026,qwen2.5:7b,evidence_equal_one_shot,DCTI-KEV-086-CVE-2013-0422,not_applicable,not_applicable,1,0.9,1,0.5,1.0,0,1,1,1,5.5783471,1315
deepcti_mode_comparison_100_2026,qwen2.5:7b,evidence_equal_one_shot,DCTI-KEV-087-CVE-2013-0431,uncertain,uncertain,1,0.6333333333333333,0,0.5,0.6666666666666666,0,1,1,1,7.327781,1469
deepcti_mode_comparison_100_2026,qwen2.5:7b,evidence_equal_one_shot,DCTI-KEV-088-CVE-2013-0625,contradictory,contradictory,1,0.8,1,0.5,0.5,0,1,1,1,6.2916925,1380
deepcti_mode_comparison_100_2026,qwen2.5:7b,evidence_equal_one_shot,DCTI-KEV-089-CVE-2013-0629,affected,affected,1,1.0,1,1.0,1.0,0,1,1,1,5.5038627,1322
deepcti_mode_comparison_100_2026,qwen2.5:7b,evidence_equal_one_shot,DCTI-KEV-090-CVE-2013-0631,not_applicable,not_applicable,1,1.0,1,1.0,1.0,0,1,1,1,3.6187197,1156
deepcti_mode_comparison_100_2026,qwen2.5:7b,evidence_equal_one_shot,DCTI-KEV-091-CVE-2013-0632,uncertain,uncertain,1,0.7,0,0.5,1.0,0,1,1,1,6.246582,1374
deepcti_mode_comparison_100_2026,qwen2.5:7b,evidence_equal_one_shot,DCTI-KEV-092-CVE-2013-0640,contradictory,contradictory,1,0.8,1,0.5,0.5,0,1,1,1,7.4923221,1479
deepcti_mode_comparison_100_2026,qwen2.5:7b,evidence_equal_one_shot,DCTI-KEV-093-CVE-2013-0641,affected,affected,1,1.0,1,1.0,1.0,0,1,1,1,6.689494,1381
deepcti_mode_comparison_100_2026,qwen2.5:7b,evidence_equal_one_shot,DCTI-KEV-094-CVE-2013-0643,not_applicable,not_applicable,1,0.9,1,0.5,1.0,0,1,1,1,3.6795947,1176
deepcti_mode_comparison_100_2026,qwen2.5:7b,evidence_equal_one_shot,DCTI-KEV-095-CVE-2013-0648,uncertain,uncertain,1,0.6333333333333333,0,0.5,0.6666666666666666,0,1,1,1,5.666394599999999,1332
deepcti_mode_comparison_100_2026,qwen2.5:7b,evidence_equal_one_shot,DCTI-KEV-096-CVE-2013-1331,contradictory,contradictory,1,0.7,1,0.5,0.0,0,1,1,1,5.1284615,1291
deepcti_mode_comparison_100_2026,qwen2.5:7b,evidence_equal_one_shot,DCTI-KEV-097-CVE-2013-1347,affected,affected,1,1.0,1,1.0,1.0,0,1,1,1,5.9958149999999995,1371
deepcti_mode_comparison_100_2026,qwen2.5:7b,evidence_equal_one_shot,DCTI-KEV-098-CVE-2013-1675,not_applicable,not_applicable,1,0.9,1,0.5,1.0,0,1,1,1,3.8643933,1186
deepcti_mode_comparison_100_2026,qwen2.5:7b,evidence_equal_one_shot,DCTI-KEV-099-CVE-2013-1690,uncertain,uncertain,1,0.7,0,0.5,1.0,0,1,1,1,6.6380031,1440
deepcti_mode_comparison_100_2026,qwen2.5:7b,evidence_equal_one_shot,DCTI-KEV-100-CVE-2013-2094,contradictory,contradictory,1,0.7,1,0.5,0.0,0,1,1,1,5.2693066,1333
deepcti_mode_comparison_100_2026,qwen2.5:7b,initial_one_shot,DCTI-KEV-001-CVE-2002-0367,affected,affected,1,0.8,0,1.0,1.0,0,1,1,1,4.5061627,1005
deepcti_mode_comparison_100_2026,qwen2.5:7b,initial_one_shot,DCTI-KEV-002-CVE-2004-0210,not_applicable,not_applicable,1,0.8,1,0.0,1.0,0,1,1,1,4.113671999999999,977
deepcti_mode_comparison_100_2026,qwen2.5:7b,initial_one_shot,DCTI-KEV-003-CVE-2004-1464,uncertain,uncertain,1,0.9,1,0.5,1.0,0,1,1,1,4.815951,1049
deepcti_mode_comparison_100_2026,qwen2.5:7b,initial_one_shot,DCTI-KEV-004-CVE-2005-2773,contradictory,contradictory,1,0.2,0,0.0,0.0,0,0,1,1,2.5422914999999997,858
deepcti_mode_comparison_100_2026,qwen2.5:7b,initial_one_shot,DCTI-KEV-005-CVE-2006-1547,affected,affected,1,0.7,0,0.5,1.0,0,1,1,1,7.0210867,1213
deepcti_mode_comparison_100_2026,qwen2.5:7b,initial_one_shot,DCTI-KEV-006-CVE-2006-2492,not_applicable,not_applicable,1,0.8,1,0.0,1.0,0,1,1,1,3.8840421999999997,955
deepcti_mode_comparison_100_2026,qwen2.5:7b,initial_one_shot,DCTI-KEV-007-CVE-2007-0671,uncertain,uncertain,1,0.8333333333333334,1,0.5,0.6666666666666666,0,1,1,1,5.2098743,1134
deepcti_mode_comparison_100_2026,qwen2.5:7b,initial_one_shot,DCTI-KEV-008-CVE-2007-3010,contradictory,contradictory,1,0.2,0,0.0,0.0,0,0,1,1,3.4856713,948
deepcti_mode_comparison_100_2026,qwen2.5:7b,initial_one_shot,DCTI-KEV-009-CVE-2007-5659,affected,affected,1,0.8,0,1.0,1.0,0,1,1,1,4.8436156,1034
deepcti_mode_comparison_100_2026,qwen2.5:7b,initial_one_shot,DCTI-KEV-010-CVE-2008-0015,not_applicable,not_applicable,1,0.8,1,0.0,1.0,0,1,1,1,3.8124931,1023
deepcti_mode_comparison_100_2026,qwen2.5:7b,initial_one_shot,DCTI-KEV-011-CVE-2008-0655,uncertain,uncertain,1,0.7,0,0.5,1.0,0,1,1,1,5.7631796,1116
deepcti_mode_comparison_100_2026,qwen2.5:7b,initial_one_shot,DCTI-KEV-012-CVE-2008-2992,contradictory,contradictory,1,0.3,0,0.0,0.5,0,0,1,1,3.7225807,954
deepcti_mode_comparison_100_2026,qwen2.5:7b,initial_one_shot,DCTI-KEV-013-CVE-2008-3431,affected,affected,1,0.7,0,0.5,1.0,0,1,1,1,5.037420699999999,1051
deepcti_mode_comparison_100_2026,qwen2.5:7b,initial_one_shot,DCTI-KEV-014-CVE-2008-4128,not_applicable,not_applicable,1,0.8,1,0.0,1.0,0,1,1,1,2.5336216,1013
deepcti_mode_comparison_100_2026,qwen2.5:7b,initial_one_shot,DCTI-KEV-015-CVE-2008-4250,uncertain,uncertain,1,0.6333333333333333,0,0.5,0.6666666666666666,0,1,1,1,6.9285568,1230
deepcti_mode_comparison_100_2026,qwen2.5:7b,initial_one_shot,DCTI-KEV-016-CVE-2009-0238,contradictory,contradictory,1,0.2,0,0.0,0.0,0,0,1,1,3.5393583,968
deepcti_mode_comparison_100_2026,qwen2.5:7b,initial_one_shot,DCTI-KEV-017-CVE-2009-0556,affected,affected,1,0.8,0,1.0,1.0,0,1,1,1,8.4713983,1346
deepcti_mode_comparison_100_2026,qwen2.5:7b,initial_one_shot,DCTI-KEV-018-CVE-2009-0557,not_applicable,not_applicable,1,0.8,1,0.0,1.0,0,1,1,1,3.7070721,954
deepcti_mode_comparison_100_2026,qwen2.5:7b,initial_one_shot,DCTI-KEV-019-CVE-2009-0563,uncertain,uncertain,1,0.5666666666666667,0,0.5,0.3333333333333333,0,1,1,1,4.6051219,1015
deepcti_mode_comparison_100_2026,qwen2.5:7b,initial_one_shot,DCTI-KEV-020-CVE-2009-0927,contradictory,contradictory,1,0.2,0,0.0,0.0,0,0,1,1,3.5376289,933
deepcti_mode_comparison_100_2026,qwen2.5:7b,initial_one_shot,DCTI-KEV-021-CVE-2009-1123,affected,affected,1,0.8,0,1.0,1.0,0,1,1,1,4.4356563,1012
deepcti_mode_comparison_100_2026,qwen2.5:7b,initial_one_shot,DCTI-KEV-022-CVE-2009-1151,not_applicable,not_applicable,1,0.8,1,0.0,1.0,0,1,1,1,3.6546378,954
deepcti_mode_comparison_100_2026,qwen2.5:7b,initial_one_shot,DCTI-KEV-023-CVE-2009-1537,uncertain,uncertain,1,0.5666666666666667,0,0.5,0.3333333333333333,0,1,1,1,4.7729905,1079
deepcti_mode_comparison_100_2026,qwen2.5:7b,initial_one_shot,DCTI-KEV-024-CVE-2009-1862,contradictory,contradictory,1,0.2,0,0.0,0.0,0,0,1,1,2.5674859000000003,895
deepcti_mode_comparison_100_2026,qwen2.5:7b,initial_one_shot,DCTI-KEV-025-CVE-2009-2055,affected,affected,1,0.7,0,0.5,1.0,0,1,1,1,4.9023973,1058
deepcti_mode_comparison_100_2026,qwen2.5:7b,initial_one_shot,DCTI-KEV-026-CVE-2009-3129,not_applicable,not_applicable,1,0.8,1,0.0,1.0,0,1,1,1,3.9039029,985
deepcti_mode_comparison_100_2026,qwen2.5:7b,initial_one_shot,DCTI-KEV-027-CVE-2009-3459,uncertain,uncertain,1,0.6333333333333333,0,0.5,0.6666666666666666,0,1,1,1,5.0104942,1094
deepcti_mode_comparison_100_2026,qwen2.5:7b,initial_one_shot,DCTI-KEV-028-CVE-2009-3953,contradictory,contradictory,1,0.2,0,0.0,0.0,0,0,1,1,2.4117444,861
deepcti_mode_comparison_100_2026,qwen2.5:7b,initial_one_shot,DCTI-KEV-029-CVE-2009-3960,affected,affected,1,0.7,0,0.5,1.0,0,1,1,1,6.2137366,1138
deepcti_mode_comparison_100_2026,qwen2.5:7b,initial_one_shot,DCTI-KEV-030-CVE-2009-4324,not_applicable,not_applicable,1,0.8,1,0.0,1.0,0,1,1,1,3.3219043000000004,920
deepcti_mode_comparison_100_2026,qwen2.5:7b,initial_one_shot,DCTI-KEV-031-CVE-2010-0188,uncertain,uncertain,1,0.8333333333333334,1,0.5,0.6666666666666666,0,1,1,1,4.1219529,982
deepcti_mode_comparison_100_2026,qwen2.5:7b,initial_one_shot,DCTI-KEV-032-CVE-2010-0232,contradictory,contradictory,1,0.3,0,0.0,0.5,0,0,1,1,3.8086989,976
deepcti_mode_comparison_100_2026,qwen2.5:7b,initial_one_shot,DCTI-KEV-033-CVE-2010-0249,affected,affected,1,0.8,0,1.0,1.0,0,1,1,1,7.0286839,1269
deepcti_mode_comparison_100_2026,qwen2.5:7b,initial_one_shot,DCTI-KEV-034-CVE-2010-0738,not_applicable,not_applicable,1,0.8,1,0.0,1.0,0,1,1,1,2.1863763,863
deepcti_mode_comparison_100_2026,qwen2.5:7b,initial_one_shot,DCTI-KEV-035-CVE-2010-0806,uncertain,uncertain,1,0.8333333333333334,1,0.5,0.6666666666666666,0,1,1,1,5.9736849,1187
deepcti_mode_comparison_100_2026,qwen2.5:7b,initial_one_shot,DCTI-KEV-036-CVE-2010-0840,contradictory,contradictory,1,0.2,0,0.0,0.0,0,0,1,1,3.7420172,973
deepcti_mode_comparison_100_2026,qwen2.5:7b,initial_one_shot,DCTI-KEV-037-CVE-2010-1297,affected,affected,1,0.8,0,1.0,1.0,0,1,1,1,4.0060214,982
deepcti_mode_comparison_100_2026,qwen2.5:7b,initial_one_shot,DCTI-KEV-038-CVE-2010-1428,not_applicable,not_applicable,1,0.8,1,0.0,1.0,0,1,1,1,3.7893786,985
deepcti_mode_comparison_100_2026,qwen2.5:7b,initial_one_shot,DCTI-KEV-039-CVE-2010-1871,uncertain,uncertain,1,0.9,1,0.5,1.0,0,1,1,1,6.877835,1235
deepcti_mode_comparison_100_2026,qwen2.5:7b,initial_one_shot,DCTI-KEV-040-CVE-2010-2568,contradictory,contradictory,1,0.3,0,0.0,0.5,0,0,1,1,3.9029328,971
deepcti_mode_comparison_100_2026,qwen2.5:7b,initial_one_shot,DCTI-KEV-041-CVE-2010-2572,affected,affected,1,0.7,0,0.5,1.0,0,1,1,1,6.3257199,1138
deepcti_mode_comparison_100_2026,qwen2.5:7b,initial_one_shot,DCTI-KEV-042-CVE-2010-2861,not_applicable,not_applicable,1,0.8,1,0.0,1.0,0,1,1,1,3.8541904,962
deepcti_mode_comparison_100_2026,qwen2.5:7b,initial_one_shot,DCTI-KEV-043-CVE-2010-2883,uncertain,uncertain,1,0.7,0,0.5,1.0,0,1,1,1,5.4884639,1091
deepcti_mode_comparison_100_2026,qwen2.5:7b,initial_one_shot,DCTI-KEV-044-CVE-2010-3035,contradictory,contradictory,1,0.3,0,0.0,0.5,0,0,1,1,3.8164948,971
deepcti_mode_comparison_100_2026,qwen2.5:7b,initial_one_shot,DCTI-KEV-045-CVE-2010-3333,affected,affected,1,0.7,0,0.5,1.0,0,1,1,1,4.8780646,1044
deepcti_mode_comparison_100_2026,qwen2.5:7b,initial_one_shot,DCTI-KEV-046-CVE-2010-3765,not_applicable,not_applicable,1,0.9,1,0.5,1.0,0,1,1,1,3.7662264,1021
deepcti_mode_comparison_100_2026,qwen2.5:7b,initial_one_shot,DCTI-KEV-047-CVE-2010-3904,uncertain,uncertain,1,0.5666666666666667,0,0.5,0.3333333333333333,0,1,1,1,5.619391800000001,1117
deepcti_mode_comparison_100_2026,qwen2.5:7b,initial_one_shot,DCTI-KEV-048-CVE-2010-3962,contradictory,contradictory,1,0.3,0,0.0,0.5,0,0,1,1,3.6612477,995
deepcti_mode_comparison_100_2026,qwen2.5:7b,initial_one_shot,DCTI-KEV-049-CVE-2010-4344,affected,affected,1,0.7,0,0.5,1.0,0,1,1,1,6.0735547,1144
deepcti_mode_comparison_100_2026,qwen2.5:7b,initial_one_shot,DCTI-KEV-050-CVE-2010-4345,not_applicable,not_applicable,1,0.8,1,0.0,1.0,0,1,1,1,3.6731531,965
deepcti_mode_comparison_100_2026,qwen2.5:7b,initial_one_shot,DCTI-KEV-051-CVE-2010-4398,uncertain,uncertain,1,0.6333333333333333,0,0.5,0.6666666666666666,0,1,1,1,5.6009271,1109
deepcti_mode_comparison_100_2026,qwen2.5:7b,initial_one_shot,DCTI-KEV-052-CVE-2010-5326,contradictory,contradictory,1,0.2,0,0.0,0.0,0,0,1,1,4.1499856,992
deepcti_mode_comparison_100_2026,qwen2.5:7b,initial_one_shot,DCTI-KEV-053-CVE-2010-5330,affected,affected,1,0.7,0,0.5,1.0,0,1,1,1,6.1135274,1124
deepcti_mode_comparison_100_2026,qwen2.5:7b,initial_one_shot,DCTI-KEV-054-CVE-2011-0609,not_applicable,not_applicable,1,0.8,1,0.0,1.0,0,1,1,1,3.7557764000000002,964
deepcti_mode_comparison_100_2026,qwen2.5:7b,initial_one_shot,DCTI-KEV-055-CVE-2011-0611,uncertain,uncertain,1,0.8333333333333334,1,0.5,0.6666666666666666,0,1,1,1,4.7062511,1044
deepcti_mode_comparison_100_2026,qwen2.5:7b,initial_one_shot,DCTI-KEV-056-CVE-2011-1823,contradictory,contradictory,1,0.3,0,0.0,0.5,0,0,1,1,3.6210571,963
deepcti_mode_comparison_100_2026,qwen2.5:7b,initial_one_shot,DCTI-KEV-057-CVE-2011-1889,affected,affected,1,0.7,0,0.5,1.0,0,1,1,1,4.9201031,1063
deepcti_mode_comparison_100_2026,qwen2.5:7b,initial_one_shot,DCTI-KEV-058-CVE-2011-2005,not_applicable,not_applicable,1,0.9,1,0.5,1.0,0,1,1,1,2.4221214,887
deepcti_mode_comparison_100_2026,qwen2.5:7b,initial_one_shot,DCTI-KEV-059-CVE-2011-2462,uncertain,uncertain,1,0.6333333333333333,0,0.5,0.6666666666666666,0,1,1,1,5.5090502,1111
deepcti_mode_comparison_100_2026,qwen2.5:7b,initial_one_shot,DCTI-KEV-060-CVE-2011-3402,contradictory,contradictory,1,0.3,0,0.0,0.5,0,0,1,1,3.5773051000000002,985
deepcti_mode_comparison_100_2026,qwen2.5:7b,initial_one_shot,DCTI-KEV-061-CVE-2011-3544,affected,affected,1,0.7,0,0.5,1.0,0,1,1,1,5.9700576000000005,1140
deepcti_mode_comparison_100_2026,qwen2.5:7b,initial_one_shot,DCTI-KEV-062-CVE-2011-4723,not_applicable,not_applicable,1,0.8,1,0.0,1.0,0,1,1,1,3.7990774000000003,994
deepcti_mode_comparison_100_2026,qwen2.5:7b,initial_one_shot,DCTI-KEV-063-CVE-2012-0151,uncertain,uncertain,1,0.6333333333333333,0,0.5,0.6666666666666666,0,1,1,1,4.6968362,1049
deepcti_mode_comparison_100_2026,qwen2.5:7b,initial_one_shot,DCTI-KEV-064-CVE-2012-0158,contradictory,contradictory,1,0.3,0,0.0,0.5,0,0,1,1,3.8667204,984
deepcti_mode_comparison_100_2026,qwen2.5:7b,initial_one_shot,DCTI-KEV-065-CVE-2012-0391,affected,affected,1,0.8,0,1.0,1.0,0,1,1,1,5.3260936,1086
deepcti_mode_comparison_100_2026,qwen2.5:7b,initial_one_shot,DCTI-KEV-066-CVE-2012-0507,not_applicable,not_applicable,1,0.8,1,0.0,1.0,0,1,1,1,3.9124159,977
deepcti_mode_comparison_100_2026,qwen2.5:7b,initial_one_shot,DCTI-KEV-067-CVE-2012-0518,uncertain,uncertain,1,0.9,1,0.5,1.0,0,1,1,1,5.0233605,1047
deepcti_mode_comparison_100_2026,qwen2.5:7b,initial_one_shot,DCTI-KEV-068-CVE-2012-0754,contradictory,contradictory,1,0.2,0,0.0,0.0,0,0,1,1,3.5553467999999997,936
deepcti_mode_comparison_100_2026,qwen2.5:7b,initial_one_shot,DCTI-KEV-069-CVE-2012-0767,affected,affected,1,0.7,0,0.5,1.0,0,1,1,1,5.5050413,1101
deepcti_mode_comparison_100_2026,qwen2.5:7b,initial_one_shot,DCTI-KEV-070-CVE-2012-1535,not_applicable,not_applicable,1,0.8,1,0.0,1.0,0,1,1,1,3.5132864,945
deepcti_mode_comparison_100_2026,qwen2.5:7b,initial_one_shot,DCTI-KEV-071-CVE-2012-1710,uncertain,uncertain,1,0.5666666666666667,0,0.5,0.3333333333333333,0,1,1,1,5.3941167,1082
deepcti_mode_comparison_100_2026,qwen2.5:7b,initial_one_shot,DCTI-KEV-072-CVE-2012-1723,contradictory,contradictory,1,0.2,0,0.0,0.0,0,0,1,1,3.7940288,970
deepcti_mode_comparison_100_2026,qwen2.5:7b,initial_one_shot,DCTI-KEV-073-CVE-2012-1823,affected,affected,1,0.7,0,0.5,1.0,0,1,1,1,6.06766,1131
deepcti_mode_comparison_100_2026,qwen2.5:7b,initial_one_shot,DCTI-KEV-074-CVE-2012-1854,not_applicable,not_applicable,1,0.8,1,0.0,1.0,0,1,1,1,4.3225791,1033
deepcti_mode_comparison_100_2026,qwen2.5:7b,initial_one_shot,DCTI-KEV-075-CVE-2012-1856,uncertain,uncertain,1,0.6333333333333333,0,0.5,0.6666666666666666,0,1,1,1,5.046242,1073
deepcti_mode_comparison_100_2026,qwen2.5:7b,initial_one_shot,DCTI-KEV-076-CVE-2012-1889,contradictory,contradictory,1,0.3,0,0.0,0.5,0,0,1,1,4.1395972,977
deepcti_mode_comparison_100_2026,qwen2.5:7b,initial_one_shot,DCTI-KEV-077-CVE-2012-2034,affected,affected,1,0.7,0,0.5,1.0,0,1,1,1,5.6383513,1108
deepcti_mode_comparison_100_2026,qwen2.5:7b,initial_one_shot,DCTI-KEV-078-CVE-2012-2539,not_applicable,not_applicable,1,0.8,1,0.0,1.0,0,1,1,1,5.2124195,1052
deepcti_mode_comparison_100_2026,qwen2.5:7b,initial_one_shot,DCTI-KEV-079-CVE-2012-3152,uncertain,uncertain,1,0.6333333333333333,0,0.5,0.6666666666666666,0,1,1,1,4.1194376,980
deepcti_mode_comparison_100_2026,qwen2.5:7b,initial_one_shot,DCTI-KEV-080-CVE-2012-4681,contradictory,contradictory,1,0.3,0,0.0,0.5,0,0,1,1,3.9193564000000003,970
deepcti_mode_comparison_100_2026,qwen2.5:7b,initial_one_shot,DCTI-KEV-081-CVE-2012-4792,affected,affected,1,0.7,0,0.5,1.0,0,1,1,1,5.3453378,1112
deepcti_mode_comparison_100_2026,qwen2.5:7b,initial_one_shot,DCTI-KEV-082-CVE-2012-4969,not_applicable,not_applicable,1,0.8,1,0.0,1.0,0,1,1,1,3.9381307999999997,975
deepcti_mode_comparison_100_2026,qwen2.5:7b,initial_one_shot,DCTI-KEV-083-CVE-2012-5054,uncertain,uncertain,1,0.6333333333333333,0,0.5,0.6666666666666666,0,1,1,1,6.4181089,1155
deepcti_mode_comparison_100_2026,qwen2.5:7b,initial_one_shot,DCTI-KEV-084-CVE-2012-5076,contradictory,contradictory,1,0.3,0,0.0,0.5,0,0,1,1,3.936799,983
deepcti_mode_comparison_100_2026,qwen2.5:7b,initial_one_shot,DCTI-KEV-085-CVE-2013-0074,affected,affected,1,0.7,0,0.5,1.0,0,1,1,1,5.2676751,1073
deepcti_mode_comparison_100_2026,qwen2.5:7b,initial_one_shot,DCTI-KEV-086-CVE-2013-0422,not_applicable,not_applicable,1,0.8,1,0.0,1.0,0,1,1,1,2.7548521,890
deepcti_mode_comparison_100_2026,qwen2.5:7b,initial_one_shot,DCTI-KEV-087-CVE-2013-0431,uncertain,uncertain,1,0.7333333333333333,0,1.0,0.6666666666666666,0,1,1,1,5.921171999999999,1133
deepcti_mode_comparison_100_2026,qwen2.5:7b,initial_one_shot,DCTI-KEV-088-CVE-2013-0625,contradictory,contradictory,1,0.2,0,0.0,0.0,0,0,1,1,3.7734368,949
deepcti_mode_comparison_100_2026,qwen2.5:7b,initial_one_shot,DCTI-KEV-089-CVE-2013-0629,affected,affected,1,0.8,0,1.0,1.0,0,1,1,1,4.4145774,1004
deepcti_mode_comparison_100_2026,qwen2.5:7b,initial_one_shot,DCTI-KEV-090-CVE-2013-0631,not_applicable,not_applicable,1,0.8,1,0.0,1.0,0,1,1,1,4.1094672,978
deepcti_mode_comparison_100_2026,qwen2.5:7b,initial_one_shot,DCTI-KEV-091-CVE-2013-0632,uncertain,uncertain,1,0.7,0,0.5,1.0,0,1,1,1,5.4653343,1088
deepcti_mode_comparison_100_2026,qwen2.5:7b,initial_one_shot,DCTI-KEV-092-CVE-2013-0640,contradictory,contradictory,1,0.2,0,0.0,0.0,0,0,1,1,3.7385019,957
deepcti_mode_comparison_100_2026,qwen2.5:7b,initial_one_shot,DCTI-KEV-093-CVE-2013-0641,affected,affected,1,0.8,0,1.0,1.0,0,1,1,1,25.9136819,1026
deepcti_mode_comparison_100_2026,qwen2.5:7b,initial_one_shot,DCTI-KEV-094-CVE-2013-0643,not_applicable,not_applicable,1,0.8,1,0.0,1.0,0,1,1,1,10.4435314,965
deepcti_mode_comparison_100_2026,qwen2.5:7b,initial_one_shot,DCTI-KEV-095-CVE-2013-0648,uncertain,uncertain,1,0.7,0,0.5,1.0,0,1,1,1,5.2373707000000005,1099
deepcti_mode_comparison_100_2026,qwen2.5:7b,initial_one_shot,DCTI-KEV-096-CVE-2013-1331,contradictory,contradictory,1,0.3,0,0.0,0.5,0,0,1,1,5.00761,1040
deepcti_mode_comparison_100_2026,qwen2.5:7b,initial_one_shot,DCTI-KEV-097-CVE-2013-1347,affected,affected,1,0.7,0,0.5,1.0,0,1,1,1,4.4027807,1009
deepcti_mode_comparison_100_2026,qwen2.5:7b,initial_one_shot,DCTI-KEV-098-CVE-2013-1675,not_applicable,not_applicable,1,0.8,1,0.0,1.0,0,1,1,1,3.8945667,980
deepcti_mode_comparison_100_2026,qwen2.5:7b,initial_one_shot,DCTI-KEV-099-CVE-2013-1690,uncertain,uncertain,1,0.6333333333333333,0,0.5,0.6666666666666666,0,1,1,1,4.799769,1064
deepcti_mode_comparison_100_2026,qwen2.5:7b,initial_one_shot,DCTI-KEV-100-CVE-2013-2094,contradictory,contradictory,1,0.2,0,0.0,0.0,0,0,1,1,3.7333452,970
deepcti_mode_comparison_100_2026,qwen2.5:7b,iterative_no_memory,DCTI-KEV-001-CVE-2002-0367,affected,affected,3,1.0,1,1.0,1.0,0,1,1,3,19.939906999999998,3706
deepcti_mode_comparison_100_2026,qwen2.5:7b,iterative_no_memory,DCTI-KEV-002-CVE-2004-0210,not_applicable,not_applicable,3,0.9,1,0.5,1.0,0,1,1,3,12.845895800000003,3138
deepcti_mode_comparison_100_2026,qwen2.5:7b,iterative_no_memory,DCTI-KEV-003-CVE-2004-1464,uncertain,uncertain,3,0.9,1,0.5,1.0,0,1,1,3,20.5480505,3753
deepcti_mode_comparison_100_2026,qwen2.5:7b,iterative_no_memory,DCTI-KEV-004-CVE-2005-2773,contradictory,contradictory,3,0.8,1,0.5,0.5,0,1,1,3,16.1909076,3433
deepcti_mode_comparison_100_2026,qwen2.5:7b,iterative_no_memory,DCTI-KEV-005-CVE-2006-1547,affected,affected,3,0.9,1,0.5,1.0,0,1,1,3,21.122319599999997,3810
deepcti_mode_comparison_100_2026,qwen2.5:7b,iterative_no_memory,DCTI-KEV-006-CVE-2006-2492,not_applicable,not_applicable,3,0.9,1,0.5,1.0,0,1,1,3,14.4245236,3223
deepcti_mode_comparison_100_2026,qwen2.5:7b,iterative_no_memory,DCTI-KEV-007-CVE-2007-0671,uncertain,uncertain,3,0.8333333333333334,1,0.5,0.6666666666666666,0,1,1,3,20.649574500000003,3924
deepcti_mode_comparison_100_2026,qwen2.5:7b,iterative_no_memory,DCTI-KEV-008-CVE-2007-3010,contradictory,contradictory,3,0.8,1,0.5,0.5,0,1,1,3,14.4235173,3306
deepcti_mode_comparison_100_2026,qwen2.5:7b,iterative_no_memory,DCTI-KEV-009-CVE-2007-5659,affected,affected,3,0.7,0,0.5,1.0,0,1,1,3,19.5318286,3631
deepcti_mode_comparison_100_2026,qwen2.5:7b,iterative_no_memory,DCTI-KEV-010-CVE-2008-0015,not_applicable,not_applicable,3,0.9,1,0.5,1.0,0,1,1,3,10.136883599999999,3110
deepcti_mode_comparison_100_2026,qwen2.5:7b,iterative_no_memory,DCTI-KEV-011-CVE-2008-0655,uncertain,uncertain,3,0.7,0,0.5,1.0,0,1,1,3,19.3422497,3604
deepcti_mode_comparison_100_2026,qwen2.5:7b,iterative_no_memory,DCTI-KEV-012-CVE-2008-2992,contradictory,contradictory,3,0.7,1,0.5,0.0,0,1,1,3,14.589185099999998,3293
deepcti_mode_comparison_100_2026,qwen2.5:7b,iterative_no_memory,DCTI-KEV-013-CVE-2008-3431,affected,affected,3,1.0,1,1.0,1.0,0,1,1,3,17.1022704,3469
deepcti_mode_comparison_100_2026,qwen2.5:7b,iterative_no_memory,DCTI-KEV-014-CVE-2008-4128,not_applicable,not_applicable,3,0.9,1,0.5,1.0,0,1,1,3,10.083488000000001,3377
deepcti_mode_comparison_100_2026,qwen2.5:7b,iterative_no_memory,DCTI-KEV-015-CVE-2008-4250,uncertain,uncertain,3,0.9,1,0.5,1.0,0,1,1,3,21.2406911,3850
deepcti_mode_comparison_100_2026,qwen2.5:7b,iterative_no_memory,DCTI-KEV-016-CVE-2009-0238,contradictory,contradictory,3,0.7,1,0.5,0.0,0,1,1,3,15.0235445,3420
deepcti_mode_comparison_100_2026,qwen2.5:7b,iterative_no_memory,DCTI-KEV-017-CVE-2009-0556,affected,affected,3,1.0,1,1.0,1.0,0,1,1,3,20.5701783,3812
deepcti_mode_comparison_100_2026,qwen2.5:7b,iterative_no_memory,DCTI-KEV-018-CVE-2009-0557,not_applicable,not_applicable,3,0.9,1,0.5,1.0,0,1,1,3,9.459558600000001,2900
deepcti_mode_comparison_100_2026,qwen2.5:7b,iterative_no_memory,DCTI-KEV-019-CVE-2009-0563,uncertain,uncertain,3,0.7,0,0.5,1.0,0,1,1,3,19.4769111,3634
deepcti_mode_comparison_100_2026,qwen2.5:7b,iterative_no_memory,DCTI-KEV-020-CVE-2009-0927,contradictory,contradictory,3,0.9,1,1.0,0.5,0,1,1,3,16.8414891,3479
deepcti_mode_comparison_100_2026,qwen2.5:7b,iterative_no_memory,DCTI-KEV-021-CVE-2009-1123,affected,affected,3,0.8,0,1.0,1.0,0,1,1,3,18.0600011,3550
deepcti_mode_comparison_100_2026,qwen2.5:7b,iterative_no_memory,DCTI-KEV-022-CVE-2009-1151,not_applicable,not_applicable,3,0.9,1,0.5,1.0,0,1,1,3,13.017235499999998,3176
deepcti_mode_comparison_100_2026,qwen2.5:7b,iterative_no_memory,DCTI-KEV-023-CVE-2009-1537,uncertain,uncertain,3,0.7,0,0.5,1.0,0,1,1,3,16.7995095,3572
deepcti_mode_comparison_100_2026,qwen2.5:7b,iterative_no_memory,DCTI-KEV-024-CVE-2009-1862,contradictory,contradictory,3,0.8,1,0.5,0.5,0,1,1,3,16.8558281,3578
deepcti_mode_comparison_100_2026,qwen2.5:7b,iterative_no_memory,DCTI-KEV-025-CVE-2009-2055,affected,affected,3,0.8,0,1.0,1.0,0,1,1,3,20.0933363,3750
deepcti_mode_comparison_100_2026,qwen2.5:7b,iterative_no_memory,DCTI-KEV-026-CVE-2009-3129,not_applicable,not_applicable,3,0.9,1,0.5,1.0,0,1,1,3,12.2075821,3148
deepcti_mode_comparison_100_2026,qwen2.5:7b,iterative_no_memory,DCTI-KEV-027-CVE-2009-3459,uncertain,uncertain,3,0.7,0,0.5,1.0,0,1,1,3,20.473837800000002,3853
deepcti_mode_comparison_100_2026,qwen2.5:7b,iterative_no_memory,DCTI-KEV-028-CVE-2009-3953,contradictory,contradictory,3,0.8,1,0.5,0.5,0,1,1,3,16.2376952,3471
deepcti_mode_comparison_100_2026,qwen2.5:7b,iterative_no_memory,DCTI-KEV-029-CVE-2009-3960,affected,affected,3,0.8,0,1.0,1.0,0,1,1,3,22.956807,3927
deepcti_mode_comparison_100_2026,qwen2.5:7b,iterative_no_memory,DCTI-KEV-030-CVE-2009-4324,not_applicable,not_applicable,3,1.0,1,1.0,1.0,0,1,1,3,9.1640696,2895
deepcti_mode_comparison_100_2026,qwen2.5:7b,iterative_no_memory,DCTI-KEV-031-CVE-2010-0188,uncertain,uncertain,3,0.8333333333333334,1,0.5,0.6666666666666666,0,1,1,3,17.7038501,3532
deepcti_mode_comparison_100_2026,qwen2.5:7b,iterative_no_memory,DCTI-KEV-032-CVE-2010-0232,contradictory,contradictory,3,0.9,1,1.0,0.5,0,1,1,3,15.059648600000001,3395
deepcti_mode_comparison_100_2026,qwen2.5:7b,iterative_no_memory,DCTI-KEV-033-CVE-2010-0249,affected,affected,3,0.8,0,1.0,1.0,0,1,1,3,24.161308400000003,4199
deepcti_mode_comparison_100_2026,qwen2.5:7b,iterative_no_memory,DCTI-KEV-034-CVE-2010-0738,not_applicable,not_applicable,3,0.9,1,0.5,1.0,0,1,1,3,8.472362500000001,2910
deepcti_mode_comparison_100_2026,qwen2.5:7b,iterative_no_memory,DCTI-KEV-035-CVE-2010-0806,uncertain,uncertain,3,0.8333333333333334,1,0.5,0.6666666666666666,0,1,1,3,18.2202005,3740
deepcti_mode_comparison_100_2026,qwen2.5:7b,iterative_no_memory,DCTI-KEV-036-CVE-2010-0840,contradictory,contradictory,3,0.9,1,1.0,0.5,0,1,1,3,13.3265098,3279
deepcti_mode_comparison_100_2026,qwen2.5:7b,iterative_no_memory,DCTI-KEV-037-CVE-2010-1297,affected,affected,3,0.7,0,0.5,1.0,0,1,1,3,20.1149085,3724
deepcti_mode_comparison_100_2026,qwen2.5:7b,iterative_no_memory,DCTI-KEV-038-CVE-2010-1428,not_applicable,not_applicable,3,0.9,1,0.5,1.0,0,1,1,3,10.884984999999999,3093
deepcti_mode_comparison_100_2026,qwen2.5:7b,iterative_no_memory,DCTI-KEV-039-CVE-2010-1871,uncertain,uncertain,3,0.7,0,0.5,1.0,0,1,1,3,22.040037799999997,3966
deepcti_mode_comparison_100_2026,qwen2.5:7b,iterative_no_memory,DCTI-KEV-040-CVE-2010-2568,contradictory,contradictory,3,0.9,1,1.0,0.5,0,1,1,3,16.6415174,3487
deepcti_mode_comparison_100_2026,qwen2.5:7b,iterative_no_memory,DCTI-KEV-041-CVE-2010-2572,affected,affected,3,0.8,0,1.0,1.0,0,1,1,3,18.4344388,3568
deepcti_mode_comparison_100_2026,qwen2.5:7b,iterative_no_memory,DCTI-KEV-042-CVE-2010-2861,not_applicable,not_applicable,3,1.0,1,1.0,1.0,0,1,1,3,10.956693300000001,3026
deepcti_mode_comparison_100_2026,qwen2.5:7b,iterative_no_memory,DCTI-KEV-043-CVE-2010-2883,uncertain,uncertain,3,0.7,0,0.5,1.0,0,1,1,3,18.9272877,3639
deepcti_mode_comparison_100_2026,qwen2.5:7b,iterative_no_memory,DCTI-KEV-044-CVE-2010-3035,contradictory,contradictory,3,0.7,1,0.5,0.0,0,1,1,3,14.7174941,3344
deepcti_mode_comparison_100_2026,qwen2.5:7b,iterative_no_memory,DCTI-KEV-045-CVE-2010-3333,affected,affected,3,0.8,0,1.0,1.0,0,1,1,3,20.1794958,3684
deepcti_mode_comparison_100_2026,qwen2.5:7b,iterative_no_memory,DCTI-KEV-046-CVE-2010-3765,not_applicable,not_applicable,3,0.9,1,0.5,1.0,0,1,1,3,13.2210137,3347
deepcti_mode_comparison_100_2026,qwen2.5:7b,iterative_no_memory,DCTI-KEV-047-CVE-2010-3904,uncertain,uncertain,3,0.8333333333333334,1,0.5,0.6666666666666666,0,1,1,3,23.7761873,3866
deepcti_mode_comparison_100_2026,qwen2.5:7b,iterative_no_memory,DCTI-KEV-048-CVE-2010-3962,contradictory,contradictory,3,0.7,0,1.0,0.5,0,1,1,3,19.4537021,3667
deepcti_mode_comparison_100_2026,qwen2.5:7b,iterative_no_memory,DCTI-KEV-049-CVE-2010-4344,affected,affected,3,0.9,1,0.5,1.0,0,1,1,3,22.0592529,3700
deepcti_mode_comparison_100_2026,qwen2.5:7b,iterative_no_memory,DCTI-KEV-050-CVE-2010-4345,not_applicable,not_applicable,3,0.8,1,0.0,1.0,0,1,1,3,14.873474900000001,3158
deepcti_mode_comparison_100_2026,qwen2.5:7b,iterative_no_memory,DCTI-KEV-051-CVE-2010-4398,uncertain,uncertain,3,0.7,0,0.5,1.0,0,1,1,3,24.0519244,3686
deepcti_mode_comparison_100_2026,qwen2.5:7b,iterative_no_memory,DCTI-KEV-052-CVE-2010-5326,contradictory,contradictory,3,0.9,1,1.0,0.5,0,1,1,3,20.325369,3476
deepcti_mode_comparison_100_2026,qwen2.5:7b,iterative_no_memory,DCTI-KEV-053-CVE-2010-5330,affected,affected,3,0.9,1,0.5,1.0,0,1,1,3,26.740037100000002,3741
deepcti_mode_comparison_100_2026,qwen2.5:7b,iterative_no_memory,DCTI-KEV-054-CVE-2011-0609,not_applicable,not_applicable,3,0.9,1,0.5,1.0,0,1,1,3,13.5198125,3017
deepcti_mode_comparison_100_2026,qwen2.5:7b,iterative_no_memory,DCTI-KEV-055-CVE-2011-0611,uncertain,uncertain,3,0.7,0,0.5,1.0,0,1,1,3,24.413564299999997,3644
deepcti_mode_comparison_100_2026,qwen2.5:7b,iterative_no_memory,DCTI-KEV-056-CVE-2011-1823,contradictory,contradictory,3,0.7,1,0.5,0.0,0,1,1,3,22.042855199999998,3550
deepcti_mode_comparison_100_2026,qwen2.5:7b,iterative_no_memory,DCTI-KEV-057-CVE-2011-1889,affected,affected,3,0.8,0,1.0,1.0,0,1,1,3,26.894430099999997,3821
deepcti_mode_comparison_100_2026,qwen2.5:7b,iterative_no_memory,DCTI-KEV-058-CVE-2011-2005,not_applicable,not_applicable,3,0.9,1,0.5,1.0,0,1,1,3,13.290943900000002,3067
deepcti_mode_comparison_100_2026,qwen2.5:7b,iterative_no_memory,DCTI-KEV-059-CVE-2011-2462,uncertain,uncertain,3,0.7,0,0.5,1.0,0,1,1,3,22.2372255,3564
deepcti_mode_comparison_100_2026,qwen2.5:7b,iterative_no_memory,DCTI-KEV-060-CVE-2011-3402,contradictory,contradictory,3,0.9,1,1.0,0.5,0,1,1,3,16.5576395,3270
deepcti_mode_comparison_100_2026,qwen2.5:7b,iterative_no_memory,DCTI-KEV-061-CVE-2011-3544,affected,affected,3,0.7,0,0.5,1.0,0,1,1,3,29.365437699999998,3746
deepcti_mode_comparison_100_2026,qwen2.5:7b,iterative_no_memory,DCTI-KEV-062-CVE-2011-4723,not_applicable,not_applicable,3,0.9,1,0.5,1.0,0,1,1,3,14.5830894,3045
deepcti_mode_comparison_100_2026,qwen2.5:7b,iterative_no_memory,DCTI-KEV-063-CVE-2012-0151,uncertain,uncertain,3,0.7,0,0.5,1.0,0,1,1,3,24.5148065,3652
deepcti_mode_comparison_100_2026,qwen2.5:7b,iterative_no_memory,DCTI-KEV-064-CVE-2012-0158,contradictory,contradictory,3,0.9,1,1.0,0.5,0,1,1,3,16.006726399999998,3164
deepcti_mode_comparison_100_2026,qwen2.5:7b,iterative_no_memory,DCTI-KEV-065-CVE-2012-0391,affected,affected,3,0.8,0,1.0,1.0,0,1,1,3,24.2358716,3719
deepcti_mode_comparison_100_2026,qwen2.5:7b,iterative_no_memory,DCTI-KEV-066-CVE-2012-0507,not_applicable,not_applicable,3,1.0,1,1.0,1.0,0,1,1,3,14.871061999999998,3113
deepcti_mode_comparison_100_2026,qwen2.5:7b,iterative_no_memory,DCTI-KEV-067-CVE-2012-0518,uncertain,uncertain,3,0.9,1,0.5,1.0,0,1,1,3,20.2432802,3425
deepcti_mode_comparison_100_2026,qwen2.5:7b,iterative_no_memory,DCTI-KEV-068-CVE-2012-0754,contradictory,contradictory,3,0.9,1,1.0,0.5,0,1,1,3,18.7855436,3438
deepcti_mode_comparison_100_2026,qwen2.5:7b,iterative_no_memory,DCTI-KEV-069-CVE-2012-0767,affected,affected,3,0.8,0,1.0,1.0,0,1,1,3,27.621024100000003,3644
deepcti_mode_comparison_100_2026,qwen2.5:7b,iterative_no_memory,DCTI-KEV-070-CVE-2012-1535,not_applicable,not_applicable,3,0.9,1,0.5,1.0,0,1,1,3,13.046291799999999,2916
deepcti_mode_comparison_100_2026,qwen2.5:7b,iterative_no_memory,DCTI-KEV-071-CVE-2012-1710,uncertain,uncertain,3,0.9,1,0.5,1.0,0,1,1,3,20.2217518,3573
deepcti_mode_comparison_100_2026,qwen2.5:7b,iterative_no_memory,DCTI-KEV-072-CVE-2012-1723,contradictory,contradictory,3,0.7,1,0.5,0.0,0,1,1,3,13.6963301,3318
deepcti_mode_comparison_100_2026,qwen2.5:7b,iterative_no_memory,DCTI-KEV-073-CVE-2012-1823,affected,affected,3,1.0,1,1.0,1.0,0,1,1,3,18.1134916,3616
deepcti_mode_comparison_100_2026,qwen2.5:7b,iterative_no_memory,DCTI-KEV-074-CVE-2012-1854,not_applicable,not_applicable,3,0.9,1,0.5,1.0,0,1,1,3,14.3263462,3427
deepcti_mode_comparison_100_2026,qwen2.5:7b,iterative_no_memory,DCTI-KEV-075-CVE-2012-1856,uncertain,uncertain,3,0.7,0,0.5,1.0,0,1,1,3,18.8979638,3722
deepcti_mode_comparison_100_2026,qwen2.5:7b,iterative_no_memory,DCTI-KEV-076-CVE-2012-1889,contradictory,contradictory,3,0.8,1,0.5,0.5,0,1,1,3,18.907522999999998,3669
deepcti_mode_comparison_100_2026,qwen2.5:7b,iterative_no_memory,DCTI-KEV-077-CVE-2012-2034,affected,affected,3,0.7,0,0.5,1.0,0,1,1,3,18.961346799999998,3711
deepcti_mode_comparison_100_2026,qwen2.5:7b,iterative_no_memory,DCTI-KEV-078-CVE-2012-2539,not_applicable,not_applicable,3,0.9,1,0.5,1.0,0,1,1,3,12.322660899999999,3136
deepcti_mode_comparison_100_2026,qwen2.5:7b,iterative_no_memory,DCTI-KEV-079-CVE-2012-3152,uncertain,uncertain,3,0.7,0,0.5,1.0,0,1,1,3,17.1404448,3526
deepcti_mode_comparison_100_2026,qwen2.5:7b,iterative_no_memory,DCTI-KEV-080-CVE-2012-4681,contradictory,contradictory,3,0.9,1,1.0,0.5,0,1,1,3,15.620852699999999,3435
deepcti_mode_comparison_100_2026,qwen2.5:7b,iterative_no_memory,DCTI-KEV-081-CVE-2012-4792,affected,affected,3,1.0,1,1.0,1.0,0,1,1,3,18.5107863,3759
deepcti_mode_comparison_100_2026,qwen2.5:7b,iterative_no_memory,DCTI-KEV-082-CVE-2012-4969,not_applicable,not_applicable,3,0.9,1,0.5,1.0,0,1,1,3,13.240346099999998,3229
deepcti_mode_comparison_100_2026,qwen2.5:7b,iterative_no_memory,DCTI-KEV-083-CVE-2012-5054,uncertain,uncertain,3,0.7,0,0.5,1.0,0,1,1,3,17.4723411,3565
deepcti_mode_comparison_100_2026,qwen2.5:7b,iterative_no_memory,DCTI-KEV-084-CVE-2012-5076,contradictory,contradictory,3,0.7,1,0.5,0.0,0,1,1,3,15.7268659,3505
deepcti_mode_comparison_100_2026,qwen2.5:7b,iterative_no_memory,DCTI-KEV-085-CVE-2013-0074,affected,affected,3,0.7,0,0.5,1.0,0,1,1,3,19.9248171,3778
deepcti_mode_comparison_100_2026,qwen2.5:7b,iterative_no_memory,DCTI-KEV-086-CVE-2013-0422,not_applicable,not_applicable,3,0.9,1,0.5,1.0,0,1,1,3,10.2455193,3052
deepcti_mode_comparison_100_2026,qwen2.5:7b,iterative_no_memory,DCTI-KEV-087-CVE-2013-0431,uncertain,uncertain,3,0.7,0,0.5,1.0,0,1,1,3,18.952300799999996,3731
deepcti_mode_comparison_100_2026,qwen2.5:7b,iterative_no_memory,DCTI-KEV-088-CVE-2013-0625,contradictory,contradictory,3,0.9,1,1.0,0.5,0,1,1,3,14.214426999999999,3317
deepcti_mode_comparison_100_2026,qwen2.5:7b,iterative_no_memory,DCTI-KEV-089-CVE-2013-0629,affected,affected,3,0.8,0,1.0,1.0,0,1,1,3,15.9953147,3457
deepcti_mode_comparison_100_2026,qwen2.5:7b,iterative_no_memory,DCTI-KEV-090-CVE-2013-0631,not_applicable,not_applicable,3,0.9,1,0.5,1.0,0,1,1,3,11.7105066,3110
deepcti_mode_comparison_100_2026,qwen2.5:7b,iterative_no_memory,DCTI-KEV-091-CVE-2013-0632,uncertain,uncertain,3,0.6333333333333333,0,0.5,0.6666666666666666,0,1,1,3,18.3907278,3636
deepcti_mode_comparison_100_2026,qwen2.5:7b,iterative_no_memory,DCTI-KEV-092-CVE-2013-0640,contradictory,contradictory,3,0.9,1,1.0,0.5,0,1,1,3,16.192588399999998,3508
deepcti_mode_comparison_100_2026,qwen2.5:7b,iterative_no_memory,DCTI-KEV-093-CVE-2013-0641,affected,affected,3,1.0,1,1.0,1.0,0,1,1,3,17.6982471,3563
deepcti_mode_comparison_100_2026,qwen2.5:7b,iterative_no_memory,DCTI-KEV-094-CVE-2013-0643,not_applicable,not_applicable,3,0.9,1,0.5,1.0,0,1,1,3,10.8808648,3141
deepcti_mode_comparison_100_2026,qwen2.5:7b,iterative_no_memory,DCTI-KEV-095-CVE-2013-0648,uncertain,uncertain,3,0.8333333333333334,1,0.5,0.6666666666666666,0,1,1,3,19.2081144,3768
deepcti_mode_comparison_100_2026,qwen2.5:7b,iterative_no_memory,DCTI-KEV-096-CVE-2013-1331,contradictory,contradictory,3,0.9,1,1.0,0.5,0,1,1,3,15.2001922,3380
deepcti_mode_comparison_100_2026,qwen2.5:7b,iterative_no_memory,DCTI-KEV-097-CVE-2013-1347,affected,affected,3,0.7,0,0.5,1.0,0,1,1,3,17.836791700000003,3614
deepcti_mode_comparison_100_2026,qwen2.5:7b,iterative_no_memory,DCTI-KEV-098-CVE-2013-1675,not_applicable,not_applicable,3,0.9,1,0.5,1.0,0,1,1,3,12.0742336,3196
deepcti_mode_comparison_100_2026,qwen2.5:7b,iterative_no_memory,DCTI-KEV-099-CVE-2013-1690,uncertain,uncertain,3,0.7,0,0.5,1.0,0,1,1,3,15.947998899999998,3535
deepcti_mode_comparison_100_2026,qwen2.5:7b,iterative_no_memory,DCTI-KEV-100-CVE-2013-2094,contradictory,contradictory,3,0.8,1,0.5,0.5,0,1,1,3,14.385275600000002,3396
deepcti_mode_comparison_100_2026,qwen2.5:7b,rag_once,DCTI-KEV-001-CVE-2002-0367,affected,affected,1,1.0,1,1.0,1.0,0,1,1,1,6.0615816,1345
deepcti_mode_comparison_100_2026,qwen2.5:7b,rag_once,DCTI-KEV-002-CVE-2004-0210,not_applicable,not_applicable,1,0.8,1,0.0,1.0,0,1,1,1,4.2064129999999995,1206
deepcti_mode_comparison_100_2026,qwen2.5:7b,rag_once,DCTI-KEV-003-CVE-2004-1464,uncertain,uncertain,1,0.7,0,0.5,1.0,0,1,1,1,5.668137,1358
deepcti_mode_comparison_100_2026,qwen2.5:7b,rag_once,DCTI-KEV-004-CVE-2005-2773,contradictory,contradictory,1,0.8,1,0.5,0.5,0,1,1,1,6.9740842,1466
deepcti_mode_comparison_100_2026,qwen2.5:7b,rag_once,DCTI-KEV-005-CVE-2006-1547,affected,affected,1,0.8,0,1.0,1.0,0,1,1,1,6.9492095,1462
deepcti_mode_comparison_100_2026,qwen2.5:7b,rag_once,DCTI-KEV-006-CVE-2006-2492,not_applicable,not_applicable,1,0.9,1,0.5,1.0,0,1,1,1,5.1731169,1279
deepcti_mode_comparison_100_2026,qwen2.5:7b,rag_once,DCTI-KEV-007-CVE-2007-0671,uncertain,uncertain,1,0.9,1,0.5,1.0,0,1,1,1,5.8748093,1414
deepcti_mode_comparison_100_2026,qwen2.5:7b,rag_once,DCTI-KEV-008-CVE-2007-3010,contradictory,contradictory,1,0.9,1,1.0,0.5,0,1,1,1,5.8178958000000005,1376
deepcti_mode_comparison_100_2026,qwen2.5:7b,rag_once,DCTI-KEV-009-CVE-2007-5659,affected,affected,1,0.7,0,0.5,1.0,0,1,1,1,7.1300477,1463
deepcti_mode_comparison_100_2026,qwen2.5:7b,rag_once,DCTI-KEV-010-CVE-2008-0015,not_applicable,not_applicable,1,0.9,1,0.5,1.0,0,1,1,1,3.67904,1226
deepcti_mode_comparison_100_2026,qwen2.5:7b,rag_once,DCTI-KEV-011-CVE-2008-0655,uncertain,uncertain,1,0.9,1,0.5,1.0,0,1,1,1,9.4347674,1626
deepcti_mode_comparison_100_2026,qwen2.5:7b,rag_once,DCTI-KEV-012-CVE-2008-2992,contradictory,contradictory,1,0.8,1,0.5,0.5,0,1,1,1,6.6108671999999995,1414
deepcti_mode_comparison_100_2026,qwen2.5:7b,rag_once,DCTI-KEV-013-CVE-2008-3431,affected,affected,1,1.0,1,1.0,1.0,0,1,1,1,6.1172924,1378
deepcti_mode_comparison_100_2026,qwen2.5:7b,rag_once,DCTI-KEV-014-CVE-2008-4128,not_applicable,not_applicable,1,0.9,1,0.5,1.0,0,1,1,1,4.0079399,1336
deepcti_mode_comparison_100_2026,qwen2.5:7b,rag_once,DCTI-KEV-015-CVE-2008-4250,uncertain,uncertain,1,0.7,0,0.5,1.0,0,1,1,1,6.3691648999999995,1398
deepcti_mode_comparison_100_2026,qwen2.5:7b,rag_once,DCTI-KEV-016-CVE-2009-0238,contradictory,contradictory,1,0.9,1,1.0,0.5,0,1,1,1,7.6041115,1501
deepcti_mode_comparison_100_2026,qwen2.5:7b,rag_once,DCTI-KEV-017-CVE-2009-0556,affected,affected,1,1.0,1,1.0,1.0,0,1,1,1,6.941131,1445
deepcti_mode_comparison_100_2026,qwen2.5:7b,rag_once,DCTI-KEV-018-CVE-2009-0557,not_applicable,not_applicable,1,0.8,1,0.0,1.0,0,1,1,1,3.9292123,1169
deepcti_mode_comparison_100_2026,qwen2.5:7b,rag_once,DCTI-KEV-019-CVE-2009-0563,uncertain,uncertain,1,0.7,0,0.5,1.0,0,1,1,1,6.0296509,1343
deepcti_mode_comparison_100_2026,qwen2.5:7b,rag_once,DCTI-KEV-020-CVE-2009-0927,contradictory,contradictory,1,0.8,1,0.5,0.5,0,1,1,1,7.2901229999999995,1470
deepcti_mode_comparison_100_2026,qwen2.5:7b,rag_once,DCTI-KEV-021-CVE-2009-1123,affected,affected,1,1.0,1,1.0,1.0,0,1,1,1,5.5477812,1319
deepcti_mode_comparison_100_2026,qwen2.5:7b,rag_once,DCTI-KEV-022-CVE-2009-1151,not_applicable,not_applicable,1,0.9,1,0.5,1.0,0,1,1,1,3.8348357,1185
deepcti_mode_comparison_100_2026,qwen2.5:7b,rag_once,DCTI-KEV-023-CVE-2009-1537,uncertain,uncertain,1,0.7,0,0.5,1.0,0,1,1,1,6.2265125,1421
deepcti_mode_comparison_100_2026,qwen2.5:7b,rag_once,DCTI-KEV-024-CVE-2009-1862,contradictory,contradictory,1,0.9,1,1.0,0.5,0,1,1,1,6.8198810000000005,1438
deepcti_mode_comparison_100_2026,qwen2.5:7b,rag_once,DCTI-KEV-025-CVE-2009-2055,affected,affected,1,0.9,1,0.5,1.0,0,1,1,1,5.016137,1293
deepcti_mode_comparison_100_2026,qwen2.5:7b,rag_once,DCTI-KEV-026-CVE-2009-3129,not_applicable,not_applicable,1,0.9,1,0.5,1.0,0,1,1,1,4.075086,1216
deepcti_mode_comparison_100_2026,qwen2.5:7b,rag_once,DCTI-KEV-027-CVE-2009-3459,uncertain,uncertain,1,0.7,0,0.5,1.0,0,1,1,1,8.9405706,1644
deepcti_mode_comparison_100_2026,qwen2.5:7b,rag_once,DCTI-KEV-028-CVE-2009-3953,contradictory,contradictory,1,0.9,1,1.0,0.5,0,1,1,1,5.3555122,1318
deepcti_mode_comparison_100_2026,qwen2.5:7b,rag_once,DCTI-KEV-029-CVE-2009-3960,affected,affected,1,1.0,1,1.0,1.0,0,1,1,1,6.7809862999999995,1433
deepcti_mode_comparison_100_2026,qwen2.5:7b,rag_once,DCTI-KEV-030-CVE-2009-4324,not_applicable,not_applicable,1,0.8,1,0.0,1.0,0,1,1,1,4.0156946,1182
deepcti_mode_comparison_100_2026,qwen2.5:7b,rag_once,DCTI-KEV-031-CVE-2010-0188,uncertain,uncertain,1,0.8333333333333334,1,0.5,0.6666666666666666,0,1,1,1,6.3297325,1365
deepcti_mode_comparison_100_2026,qwen2.5:7b,rag_once,DCTI-KEV-032-CVE-2010-0232,contradictory,contradictory,1,0.7,1,0.5,0.0,0,1,1,1,5.0811478999999995,1310
deepcti_mode_comparison_100_2026,qwen2.5:7b,rag_once,DCTI-KEV-033-CVE-2010-0249,affected,affected,1,0.8,0,1.0,1.0,0,1,1,1,5.566588800000001,1386
deepcti_mode_comparison_100_2026,qwen2.5:7b,rag_once,DCTI-KEV-034-CVE-2010-0738,not_applicable,not_applicable,1,0.9,1,0.5,1.0,0,1,1,1,3.6054036999999997,1181
deepcti_mode_comparison_100_2026,qwen2.5:7b,rag_once,DCTI-KEV-035-CVE-2010-0806,uncertain,uncertain,1,0.8333333333333334,1,0.5,0.6666666666666666,0,1,1,1,7.3524515,1526
deepcti_mode_comparison_100_2026,qwen2.5:7b,rag_once,DCTI-KEV-036-CVE-2010-0840,contradictory,contradictory,1,0.7,1,0.5,0.0,0,1,1,1,5.8536234,1387
deepcti_mode_comparison_100_2026,qwen2.5:7b,rag_once,DCTI-KEV-037-CVE-2010-1297,affected,affected,1,0.8,0,1.0,1.0,0,1,1,1,7.0626583,1465
deepcti_mode_comparison_100_2026,qwen2.5:7b,rag_once,DCTI-KEV-038-CVE-2010-1428,not_applicable,not_applicable,1,0.9,1,0.5,1.0,0,1,1,1,3.6385720999999998,1181
deepcti_mode_comparison_100_2026,qwen2.5:7b,rag_once,DCTI-KEV-039-CVE-2010-1871,uncertain,uncertain,1,0.7,0,0.5,1.0,0,1,1,1,7.6046254,1508
deepcti_mode_comparison_100_2026,qwen2.5:7b,rag_once,DCTI-KEV-040-CVE-2010-2568,contradictory,contradictory,1,0.7,1,0.5,0.0,0,1,1,1,6.4391962000000005,1389
deepcti_mode_comparison_100_2026,qwen2.5:7b,rag_once,DCTI-KEV-041-CVE-2010-2572,affected,affected,1,0.8,0,1.0,1.0,0,1,1,1,6.4448755,1366
deepcti_mode_comparison_100_2026,qwen2.5:7b,rag_once,DCTI-KEV-042-CVE-2010-2861,not_applicable,not_applicable,1,0.8,1,0.0,1.0,0,1,1,1,3.8037668,1157
deepcti_mode_comparison_100_2026,qwen2.5:7b,rag_once,DCTI-KEV-043-CVE-2010-2883,uncertain,uncertain,1,0.7,0,0.5,1.0,0,1,1,1,6.4972694,1399
deepcti_mode_comparison_100_2026,qwen2.5:7b,rag_once,DCTI-KEV-044-CVE-2010-3035,contradictory,contradictory,1,0.9,1,1.0,0.5,0,1,1,1,5.9335744,1361
deepcti_mode_comparison_100_2026,qwen2.5:7b,rag_once,DCTI-KEV-045-CVE-2010-3333,affected,affected,1,0.8,0,1.0,1.0,0,1,1,1,7.2931348,1470
deepcti_mode_comparison_100_2026,qwen2.5:7b,rag_once,DCTI-KEV-046-CVE-2010-3765,not_applicable,not_applicable,1,0.9,1,0.5,1.0,0,1,1,1,3.7554794,1231
deepcti_mode_comparison_100_2026,qwen2.5:7b,rag_once,DCTI-KEV-047-CVE-2010-3904,uncertain,uncertain,1,0.8333333333333334,1,0.5,0.6666666666666666,0,1,1,1,7.9747718999999995,1540
deepcti_mode_comparison_100_2026,qwen2.5:7b,rag_once,DCTI-KEV-048-CVE-2010-3962,contradictory,contradictory,1,0.8,1,1.0,0.0,0,1,1,1,6.148522799999999,1413
deepcti_mode_comparison_100_2026,qwen2.5:7b,rag_once,DCTI-KEV-049-CVE-2010-4344,affected,affected,1,0.8,0,1.0,1.0,0,1,1,1,154.8892806,1358
deepcti_mode_comparison_100_2026,qwen2.5:7b,rag_once,DCTI-KEV-050-CVE-2010-4345,not_applicable,not_applicable,1,0.9,1,0.5,1.0,0,1,1,1,6.875726800000001,1236
deepcti_mode_comparison_100_2026,qwen2.5:7b,rag_once,DCTI-KEV-051-CVE-2010-4398,uncertain,uncertain,1,0.7,0,0.5,1.0,0,1,1,1,6.069616600000001,1333
deepcti_mode_comparison_100_2026,qwen2.5:7b,rag_once,DCTI-KEV-052-CVE-2010-5326,contradictory,contradictory,1,0.7,1,0.5,0.0,0,1,1,1,6.1746218,1361
deepcti_mode_comparison_100_2026,qwen2.5:7b,rag_once,DCTI-KEV-053-CVE-2010-5330,affected,affected,1,0.9,1,0.5,1.0,0,1,1,1,9.0119763,1277
deepcti_mode_comparison_100_2026,qwen2.5:7b,rag_once,DCTI-KEV-054-CVE-2011-0609,not_applicable,not_applicable,1,0.9,1,0.5,1.0,0,1,1,1,7.724556300000001,1175
deepcti_mode_comparison_100_2026,qwen2.5:7b,rag_once,DCTI-KEV-055-CVE-2011-0611,uncertain,uncertain,1,0.8333333333333334,1,0.5,0.6666666666666666,0,1,1,1,12.004777299999999,1351
deepcti_mode_comparison_100_2026,qwen2.5:7b,rag_once,DCTI-KEV-056-CVE-2011-1823,contradictory,contradictory,1,0.7,1,0.5,0.0,0,1,1,1,12.3962042,1382
deepcti_mode_comparison_100_2026,qwen2.5:7b,rag_once,DCTI-KEV-057-CVE-2011-1889,affected,affected,1,0.9,1,0.5,1.0,0,1,1,1,15.8389979,1507
deepcti_mode_comparison_100_2026,qwen2.5:7b,rag_once,DCTI-KEV-058-CVE-2011-2005,not_applicable,not_applicable,1,0.8,1,0.0,1.0,0,1,1,1,8.4585122,1232
deepcti_mode_comparison_100_2026,qwen2.5:7b,rag_once,DCTI-KEV-059-CVE-2011-2462,uncertain,uncertain,1,0.6333333333333333,0,0.5,0.6666666666666666,0,1,1,1,839.4154179999999,1419
deepcti_mode_comparison_100_2026,qwen2.5:7b,rag_once,DCTI-KEV-060-CVE-2011-3402,contradictory,contradictory,1,0.8,1,0.5,0.5,0,1,1,1,1913.0670119000001,1423
deepcti_mode_comparison_100_2026,qwen2.5:7b,rag_once,DCTI-KEV-061-CVE-2011-3544,affected,affected,1,0.7,0,0.5,1.0,0,1,1,1,10.7032349,1320
deepcti_mode_comparison_100_2026,qwen2.5:7b,rag_once,DCTI-KEV-062-CVE-2011-4723,not_applicable,not_applicable,1,0.9,1,0.5,1.0,0,1,1,1,8.1129537,1220
deepcti_mode_comparison_100_2026,qwen2.5:7b,rag_once,DCTI-KEV-063-CVE-2012-0151,uncertain,uncertain,1,0.7,0,0.5,1.0,0,1,1,1,16.4377408,1515
deepcti_mode_comparison_100_2026,qwen2.5:7b,rag_once,DCTI-KEV-064-CVE-2012-0158,contradictory,contradictory,1,0.9,1,1.0,0.5,0,1,1,1,12.2323223,1368
deepcti_mode_comparison_100_2026,qwen2.5:7b,rag_once,DCTI-KEV-065-CVE-2012-0391,affected,affected,1,0.8,0,1.0,1.0,0,1,1,1,18.554800800000002,1563
deepcti_mode_comparison_100_2026,qwen2.5:7b,rag_once,DCTI-KEV-066-CVE-2012-0507,not_applicable,not_applicable,1,0.9,1,0.5,1.0,0,1,1,1,8.5952716,1191
deepcti_mode_comparison_100_2026,qwen2.5:7b,rag_once,DCTI-KEV-067-CVE-2012-0518,uncertain,uncertain,1,0.7,0,0.5,1.0,0,1,1,1,15.1866219,1421
deepcti_mode_comparison_100_2026,qwen2.5:7b,rag_once,DCTI-KEV-068-CVE-2012-0754,contradictory,contradictory,1,0.9,1,1.0,0.5,0,1,1,1,12.4626654,1333
deepcti_mode_comparison_100_2026,qwen2.5:7b,rag_once,DCTI-KEV-069-CVE-2012-0767,affected,affected,1,0.7,0,0.5,1.0,0,1,1,1,12.076386399999999,1325
deepcti_mode_comparison_100_2026,qwen2.5:7b,rag_once,DCTI-KEV-070-CVE-2012-1535,not_applicable,not_applicable,1,0.9,1,0.5,1.0,0,1,1,1,8.0045419,1172
deepcti_mode_comparison_100_2026,qwen2.5:7b,rag_once,DCTI-KEV-071-CVE-2012-1710,uncertain,uncertain,1,0.9,1,0.5,1.0,0,1,1,1,14.957062599999999,1430
deepcti_mode_comparison_100_2026,qwen2.5:7b,rag_once,DCTI-KEV-072-CVE-2012-1723,contradictory,contradictory,1,0.7,1,0.5,0.0,0,1,1,1,14.1710412,1423
deepcti_mode_comparison_100_2026,qwen2.5:7b,rag_once,DCTI-KEV-073-CVE-2012-1823,affected,affected,1,0.7,0,0.5,1.0,0,1,1,1,15.3806161,1446
deepcti_mode_comparison_100_2026,qwen2.5:7b,rag_once,DCTI-KEV-074-CVE-2012-1854,not_applicable,not_applicable,1,0.9,1,0.5,1.0,0,1,1,1,13.511374700000001,1405
deepcti_mode_comparison_100_2026,qwen2.5:7b,rag_once,DCTI-KEV-075-CVE-2012-1856,uncertain,uncertain,1,0.7,0,0.5,1.0,0,1,1,1,11.945664,1326
deepcti_mode_comparison_100_2026,qwen2.5:7b,rag_once,DCTI-KEV-076-CVE-2012-1889,contradictory,contradictory,1,0.9,1,1.0,0.5,0,1,1,1,12.130841,1333
deepcti_mode_comparison_100_2026,qwen2.5:7b,rag_once,DCTI-KEV-077-CVE-2012-2034,affected,affected,1,0.9,1,0.5,1.0,0,1,1,1,14.363659499999999,1411
deepcti_mode_comparison_100_2026,qwen2.5:7b,rag_once,DCTI-KEV-078-CVE-2012-2539,not_applicable,not_applicable,1,0.9,1,0.5,1.0,0,1,1,1,9.9135874,1222
deepcti_mode_comparison_100_2026,qwen2.5:7b,rag_once,DCTI-KEV-079-CVE-2012-3152,uncertain,uncertain,1,0.7,0,0.5,1.0,0,1,1,1,12.047201600000001,1312
deepcti_mode_comparison_100_2026,qwen2.5:7b,rag_once,DCTI-KEV-080-CVE-2012-4681,contradictory,contradictory,1,0.9,1,1.0,0.5,0,1,1,1,12.156109,1333
deepcti_mode_comparison_100_2026,qwen2.5:7b,rag_once,DCTI-KEV-081-CVE-2012-4792,affected,affected,1,0.8,0,1.0,1.0,0,1,1,1,13.201191000000001,1401
deepcti_mode_comparison_100_2026,qwen2.5:7b,rag_once,DCTI-KEV-082-CVE-2012-4969,not_applicable,not_applicable,1,0.9,1,0.5,1.0,0,1,1,1,8.3325583,1174
deepcti_mode_comparison_100_2026,qwen2.5:7b,rag_once,DCTI-KEV-083-CVE-2012-5054,uncertain,uncertain,1,0.7,0,0.5,1.0,0,1,1,1,14.1999788,1387
deepcti_mode_comparison_100_2026,qwen2.5:7b,rag_once,DCTI-KEV-084-CVE-2012-5076,contradictory,contradictory,1,0.9,1,1.0,0.5,0,1,1,1,11.8418341,1367
deepcti_mode_comparison_100_2026,qwen2.5:7b,rag_once,DCTI-KEV-085-CVE-2013-0074,affected,affected,1,0.9,1,0.5,1.0,0,1,1,1,11.9199778,1345
deepcti_mode_comparison_100_2026,qwen2.5:7b,rag_once,DCTI-KEV-086-CVE-2013-0422,not_applicable,not_applicable,1,1.0,1,1.0,1.0,0,1,1,1,8.5806863,1209
deepcti_mode_comparison_100_2026,qwen2.5:7b,rag_once,DCTI-KEV-087-CVE-2013-0431,uncertain,uncertain,1,0.7,0,0.5,1.0,0,1,1,1,13.441332599999999,1403
deepcti_mode_comparison_100_2026,qwen2.5:7b,rag_once,DCTI-KEV-088-CVE-2013-0625,contradictory,contradictory,1,0.8,1,0.5,0.5,0,1,1,1,10.979822,1304
deepcti_mode_comparison_100_2026,qwen2.5:7b,rag_once,DCTI-KEV-089-CVE-2013-0629,affected,affected,1,0.8,0,1.0,1.0,0,1,1,1,12.222327799999999,1349
deepcti_mode_comparison_100_2026,qwen2.5:7b,rag_once,DCTI-KEV-090-CVE-2013-0631,not_applicable,not_applicable,1,0.9,1,0.5,1.0,0,1,1,1,7.8749408999999995,1168
deepcti_mode_comparison_100_2026,qwen2.5:7b,rag_once,DCTI-KEV-091-CVE-2013-0632,uncertain,uncertain,1,0.6333333333333333,0,0.5,0.6666666666666666,0,1,1,1,14.7425649,1446
deepcti_mode_comparison_100_2026,qwen2.5:7b,rag_once,DCTI-KEV-092-CVE-2013-0640,contradictory,contradictory,1,0.8,1,0.5,0.5,0,1,1,1,16.0824107,1383
deepcti_mode_comparison_100_2026,qwen2.5:7b,rag_once,DCTI-KEV-093-CVE-2013-0641,affected,affected,1,1.0,1,1.0,1.0,0,1,1,1,5.6309179,1279
deepcti_mode_comparison_100_2026,qwen2.5:7b,rag_once,DCTI-KEV-094-CVE-2013-0643,not_applicable,not_applicable,1,0.9,1,0.5,1.0,0,1,1,1,4.3081608,1197
deepcti_mode_comparison_100_2026,qwen2.5:7b,rag_once,DCTI-KEV-095-CVE-2013-0648,uncertain,uncertain,1,0.9,1,0.5,1.0,0,1,1,1,7.162501,1418
deepcti_mode_comparison_100_2026,qwen2.5:7b,rag_once,DCTI-KEV-096-CVE-2013-1331,contradictory,contradictory,1,0.8,1,0.5,0.5,0,1,1,1,7.2924476,1402
deepcti_mode_comparison_100_2026,qwen2.5:7b,rag_once,DCTI-KEV-097-CVE-2013-1347,affected,affected,1,0.7,0,0.5,1.0,0,1,1,1,7.7367985,1441
deepcti_mode_comparison_100_2026,qwen2.5:7b,rag_once,DCTI-KEV-098-CVE-2013-1675,not_applicable,not_applicable,1,0.9,1,0.5,1.0,0,1,1,1,4.4259507000000005,1191
deepcti_mode_comparison_100_2026,qwen2.5:7b,rag_once,DCTI-KEV-099-CVE-2013-1690,uncertain,uncertain,1,0.7,0,0.5,1.0,0,1,1,1,7.3219119,1424
deepcti_mode_comparison_100_2026,qwen2.5:7b,rag_once,DCTI-KEV-100-CVE-2013-2094,contradictory,contradictory,1,0.9,1,1.0,0.5,0,1,1,1,6.851438,1397
e0_controller_only,none,controller_only,DCTI-KEV-001-CVE-2002-0367,affected,affected,2,1.0,1,1.0,1.0,0,1,1,3,0.0,0
e0_controller_only,none,controller_only,DCTI-KEV-002-CVE-2004-0210,not_applicable,not_applicable,2,1.0,1,1.0,1.0,0,1,1,2,0.0,0
e0_controller_only,none,controller_only,DCTI-KEV-003-CVE-2004-1464,uncertain,uncertain,0,0.7,1,0.5,1.0,0,0,1,3,0.0,0
e0_controller_only,none,controller_only,DCTI-KEV-004-CVE-2005-2773,contradictory,contradictory,0,1.0,1,1.0,1.0,0,1,1,3,0.0,0
e0_controller_only,none,controller_only,DCTI-KEV-005-CVE-2006-1547,affected,affected,2,1.0,1,1.0,1.0,0,1,1,3,0.0,0
e0_controller_only,none,controller_only,DCTI-KEV-006-CVE-2006-2492,not_applicable,not_applicable,2,1.0,1,1.0,1.0,0,1,1,2,0.0,0
e0_controller_only,none,controller_only,DCTI-KEV-007-CVE-2007-0671,uncertain,uncertain,0,0.7,1,0.5,1.0,0,0,1,3,0.0,0
e0_controller_only,none,controller_only,DCTI-KEV-008-CVE-2007-3010,contradictory,contradictory,0,1.0,1,1.0,1.0,0,1,1,3,0.0,0
e0_controller_only,none,controller_only,DCTI-KEV-009-CVE-2007-5659,affected,affected,2,1.0,1,1.0,1.0,0,1,1,3,0.0,0
e0_controller_only,none,controller_only,DCTI-KEV-010-CVE-2008-0015,not_applicable,not_applicable,2,1.0,1,1.0,1.0,0,1,1,2,0.0,0
e0_controller_only,none,controller_only,DCTI-KEV-011-CVE-2008-0655,uncertain,uncertain,0,0.7,1,0.5,1.0,0,0,1,3,0.0,0
e0_controller_only,none,controller_only,DCTI-KEV-012-CVE-2008-2992,contradictory,contradictory,0,1.0,1,1.0,1.0,0,1,1,3,0.0,0
e0_controller_only,none,controller_only,DCTI-KEV-013-CVE-2008-3431,affected,affected,2,1.0,1,1.0,1.0,0,1,1,3,0.0,0
e0_controller_only,none,controller_only,DCTI-KEV-014-CVE-2008-4128,not_applicable,not_applicable,2,1.0,1,1.0,1.0,0,1,1,2,0.0,0
e0_controller_only,none,controller_only,DCTI-KEV-015-CVE-2008-4250,uncertain,uncertain,0,0.7,1,0.5,1.0,0,0,1,3,0.0,0
e0_controller_only,none,controller_only,DCTI-KEV-016-CVE-2009-0238,contradictory,contradictory,0,1.0,1,1.0,1.0,0,1,1,3,0.0,0
e0_controller_only,none,controller_only,DCTI-KEV-017-CVE-2009-0556,affected,affected,2,1.0,1,1.0,1.0,0,1,1,3,0.0,0
e0_controller_only,none,controller_only,DCTI-KEV-018-CVE-2009-0557,not_applicable,not_applicable,2,1.0,1,1.0,1.0,0,1,1,2,0.0,0
e0_controller_only,none,controller_only,DCTI-KEV-019-CVE-2009-0563,uncertain,uncertain,0,0.7,1,0.5,1.0,0,0,1,3,0.0,0
e0_controller_only,none,controller_only,DCTI-KEV-020-CVE-2009-0927,contradictory,contradictory,0,1.0,1,1.0,1.0,0,1,1,3,0.0,0
e0_controller_only,none,controller_only,DCTI-KEV-021-CVE-2009-1123,affected,affected,2,1.0,1,1.0,1.0,0,1,1,3,0.0,0
e0_controller_only,none,controller_only,DCTI-KEV-022-CVE-2009-1151,not_applicable,not_applicable,2,1.0,1,1.0,1.0,0,1,1,2,0.0,0
e0_controller_only,none,controller_only,DCTI-KEV-023-CVE-2009-1537,uncertain,uncertain,0,0.7,1,0.5,1.0,0,0,1,3,0.0,0
e0_controller_only,none,controller_only,DCTI-KEV-024-CVE-2009-1862,contradictory,contradictory,0,1.0,1,1.0,1.0,0,1,1,3,0.0,0
e0_controller_only,none,controller_only,DCTI-KEV-025-CVE-2009-2055,affected,affected,2,1.0,1,1.0,1.0,0,1,1,3,0.0,0
e0_controller_only,none,controller_only,DCTI-KEV-026-CVE-2009-3129,not_applicable,not_applicable,2,1.0,1,1.0,1.0,0,1,1,2,0.0,0
e0_controller_only,none,controller_only,DCTI-KEV-027-CVE-2009-3459,uncertain,uncertain,0,0.7,1,0.5,1.0,0,0,1,3,0.0,0
e0_controller_only,none,controller_only,DCTI-KEV-028-CVE-2009-3953,contradictory,contradictory,0,1.0,1,1.0,1.0,0,1,1,3,0.0,0
e0_controller_only,none,controller_only,DCTI-KEV-029-CVE-2009-3960,affected,affected,2,1.0,1,1.0,1.0,0,1,1,3,0.0,0
e0_controller_only,none,controller_only,DCTI-KEV-030-CVE-2009-4324,not_applicable,not_applicable,2,1.0,1,1.0,1.0,0,1,1,2,0.0,0
e0_controller_only,none,controller_only,DCTI-KEV-031-CVE-2010-0188,uncertain,uncertain,0,0.7,1,0.5,1.0,0,0,1,3,0.0,0
e0_controller_only,none,controller_only,DCTI-KEV-032-CVE-2010-0232,contradictory,contradictory,0,1.0,1,1.0,1.0,0,1,1,3,0.0,0
e0_controller_only,none,controller_only,DCTI-KEV-033-CVE-2010-0249,affected,affected,2,1.0,1,1.0,1.0,0,1,1,3,0.0,0
e0_controller_only,none,controller_only,DCTI-KEV-034-CVE-2010-0738,not_applicable,not_applicable,2,1.0,1,1.0,1.0,0,1,1,2,0.0,0
e0_controller_only,none,controller_only,DCTI-KEV-035-CVE-2010-0806,uncertain,uncertain,0,0.7,1,0.5,1.0,0,0,1,3,0.0,0
e0_controller_only,none,controller_only,DCTI-KEV-036-CVE-2010-0840,contradictory,contradictory,0,1.0,1,1.0,1.0,0,1,1,3,0.0,0
e0_controller_only,none,controller_only,DCTI-KEV-037-CVE-2010-1297,affected,affected,2,1.0,1,1.0,1.0,0,1,1,3,0.0,0
e0_controller_only,none,controller_only,DCTI-KEV-038-CVE-2010-1428,not_applicable,not_applicable,2,1.0,1,1.0,1.0,0,1,1,2,0.0,0
e0_controller_only,none,controller_only,DCTI-KEV-039-CVE-2010-1871,uncertain,uncertain,0,0.7,1,0.5,1.0,0,0,1,3,0.0,0
e0_controller_only,none,controller_only,DCTI-KEV-040-CVE-2010-2568,contradictory,contradictory,0,1.0,1,1.0,1.0,0,1,1,3,0.0,0
e0_controller_only,none,controller_only,DCTI-KEV-041-CVE-2010-2572,affected,affected,2,1.0,1,1.0,1.0,0,1,1,3,0.0,0
e0_controller_only,none,controller_only,DCTI-KEV-042-CVE-2010-2861,not_applicable,not_applicable,2,1.0,1,1.0,1.0,0,1,1,2,0.0,0
e0_controller_only,none,controller_only,DCTI-KEV-043-CVE-2010-2883,uncertain,uncertain,0,0.7,1,0.5,1.0,0,0,1,3,0.0,0
e0_controller_only,none,controller_only,DCTI-KEV-044-CVE-2010-3035,contradictory,contradictory,0,1.0,1,1.0,1.0,0,1,1,3,0.0,0
e0_controller_only,none,controller_only,DCTI-KEV-045-CVE-2010-3333,affected,affected,2,1.0,1,1.0,1.0,0,1,1,3,0.0,0
e0_controller_only,none,controller_only,DCTI-KEV-046-CVE-2010-3765,not_applicable,not_applicable,2,1.0,1,1.0,1.0,0,1,1,2,0.0,0
e0_controller_only,none,controller_only,DCTI-KEV-047-CVE-2010-3904,uncertain,uncertain,0,0.7,1,0.5,1.0,0,0,1,3,0.0,0
e0_controller_only,none,controller_only,DCTI-KEV-048-CVE-2010-3962,contradictory,contradictory,0,1.0,1,1.0,1.0,0,1,1,3,0.0,0
e0_controller_only,none,controller_only,DCTI-KEV-049-CVE-2010-4344,affected,affected,2,1.0,1,1.0,1.0,0,1,1,3,0.0,0
e0_controller_only,none,controller_only,DCTI-KEV-050-CVE-2010-4345,not_applicable,not_applicable,2,1.0,1,1.0,1.0,0,1,1,2,0.0,0
e0_controller_only,none,controller_only,DCTI-KEV-051-CVE-2010-4398,uncertain,uncertain,0,0.7,1,0.5,1.0,0,0,1,3,0.0,0
e0_controller_only,none,controller_only,DCTI-KEV-052-CVE-2010-5326,contradictory,contradictory,0,1.0,1,1.0,1.0,0,1,1,3,0.0,0
e0_controller_only,none,controller_only,DCTI-KEV-053-CVE-2010-5330,affected,affected,2,1.0,1,1.0,1.0,0,1,1,3,0.0,0
e0_controller_only,none,controller_only,DCTI-KEV-054-CVE-2011-0609,not_applicable,not_applicable,2,1.0,1,1.0,1.0,0,1,1,2,0.0,0
e0_controller_only,none,controller_only,DCTI-KEV-055-CVE-2011-0611,uncertain,uncertain,0,0.7,1,0.5,1.0,0,0,1,3,0.0,0
e0_controller_only,none,controller_only,DCTI-KEV-056-CVE-2011-1823,contradictory,contradictory,0,1.0,1,1.0,1.0,0,1,1,3,0.0,0
e0_controller_only,none,controller_only,DCTI-KEV-057-CVE-2011-1889,affected,affected,2,1.0,1,1.0,1.0,0,1,1,3,0.0,0
e0_controller_only,none,controller_only,DCTI-KEV-058-CVE-2011-2005,not_applicable,not_applicable,2,1.0,1,1.0,1.0,0,1,1,2,0.0,0
e0_controller_only,none,controller_only,DCTI-KEV-059-CVE-2011-2462,uncertain,uncertain,0,0.7,1,0.5,1.0,0,0,1,3,0.0,0
e0_controller_only,none,controller_only,DCTI-KEV-060-CVE-2011-3402,contradictory,contradictory,0,1.0,1,1.0,1.0,0,1,1,3,0.0,0
e0_controller_only,none,controller_only,DCTI-KEV-061-CVE-2011-3544,affected,affected,2,1.0,1,1.0,1.0,0,1,1,3,0.0,0
e0_controller_only,none,controller_only,DCTI-KEV-062-CVE-2011-4723,not_applicable,not_applicable,2,1.0,1,1.0,1.0,0,1,1,2,0.0,0
e0_controller_only,none,controller_only,DCTI-KEV-063-CVE-2012-0151,uncertain,uncertain,0,0.7,1,0.5,1.0,0,0,1,3,0.0,0
e0_controller_only,none,controller_only,DCTI-KEV-064-CVE-2012-0158,contradictory,contradictory,0,1.0,1,1.0,1.0,0,1,1,3,0.0,0
e0_controller_only,none,controller_only,DCTI-KEV-065-CVE-2012-0391,affected,affected,2,1.0,1,1.0,1.0,0,1,1,3,0.0,0
e0_controller_only,none,controller_only,DCTI-KEV-066-CVE-2012-0507,not_applicable,not_applicable,2,1.0,1,1.0,1.0,0,1,1,2,0.0,0
e0_controller_only,none,controller_only,DCTI-KEV-067-CVE-2012-0518,uncertain,uncertain,0,0.7,1,0.5,1.0,0,0,1,3,0.0,0
e0_controller_only,none,controller_only,DCTI-KEV-068-CVE-2012-0754,contradictory,contradictory,0,1.0,1,1.0,1.0,0,1,1,3,0.0,0
e0_controller_only,none,controller_only,DCTI-KEV-069-CVE-2012-0767,affected,affected,2,1.0,1,1.0,1.0,0,1,1,3,0.0,0
e0_controller_only,none,controller_only,DCTI-KEV-070-CVE-2012-1535,not_applicable,not_applicable,2,1.0,1,1.0,1.0,0,1,1,2,0.0,0
e0_controller_only,none,controller_only,DCTI-KEV-071-CVE-2012-1710,uncertain,uncertain,0,0.7,1,0.5,1.0,0,0,1,3,0.0,0
e0_controller_only,none,controller_only,DCTI-KEV-072-CVE-2012-1723,contradictory,contradictory,0,1.0,1,1.0,1.0,0,1,1,3,0.0,0
e0_controller_only,none,controller_only,DCTI-KEV-073-CVE-2012-1823,affected,affected,2,1.0,1,1.0,1.0,0,1,1,3,0.0,0
e0_controller_only,none,controller_only,DCTI-KEV-074-CVE-2012-1854,not_applicable,not_applicable,2,1.0,1,1.0,1.0,0,1,1,2,0.0,0
e0_controller_only,none,controller_only,DCTI-KEV-075-CVE-2012-1856,uncertain,uncertain,0,0.7,1,0.5,1.0,0,0,1,3,0.0,0
e0_controller_only,none,controller_only,DCTI-KEV-076-CVE-2012-1889,contradictory,contradictory,0,1.0,1,1.0,1.0,0,1,1,3,0.0,0
e0_controller_only,none,controller_only,DCTI-KEV-077-CVE-2012-2034,affected,affected,2,1.0,1,1.0,1.0,0,1,1,3,0.0,0
e0_controller_only,none,controller_only,DCTI-KEV-078-CVE-2012-2539,not_applicable,not_applicable,2,1.0,1,1.0,1.0,0,1,1,2,0.0,0
e0_controller_only,none,controller_only,DCTI-KEV-079-CVE-2012-3152,uncertain,uncertain,0,0.7,1,0.5,1.0,0,0,1,3,0.0,0
e0_controller_only,none,controller_only,DCTI-KEV-080-CVE-2012-4681,contradictory,contradictory,0,1.0,1,1.0,1.0,0,1,1,3,0.0,0
e0_controller_only,none,controller_only,DCTI-KEV-081-CVE-2012-4792,affected,affected,2,1.0,1,1.0,1.0,0,1,1,3,0.0,0
e0_controller_only,none,controller_only,DCTI-KEV-082-CVE-2012-4969,not_applicable,not_applicable,2,1.0,1,1.0,1.0,0,1,1,2,0.0,0
e0_controller_only,none,controller_only,DCTI-KEV-083-CVE-2012-5054,uncertain,uncertain,0,0.7,1,0.5,1.0,0,0,1,3,0.0,0
e0_controller_only,none,controller_only,DCTI-KEV-084-CVE-2012-5076,contradictory,contradictory,0,1.0,1,1.0,1.0,0,1,1,3,0.0,0
e0_controller_only,none,controller_only,DCTI-KEV-085-CVE-2013-0074,affected,affected,2,1.0,1,1.0,1.0,0,1,1,3,0.0,0
e0_controller_only,none,controller_only,DCTI-KEV-086-CVE-2013-0422,not_applicable,not_applicable,2,1.0,1,1.0,1.0,0,1,1,2,0.0,0
e0_controller_only,none,controller_only,DCTI-KEV-087-CVE-2013-0431,uncertain,uncertain,0,0.7,1,0.5,1.0,0,0,1,3,0.0,0
e0_controller_only,none,controller_only,DCTI-KEV-088-CVE-2013-0625,contradictory,contradictory,0,1.0,1,1.0,1.0,0,1,1,3,0.0,0
e0_controller_only,none,controller_only,DCTI-KEV-089-CVE-2013-0629,affected,affected,2,1.0,1,1.0,1.0,0,1,1,3,0.0,0
e0_controller_only,none,controller_only,DCTI-KEV-090-CVE-2013-0631,not_applicable,not_applicable,2,1.0,1,1.0,1.0,0,1,1,2,0.0,0
e0_controller_only,none,controller_only,DCTI-KEV-091-CVE-2013-0632,uncertain,uncertain,0,0.7,1,0.5,1.0,0,0,1,3,0.0,0
e0_controller_only,none,controller_only,DCTI-KEV-092-CVE-2013-0640,contradictory,contradictory,0,1.0,1,1.0,1.0,0,1,1,3,0.0,0
e0_controller_only,none,controller_only,DCTI-KEV-093-CVE-2013-0641,affected,affected,2,1.0,1,1.0,1.0,0,1,1,3,0.0,0
e0_controller_only,none,controller_only,DCTI-KEV-094-CVE-2013-0643,not_applicable,not_applicable,2,1.0,1,1.0,1.0,0,1,1,2,0.0,0
e0_controller_only,none,controller_only,DCTI-KEV-095-CVE-2013-0648,uncertain,uncertain,0,0.7,1,0.5,1.0,0,0,1,3,0.0,0
e0_controller_only,none,controller_only,DCTI-KEV-096-CVE-2013-1331,contradictory,contradictory,0,1.0,1,1.0,1.0,0,1,1,3,0.0,0
e0_controller_only,none,controller_only,DCTI-KEV-097-CVE-2013-1347,affected,affected,2,1.0,1,1.0,1.0,0,1,1,3,0.0,0
e0_controller_only,none,controller_only,DCTI-KEV-098-CVE-2013-1675,not_applicable,not_applicable,2,1.0,1,1.0,1.0,0,1,1,2,0.0,0
e0_controller_only,none,controller_only,DCTI-KEV-099-CVE-2013-1690,uncertain,uncertain,0,0.7,1,0.5,1.0,0,0,1,3,0.0,0
e0_controller_only,none,controller_only,DCTI-KEV-100-CVE-2013-2094,contradictory,contradictory,0,1.0,1,1.0,1.0,0,1,1,3,0.0,0
